state_ut,year,female_pop,source
Andaman & Nicobar Islands,2011,177710,Census 2011 PCA (district sums; danofer/india-census Kaggle)
Andhra Pradesh,2011,24648731,Census 2011 PCA (district sums; danofer/india-census Kaggle)
Arunachal Pradesh,2011,669815,Census 2011 PCA (district sums; danofer/india-census Kaggle)
Assam,2011,15266133,Census 2011 PCA (district sums; danofer/india-census Kaggle)
Bihar,2011,49821295,Census 2011 PCA (district sums; danofer/india-census Kaggle)
Chandigarh,2011,474787,Census 2011 PCA (district sums; danofer/india-census Kaggle)
Chhattisgarh,2011,12712303,Census 2011 PCA (district sums; danofer/india-census Kaggle)
Dadra & Nagar Haveli,2011,149949,Census 2011 PCA (district sums; danofer/india-census Kaggle)
Daman & Diu,2011,92946,Census 2011 PCA (district sums; danofer/india-census Kaggle)
Delhi,2011,7800615,Census 2011 PCA (district sums; danofer/india-census Kaggle)
Goa,2011,719405,Census 2011 PCA (district sums; danofer/india-census Kaggle)
Gujarat,2011,28948432,Census 2011 PCA (district sums; danofer/india-census Kaggle)
Haryana,2011,11856728,Census 2011 PCA (district sums; danofer/india-census Kaggle)
Himachal Pradesh,2011,3382729,Census 2011 PCA (district sums; danofer/india-census Kaggle)
Jammu & Kashmir,2011,5783107,Census 2011 PCA (district sums; danofer/india-census Kaggle)
Jharkhand,2011,16057819,Census 2011 PCA (district sums; danofer/india-census Kaggle)
Karnataka,2011,30128640,Census 2011 PCA (district sums; danofer/india-census Kaggle)
Kerala,2011,17378649,Census 2011 PCA (district sums; danofer/india-census Kaggle)
Ladakh,2011,117533,Census 2011 PCA (district sums; danofer/india-census Kaggle)
Lakshadweep,2011,31350,Census 2011 PCA (district sums; danofer/india-census Kaggle)
Madhya Pradesh,2011,35014503,Census 2011 PCA (district sums; danofer/india-census Kaggle)
Maharashtra,2011,54131277,Census 2011 PCA (district sums; danofer/india-census Kaggle)
Manipur,2011,1417208,Census 2011 PCA (district sums; danofer/india-census Kaggle)
Meghalaya,2011,1475057,Census 2011 PCA (district sums; danofer/india-census Kaggle)
Mizoram,2011,541867,Census 2011 PCA (district sums; danofer/india-census Kaggle)
Nagaland,2011,953853,Census 2011 PCA (district sums; danofer/india-census Kaggle)
Odisha,2011,20762082,Census 2011 PCA (district sums; danofer/india-census Kaggle)
Puducherry,2011,635442,Census 2011 PCA (district sums; danofer/india-census Kaggle)
Punjab,2011,13103873,Census 2011 PCA (district sums; danofer/india-census Kaggle)
Rajasthan,2011,32997440,Census 2011 PCA (district sums; danofer/india-census Kaggle)
Sikkim,2011,287507,Census 2011 PCA (district sums; danofer/india-census Kaggle)
Tamil Nadu,2011,36009055,Census 2011 PCA (district sums; danofer/india-census Kaggle)
Telangana,2011,17489900,Census 2011 PCA (district sums; danofer/india-census Kaggle)
Tripura,2011,1799541,Census 2011 PCA (district sums; danofer/india-census Kaggle)
Uttar Pradesh,2011,95331831,Census 2011 PCA (district sums; danofer/india-census Kaggle)
Uttarakhand,2011,4948519,Census 2011 PCA (district sums; danofer/india-census Kaggle)
West Bengal,2011,44467088,Census 2011 PCA (district sums; danofer/india-census Kaggle)
"Andhra Pradesh (undivided, 2011)",2011,42138631,Census 2011 PCA (district sums; danofer/india-census Kaggle)
"Jammu & Kashmir (incl. Ladakh, 2011 state)",2011,5900640,Census 2011 PCA (district sums; danofer/india-census Kaggle)
Dadra & Nagar Haveli and Daman & Diu,2011,242895,Census 2011 PCA (district sums; danofer/india-census Kaggle)
India,2011,587584719,Census 2011 PCA (district sums; danofer/india-census Kaggle)
India,2012,598066000,"MoHFW Technical Group Population Projections 2011-2036 (Jul 2020), Table 11, 1 July, rounded to '000"
Jammu & Kashmir,2012,5870000,"MoHFW Technical Group Population Projections 2011-2036 (Jul 2020), Table 11, 1 July, rounded to '000"
Himachal Pradesh,2012,3421000,"MoHFW Technical Group Population Projections 2011-2036 (Jul 2020), Table 11, 1 July, rounded to '000"
India,2013,605927000,"MoHFW Technical Group Population Projections 2011-2036 (Jul 2020), Table 11, 1 July, rounded to '000"
Jammu & Kashmir,2013,5935000,"MoHFW Technical Group Population Projections 2011-2036 (Jul 2020), Table 11, 1 July, rounded to '000"
Himachal Pradesh,2013,3450000,"MoHFW Technical Group Population Projections 2011-2036 (Jul 2020), Table 11, 1 July, rounded to '000"
India,2014,613788000,"MoHFW Technical Group Population Projections 2011-2036 (Jul 2020), Table 11, 1 July, rounded to '000"
Jammu & Kashmir,2014,6000000,"MoHFW Technical Group Population Projections 2011-2036 (Jul 2020), Table 11, 1 July, rounded to '000"
Himachal Pradesh,2014,3480000,"MoHFW Technical Group Population Projections 2011-2036 (Jul 2020), Table 11, 1 July, rounded to '000"
India,2015,621648000,"MoHFW Technical Group Population Projections 2011-2036 (Jul 2020), Table 11, 1 July, rounded to '000"
Jammu & Kashmir,2015,6065000,"MoHFW Technical Group Population Projections 2011-2036 (Jul 2020), Table 11, 1 July, rounded to '000"
Himachal Pradesh,2015,3509000,"MoHFW Technical Group Population Projections 2011-2036 (Jul 2020), Table 11, 1 July, rounded to '000"
India,2016,629255000,"MoHFW Technical Group Population Projections 2011-2036 (Jul 2020), Table 11, 1 July, rounded to '000"
Jammu & Kashmir,2016,6126000,"MoHFW Technical Group Population Projections 2011-2036 (Jul 2020), Table 11, 1 July, rounded to '000"
Himachal Pradesh,2016,3536000,"MoHFW Technical Group Population Projections 2011-2036 (Jul 2020), Table 11, 1 July, rounded to '000"
India,2017,636354000,"MoHFW Technical Group Population Projections 2011-2036 (Jul 2020), Table 11, 1 July, rounded to '000"
Jammu & Kashmir,2017,6180000,"MoHFW Technical Group Population Projections 2011-2036 (Jul 2020), Table 11, 1 July, rounded to '000"
Himachal Pradesh,2017,3559000,"MoHFW Technical Group Population Projections 2011-2036 (Jul 2020), Table 11, 1 July, rounded to '000"
India,2018,643453000,"MoHFW Technical Group Population Projections 2011-2036 (Jul 2020), Table 11, 1 July, rounded to '000"
Jammu & Kashmir,2018,6234000,"MoHFW Technical Group Population Projections 2011-2036 (Jul 2020), Table 11, 1 July, rounded to '000"
Himachal Pradesh,2018,3582000,"MoHFW Technical Group Population Projections 2011-2036 (Jul 2020), Table 11, 1 July, rounded to '000"
India,2019,650552000,"MoHFW Technical Group Population Projections 2011-2036 (Jul 2020), Table 11, 1 July, rounded to '000"
Jammu & Kashmir,2019,6288000,"MoHFW Technical Group Population Projections 2011-2036 (Jul 2020), Table 11, 1 July, rounded to '000"
Himachal Pradesh,2019,3605000,"MoHFW Technical Group Population Projections 2011-2036 (Jul 2020), Table 11, 1 July, rounded to '000"
India,2020,657651000,"MoHFW Technical Group Population Projections 2011-2036 (Jul 2020), Table 11, 1 July, rounded to '000"
Jammu & Kashmir,2020,6342000,"MoHFW Technical Group Population Projections 2011-2036 (Jul 2020), Table 11, 1 July, rounded to '000"
Himachal Pradesh,2020,3629000,"MoHFW Technical Group Population Projections 2011-2036 (Jul 2020), Table 11, 1 July, rounded to '000"
India,2021,664480000,"MoHFW Technical Group Population Projections 2011-2036 (Jul 2020), Table 11, 1 July, rounded to '000"
Jammu & Kashmir,2021,6395000,"MoHFW Technical Group Population Projections 2011-2036 (Jul 2020), Table 11, 1 July, rounded to '000"
Himachal Pradesh,2021,3650000,"MoHFW Technical Group Population Projections 2011-2036 (Jul 2020), Table 11, 1 July, rounded to '000"
India,2022,670770000,"MoHFW Technical Group Population Projections 2011-2036 (Jul 2020), Table 11, 1 July, rounded to '000"
Jammu & Kashmir,2022,6448000,"MoHFW Technical Group Population Projections 2011-2036 (Jul 2020), Table 11, 1 July, rounded to '000"
Himachal Pradesh,2022,3669000,"MoHFW Technical Group Population Projections 2011-2036 (Jul 2020), Table 11, 1 July, rounded to '000"
India,2023,677059000,"MoHFW Technical Group Population Projections 2011-2036 (Jul 2020), Table 11, 1 July, rounded to '000"
Jammu & Kashmir,2023,6500000,"MoHFW Technical Group Population Projections 2011-2036 (Jul 2020), Table 11, 1 July, rounded to '000"
Himachal Pradesh,2023,3687000,"MoHFW Technical Group Population Projections 2011-2036 (Jul 2020), Table 11, 1 July, rounded to '000"
India,2024,683348000,"MoHFW Technical Group Population Projections 2011-2036 (Jul 2020), Table 11, 1 July, rounded to '000"
Jammu & Kashmir,2024,6552000,"MoHFW Technical Group Population Projections 2011-2036 (Jul 2020), Table 11, 1 July, rounded to '000"
Himachal Pradesh,2024,3706000,"MoHFW Technical Group Population Projections 2011-2036 (Jul 2020), Table 11, 1 July, rounded to '000"
India,2025,689638000,"MoHFW Technical Group Population Projections 2011-2036 (Jul 2020), Table 11, 1 July, rounded to '000"
Jammu & Kashmir,2025,6605000,"MoHFW Technical Group Population Projections 2011-2036 (Jul 2020), Table 11, 1 July, rounded to '000"
Himachal Pradesh,2025,3724000,"MoHFW Technical Group Population Projections 2011-2036 (Jul 2020), Table 11, 1 July, rounded to '000"
India,2026,695617000,"MoHFW Technical Group Population Projections 2011-2036 (Jul 2020), Table 11, 1 July, rounded to '000"
Jammu & Kashmir,2026,6657000,"MoHFW Technical Group Population Projections 2011-2036 (Jul 2020), Table 11, 1 July, rounded to '000"
Himachal Pradesh,2026,3741000,"MoHFW Technical Group Population Projections 2011-2036 (Jul 2020), Table 11, 1 July, rounded to '000"
India,2027,700976000,"MoHFW Technical Group Population Projections 2011-2036 (Jul 2020), Table 11, 1 July, rounded to '000"
Jammu & Kashmir,2027,6707000,"MoHFW Technical Group Population Projections 2011-2036 (Jul 2020), Table 11, 1 July, rounded to '000"
Himachal Pradesh,2027,3755000,"MoHFW Technical Group Population Projections 2011-2036 (Jul 2020), Table 11, 1 July, rounded to '000"
India,2028,706335000,"MoHFW Technical Group Population Projections 2011-2036 (Jul 2020), Table 11, 1 July, rounded to '000"
Jammu & Kashmir,2028,6758000,"MoHFW Technical Group Population Projections 2011-2036 (Jul 2020), Table 11, 1 July, rounded to '000"
Himachal Pradesh,2028,3768000,"MoHFW Technical Group Population Projections 2011-2036 (Jul 2020), Table 11, 1 July, rounded to '000"
India,2029,711694000,"MoHFW Technical Group Population Projections 2011-2036 (Jul 2020), Table 11, 1 July, rounded to '000"
Jammu & Kashmir,2029,6809000,"MoHFW Technical Group Population Projections 2011-2036 (Jul 2020), Table 11, 1 July, rounded to '000"
Himachal Pradesh,2029,3781000,"MoHFW Technical Group Population Projections 2011-2036 (Jul 2020), Table 11, 1 July, rounded to '000"
India,2030,717053000,"MoHFW Technical Group Population Projections 2011-2036 (Jul 2020), Table 11, 1 July, rounded to '000"
Jammu & Kashmir,2030,6860000,"MoHFW Technical Group Population Projections 2011-2036 (Jul 2020), Table 11, 1 July, rounded to '000"
Himachal Pradesh,2030,3795000,"MoHFW Technical Group Population Projections 2011-2036 (Jul 2020), Table 11, 1 July, rounded to '000"
India,2031,722090000,"MoHFW Technical Group Population Projections 2011-2036 (Jul 2020), Table 11, 1 July, rounded to '000"
Jammu & Kashmir,2031,6908000,"MoHFW Technical Group Population Projections 2011-2036 (Jul 2020), Table 11, 1 July, rounded to '000"
Himachal Pradesh,2031,3806000,"MoHFW Technical Group Population Projections 2011-2036 (Jul 2020), Table 11, 1 July, rounded to '000"
India,2032,726482000,"MoHFW Technical Group Population Projections 2011-2036 (Jul 2020), Table 11, 1 July, rounded to '000"
Jammu & Kashmir,2032,6952000,"MoHFW Technical Group Population Projections 2011-2036 (Jul 2020), Table 11, 1 July, rounded to '000"
Himachal Pradesh,2032,3813000,"MoHFW Technical Group Population Projections 2011-2036 (Jul 2020), Table 11, 1 July, rounded to '000"
India,2033,730874000,"MoHFW Technical Group Population Projections 2011-2036 (Jul 2020), Table 11, 1 July, rounded to '000"
Jammu & Kashmir,2033,6996000,"MoHFW Technical Group Population Projections 2011-2036 (Jul 2020), Table 11, 1 July, rounded to '000"
Himachal Pradesh,2033,3821000,"MoHFW Technical Group Population Projections 2011-2036 (Jul 2020), Table 11, 1 July, rounded to '000"
India,2034,735266000,"MoHFW Technical Group Population Projections 2011-2036 (Jul 2020), Table 11, 1 July, rounded to '000"
Jammu & Kashmir,2034,7040000,"MoHFW Technical Group Population Projections 2011-2036 (Jul 2020), Table 11, 1 July, rounded to '000"
Himachal Pradesh,2034,3828000,"MoHFW Technical Group Population Projections 2011-2036 (Jul 2020), Table 11, 1 July, rounded to '000"
India,2035,739658000,"MoHFW Technical Group Population Projections 2011-2036 (Jul 2020), Table 11, 1 July, rounded to '000"
Jammu & Kashmir,2035,7083000,"MoHFW Technical Group Population Projections 2011-2036 (Jul 2020), Table 11, 1 July, rounded to '000"
Himachal Pradesh,2035,3835000,"MoHFW Technical Group Population Projections 2011-2036 (Jul 2020), Table 11, 1 July, rounded to '000"
India,2036,744050000,"MoHFW Technical Group Population Projections 2011-2036 (Jul 2020), Table 11, 1 July, rounded to '000"
Jammu & Kashmir,2036,7127000,"MoHFW Technical Group Population Projections 2011-2036 (Jul 2020), Table 11, 1 July, rounded to '000"
Himachal Pradesh,2036,3842000,"MoHFW Technical Group Population Projections 2011-2036 (Jul 2020), Table 11, 1 July, rounded to '000"
Punjab,2012,13288000,"MoHFW Technical Group Population Projections 2011-2036 (Jul 2020), Table 11, 1 July, rounded to '000"
Haryana,2012,12127000,"MoHFW Technical Group Population Projections 2011-2036 (Jul 2020), Table 11, 1 July, rounded to '000"
Delhi,2012,8040000,"MoHFW Technical Group Population Projections 2011-2036 (Jul 2020), Table 11, 1 July, rounded to '000"
Punjab,2013,13425000,"MoHFW Technical Group Population Projections 2011-2036 (Jul 2020), Table 11, 1 July, rounded to '000"
Haryana,2013,12330000,"MoHFW Technical Group Population Projections 2011-2036 (Jul 2020), Table 11, 1 July, rounded to '000"
Delhi,2013,8219000,"MoHFW Technical Group Population Projections 2011-2036 (Jul 2020), Table 11, 1 July, rounded to '000"
Punjab,2014,13563000,"MoHFW Technical Group Population Projections 2011-2036 (Jul 2020), Table 11, 1 July, rounded to '000"
Haryana,2014,12532000,"MoHFW Technical Group Population Projections 2011-2036 (Jul 2020), Table 11, 1 July, rounded to '000"
Delhi,2014,8398000,"MoHFW Technical Group Population Projections 2011-2036 (Jul 2020), Table 11, 1 July, rounded to '000"
Punjab,2015,13701000,"MoHFW Technical Group Population Projections 2011-2036 (Jul 2020), Table 11, 1 July, rounded to '000"
Haryana,2015,12735000,"MoHFW Technical Group Population Projections 2011-2036 (Jul 2020), Table 11, 1 July, rounded to '000"
Delhi,2015,8577000,"MoHFW Technical Group Population Projections 2011-2036 (Jul 2020), Table 11, 1 July, rounded to '000"
Punjab,2016,13833000,"MoHFW Technical Group Population Projections 2011-2036 (Jul 2020), Table 11, 1 July, rounded to '000"
Haryana,2016,12936000,"MoHFW Technical Group Population Projections 2011-2036 (Jul 2020), Table 11, 1 July, rounded to '000"
Delhi,2016,8757000,"MoHFW Technical Group Population Projections 2011-2036 (Jul 2020), Table 11, 1 July, rounded to '000"
Punjab,2017,13953000,"MoHFW Technical Group Population Projections 2011-2036 (Jul 2020), Table 11, 1 July, rounded to '000"
Haryana,2017,13134000,"MoHFW Technical Group Population Projections 2011-2036 (Jul 2020), Table 11, 1 July, rounded to '000"
Delhi,2017,8940000,"MoHFW Technical Group Population Projections 2011-2036 (Jul 2020), Table 11, 1 July, rounded to '000"
Punjab,2018,14074000,"MoHFW Technical Group Population Projections 2011-2036 (Jul 2020), Table 11, 1 July, rounded to '000"
Haryana,2018,13332000,"MoHFW Technical Group Population Projections 2011-2036 (Jul 2020), Table 11, 1 July, rounded to '000"
Delhi,2018,9122000,"MoHFW Technical Group Population Projections 2011-2036 (Jul 2020), Table 11, 1 July, rounded to '000"
Punjab,2019,14194000,"MoHFW Technical Group Population Projections 2011-2036 (Jul 2020), Table 11, 1 July, rounded to '000"
Haryana,2019,13530000,"MoHFW Technical Group Population Projections 2011-2036 (Jul 2020), Table 11, 1 July, rounded to '000"
Delhi,2019,9305000,"MoHFW Technical Group Population Projections 2011-2036 (Jul 2020), Table 11, 1 July, rounded to '000"
Punjab,2020,14315000,"MoHFW Technical Group Population Projections 2011-2036 (Jul 2020), Table 11, 1 July, rounded to '000"
Haryana,2020,13728000,"MoHFW Technical Group Population Projections 2011-2036 (Jul 2020), Table 11, 1 July, rounded to '000"
Delhi,2020,9487000,"MoHFW Technical Group Population Projections 2011-2036 (Jul 2020), Table 11, 1 July, rounded to '000"
Punjab,2021,14429000,"MoHFW Technical Group Population Projections 2011-2036 (Jul 2020), Table 11, 1 July, rounded to '000"
Haryana,2021,13921000,"MoHFW Technical Group Population Projections 2011-2036 (Jul 2020), Table 11, 1 July, rounded to '000"
Delhi,2021,9673000,"MoHFW Technical Group Population Projections 2011-2036 (Jul 2020), Table 11, 1 July, rounded to '000"
Punjab,2022,14529000,"MoHFW Technical Group Population Projections 2011-2036 (Jul 2020), Table 11, 1 July, rounded to '000"
Haryana,2022,14103000,"MoHFW Technical Group Population Projections 2011-2036 (Jul 2020), Table 11, 1 July, rounded to '000"
Delhi,2022,9865000,"MoHFW Technical Group Population Projections 2011-2036 (Jul 2020), Table 11, 1 July, rounded to '000"
Punjab,2023,14629000,"MoHFW Technical Group Population Projections 2011-2036 (Jul 2020), Table 11, 1 July, rounded to '000"
Haryana,2023,14285000,"MoHFW Technical Group Population Projections 2011-2036 (Jul 2020), Table 11, 1 July, rounded to '000"
Delhi,2023,10057000,"MoHFW Technical Group Population Projections 2011-2036 (Jul 2020), Table 11, 1 July, rounded to '000"
Punjab,2024,14729000,"MoHFW Technical Group Population Projections 2011-2036 (Jul 2020), Table 11, 1 July, rounded to '000"
Haryana,2024,14467000,"MoHFW Technical Group Population Projections 2011-2036 (Jul 2020), Table 11, 1 July, rounded to '000"
Delhi,2024,10250000,"MoHFW Technical Group Population Projections 2011-2036 (Jul 2020), Table 11, 1 July, rounded to '000"
Punjab,2025,14829000,"MoHFW Technical Group Population Projections 2011-2036 (Jul 2020), Table 11, 1 July, rounded to '000"
Haryana,2025,14649000,"MoHFW Technical Group Population Projections 2011-2036 (Jul 2020), Table 11, 1 July, rounded to '000"
Delhi,2025,10442000,"MoHFW Technical Group Population Projections 2011-2036 (Jul 2020), Table 11, 1 July, rounded to '000"
Punjab,2026,14922000,"MoHFW Technical Group Population Projections 2011-2036 (Jul 2020), Table 11, 1 July, rounded to '000"
Haryana,2026,14826000,"MoHFW Technical Group Population Projections 2011-2036 (Jul 2020), Table 11, 1 July, rounded to '000"
Delhi,2026,10637000,"MoHFW Technical Group Population Projections 2011-2036 (Jul 2020), Table 11, 1 July, rounded to '000"
Punjab,2027,15002000,"MoHFW Technical Group Population Projections 2011-2036 (Jul 2020), Table 11, 1 July, rounded to '000"
Haryana,2027,14996000,"MoHFW Technical Group Population Projections 2011-2036 (Jul 2020), Table 11, 1 July, rounded to '000"
Delhi,2027,10837000,"MoHFW Technical Group Population Projections 2011-2036 (Jul 2020), Table 11, 1 July, rounded to '000"
Punjab,2028,15082000,"MoHFW Technical Group Population Projections 2011-2036 (Jul 2020), Table 11, 1 July, rounded to '000"
Haryana,2028,15165000,"MoHFW Technical Group Population Projections 2011-2036 (Jul 2020), Table 11, 1 July, rounded to '000"
Delhi,2028,11036000,"MoHFW Technical Group Population Projections 2011-2036 (Jul 2020), Table 11, 1 July, rounded to '000"
Punjab,2029,15162000,"MoHFW Technical Group Population Projections 2011-2036 (Jul 2020), Table 11, 1 July, rounded to '000"
Haryana,2029,15334000,"MoHFW Technical Group Population Projections 2011-2036 (Jul 2020), Table 11, 1 July, rounded to '000"
Delhi,2029,11236000,"MoHFW Technical Group Population Projections 2011-2036 (Jul 2020), Table 11, 1 July, rounded to '000"
Punjab,2030,15241000,"MoHFW Technical Group Population Projections 2011-2036 (Jul 2020), Table 11, 1 July, rounded to '000"
Haryana,2030,15503000,"MoHFW Technical Group Population Projections 2011-2036 (Jul 2020), Table 11, 1 July, rounded to '000"
Delhi,2030,11436000,"MoHFW Technical Group Population Projections 2011-2036 (Jul 2020), Table 11, 1 July, rounded to '000"
Punjab,2031,15315000,"MoHFW Technical Group Population Projections 2011-2036 (Jul 2020), Table 11, 1 July, rounded to '000"
Haryana,2031,15669000,"MoHFW Technical Group Population Projections 2011-2036 (Jul 2020), Table 11, 1 July, rounded to '000"
Delhi,2031,11637000,"MoHFW Technical Group Population Projections 2011-2036 (Jul 2020), Table 11, 1 July, rounded to '000"
Punjab,2032,15377000,"MoHFW Technical Group Population Projections 2011-2036 (Jul 2020), Table 11, 1 July, rounded to '000"
Haryana,2032,15827000,"MoHFW Technical Group Population Projections 2011-2036 (Jul 2020), Table 11, 1 July, rounded to '000"
Delhi,2032,11841000,"MoHFW Technical Group Population Projections 2011-2036 (Jul 2020), Table 11, 1 July, rounded to '000"
Punjab,2033,15439000,"MoHFW Technical Group Population Projections 2011-2036 (Jul 2020), Table 11, 1 July, rounded to '000"
Haryana,2033,15985000,"MoHFW Technical Group Population Projections 2011-2036 (Jul 2020), Table 11, 1 July, rounded to '000"
Delhi,2033,12045000,"MoHFW Technical Group Population Projections 2011-2036 (Jul 2020), Table 11, 1 July, rounded to '000"
Punjab,2034,15500000,"MoHFW Technical Group Population Projections 2011-2036 (Jul 2020), Table 11, 1 July, rounded to '000"
Haryana,2034,16144000,"MoHFW Technical Group Population Projections 2011-2036 (Jul 2020), Table 11, 1 July, rounded to '000"
Delhi,2034,12249000,"MoHFW Technical Group Population Projections 2011-2036 (Jul 2020), Table 11, 1 July, rounded to '000"
Punjab,2035,15562000,"MoHFW Technical Group Population Projections 2011-2036 (Jul 2020), Table 11, 1 July, rounded to '000"
Haryana,2035,16302000,"MoHFW Technical Group Population Projections 2011-2036 (Jul 2020), Table 11, 1 July, rounded to '000"
Delhi,2035,12453000,"MoHFW Technical Group Population Projections 2011-2036 (Jul 2020), Table 11, 1 July, rounded to '000"
Punjab,2036,15624000,"MoHFW Technical Group Population Projections 2011-2036 (Jul 2020), Table 11, 1 July, rounded to '000"
Haryana,2036,16460000,"MoHFW Technical Group Population Projections 2011-2036 (Jul 2020), Table 11, 1 July, rounded to '000"
Delhi,2036,12657000,"MoHFW Technical Group Population Projections 2011-2036 (Jul 2020), Table 11, 1 July, rounded to '000"
Rajasthan,2012,33769000,"MoHFW Technical Group Population Projections 2011-2036 (Jul 2020), Table 11, 1 July, rounded to '000"
Uttar Pradesh,2012,97451000,"MoHFW Technical Group Population Projections 2011-2036 (Jul 2020), Table 11, 1 July, rounded to '000"
Bihar,2012,51123000,"MoHFW Technical Group Population Projections 2011-2036 (Jul 2020), Table 11, 1 July, rounded to '000"
Rajasthan,2013,34347000,"MoHFW Technical Group Population Projections 2011-2036 (Jul 2020), Table 11, 1 July, rounded to '000"
Uttar Pradesh,2013,99040000,"MoHFW Technical Group Population Projections 2011-2036 (Jul 2020), Table 11, 1 July, rounded to '000"
Bihar,2013,52099000,"MoHFW Technical Group Population Projections 2011-2036 (Jul 2020), Table 11, 1 July, rounded to '000"
Rajasthan,2014,34926000,"MoHFW Technical Group Population Projections 2011-2036 (Jul 2020), Table 11, 1 July, rounded to '000"
Uttar Pradesh,2014,100629000,"MoHFW Technical Group Population Projections 2011-2036 (Jul 2020), Table 11, 1 July, rounded to '000"
Bihar,2014,53076000,"MoHFW Technical Group Population Projections 2011-2036 (Jul 2020), Table 11, 1 July, rounded to '000"
Rajasthan,2015,35504000,"MoHFW Technical Group Population Projections 2011-2036 (Jul 2020), Table 11, 1 July, rounded to '000"
Uttar Pradesh,2015,102218000,"MoHFW Technical Group Population Projections 2011-2036 (Jul 2020), Table 11, 1 July, rounded to '000"
Bihar,2015,54052000,"MoHFW Technical Group Population Projections 2011-2036 (Jul 2020), Table 11, 1 July, rounded to '000"
Rajasthan,2016,36065000,"MoHFW Technical Group Population Projections 2011-2036 (Jul 2020), Table 11, 1 July, rounded to '000"
Uttar Pradesh,2016,103763000,"MoHFW Technical Group Population Projections 2011-2036 (Jul 2020), Table 11, 1 July, rounded to '000"
Bihar,2016,54994000,"MoHFW Technical Group Population Projections 2011-2036 (Jul 2020), Table 11, 1 July, rounded to '000"
Rajasthan,2017,36589000,"MoHFW Technical Group Population Projections 2011-2036 (Jul 2020), Table 11, 1 July, rounded to '000"
Uttar Pradesh,2017,105221000,"MoHFW Technical Group Population Projections 2011-2036 (Jul 2020), Table 11, 1 July, rounded to '000"
Bihar,2017,55868000,"MoHFW Technical Group Population Projections 2011-2036 (Jul 2020), Table 11, 1 July, rounded to '000"
Rajasthan,2018,37112000,"MoHFW Technical Group Population Projections 2011-2036 (Jul 2020), Table 11, 1 July, rounded to '000"
Uttar Pradesh,2018,106678000,"MoHFW Technical Group Population Projections 2011-2036 (Jul 2020), Table 11, 1 July, rounded to '000"
Bihar,2018,56741000,"MoHFW Technical Group Population Projections 2011-2036 (Jul 2020), Table 11, 1 July, rounded to '000"
Rajasthan,2019,37636000,"MoHFW Technical Group Population Projections 2011-2036 (Jul 2020), Table 11, 1 July, rounded to '000"
Uttar Pradesh,2019,108135000,"MoHFW Technical Group Population Projections 2011-2036 (Jul 2020), Table 11, 1 July, rounded to '000"
Bihar,2019,57615000,"MoHFW Technical Group Population Projections 2011-2036 (Jul 2020), Table 11, 1 July, rounded to '000"
Rajasthan,2020,38160000,"MoHFW Technical Group Population Projections 2011-2036 (Jul 2020), Table 11, 1 July, rounded to '000"
Uttar Pradesh,2020,109592000,"MoHFW Technical Group Population Projections 2011-2036 (Jul 2020), Table 11, 1 July, rounded to '000"
Bihar,2020,58489000,"MoHFW Technical Group Population Projections 2011-2036 (Jul 2020), Table 11, 1 July, rounded to '000"
Rajasthan,2021,38665000,"MoHFW Technical Group Population Projections 2011-2036 (Jul 2020), Table 11, 1 July, rounded to '000"
Uttar Pradesh,2021,110961000,"MoHFW Technical Group Population Projections 2011-2036 (Jul 2020), Table 11, 1 July, rounded to '000"
Bihar,2021,59374000,"MoHFW Technical Group Population Projections 2011-2036 (Jul 2020), Table 11, 1 July, rounded to '000"
Rajasthan,2022,39130000,"MoHFW Technical Group Population Projections 2011-2036 (Jul 2020), Table 11, 1 July, rounded to '000"
Uttar Pradesh,2022,112155000,"MoHFW Technical Group Population Projections 2011-2036 (Jul 2020), Table 11, 1 July, rounded to '000"
Bihar,2022,60284000,"MoHFW Technical Group Population Projections 2011-2036 (Jul 2020), Table 11, 1 July, rounded to '000"
Rajasthan,2023,39596000,"MoHFW Technical Group Population Projections 2011-2036 (Jul 2020), Table 11, 1 July, rounded to '000"
Uttar Pradesh,2023,113348000,"MoHFW Technical Group Population Projections 2011-2036 (Jul 2020), Table 11, 1 July, rounded to '000"
Bihar,2023,61194000,"MoHFW Technical Group Population Projections 2011-2036 (Jul 2020), Table 11, 1 July, rounded to '000"
Rajasthan,2024,40062000,"MoHFW Technical Group Population Projections 2011-2036 (Jul 2020), Table 11, 1 July, rounded to '000"
Uttar Pradesh,2024,114542000,"MoHFW Technical Group Population Projections 2011-2036 (Jul 2020), Table 11, 1 July, rounded to '000"
Bihar,2024,62104000,"MoHFW Technical Group Population Projections 2011-2036 (Jul 2020), Table 11, 1 July, rounded to '000"
Rajasthan,2025,40528000,"MoHFW Technical Group Population Projections 2011-2036 (Jul 2020), Table 11, 1 July, rounded to '000"
Uttar Pradesh,2025,115736000,"MoHFW Technical Group Population Projections 2011-2036 (Jul 2020), Table 11, 1 July, rounded to '000"
Bihar,2025,63014000,"MoHFW Technical Group Population Projections 2011-2036 (Jul 2020), Table 11, 1 July, rounded to '000"
Rajasthan,2026,40972000,"MoHFW Technical Group Population Projections 2011-2036 (Jul 2020), Table 11, 1 July, rounded to '000"
Uttar Pradesh,2026,116842000,"MoHFW Technical Group Population Projections 2011-2036 (Jul 2020), Table 11, 1 July, rounded to '000"
Bihar,2026,63912000,"MoHFW Technical Group Population Projections 2011-2036 (Jul 2020), Table 11, 1 July, rounded to '000"
Rajasthan,2027,41370000,"MoHFW Technical Group Population Projections 2011-2036 (Jul 2020), Table 11, 1 July, rounded to '000"
Uttar Pradesh,2027,117774000,"MoHFW Technical Group Population Projections 2011-2036 (Jul 2020), Table 11, 1 July, rounded to '000"
Bihar,2027,64787000,"MoHFW Technical Group Population Projections 2011-2036 (Jul 2020), Table 11, 1 July, rounded to '000"
Rajasthan,2028,41768000,"MoHFW Technical Group Population Projections 2011-2036 (Jul 2020), Table 11, 1 July, rounded to '000"
Uttar Pradesh,2028,118705000,"MoHFW Technical Group Population Projections 2011-2036 (Jul 2020), Table 11, 1 July, rounded to '000"
Bihar,2028,65662000,"MoHFW Technical Group Population Projections 2011-2036 (Jul 2020), Table 11, 1 July, rounded to '000"
Rajasthan,2029,42166000,"MoHFW Technical Group Population Projections 2011-2036 (Jul 2020), Table 11, 1 July, rounded to '000"
Uttar Pradesh,2029,119637000,"MoHFW Technical Group Population Projections 2011-2036 (Jul 2020), Table 11, 1 July, rounded to '000"
Bihar,2029,66537000,"MoHFW Technical Group Population Projections 2011-2036 (Jul 2020), Table 11, 1 July, rounded to '000"
Rajasthan,2030,42564000,"MoHFW Technical Group Population Projections 2011-2036 (Jul 2020), Table 11, 1 July, rounded to '000"
Uttar Pradesh,2030,120569000,"MoHFW Technical Group Population Projections 2011-2036 (Jul 2020), Table 11, 1 July, rounded to '000"
Bihar,2030,67412000,"MoHFW Technical Group Population Projections 2011-2036 (Jul 2020), Table 11, 1 July, rounded to '000"
Rajasthan,2031,42941000,"MoHFW Technical Group Population Projections 2011-2036 (Jul 2020), Table 11, 1 July, rounded to '000"
Uttar Pradesh,2031,121435000,"MoHFW Technical Group Population Projections 2011-2036 (Jul 2020), Table 11, 1 July, rounded to '000"
Bihar,2031,68248000,"MoHFW Technical Group Population Projections 2011-2036 (Jul 2020), Table 11, 1 July, rounded to '000"
Rajasthan,2032,43279000,"MoHFW Technical Group Population Projections 2011-2036 (Jul 2020), Table 11, 1 July, rounded to '000"
Uttar Pradesh,2032,122173000,"MoHFW Technical Group Population Projections 2011-2036 (Jul 2020), Table 11, 1 July, rounded to '000"
Bihar,2032,69005000,"MoHFW Technical Group Population Projections 2011-2036 (Jul 2020), Table 11, 1 July, rounded to '000"
Rajasthan,2033,43616000,"MoHFW Technical Group Population Projections 2011-2036 (Jul 2020), Table 11, 1 July, rounded to '000"
Uttar Pradesh,2033,122910000,"MoHFW Technical Group Population Projections 2011-2036 (Jul 2020), Table 11, 1 July, rounded to '000"
Bihar,2033,69761000,"MoHFW Technical Group Population Projections 2011-2036 (Jul 2020), Table 11, 1 July, rounded to '000"
Rajasthan,2034,43953000,"MoHFW Technical Group Population Projections 2011-2036 (Jul 2020), Table 11, 1 July, rounded to '000"
Uttar Pradesh,2034,123648000,"MoHFW Technical Group Population Projections 2011-2036 (Jul 2020), Table 11, 1 July, rounded to '000"
Bihar,2034,70518000,"MoHFW Technical Group Population Projections 2011-2036 (Jul 2020), Table 11, 1 July, rounded to '000"
Rajasthan,2035,44290000,"MoHFW Technical Group Population Projections 2011-2036 (Jul 2020), Table 11, 1 July, rounded to '000"
Uttar Pradesh,2035,124385000,"MoHFW Technical Group Population Projections 2011-2036 (Jul 2020), Table 11, 1 July, rounded to '000"
Bihar,2035,71275000,"MoHFW Technical Group Population Projections 2011-2036 (Jul 2020), Table 11, 1 July, rounded to '000"
Rajasthan,2036,44627000,"MoHFW Technical Group Population Projections 2011-2036 (Jul 2020), Table 11, 1 July, rounded to '000"
Uttar Pradesh,2036,125123000,"MoHFW Technical Group Population Projections 2011-2036 (Jul 2020), Table 11, 1 July, rounded to '000"
Bihar,2036,72031000,"MoHFW Technical Group Population Projections 2011-2036 (Jul 2020), Table 11, 1 July, rounded to '000"
Assam,2012,15529000,"MoHFW Technical Group Population Projections 2011-2036 (Jul 2020), Table 11, 1 July, rounded to '000"
West Bengal,2012,44989000,"MoHFW Technical Group Population Projections 2011-2036 (Jul 2020), Table 11, 1 July, rounded to '000"
Jharkhand,2012,16426000,"MoHFW Technical Group Population Projections 2011-2036 (Jul 2020), Table 11, 1 July, rounded to '000"
Assam,2013,15727000,"MoHFW Technical Group Population Projections 2011-2036 (Jul 2020), Table 11, 1 July, rounded to '000"
West Bengal,2013,45380000,"MoHFW Technical Group Population Projections 2011-2036 (Jul 2020), Table 11, 1 July, rounded to '000"
Jharkhand,2013,16702000,"MoHFW Technical Group Population Projections 2011-2036 (Jul 2020), Table 11, 1 July, rounded to '000"
Assam,2014,15924000,"MoHFW Technical Group Population Projections 2011-2036 (Jul 2020), Table 11, 1 July, rounded to '000"
West Bengal,2014,45771000,"MoHFW Technical Group Population Projections 2011-2036 (Jul 2020), Table 11, 1 July, rounded to '000"
Jharkhand,2014,16979000,"MoHFW Technical Group Population Projections 2011-2036 (Jul 2020), Table 11, 1 July, rounded to '000"
Assam,2015,16122000,"MoHFW Technical Group Population Projections 2011-2036 (Jul 2020), Table 11, 1 July, rounded to '000"
West Bengal,2015,46162000,"MoHFW Technical Group Population Projections 2011-2036 (Jul 2020), Table 11, 1 July, rounded to '000"
Jharkhand,2015,17255000,"MoHFW Technical Group Population Projections 2011-2036 (Jul 2020), Table 11, 1 July, rounded to '000"
Assam,2016,16317000,"MoHFW Technical Group Population Projections 2011-2036 (Jul 2020), Table 11, 1 July, rounded to '000"
West Bengal,2016,46530000,"MoHFW Technical Group Population Projections 2011-2036 (Jul 2020), Table 11, 1 July, rounded to '000"
Jharkhand,2016,17528000,"MoHFW Technical Group Population Projections 2011-2036 (Jul 2020), Table 11, 1 July, rounded to '000"
Assam,2017,16506000,"MoHFW Technical Group Population Projections 2011-2036 (Jul 2020), Table 11, 1 July, rounded to '000"
West Bengal,2017,46852000,"MoHFW Technical Group Population Projections 2011-2036 (Jul 2020), Table 11, 1 July, rounded to '000"
Jharkhand,2017,17794000,"MoHFW Technical Group Population Projections 2011-2036 (Jul 2020), Table 11, 1 July, rounded to '000"
Assam,2018,16695000,"MoHFW Technical Group Population Projections 2011-2036 (Jul 2020), Table 11, 1 July, rounded to '000"
West Bengal,2018,47173000,"MoHFW Technical Group Population Projections 2011-2036 (Jul 2020), Table 11, 1 July, rounded to '000"
Jharkhand,2018,18060000,"MoHFW Technical Group Population Projections 2011-2036 (Jul 2020), Table 11, 1 July, rounded to '000"
Assam,2019,16885000,"MoHFW Technical Group Population Projections 2011-2036 (Jul 2020), Table 11, 1 July, rounded to '000"
West Bengal,2019,47494000,"MoHFW Technical Group Population Projections 2011-2036 (Jul 2020), Table 11, 1 July, rounded to '000"
Jharkhand,2019,18327000,"MoHFW Technical Group Population Projections 2011-2036 (Jul 2020), Table 11, 1 July, rounded to '000"
Assam,2020,17074000,"MoHFW Technical Group Population Projections 2011-2036 (Jul 2020), Table 11, 1 July, rounded to '000"
West Bengal,2020,47815000,"MoHFW Technical Group Population Projections 2011-2036 (Jul 2020), Table 11, 1 July, rounded to '000"
Jharkhand,2020,18593000,"MoHFW Technical Group Population Projections 2011-2036 (Jul 2020), Table 11, 1 July, rounded to '000"
Assam,2021,17257000,"MoHFW Technical Group Population Projections 2011-2036 (Jul 2020), Table 11, 1 July, rounded to '000"
West Bengal,2021,48117000,"MoHFW Technical Group Population Projections 2011-2036 (Jul 2020), Table 11, 1 July, rounded to '000"
Jharkhand,2021,18854000,"MoHFW Technical Group Population Projections 2011-2036 (Jul 2020), Table 11, 1 July, rounded to '000"
Assam,2022,17429000,"MoHFW Technical Group Population Projections 2011-2036 (Jul 2020), Table 11, 1 July, rounded to '000"
West Bengal,2022,48379000,"MoHFW Technical Group Population Projections 2011-2036 (Jul 2020), Table 11, 1 July, rounded to '000"
Jharkhand,2022,19105000,"MoHFW Technical Group Population Projections 2011-2036 (Jul 2020), Table 11, 1 July, rounded to '000"
Assam,2023,17600000,"MoHFW Technical Group Population Projections 2011-2036 (Jul 2020), Table 11, 1 July, rounded to '000"
West Bengal,2023,48642000,"MoHFW Technical Group Population Projections 2011-2036 (Jul 2020), Table 11, 1 July, rounded to '000"
Jharkhand,2023,19355000,"MoHFW Technical Group Population Projections 2011-2036 (Jul 2020), Table 11, 1 July, rounded to '000"
Assam,2024,17771000,"MoHFW Technical Group Population Projections 2011-2036 (Jul 2020), Table 11, 1 July, rounded to '000"
West Bengal,2024,48904000,"MoHFW Technical Group Population Projections 2011-2036 (Jul 2020), Table 11, 1 July, rounded to '000"
Jharkhand,2024,19606000,"MoHFW Technical Group Population Projections 2011-2036 (Jul 2020), Table 11, 1 July, rounded to '000"
Assam,2025,17942000,"MoHFW Technical Group Population Projections 2011-2036 (Jul 2020), Table 11, 1 July, rounded to '000"
West Bengal,2025,49167000,"MoHFW Technical Group Population Projections 2011-2036 (Jul 2020), Table 11, 1 July, rounded to '000"
Jharkhand,2025,19857000,"MoHFW Technical Group Population Projections 2011-2036 (Jul 2020), Table 11, 1 July, rounded to '000"
Assam,2026,18107000,"MoHFW Technical Group Population Projections 2011-2036 (Jul 2020), Table 11, 1 July, rounded to '000"
West Bengal,2026,49406000,"MoHFW Technical Group Population Projections 2011-2036 (Jul 2020), Table 11, 1 July, rounded to '000"
Jharkhand,2026,20101000,"MoHFW Technical Group Population Projections 2011-2036 (Jul 2020), Table 11, 1 July, rounded to '000"
Assam,2027,18261000,"MoHFW Technical Group Population Projections 2011-2036 (Jul 2020), Table 11, 1 July, rounded to '000"
West Bengal,2027,49600000,"MoHFW Technical Group Population Projections 2011-2036 (Jul 2020), Table 11, 1 July, rounded to '000"
Jharkhand,2027,20333000,"MoHFW Technical Group Population Projections 2011-2036 (Jul 2020), Table 11, 1 July, rounded to '000"
Assam,2028,18414000,"MoHFW Technical Group Population Projections 2011-2036 (Jul 2020), Table 11, 1 July, rounded to '000"
West Bengal,2028,49793000,"MoHFW Technical Group Population Projections 2011-2036 (Jul 2020), Table 11, 1 July, rounded to '000"
Jharkhand,2028,20564000,"MoHFW Technical Group Population Projections 2011-2036 (Jul 2020), Table 11, 1 July, rounded to '000"
Assam,2029,18568000,"MoHFW Technical Group Population Projections 2011-2036 (Jul 2020), Table 11, 1 July, rounded to '000"
West Bengal,2029,49986000,"MoHFW Technical Group Population Projections 2011-2036 (Jul 2020), Table 11, 1 July, rounded to '000"
Jharkhand,2029,20795000,"MoHFW Technical Group Population Projections 2011-2036 (Jul 2020), Table 11, 1 July, rounded to '000"
Assam,2030,18722000,"MoHFW Technical Group Population Projections 2011-2036 (Jul 2020), Table 11, 1 July, rounded to '000"
West Bengal,2030,50180000,"MoHFW Technical Group Population Projections 2011-2036 (Jul 2020), Table 11, 1 July, rounded to '000"
Jharkhand,2030,21026000,"MoHFW Technical Group Population Projections 2011-2036 (Jul 2020), Table 11, 1 July, rounded to '000"
Assam,2031,18867000,"MoHFW Technical Group Population Projections 2011-2036 (Jul 2020), Table 11, 1 July, rounded to '000"
West Bengal,2031,50345000,"MoHFW Technical Group Population Projections 2011-2036 (Jul 2020), Table 11, 1 July, rounded to '000"
Jharkhand,2031,21248000,"MoHFW Technical Group Population Projections 2011-2036 (Jul 2020), Table 11, 1 July, rounded to '000"
Assam,2032,18995000,"MoHFW Technical Group Population Projections 2011-2036 (Jul 2020), Table 11, 1 July, rounded to '000"
West Bengal,2032,50453000,"MoHFW Technical Group Population Projections 2011-2036 (Jul 2020), Table 11, 1 July, rounded to '000"
Jharkhand,2032,21451000,"MoHFW Technical Group Population Projections 2011-2036 (Jul 2020), Table 11, 1 July, rounded to '000"
Assam,2033,19123000,"MoHFW Technical Group Population Projections 2011-2036 (Jul 2020), Table 11, 1 July, rounded to '000"
West Bengal,2033,50562000,"MoHFW Technical Group Population Projections 2011-2036 (Jul 2020), Table 11, 1 July, rounded to '000"
Jharkhand,2033,21653000,"MoHFW Technical Group Population Projections 2011-2036 (Jul 2020), Table 11, 1 July, rounded to '000"
Assam,2034,19250000,"MoHFW Technical Group Population Projections 2011-2036 (Jul 2020), Table 11, 1 July, rounded to '000"
West Bengal,2034,50670000,"MoHFW Technical Group Population Projections 2011-2036 (Jul 2020), Table 11, 1 July, rounded to '000"
Jharkhand,2034,21856000,"MoHFW Technical Group Population Projections 2011-2036 (Jul 2020), Table 11, 1 July, rounded to '000"
Assam,2035,19378000,"MoHFW Technical Group Population Projections 2011-2036 (Jul 2020), Table 11, 1 July, rounded to '000"
West Bengal,2035,50779000,"MoHFW Technical Group Population Projections 2011-2036 (Jul 2020), Table 11, 1 July, rounded to '000"
Jharkhand,2035,22058000,"MoHFW Technical Group Population Projections 2011-2036 (Jul 2020), Table 11, 1 July, rounded to '000"
Assam,2036,19506000,"MoHFW Technical Group Population Projections 2011-2036 (Jul 2020), Table 11, 1 July, rounded to '000"
West Bengal,2036,50887000,"MoHFW Technical Group Population Projections 2011-2036 (Jul 2020), Table 11, 1 July, rounded to '000"
Jharkhand,2036,22261000,"MoHFW Technical Group Population Projections 2011-2036 (Jul 2020), Table 11, 1 July, rounded to '000"
Odisha,2012,21035000,"MoHFW Technical Group Population Projections 2011-2036 (Jul 2020), Table 11, 1 July, rounded to '000"
Chhattisgarh,2012,12986000,"MoHFW Technical Group Population Projections 2011-2036 (Jul 2020), Table 11, 1 July, rounded to '000"
Madhya Pradesh,2012,35829000,"MoHFW Technical Group Population Projections 2011-2036 (Jul 2020), Table 11, 1 July, rounded to '000"
Odisha,2013,21240000,"MoHFW Technical Group Population Projections 2011-2036 (Jul 2020), Table 11, 1 July, rounded to '000"
Chhattisgarh,2013,13191000,"MoHFW Technical Group Population Projections 2011-2036 (Jul 2020), Table 11, 1 July, rounded to '000"
Madhya Pradesh,2013,36440000,"MoHFW Technical Group Population Projections 2011-2036 (Jul 2020), Table 11, 1 July, rounded to '000"
Odisha,2014,21445000,"MoHFW Technical Group Population Projections 2011-2036 (Jul 2020), Table 11, 1 July, rounded to '000"
Chhattisgarh,2014,13396000,"MoHFW Technical Group Population Projections 2011-2036 (Jul 2020), Table 11, 1 July, rounded to '000"
Madhya Pradesh,2014,37051000,"MoHFW Technical Group Population Projections 2011-2036 (Jul 2020), Table 11, 1 July, rounded to '000"
Odisha,2015,21650000,"MoHFW Technical Group Population Projections 2011-2036 (Jul 2020), Table 11, 1 July, rounded to '000"
Chhattisgarh,2015,13601000,"MoHFW Technical Group Population Projections 2011-2036 (Jul 2020), Table 11, 1 July, rounded to '000"
Madhya Pradesh,2015,37662000,"MoHFW Technical Group Population Projections 2011-2036 (Jul 2020), Table 11, 1 July, rounded to '000"
Odisha,2016,21847000,"MoHFW Technical Group Population Projections 2011-2036 (Jul 2020), Table 11, 1 July, rounded to '000"
Chhattisgarh,2016,13802000,"MoHFW Technical Group Population Projections 2011-2036 (Jul 2020), Table 11, 1 July, rounded to '000"
Madhya Pradesh,2016,38258000,"MoHFW Technical Group Population Projections 2011-2036 (Jul 2020), Table 11, 1 July, rounded to '000"
Odisha,2017,22029000,"MoHFW Technical Group Population Projections 2011-2036 (Jul 2020), Table 11, 1 July, rounded to '000"
Chhattisgarh,2017,13994000,"MoHFW Technical Group Population Projections 2011-2036 (Jul 2020), Table 11, 1 July, rounded to '000"
Madhya Pradesh,2017,38826000,"MoHFW Technical Group Population Projections 2011-2036 (Jul 2020), Table 11, 1 July, rounded to '000"
Odisha,2018,22210000,"MoHFW Technical Group Population Projections 2011-2036 (Jul 2020), Table 11, 1 July, rounded to '000"
Chhattisgarh,2018,14186000,"MoHFW Technical Group Population Projections 2011-2036 (Jul 2020), Table 11, 1 July, rounded to '000"
Madhya Pradesh,2018,39393000,"MoHFW Technical Group Population Projections 2011-2036 (Jul 2020), Table 11, 1 July, rounded to '000"
Odisha,2019,22391000,"MoHFW Technical Group Population Projections 2011-2036 (Jul 2020), Table 11, 1 July, rounded to '000"
Chhattisgarh,2019,14378000,"MoHFW Technical Group Population Projections 2011-2036 (Jul 2020), Table 11, 1 July, rounded to '000"
Madhya Pradesh,2019,39961000,"MoHFW Technical Group Population Projections 2011-2036 (Jul 2020), Table 11, 1 July, rounded to '000"
Odisha,2020,22572000,"MoHFW Technical Group Population Projections 2011-2036 (Jul 2020), Table 11, 1 July, rounded to '000"
Chhattisgarh,2020,14570000,"MoHFW Technical Group Population Projections 2011-2036 (Jul 2020), Table 11, 1 July, rounded to '000"
Madhya Pradesh,2020,40529000,"MoHFW Technical Group Population Projections 2011-2036 (Jul 2020), Table 11, 1 July, rounded to '000"
Odisha,2021,22744000,"MoHFW Technical Group Population Projections 2011-2036 (Jul 2020), Table 11, 1 July, rounded to '000"
Chhattisgarh,2021,14756000,"MoHFW Technical Group Population Projections 2011-2036 (Jul 2020), Table 11, 1 July, rounded to '000"
Madhya Pradesh,2021,41081000,"MoHFW Technical Group Population Projections 2011-2036 (Jul 2020), Table 11, 1 July, rounded to '000"
Odisha,2022,22896000,"MoHFW Technical Group Population Projections 2011-2036 (Jul 2020), Table 11, 1 July, rounded to '000"
Chhattisgarh,2022,14928000,"MoHFW Technical Group Population Projections 2011-2036 (Jul 2020), Table 11, 1 July, rounded to '000"
Madhya Pradesh,2022,41602000,"MoHFW Technical Group Population Projections 2011-2036 (Jul 2020), Table 11, 1 July, rounded to '000"
Odisha,2023,23049000,"MoHFW Technical Group Population Projections 2011-2036 (Jul 2020), Table 11, 1 July, rounded to '000"
Chhattisgarh,2023,15100000,"MoHFW Technical Group Population Projections 2011-2036 (Jul 2020), Table 11, 1 July, rounded to '000"
Madhya Pradesh,2023,42124000,"MoHFW Technical Group Population Projections 2011-2036 (Jul 2020), Table 11, 1 July, rounded to '000"
Odisha,2024,23201000,"MoHFW Technical Group Population Projections 2011-2036 (Jul 2020), Table 11, 1 July, rounded to '000"
Chhattisgarh,2024,15273000,"MoHFW Technical Group Population Projections 2011-2036 (Jul 2020), Table 11, 1 July, rounded to '000"
Madhya Pradesh,2024,42646000,"MoHFW Technical Group Population Projections 2011-2036 (Jul 2020), Table 11, 1 July, rounded to '000"
Odisha,2025,23353000,"MoHFW Technical Group Population Projections 2011-2036 (Jul 2020), Table 11, 1 July, rounded to '000"
Chhattisgarh,2025,15445000,"MoHFW Technical Group Population Projections 2011-2036 (Jul 2020), Table 11, 1 July, rounded to '000"
Madhya Pradesh,2025,43167000,"MoHFW Technical Group Population Projections 2011-2036 (Jul 2020), Table 11, 1 July, rounded to '000"
Odisha,2026,23495000,"MoHFW Technical Group Population Projections 2011-2036 (Jul 2020), Table 11, 1 July, rounded to '000"
Chhattisgarh,2026,15610000,"MoHFW Technical Group Population Projections 2011-2036 (Jul 2020), Table 11, 1 July, rounded to '000"
Madhya Pradesh,2026,43665000,"MoHFW Technical Group Population Projections 2011-2036 (Jul 2020), Table 11, 1 July, rounded to '000"
Odisha,2027,23615000,"MoHFW Technical Group Population Projections 2011-2036 (Jul 2020), Table 11, 1 July, rounded to '000"
Chhattisgarh,2027,15761000,"MoHFW Technical Group Population Projections 2011-2036 (Jul 2020), Table 11, 1 July, rounded to '000"
Madhya Pradesh,2027,44116000,"MoHFW Technical Group Population Projections 2011-2036 (Jul 2020), Table 11, 1 July, rounded to '000"
Odisha,2028,23735000,"MoHFW Technical Group Population Projections 2011-2036 (Jul 2020), Table 11, 1 July, rounded to '000"
Chhattisgarh,2028,15912000,"MoHFW Technical Group Population Projections 2011-2036 (Jul 2020), Table 11, 1 July, rounded to '000"
Madhya Pradesh,2028,44567000,"MoHFW Technical Group Population Projections 2011-2036 (Jul 2020), Table 11, 1 July, rounded to '000"
Odisha,2029,23855000,"MoHFW Technical Group Population Projections 2011-2036 (Jul 2020), Table 11, 1 July, rounded to '000"
Chhattisgarh,2029,16063000,"MoHFW Technical Group Population Projections 2011-2036 (Jul 2020), Table 11, 1 July, rounded to '000"
Madhya Pradesh,2029,45017000,"MoHFW Technical Group Population Projections 2011-2036 (Jul 2020), Table 11, 1 July, rounded to '000"
Odisha,2030,23975000,"MoHFW Technical Group Population Projections 2011-2036 (Jul 2020), Table 11, 1 July, rounded to '000"
Chhattisgarh,2030,16214000,"MoHFW Technical Group Population Projections 2011-2036 (Jul 2020), Table 11, 1 July, rounded to '000"
Madhya Pradesh,2030,45468000,"MoHFW Technical Group Population Projections 2011-2036 (Jul 2020), Table 11, 1 July, rounded to '000"
Odisha,2031,24084000,"MoHFW Technical Group Population Projections 2011-2036 (Jul 2020), Table 11, 1 July, rounded to '000"
Chhattisgarh,2031,16361000,"MoHFW Technical Group Population Projections 2011-2036 (Jul 2020), Table 11, 1 July, rounded to '000"
Madhya Pradesh,2031,45899000,"MoHFW Technical Group Population Projections 2011-2036 (Jul 2020), Table 11, 1 July, rounded to '000"
Odisha,2032,24170000,"MoHFW Technical Group Population Projections 2011-2036 (Jul 2020), Table 11, 1 July, rounded to '000"
Chhattisgarh,2032,16499000,"MoHFW Technical Group Population Projections 2011-2036 (Jul 2020), Table 11, 1 July, rounded to '000"
Madhya Pradesh,2032,46292000,"MoHFW Technical Group Population Projections 2011-2036 (Jul 2020), Table 11, 1 July, rounded to '000"
Odisha,2033,24255000,"MoHFW Technical Group Population Projections 2011-2036 (Jul 2020), Table 11, 1 July, rounded to '000"
Chhattisgarh,2033,16637000,"MoHFW Technical Group Population Projections 2011-2036 (Jul 2020), Table 11, 1 July, rounded to '000"
Madhya Pradesh,2033,46685000,"MoHFW Technical Group Population Projections 2011-2036 (Jul 2020), Table 11, 1 July, rounded to '000"
Odisha,2034,24341000,"MoHFW Technical Group Population Projections 2011-2036 (Jul 2020), Table 11, 1 July, rounded to '000"
Chhattisgarh,2034,16775000,"MoHFW Technical Group Population Projections 2011-2036 (Jul 2020), Table 11, 1 July, rounded to '000"
Madhya Pradesh,2034,47077000,"MoHFW Technical Group Population Projections 2011-2036 (Jul 2020), Table 11, 1 July, rounded to '000"
Odisha,2035,24426000,"MoHFW Technical Group Population Projections 2011-2036 (Jul 2020), Table 11, 1 July, rounded to '000"
Chhattisgarh,2035,16913000,"MoHFW Technical Group Population Projections 2011-2036 (Jul 2020), Table 11, 1 July, rounded to '000"
Madhya Pradesh,2035,47470000,"MoHFW Technical Group Population Projections 2011-2036 (Jul 2020), Table 11, 1 July, rounded to '000"
Odisha,2036,24512000,"MoHFW Technical Group Population Projections 2011-2036 (Jul 2020), Table 11, 1 July, rounded to '000"
Chhattisgarh,2036,17051000,"MoHFW Technical Group Population Projections 2011-2036 (Jul 2020), Table 11, 1 July, rounded to '000"
Madhya Pradesh,2036,47862000,"MoHFW Technical Group Population Projections 2011-2036 (Jul 2020), Table 11, 1 July, rounded to '000"
Gujarat,2012,29519000,"MoHFW Technical Group Population Projections 2011-2036 (Jul 2020), Table 11, 1 July, rounded to '000"
Maharashtra,2012,54917000,"MoHFW Technical Group Population Projections 2011-2036 (Jul 2020), Table 11, 1 July, rounded to '000"
Andhra Pradesh,2012,24990000,"MoHFW Technical Group Population Projections 2011-2036 (Jul 2020), Table 11, 1 July, rounded to '000"
Gujarat,2013,29947000,"MoHFW Technical Group Population Projections 2011-2036 (Jul 2020), Table 11, 1 July, rounded to '000"
Maharashtra,2013,55506000,"MoHFW Technical Group Population Projections 2011-2036 (Jul 2020), Table 11, 1 July, rounded to '000"
Andhra Pradesh,2013,25173000,"MoHFW Technical Group Population Projections 2011-2036 (Jul 2020), Table 11, 1 July, rounded to '000"
Gujarat,2014,30374000,"MoHFW Technical Group Population Projections 2011-2036 (Jul 2020), Table 11, 1 July, rounded to '000"
Maharashtra,2014,56095000,"MoHFW Technical Group Population Projections 2011-2036 (Jul 2020), Table 11, 1 July, rounded to '000"
Andhra Pradesh,2014,25356000,"MoHFW Technical Group Population Projections 2011-2036 (Jul 2020), Table 11, 1 July, rounded to '000"
Gujarat,2015,30802000,"MoHFW Technical Group Population Projections 2011-2036 (Jul 2020), Table 11, 1 July, rounded to '000"
Maharashtra,2015,56685000,"MoHFW Technical Group Population Projections 2011-2036 (Jul 2020), Table 11, 1 July, rounded to '000"
Andhra Pradesh,2015,25539000,"MoHFW Technical Group Population Projections 2011-2036 (Jul 2020), Table 11, 1 July, rounded to '000"
Gujarat,2016,31227000,"MoHFW Technical Group Population Projections 2011-2036 (Jul 2020), Table 11, 1 July, rounded to '000"
Maharashtra,2016,57255000,"MoHFW Technical Group Population Projections 2011-2036 (Jul 2020), Table 11, 1 July, rounded to '000"
Andhra Pradesh,2016,25709000,"MoHFW Technical Group Population Projections 2011-2036 (Jul 2020), Table 11, 1 July, rounded to '000"
Gujarat,2017,31647000,"MoHFW Technical Group Population Projections 2011-2036 (Jul 2020), Table 11, 1 July, rounded to '000"
Maharashtra,2017,57786000,"MoHFW Technical Group Population Projections 2011-2036 (Jul 2020), Table 11, 1 July, rounded to '000"
Andhra Pradesh,2017,25854000,"MoHFW Technical Group Population Projections 2011-2036 (Jul 2020), Table 11, 1 July, rounded to '000"
Gujarat,2018,32067000,"MoHFW Technical Group Population Projections 2011-2036 (Jul 2020), Table 11, 1 July, rounded to '000"
Maharashtra,2018,58318000,"MoHFW Technical Group Population Projections 2011-2036 (Jul 2020), Table 11, 1 July, rounded to '000"
Andhra Pradesh,2018,25999000,"MoHFW Technical Group Population Projections 2011-2036 (Jul 2020), Table 11, 1 July, rounded to '000"
Gujarat,2019,32488000,"MoHFW Technical Group Population Projections 2011-2036 (Jul 2020), Table 11, 1 July, rounded to '000"
Maharashtra,2019,58849000,"MoHFW Technical Group Population Projections 2011-2036 (Jul 2020), Table 11, 1 July, rounded to '000"
Andhra Pradesh,2019,26143000,"MoHFW Technical Group Population Projections 2011-2036 (Jul 2020), Table 11, 1 July, rounded to '000"
Gujarat,2020,32908000,"MoHFW Technical Group Population Projections 2011-2036 (Jul 2020), Table 11, 1 July, rounded to '000"
Maharashtra,2020,59381000,"MoHFW Technical Group Population Projections 2011-2036 (Jul 2020), Table 11, 1 July, rounded to '000"
Andhra Pradesh,2020,26288000,"MoHFW Technical Group Population Projections 2011-2036 (Jul 2020), Table 11, 1 July, rounded to '000"
Gujarat,2021,33319000,"MoHFW Technical Group Population Projections 2011-2036 (Jul 2020), Table 11, 1 July, rounded to '000"
Maharashtra,2021,59887000,"MoHFW Technical Group Population Projections 2011-2036 (Jul 2020), Table 11, 1 July, rounded to '000"
Andhra Pradesh,2021,26417000,"MoHFW Technical Group Population Projections 2011-2036 (Jul 2020), Table 11, 1 July, rounded to '000"
Gujarat,2022,33713000,"MoHFW Technical Group Population Projections 2011-2036 (Jul 2020), Table 11, 1 July, rounded to '000"
Maharashtra,2022,60343000,"MoHFW Technical Group Population Projections 2011-2036 (Jul 2020), Table 11, 1 July, rounded to '000"
Andhra Pradesh,2022,26515000,"MoHFW Technical Group Population Projections 2011-2036 (Jul 2020), Table 11, 1 July, rounded to '000"
Gujarat,2023,34106000,"MoHFW Technical Group Population Projections 2011-2036 (Jul 2020), Table 11, 1 July, rounded to '000"
Maharashtra,2023,60799000,"MoHFW Technical Group Population Projections 2011-2036 (Jul 2020), Table 11, 1 July, rounded to '000"
Andhra Pradesh,2023,26613000,"MoHFW Technical Group Population Projections 2011-2036 (Jul 2020), Table 11, 1 July, rounded to '000"
Gujarat,2024,34500000,"MoHFW Technical Group Population Projections 2011-2036 (Jul 2020), Table 11, 1 July, rounded to '000"
Maharashtra,2024,61256000,"MoHFW Technical Group Population Projections 2011-2036 (Jul 2020), Table 11, 1 July, rounded to '000"
Andhra Pradesh,2024,26711000,"MoHFW Technical Group Population Projections 2011-2036 (Jul 2020), Table 11, 1 July, rounded to '000"
Gujarat,2025,34894000,"MoHFW Technical Group Population Projections 2011-2036 (Jul 2020), Table 11, 1 July, rounded to '000"
Maharashtra,2025,61712000,"MoHFW Technical Group Population Projections 2011-2036 (Jul 2020), Table 11, 1 July, rounded to '000"
Andhra Pradesh,2025,26809000,"MoHFW Technical Group Population Projections 2011-2036 (Jul 2020), Table 11, 1 July, rounded to '000"
Gujarat,2026,35275000,"MoHFW Technical Group Population Projections 2011-2036 (Jul 2020), Table 11, 1 July, rounded to '000"
Maharashtra,2026,62146000,"MoHFW Technical Group Population Projections 2011-2036 (Jul 2020), Table 11, 1 July, rounded to '000"
Andhra Pradesh,2026,26892000,"MoHFW Technical Group Population Projections 2011-2036 (Jul 2020), Table 11, 1 July, rounded to '000"
Gujarat,2027,35633000,"MoHFW Technical Group Population Projections 2011-2036 (Jul 2020), Table 11, 1 July, rounded to '000"
Maharashtra,2027,62536000,"MoHFW Technical Group Population Projections 2011-2036 (Jul 2020), Table 11, 1 July, rounded to '000"
Andhra Pradesh,2027,26946000,"MoHFW Technical Group Population Projections 2011-2036 (Jul 2020), Table 11, 1 July, rounded to '000"
Gujarat,2028,35991000,"MoHFW Technical Group Population Projections 2011-2036 (Jul 2020), Table 11, 1 July, rounded to '000"
Maharashtra,2028,62926000,"MoHFW Technical Group Population Projections 2011-2036 (Jul 2020), Table 11, 1 July, rounded to '000"
Andhra Pradesh,2028,26999000,"MoHFW Technical Group Population Projections 2011-2036 (Jul 2020), Table 11, 1 July, rounded to '000"
Gujarat,2029,36349000,"MoHFW Technical Group Population Projections 2011-2036 (Jul 2020), Table 11, 1 July, rounded to '000"
Maharashtra,2029,63317000,"MoHFW Technical Group Population Projections 2011-2036 (Jul 2020), Table 11, 1 July, rounded to '000"
Andhra Pradesh,2029,27053000,"MoHFW Technical Group Population Projections 2011-2036 (Jul 2020), Table 11, 1 July, rounded to '000"
Gujarat,2030,36707000,"MoHFW Technical Group Population Projections 2011-2036 (Jul 2020), Table 11, 1 July, rounded to '000"
Maharashtra,2030,63707000,"MoHFW Technical Group Population Projections 2011-2036 (Jul 2020), Table 11, 1 July, rounded to '000"
Andhra Pradesh,2030,27107000,"MoHFW Technical Group Population Projections 2011-2036 (Jul 2020), Table 11, 1 July, rounded to '000"
Gujarat,2031,37050000,"MoHFW Technical Group Population Projections 2011-2036 (Jul 2020), Table 11, 1 July, rounded to '000"
Maharashtra,2031,64073000,"MoHFW Technical Group Population Projections 2011-2036 (Jul 2020), Table 11, 1 July, rounded to '000"
Andhra Pradesh,2031,27148000,"MoHFW Technical Group Population Projections 2011-2036 (Jul 2020), Table 11, 1 July, rounded to '000"
Gujarat,2032,37365000,"MoHFW Technical Group Population Projections 2011-2036 (Jul 2020), Table 11, 1 July, rounded to '000"
Maharashtra,2032,64391000,"MoHFW Technical Group Population Projections 2011-2036 (Jul 2020), Table 11, 1 July, rounded to '000"
Andhra Pradesh,2032,27164000,"MoHFW Technical Group Population Projections 2011-2036 (Jul 2020), Table 11, 1 July, rounded to '000"
Gujarat,2033,37679000,"MoHFW Technical Group Population Projections 2011-2036 (Jul 2020), Table 11, 1 July, rounded to '000"
Maharashtra,2033,64708000,"MoHFW Technical Group Population Projections 2011-2036 (Jul 2020), Table 11, 1 July, rounded to '000"
Andhra Pradesh,2033,27180000,"MoHFW Technical Group Population Projections 2011-2036 (Jul 2020), Table 11, 1 July, rounded to '000"
Gujarat,2034,37993000,"MoHFW Technical Group Population Projections 2011-2036 (Jul 2020), Table 11, 1 July, rounded to '000"
Maharashtra,2034,65026000,"MoHFW Technical Group Population Projections 2011-2036 (Jul 2020), Table 11, 1 July, rounded to '000"
Andhra Pradesh,2034,27196000,"MoHFW Technical Group Population Projections 2011-2036 (Jul 2020), Table 11, 1 July, rounded to '000"
Gujarat,2035,38307000,"MoHFW Technical Group Population Projections 2011-2036 (Jul 2020), Table 11, 1 July, rounded to '000"
Maharashtra,2035,65344000,"MoHFW Technical Group Population Projections 2011-2036 (Jul 2020), Table 11, 1 July, rounded to '000"
Andhra Pradesh,2035,27212000,"MoHFW Technical Group Population Projections 2011-2036 (Jul 2020), Table 11, 1 July, rounded to '000"
Gujarat,2036,38621000,"MoHFW Technical Group Population Projections 2011-2036 (Jul 2020), Table 11, 1 July, rounded to '000"
Maharashtra,2036,65662000,"MoHFW Technical Group Population Projections 2011-2036 (Jul 2020), Table 11, 1 July, rounded to '000"
Andhra Pradesh,2036,27228000,"MoHFW Technical Group Population Projections 2011-2036 (Jul 2020), Table 11, 1 July, rounded to '000"
Karnataka,2012,30537000,"MoHFW Technical Group Population Projections 2011-2036 (Jul 2020), Table 11, 1 July, rounded to '000"
Kerala,2012,17540000,"MoHFW Technical Group Population Projections 2011-2036 (Jul 2020), Table 11, 1 July, rounded to '000"
Tamil Nadu,2012,36352000,"MoHFW Technical Group Population Projections 2011-2036 (Jul 2020), Table 11, 1 July, rounded to '000"
Karnataka,2013,30844000,"MoHFW Technical Group Population Projections 2011-2036 (Jul 2020), Table 11, 1 July, rounded to '000"
Kerala,2013,17661000,"MoHFW Technical Group Population Projections 2011-2036 (Jul 2020), Table 11, 1 July, rounded to '000"
Tamil Nadu,2013,36608000,"MoHFW Technical Group Population Projections 2011-2036 (Jul 2020), Table 11, 1 July, rounded to '000"
Karnataka,2014,31151000,"MoHFW Technical Group Population Projections 2011-2036 (Jul 2020), Table 11, 1 July, rounded to '000"
Kerala,2014,17782000,"MoHFW Technical Group Population Projections 2011-2036 (Jul 2020), Table 11, 1 July, rounded to '000"
Tamil Nadu,2014,36865000,"MoHFW Technical Group Population Projections 2011-2036 (Jul 2020), Table 11, 1 July, rounded to '000"
Karnataka,2015,31457000,"MoHFW Technical Group Population Projections 2011-2036 (Jul 2020), Table 11, 1 July, rounded to '000"
Kerala,2015,17903000,"MoHFW Technical Group Population Projections 2011-2036 (Jul 2020), Table 11, 1 July, rounded to '000"
Tamil Nadu,2015,37122000,"MoHFW Technical Group Population Projections 2011-2036 (Jul 2020), Table 11, 1 July, rounded to '000"
Karnataka,2016,31746000,"MoHFW Technical Group Population Projections 2011-2036 (Jul 2020), Table 11, 1 July, rounded to '000"
Kerala,2016,18015000,"MoHFW Technical Group Population Projections 2011-2036 (Jul 2020), Table 11, 1 July, rounded to '000"
Tamil Nadu,2016,37356000,"MoHFW Technical Group Population Projections 2011-2036 (Jul 2020), Table 11, 1 July, rounded to '000"
Karnataka,2017,32001000,"MoHFW Technical Group Population Projections 2011-2036 (Jul 2020), Table 11, 1 July, rounded to '000"
Kerala,2017,18107000,"MoHFW Technical Group Population Projections 2011-2036 (Jul 2020), Table 11, 1 July, rounded to '000"
Tamil Nadu,2017,37545000,"MoHFW Technical Group Population Projections 2011-2036 (Jul 2020), Table 11, 1 July, rounded to '000"
Karnataka,2018,32255000,"MoHFW Technical Group Population Projections 2011-2036 (Jul 2020), Table 11, 1 July, rounded to '000"
Kerala,2018,18200000,"MoHFW Technical Group Population Projections 2011-2036 (Jul 2020), Table 11, 1 July, rounded to '000"
Tamil Nadu,2018,37734000,"MoHFW Technical Group Population Projections 2011-2036 (Jul 2020), Table 11, 1 July, rounded to '000"
Karnataka,2019,32510000,"MoHFW Technical Group Population Projections 2011-2036 (Jul 2020), Table 11, 1 July, rounded to '000"
Kerala,2019,18292000,"MoHFW Technical Group Population Projections 2011-2036 (Jul 2020), Table 11, 1 July, rounded to '000"
Tamil Nadu,2019,37923000,"MoHFW Technical Group Population Projections 2011-2036 (Jul 2020), Table 11, 1 July, rounded to '000"
Karnataka,2020,32764000,"MoHFW Technical Group Population Projections 2011-2036 (Jul 2020), Table 11, 1 July, rounded to '000"
Kerala,2020,18385000,"MoHFW Technical Group Population Projections 2011-2036 (Jul 2020), Table 11, 1 July, rounded to '000"
Tamil Nadu,2020,38111000,"MoHFW Technical Group Population Projections 2011-2036 (Jul 2020), Table 11, 1 July, rounded to '000"
Karnataka,2021,33003000,"MoHFW Technical Group Population Projections 2011-2036 (Jul 2020), Table 11, 1 July, rounded to '000"
Kerala,2021,18471000,"MoHFW Technical Group Population Projections 2011-2036 (Jul 2020), Table 11, 1 July, rounded to '000"
Tamil Nadu,2021,38281000,"MoHFW Technical Group Population Projections 2011-2036 (Jul 2020), Table 11, 1 July, rounded to '000"
Karnataka,2022,33211000,"MoHFW Technical Group Population Projections 2011-2036 (Jul 2020), Table 11, 1 July, rounded to '000"
Kerala,2022,18544000,"MoHFW Technical Group Population Projections 2011-2036 (Jul 2020), Table 11, 1 July, rounded to '000"
Tamil Nadu,2022,38412000,"MoHFW Technical Group Population Projections 2011-2036 (Jul 2020), Table 11, 1 July, rounded to '000"
Karnataka,2023,33419000,"MoHFW Technical Group Population Projections 2011-2036 (Jul 2020), Table 11, 1 July, rounded to '000"
Kerala,2023,18617000,"MoHFW Technical Group Population Projections 2011-2036 (Jul 2020), Table 11, 1 July, rounded to '000"
Tamil Nadu,2023,38543000,"MoHFW Technical Group Population Projections 2011-2036 (Jul 2020), Table 11, 1 July, rounded to '000"
Karnataka,2024,33628000,"MoHFW Technical Group Population Projections 2011-2036 (Jul 2020), Table 11, 1 July, rounded to '000"
Kerala,2024,18690000,"MoHFW Technical Group Population Projections 2011-2036 (Jul 2020), Table 11, 1 July, rounded to '000"
Tamil Nadu,2024,38674000,"MoHFW Technical Group Population Projections 2011-2036 (Jul 2020), Table 11, 1 July, rounded to '000"
Karnataka,2025,33836000,"MoHFW Technical Group Population Projections 2011-2036 (Jul 2020), Table 11, 1 July, rounded to '000"
Kerala,2025,18763000,"MoHFW Technical Group Population Projections 2011-2036 (Jul 2020), Table 11, 1 July, rounded to '000"
Tamil Nadu,2025,38805000,"MoHFW Technical Group Population Projections 2011-2036 (Jul 2020), Table 11, 1 July, rounded to '000"
Karnataka,2026,34030000,"MoHFW Technical Group Population Projections 2011-2036 (Jul 2020), Table 11, 1 July, rounded to '000"
Kerala,2026,18828000,"MoHFW Technical Group Population Projections 2011-2036 (Jul 2020), Table 11, 1 July, rounded to '000"
Tamil Nadu,2026,38916000,"MoHFW Technical Group Population Projections 2011-2036 (Jul 2020), Table 11, 1 July, rounded to '000"
Karnataka,2027,34198000,"MoHFW Technical Group Population Projections 2011-2036 (Jul 2020), Table 11, 1 July, rounded to '000"
Kerala,2027,18877000,"MoHFW Technical Group Population Projections 2011-2036 (Jul 2020), Table 11, 1 July, rounded to '000"
Tamil Nadu,2027,38988000,"MoHFW Technical Group Population Projections 2011-2036 (Jul 2020), Table 11, 1 July, rounded to '000"
Karnataka,2028,34365000,"MoHFW Technical Group Population Projections 2011-2036 (Jul 2020), Table 11, 1 July, rounded to '000"
Kerala,2028,18926000,"MoHFW Technical Group Population Projections 2011-2036 (Jul 2020), Table 11, 1 July, rounded to '000"
Tamil Nadu,2028,39060000,"MoHFW Technical Group Population Projections 2011-2036 (Jul 2020), Table 11, 1 July, rounded to '000"
Karnataka,2029,34533000,"MoHFW Technical Group Population Projections 2011-2036 (Jul 2020), Table 11, 1 July, rounded to '000"
Kerala,2029,18975000,"MoHFW Technical Group Population Projections 2011-2036 (Jul 2020), Table 11, 1 July, rounded to '000"
Tamil Nadu,2029,39132000,"MoHFW Technical Group Population Projections 2011-2036 (Jul 2020), Table 11, 1 July, rounded to '000"
Karnataka,2030,34700000,"MoHFW Technical Group Population Projections 2011-2036 (Jul 2020), Table 11, 1 July, rounded to '000"
Kerala,2030,19024000,"MoHFW Technical Group Population Projections 2011-2036 (Jul 2020), Table 11, 1 July, rounded to '000"
Tamil Nadu,2030,39204000,"MoHFW Technical Group Population Projections 2011-2036 (Jul 2020), Table 11, 1 July, rounded to '000"
Karnataka,2031,34855000,"MoHFW Technical Group Population Projections 2011-2036 (Jul 2020), Table 11, 1 July, rounded to '000"
Kerala,2031,19065000,"MoHFW Technical Group Population Projections 2011-2036 (Jul 2020), Table 11, 1 July, rounded to '000"
Tamil Nadu,2031,39257000,"MoHFW Technical Group Population Projections 2011-2036 (Jul 2020), Table 11, 1 July, rounded to '000"
Karnataka,2032,34986000,"MoHFW Technical Group Population Projections 2011-2036 (Jul 2020), Table 11, 1 July, rounded to '000"
Kerala,2032,19088000,"MoHFW Technical Group Population Projections 2011-2036 (Jul 2020), Table 11, 1 July, rounded to '000"
Tamil Nadu,2032,39272000,"MoHFW Technical Group Population Projections 2011-2036 (Jul 2020), Table 11, 1 July, rounded to '000"
Karnataka,2033,35117000,"MoHFW Technical Group Population Projections 2011-2036 (Jul 2020), Table 11, 1 July, rounded to '000"
Kerala,2033,19111000,"MoHFW Technical Group Population Projections 2011-2036 (Jul 2020), Table 11, 1 July, rounded to '000"
Tamil Nadu,2033,39287000,"MoHFW Technical Group Population Projections 2011-2036 (Jul 2020), Table 11, 1 July, rounded to '000"
Karnataka,2034,35248000,"MoHFW Technical Group Population Projections 2011-2036 (Jul 2020), Table 11, 1 July, rounded to '000"
Kerala,2034,19135000,"MoHFW Technical Group Population Projections 2011-2036 (Jul 2020), Table 11, 1 July, rounded to '000"
Tamil Nadu,2034,39303000,"MoHFW Technical Group Population Projections 2011-2036 (Jul 2020), Table 11, 1 July, rounded to '000"
Karnataka,2035,35378000,"MoHFW Technical Group Population Projections 2011-2036 (Jul 2020), Table 11, 1 July, rounded to '000"
Kerala,2035,19158000,"MoHFW Technical Group Population Projections 2011-2036 (Jul 2020), Table 11, 1 July, rounded to '000"
Tamil Nadu,2035,39318000,"MoHFW Technical Group Population Projections 2011-2036 (Jul 2020), Table 11, 1 July, rounded to '000"
Karnataka,2036,35509000,"MoHFW Technical Group Population Projections 2011-2036 (Jul 2020), Table 11, 1 July, rounded to '000"
Kerala,2036,19182000,"MoHFW Technical Group Population Projections 2011-2036 (Jul 2020), Table 11, 1 July, rounded to '000"
Tamil Nadu,2036,39333000,"MoHFW Technical Group Population Projections 2011-2036 (Jul 2020), Table 11, 1 July, rounded to '000"
Chandigarh,2012,486000,"MoHFW Technical Group Population Projections 2011-2036 (Jul 2020), Table 11, 1 July, rounded to '000"
Uttarakhand,2012,5031000,"MoHFW Technical Group Population Projections 2011-2036 (Jul 2020), Table 11, 1 July, rounded to '000"
Sikkim,2012,292000,"MoHFW Technical Group Population Projections 2011-2036 (Jul 2020), Table 11, 1 July, rounded to '000"
Chandigarh,2013,494000,"MoHFW Technical Group Population Projections 2011-2036 (Jul 2020), Table 11, 1 July, rounded to '000"
Uttarakhand,2013,5093000,"MoHFW Technical Group Population Projections 2011-2036 (Jul 2020), Table 11, 1 July, rounded to '000"
Sikkim,2013,295000,"MoHFW Technical Group Population Projections 2011-2036 (Jul 2020), Table 11, 1 July, rounded to '000"
Chandigarh,2014,503000,"MoHFW Technical Group Population Projections 2011-2036 (Jul 2020), Table 11, 1 July, rounded to '000"
Uttarakhand,2014,5155000,"MoHFW Technical Group Population Projections 2011-2036 (Jul 2020), Table 11, 1 July, rounded to '000"
Sikkim,2014,298000,"MoHFW Technical Group Population Projections 2011-2036 (Jul 2020), Table 11, 1 July, rounded to '000"
Chandigarh,2015,511000,"MoHFW Technical Group Population Projections 2011-2036 (Jul 2020), Table 11, 1 July, rounded to '000"
Uttarakhand,2015,5217000,"MoHFW Technical Group Population Projections 2011-2036 (Jul 2020), Table 11, 1 July, rounded to '000"
Sikkim,2015,301000,"MoHFW Technical Group Population Projections 2011-2036 (Jul 2020), Table 11, 1 July, rounded to '000"
Chandigarh,2016,519000,"MoHFW Technical Group Population Projections 2011-2036 (Jul 2020), Table 11, 1 July, rounded to '000"
Uttarakhand,2016,5278000,"MoHFW Technical Group Population Projections 2011-2036 (Jul 2020), Table 11, 1 July, rounded to '000"
Sikkim,2016,304000,"MoHFW Technical Group Population Projections 2011-2036 (Jul 2020), Table 11, 1 July, rounded to '000"
Chandigarh,2017,526000,"MoHFW Technical Group Population Projections 2011-2036 (Jul 2020), Table 11, 1 July, rounded to '000"
Uttarakhand,2017,5339000,"MoHFW Technical Group Population Projections 2011-2036 (Jul 2020), Table 11, 1 July, rounded to '000"
Sikkim,2017,308000,"MoHFW Technical Group Population Projections 2011-2036 (Jul 2020), Table 11, 1 July, rounded to '000"
Chandigarh,2018,534000,"MoHFW Technical Group Population Projections 2011-2036 (Jul 2020), Table 11, 1 July, rounded to '000"
Uttarakhand,2018,5399000,"MoHFW Technical Group Population Projections 2011-2036 (Jul 2020), Table 11, 1 July, rounded to '000"
Sikkim,2018,311000,"MoHFW Technical Group Population Projections 2011-2036 (Jul 2020), Table 11, 1 July, rounded to '000"
Chandigarh,2019,541000,"MoHFW Technical Group Population Projections 2011-2036 (Jul 2020), Table 11, 1 July, rounded to '000"
Uttarakhand,2019,5459000,"MoHFW Technical Group Population Projections 2011-2036 (Jul 2020), Table 11, 1 July, rounded to '000"
Sikkim,2019,314000,"MoHFW Technical Group Population Projections 2011-2036 (Jul 2020), Table 11, 1 July, rounded to '000"
Chandigarh,2020,549000,"MoHFW Technical Group Population Projections 2011-2036 (Jul 2020), Table 11, 1 July, rounded to '000"
Uttarakhand,2020,5519000,"MoHFW Technical Group Population Projections 2011-2036 (Jul 2020), Table 11, 1 July, rounded to '000"
Sikkim,2020,317000,"MoHFW Technical Group Population Projections 2011-2036 (Jul 2020), Table 11, 1 July, rounded to '000"
Chandigarh,2021,556000,"MoHFW Technical Group Population Projections 2011-2036 (Jul 2020), Table 11, 1 July, rounded to '000"
Uttarakhand,2021,5578000,"MoHFW Technical Group Population Projections 2011-2036 (Jul 2020), Table 11, 1 July, rounded to '000"
Sikkim,2021,320000,"MoHFW Technical Group Population Projections 2011-2036 (Jul 2020), Table 11, 1 July, rounded to '000"
Chandigarh,2022,563000,"MoHFW Technical Group Population Projections 2011-2036 (Jul 2020), Table 11, 1 July, rounded to '000"
Uttarakhand,2022,5635000,"MoHFW Technical Group Population Projections 2011-2036 (Jul 2020), Table 11, 1 July, rounded to '000"
Sikkim,2022,323000,"MoHFW Technical Group Population Projections 2011-2036 (Jul 2020), Table 11, 1 July, rounded to '000"
Chandigarh,2023,569000,"MoHFW Technical Group Population Projections 2011-2036 (Jul 2020), Table 11, 1 July, rounded to '000"
Uttarakhand,2023,5691000,"MoHFW Technical Group Population Projections 2011-2036 (Jul 2020), Table 11, 1 July, rounded to '000"
Sikkim,2023,327000,"MoHFW Technical Group Population Projections 2011-2036 (Jul 2020), Table 11, 1 July, rounded to '000"
Chandigarh,2024,575000,"MoHFW Technical Group Population Projections 2011-2036 (Jul 2020), Table 11, 1 July, rounded to '000"
Uttarakhand,2024,5747000,"MoHFW Technical Group Population Projections 2011-2036 (Jul 2020), Table 11, 1 July, rounded to '000"
Sikkim,2024,330000,"MoHFW Technical Group Population Projections 2011-2036 (Jul 2020), Table 11, 1 July, rounded to '000"
Chandigarh,2025,582000,"MoHFW Technical Group Population Projections 2011-2036 (Jul 2020), Table 11, 1 July, rounded to '000"
Uttarakhand,2025,5803000,"MoHFW Technical Group Population Projections 2011-2036 (Jul 2020), Table 11, 1 July, rounded to '000"
Sikkim,2025,333000,"MoHFW Technical Group Population Projections 2011-2036 (Jul 2020), Table 11, 1 July, rounded to '000"
Chandigarh,2026,588000,"MoHFW Technical Group Population Projections 2011-2036 (Jul 2020), Table 11, 1 July, rounded to '000"
Uttarakhand,2026,5858000,"MoHFW Technical Group Population Projections 2011-2036 (Jul 2020), Table 11, 1 July, rounded to '000"
Sikkim,2026,336000,"MoHFW Technical Group Population Projections 2011-2036 (Jul 2020), Table 11, 1 July, rounded to '000"
Chandigarh,2027,594000,"MoHFW Technical Group Population Projections 2011-2036 (Jul 2020), Table 11, 1 July, rounded to '000"
Uttarakhand,2027,5909000,"MoHFW Technical Group Population Projections 2011-2036 (Jul 2020), Table 11, 1 July, rounded to '000"
Sikkim,2027,339000,"MoHFW Technical Group Population Projections 2011-2036 (Jul 2020), Table 11, 1 July, rounded to '000"
Chandigarh,2028,599000,"MoHFW Technical Group Population Projections 2011-2036 (Jul 2020), Table 11, 1 July, rounded to '000"
Uttarakhand,2028,5960000,"MoHFW Technical Group Population Projections 2011-2036 (Jul 2020), Table 11, 1 July, rounded to '000"
Sikkim,2028,341000,"MoHFW Technical Group Population Projections 2011-2036 (Jul 2020), Table 11, 1 July, rounded to '000"
Chandigarh,2029,605000,"MoHFW Technical Group Population Projections 2011-2036 (Jul 2020), Table 11, 1 July, rounded to '000"
Uttarakhand,2029,6011000,"MoHFW Technical Group Population Projections 2011-2036 (Jul 2020), Table 11, 1 July, rounded to '000"
Sikkim,2029,344000,"MoHFW Technical Group Population Projections 2011-2036 (Jul 2020), Table 11, 1 July, rounded to '000"
Chandigarh,2030,611000,"MoHFW Technical Group Population Projections 2011-2036 (Jul 2020), Table 11, 1 July, rounded to '000"
Uttarakhand,2030,6062000,"MoHFW Technical Group Population Projections 2011-2036 (Jul 2020), Table 11, 1 July, rounded to '000"
Sikkim,2030,347000,"MoHFW Technical Group Population Projections 2011-2036 (Jul 2020), Table 11, 1 July, rounded to '000"
Chandigarh,2031,616000,"MoHFW Technical Group Population Projections 2011-2036 (Jul 2020), Table 11, 1 July, rounded to '000"
Uttarakhand,2031,6110000,"MoHFW Technical Group Population Projections 2011-2036 (Jul 2020), Table 11, 1 July, rounded to '000"
Sikkim,2031,350000,"MoHFW Technical Group Population Projections 2011-2036 (Jul 2020), Table 11, 1 July, rounded to '000"
Chandigarh,2032,621000,"MoHFW Technical Group Population Projections 2011-2036 (Jul 2020), Table 11, 1 July, rounded to '000"
Uttarakhand,2032,6153000,"MoHFW Technical Group Population Projections 2011-2036 (Jul 2020), Table 11, 1 July, rounded to '000"
Sikkim,2032,352000,"MoHFW Technical Group Population Projections 2011-2036 (Jul 2020), Table 11, 1 July, rounded to '000"
Chandigarh,2033,625000,"MoHFW Technical Group Population Projections 2011-2036 (Jul 2020), Table 11, 1 July, rounded to '000"
Uttarakhand,2033,6195000,"MoHFW Technical Group Population Projections 2011-2036 (Jul 2020), Table 11, 1 July, rounded to '000"
Sikkim,2033,354000,"MoHFW Technical Group Population Projections 2011-2036 (Jul 2020), Table 11, 1 July, rounded to '000"
Chandigarh,2034,630000,"MoHFW Technical Group Population Projections 2011-2036 (Jul 2020), Table 11, 1 July, rounded to '000"
Uttarakhand,2034,6238000,"MoHFW Technical Group Population Projections 2011-2036 (Jul 2020), Table 11, 1 July, rounded to '000"
Sikkim,2034,357000,"MoHFW Technical Group Population Projections 2011-2036 (Jul 2020), Table 11, 1 July, rounded to '000"
Chandigarh,2035,635000,"MoHFW Technical Group Population Projections 2011-2036 (Jul 2020), Table 11, 1 July, rounded to '000"
Uttarakhand,2035,6281000,"MoHFW Technical Group Population Projections 2011-2036 (Jul 2020), Table 11, 1 July, rounded to '000"
Sikkim,2035,359000,"MoHFW Technical Group Population Projections 2011-2036 (Jul 2020), Table 11, 1 July, rounded to '000"
Chandigarh,2036,639000,"MoHFW Technical Group Population Projections 2011-2036 (Jul 2020), Table 11, 1 July, rounded to '000"
Uttarakhand,2036,6323000,"MoHFW Technical Group Population Projections 2011-2036 (Jul 2020), Table 11, 1 July, rounded to '000"
Sikkim,2036,361000,"MoHFW Technical Group Population Projections 2011-2036 (Jul 2020), Table 11, 1 July, rounded to '000"
Arunachal Pradesh,2012,679000,"MoHFW Technical Group Population Projections 2011-2036 (Jul 2020), Table 11, 1 July, rounded to '000"
Nagaland,2012,967000,"MoHFW Technical Group Population Projections 2011-2036 (Jul 2020), Table 11, 1 July, rounded to '000"
Manipur,2012,1437000,"MoHFW Technical Group Population Projections 2011-2036 (Jul 2020), Table 11, 1 July, rounded to '000"
Arunachal Pradesh,2013,687000,"MoHFW Technical Group Population Projections 2011-2036 (Jul 2020), Table 11, 1 July, rounded to '000"
Nagaland,2013,978000,"MoHFW Technical Group Population Projections 2011-2036 (Jul 2020), Table 11, 1 July, rounded to '000"
Manipur,2013,1453000,"MoHFW Technical Group Population Projections 2011-2036 (Jul 2020), Table 11, 1 July, rounded to '000"
Arunachal Pradesh,2014,694000,"MoHFW Technical Group Population Projections 2011-2036 (Jul 2020), Table 11, 1 July, rounded to '000"
Nagaland,2014,989000,"MoHFW Technical Group Population Projections 2011-2036 (Jul 2020), Table 11, 1 July, rounded to '000"
Manipur,2014,1469000,"MoHFW Technical Group Population Projections 2011-2036 (Jul 2020), Table 11, 1 July, rounded to '000"
Arunachal Pradesh,2015,702000,"MoHFW Technical Group Population Projections 2011-2036 (Jul 2020), Table 11, 1 July, rounded to '000"
Nagaland,2015,999000,"MoHFW Technical Group Population Projections 2011-2036 (Jul 2020), Table 11, 1 July, rounded to '000"
Manipur,2015,1485000,"MoHFW Technical Group Population Projections 2011-2036 (Jul 2020), Table 11, 1 July, rounded to '000"
Arunachal Pradesh,2016,709000,"MoHFW Technical Group Population Projections 2011-2036 (Jul 2020), Table 11, 1 July, rounded to '000"
Nagaland,2016,1010000,"MoHFW Technical Group Population Projections 2011-2036 (Jul 2020), Table 11, 1 July, rounded to '000"
Manipur,2016,1500000,"MoHFW Technical Group Population Projections 2011-2036 (Jul 2020), Table 11, 1 July, rounded to '000"
Arunachal Pradesh,2017,717000,"MoHFW Technical Group Population Projections 2011-2036 (Jul 2020), Table 11, 1 July, rounded to '000"
Nagaland,2017,1021000,"MoHFW Technical Group Population Projections 2011-2036 (Jul 2020), Table 11, 1 July, rounded to '000"
Manipur,2017,1516000,"MoHFW Technical Group Population Projections 2011-2036 (Jul 2020), Table 11, 1 July, rounded to '000"
Arunachal Pradesh,2018,724000,"MoHFW Technical Group Population Projections 2011-2036 (Jul 2020), Table 11, 1 July, rounded to '000"
Nagaland,2018,1031000,"MoHFW Technical Group Population Projections 2011-2036 (Jul 2020), Table 11, 1 July, rounded to '000"
Manipur,2018,1532000,"MoHFW Technical Group Population Projections 2011-2036 (Jul 2020), Table 11, 1 July, rounded to '000"
Arunachal Pradesh,2019,732000,"MoHFW Technical Group Population Projections 2011-2036 (Jul 2020), Table 11, 1 July, rounded to '000"
Nagaland,2019,1042000,"MoHFW Technical Group Population Projections 2011-2036 (Jul 2020), Table 11, 1 July, rounded to '000"
Manipur,2019,1548000,"MoHFW Technical Group Population Projections 2011-2036 (Jul 2020), Table 11, 1 July, rounded to '000"
Arunachal Pradesh,2020,739000,"MoHFW Technical Group Population Projections 2011-2036 (Jul 2020), Table 11, 1 July, rounded to '000"
Nagaland,2020,1052000,"MoHFW Technical Group Population Projections 2011-2036 (Jul 2020), Table 11, 1 July, rounded to '000"
Manipur,2020,1563000,"MoHFW Technical Group Population Projections 2011-2036 (Jul 2020), Table 11, 1 July, rounded to '000"
Arunachal Pradesh,2021,746000,"MoHFW Technical Group Population Projections 2011-2036 (Jul 2020), Table 11, 1 July, rounded to '000"
Nagaland,2021,1063000,"MoHFW Technical Group Population Projections 2011-2036 (Jul 2020), Table 11, 1 July, rounded to '000"
Manipur,2021,1579000,"MoHFW Technical Group Population Projections 2011-2036 (Jul 2020), Table 11, 1 July, rounded to '000"
Arunachal Pradesh,2022,754000,"MoHFW Technical Group Population Projections 2011-2036 (Jul 2020), Table 11, 1 July, rounded to '000"
Nagaland,2022,1073000,"MoHFW Technical Group Population Projections 2011-2036 (Jul 2020), Table 11, 1 July, rounded to '000"
Manipur,2022,1594000,"MoHFW Technical Group Population Projections 2011-2036 (Jul 2020), Table 11, 1 July, rounded to '000"
Arunachal Pradesh,2023,761000,"MoHFW Technical Group Population Projections 2011-2036 (Jul 2020), Table 11, 1 July, rounded to '000"
Nagaland,2023,1083000,"MoHFW Technical Group Population Projections 2011-2036 (Jul 2020), Table 11, 1 July, rounded to '000"
Manipur,2023,1610000,"MoHFW Technical Group Population Projections 2011-2036 (Jul 2020), Table 11, 1 July, rounded to '000"
Arunachal Pradesh,2024,768000,"MoHFW Technical Group Population Projections 2011-2036 (Jul 2020), Table 11, 1 July, rounded to '000"
Nagaland,2024,1094000,"MoHFW Technical Group Population Projections 2011-2036 (Jul 2020), Table 11, 1 July, rounded to '000"
Manipur,2024,1625000,"MoHFW Technical Group Population Projections 2011-2036 (Jul 2020), Table 11, 1 July, rounded to '000"
Arunachal Pradesh,2025,775000,"MoHFW Technical Group Population Projections 2011-2036 (Jul 2020), Table 11, 1 July, rounded to '000"
Nagaland,2025,1104000,"MoHFW Technical Group Population Projections 2011-2036 (Jul 2020), Table 11, 1 July, rounded to '000"
Manipur,2025,1640000,"MoHFW Technical Group Population Projections 2011-2036 (Jul 2020), Table 11, 1 July, rounded to '000"
Arunachal Pradesh,2026,782000,"MoHFW Technical Group Population Projections 2011-2036 (Jul 2020), Table 11, 1 July, rounded to '000"
Nagaland,2026,1114000,"MoHFW Technical Group Population Projections 2011-2036 (Jul 2020), Table 11, 1 July, rounded to '000"
Manipur,2026,1655000,"MoHFW Technical Group Population Projections 2011-2036 (Jul 2020), Table 11, 1 July, rounded to '000"
Arunachal Pradesh,2027,789000,"MoHFW Technical Group Population Projections 2011-2036 (Jul 2020), Table 11, 1 July, rounded to '000"
Nagaland,2027,1123000,"MoHFW Technical Group Population Projections 2011-2036 (Jul 2020), Table 11, 1 July, rounded to '000"
Manipur,2027,1669000,"MoHFW Technical Group Population Projections 2011-2036 (Jul 2020), Table 11, 1 July, rounded to '000"
Arunachal Pradesh,2028,795000,"MoHFW Technical Group Population Projections 2011-2036 (Jul 2020), Table 11, 1 July, rounded to '000"
Nagaland,2028,1133000,"MoHFW Technical Group Population Projections 2011-2036 (Jul 2020), Table 11, 1 July, rounded to '000"
Manipur,2028,1683000,"MoHFW Technical Group Population Projections 2011-2036 (Jul 2020), Table 11, 1 July, rounded to '000"
Arunachal Pradesh,2029,802000,"MoHFW Technical Group Population Projections 2011-2036 (Jul 2020), Table 11, 1 July, rounded to '000"
Nagaland,2029,1142000,"MoHFW Technical Group Population Projections 2011-2036 (Jul 2020), Table 11, 1 July, rounded to '000"
Manipur,2029,1697000,"MoHFW Technical Group Population Projections 2011-2036 (Jul 2020), Table 11, 1 July, rounded to '000"
Arunachal Pradesh,2030,809000,"MoHFW Technical Group Population Projections 2011-2036 (Jul 2020), Table 11, 1 July, rounded to '000"
Nagaland,2030,1152000,"MoHFW Technical Group Population Projections 2011-2036 (Jul 2020), Table 11, 1 July, rounded to '000"
Manipur,2030,1711000,"MoHFW Technical Group Population Projections 2011-2036 (Jul 2020), Table 11, 1 July, rounded to '000"
Arunachal Pradesh,2031,815000,"MoHFW Technical Group Population Projections 2011-2036 (Jul 2020), Table 11, 1 July, rounded to '000"
Nagaland,2031,1161000,"MoHFW Technical Group Population Projections 2011-2036 (Jul 2020), Table 11, 1 July, rounded to '000"
Manipur,2031,1724000,"MoHFW Technical Group Population Projections 2011-2036 (Jul 2020), Table 11, 1 July, rounded to '000"
Arunachal Pradesh,2032,820000,"MoHFW Technical Group Population Projections 2011-2036 (Jul 2020), Table 11, 1 July, rounded to '000"
Nagaland,2032,1168000,"MoHFW Technical Group Population Projections 2011-2036 (Jul 2020), Table 11, 1 July, rounded to '000"
Manipur,2032,1736000,"MoHFW Technical Group Population Projections 2011-2036 (Jul 2020), Table 11, 1 July, rounded to '000"
Arunachal Pradesh,2033,826000,"MoHFW Technical Group Population Projections 2011-2036 (Jul 2020), Table 11, 1 July, rounded to '000"
Nagaland,2033,1176000,"MoHFW Technical Group Population Projections 2011-2036 (Jul 2020), Table 11, 1 July, rounded to '000"
Manipur,2033,1747000,"MoHFW Technical Group Population Projections 2011-2036 (Jul 2020), Table 11, 1 July, rounded to '000"
Arunachal Pradesh,2034,831000,"MoHFW Technical Group Population Projections 2011-2036 (Jul 2020), Table 11, 1 July, rounded to '000"
Nagaland,2034,1184000,"MoHFW Technical Group Population Projections 2011-2036 (Jul 2020), Table 11, 1 July, rounded to '000"
Manipur,2034,1759000,"MoHFW Technical Group Population Projections 2011-2036 (Jul 2020), Table 11, 1 July, rounded to '000"
Arunachal Pradesh,2035,837000,"MoHFW Technical Group Population Projections 2011-2036 (Jul 2020), Table 11, 1 July, rounded to '000"
Nagaland,2035,1191000,"MoHFW Technical Group Population Projections 2011-2036 (Jul 2020), Table 11, 1 July, rounded to '000"
Manipur,2035,1770000,"MoHFW Technical Group Population Projections 2011-2036 (Jul 2020), Table 11, 1 July, rounded to '000"
Arunachal Pradesh,2036,842000,"MoHFW Technical Group Population Projections 2011-2036 (Jul 2020), Table 11, 1 July, rounded to '000"
Nagaland,2036,1199000,"MoHFW Technical Group Population Projections 2011-2036 (Jul 2020), Table 11, 1 July, rounded to '000"
Manipur,2036,1781000,"MoHFW Technical Group Population Projections 2011-2036 (Jul 2020), Table 11, 1 July, rounded to '000"
Mizoram,2012,549000,"MoHFW Technical Group Population Projections 2011-2036 (Jul 2020), Table 11, 1 July, rounded to '000"
Tripura,2012,1825000,"MoHFW Technical Group Population Projections 2011-2036 (Jul 2020), Table 11, 1 July, rounded to '000"
Meghalaya,2012,1496000,"MoHFW Technical Group Population Projections 2011-2036 (Jul 2020), Table 11, 1 July, rounded to '000"
Mizoram,2013,556000,"MoHFW Technical Group Population Projections 2011-2036 (Jul 2020), Table 11, 1 July, rounded to '000"
Tripura,2013,1845000,"MoHFW Technical Group Population Projections 2011-2036 (Jul 2020), Table 11, 1 July, rounded to '000"
Meghalaya,2013,1512000,"MoHFW Technical Group Population Projections 2011-2036 (Jul 2020), Table 11, 1 July, rounded to '000"
Mizoram,2014,562000,"MoHFW Technical Group Population Projections 2011-2036 (Jul 2020), Table 11, 1 July, rounded to '000"
Tripura,2014,1865000,"MoHFW Technical Group Population Projections 2011-2036 (Jul 2020), Table 11, 1 July, rounded to '000"
Meghalaya,2014,1529000,"MoHFW Technical Group Population Projections 2011-2036 (Jul 2020), Table 11, 1 July, rounded to '000"
Mizoram,2015,568000,"MoHFW Technical Group Population Projections 2011-2036 (Jul 2020), Table 11, 1 July, rounded to '000"
Tripura,2015,1885000,"MoHFW Technical Group Population Projections 2011-2036 (Jul 2020), Table 11, 1 July, rounded to '000"
Meghalaya,2015,1545000,"MoHFW Technical Group Population Projections 2011-2036 (Jul 2020), Table 11, 1 July, rounded to '000"
Mizoram,2016,574000,"MoHFW Technical Group Population Projections 2011-2036 (Jul 2020), Table 11, 1 July, rounded to '000"
Tripura,2016,1905000,"MoHFW Technical Group Population Projections 2011-2036 (Jul 2020), Table 11, 1 July, rounded to '000"
Meghalaya,2016,1562000,"MoHFW Technical Group Population Projections 2011-2036 (Jul 2020), Table 11, 1 July, rounded to '000"
Mizoram,2017,580000,"MoHFW Technical Group Population Projections 2011-2036 (Jul 2020), Table 11, 1 July, rounded to '000"
Tripura,2017,1925000,"MoHFW Technical Group Population Projections 2011-2036 (Jul 2020), Table 11, 1 July, rounded to '000"
Meghalaya,2017,1578000,"MoHFW Technical Group Population Projections 2011-2036 (Jul 2020), Table 11, 1 July, rounded to '000"
Mizoram,2018,586000,"MoHFW Technical Group Population Projections 2011-2036 (Jul 2020), Table 11, 1 July, rounded to '000"
Tripura,2018,1945000,"MoHFW Technical Group Population Projections 2011-2036 (Jul 2020), Table 11, 1 July, rounded to '000"
Meghalaya,2018,1595000,"MoHFW Technical Group Population Projections 2011-2036 (Jul 2020), Table 11, 1 July, rounded to '000"
Mizoram,2019,592000,"MoHFW Technical Group Population Projections 2011-2036 (Jul 2020), Table 11, 1 July, rounded to '000"
Tripura,2019,1965000,"MoHFW Technical Group Population Projections 2011-2036 (Jul 2020), Table 11, 1 July, rounded to '000"
Meghalaya,2019,1611000,"MoHFW Technical Group Population Projections 2011-2036 (Jul 2020), Table 11, 1 July, rounded to '000"
Mizoram,2020,598000,"MoHFW Technical Group Population Projections 2011-2036 (Jul 2020), Table 11, 1 July, rounded to '000"
Tripura,2020,1985000,"MoHFW Technical Group Population Projections 2011-2036 (Jul 2020), Table 11, 1 July, rounded to '000"
Meghalaya,2020,1627000,"MoHFW Technical Group Population Projections 2011-2036 (Jul 2020), Table 11, 1 July, rounded to '000"
Mizoram,2021,604000,"MoHFW Technical Group Population Projections 2011-2036 (Jul 2020), Table 11, 1 July, rounded to '000"
Tripura,2021,2005000,"MoHFW Technical Group Population Projections 2011-2036 (Jul 2020), Table 11, 1 July, rounded to '000"
Meghalaya,2021,1644000,"MoHFW Technical Group Population Projections 2011-2036 (Jul 2020), Table 11, 1 July, rounded to '000"
Mizoram,2022,610000,"MoHFW Technical Group Population Projections 2011-2036 (Jul 2020), Table 11, 1 July, rounded to '000"
Tripura,2022,2025000,"MoHFW Technical Group Population Projections 2011-2036 (Jul 2020), Table 11, 1 July, rounded to '000"
Meghalaya,2022,1659000,"MoHFW Technical Group Population Projections 2011-2036 (Jul 2020), Table 11, 1 July, rounded to '000"
Mizoram,2023,615000,"MoHFW Technical Group Population Projections 2011-2036 (Jul 2020), Table 11, 1 July, rounded to '000"
Tripura,2023,2044000,"MoHFW Technical Group Population Projections 2011-2036 (Jul 2020), Table 11, 1 July, rounded to '000"
Meghalaya,2023,1675000,"MoHFW Technical Group Population Projections 2011-2036 (Jul 2020), Table 11, 1 July, rounded to '000"
Mizoram,2024,621000,"MoHFW Technical Group Population Projections 2011-2036 (Jul 2020), Table 11, 1 July, rounded to '000"
Tripura,2024,2063000,"MoHFW Technical Group Population Projections 2011-2036 (Jul 2020), Table 11, 1 July, rounded to '000"
Meghalaya,2024,1691000,"MoHFW Technical Group Population Projections 2011-2036 (Jul 2020), Table 11, 1 July, rounded to '000"
Mizoram,2025,627000,"MoHFW Technical Group Population Projections 2011-2036 (Jul 2020), Table 11, 1 July, rounded to '000"
Tripura,2025,2083000,"MoHFW Technical Group Population Projections 2011-2036 (Jul 2020), Table 11, 1 July, rounded to '000"
Meghalaya,2025,1707000,"MoHFW Technical Group Population Projections 2011-2036 (Jul 2020), Table 11, 1 July, rounded to '000"
Mizoram,2026,633000,"MoHFW Technical Group Population Projections 2011-2036 (Jul 2020), Table 11, 1 July, rounded to '000"
Tripura,2026,2102000,"MoHFW Technical Group Population Projections 2011-2036 (Jul 2020), Table 11, 1 July, rounded to '000"
Meghalaya,2026,1723000,"MoHFW Technical Group Population Projections 2011-2036 (Jul 2020), Table 11, 1 July, rounded to '000"
Mizoram,2027,638000,"MoHFW Technical Group Population Projections 2011-2036 (Jul 2020), Table 11, 1 July, rounded to '000"
Tripura,2027,2119000,"MoHFW Technical Group Population Projections 2011-2036 (Jul 2020), Table 11, 1 July, rounded to '000"
Meghalaya,2027,1737000,"MoHFW Technical Group Population Projections 2011-2036 (Jul 2020), Table 11, 1 July, rounded to '000"
Mizoram,2028,644000,"MoHFW Technical Group Population Projections 2011-2036 (Jul 2020), Table 11, 1 July, rounded to '000"
Tripura,2028,2137000,"MoHFW Technical Group Population Projections 2011-2036 (Jul 2020), Table 11, 1 July, rounded to '000"
Meghalaya,2028,1752000,"MoHFW Technical Group Population Projections 2011-2036 (Jul 2020), Table 11, 1 July, rounded to '000"
Mizoram,2029,649000,"MoHFW Technical Group Population Projections 2011-2036 (Jul 2020), Table 11, 1 July, rounded to '000"
Tripura,2029,2155000,"MoHFW Technical Group Population Projections 2011-2036 (Jul 2020), Table 11, 1 July, rounded to '000"
Meghalaya,2029,1766000,"MoHFW Technical Group Population Projections 2011-2036 (Jul 2020), Table 11, 1 July, rounded to '000"
Mizoram,2030,654000,"MoHFW Technical Group Population Projections 2011-2036 (Jul 2020), Table 11, 1 July, rounded to '000"
Tripura,2030,2173000,"MoHFW Technical Group Population Projections 2011-2036 (Jul 2020), Table 11, 1 July, rounded to '000"
Meghalaya,2030,1781000,"MoHFW Technical Group Population Projections 2011-2036 (Jul 2020), Table 11, 1 July, rounded to '000"
Mizoram,2031,659000,"MoHFW Technical Group Population Projections 2011-2036 (Jul 2020), Table 11, 1 July, rounded to '000"
Tripura,2031,2190000,"MoHFW Technical Group Population Projections 2011-2036 (Jul 2020), Table 11, 1 July, rounded to '000"
Meghalaya,2031,1795000,"MoHFW Technical Group Population Projections 2011-2036 (Jul 2020), Table 11, 1 July, rounded to '000"
Mizoram,2032,664000,"MoHFW Technical Group Population Projections 2011-2036 (Jul 2020), Table 11, 1 July, rounded to '000"
Tripura,2032,2204000,"MoHFW Technical Group Population Projections 2011-2036 (Jul 2020), Table 11, 1 July, rounded to '000"
Meghalaya,2032,1807000,"MoHFW Technical Group Population Projections 2011-2036 (Jul 2020), Table 11, 1 July, rounded to '000"
Mizoram,2033,668000,"MoHFW Technical Group Population Projections 2011-2036 (Jul 2020), Table 11, 1 July, rounded to '000"
Tripura,2033,2219000,"MoHFW Technical Group Population Projections 2011-2036 (Jul 2020), Table 11, 1 July, rounded to '000"
Meghalaya,2033,1819000,"MoHFW Technical Group Population Projections 2011-2036 (Jul 2020), Table 11, 1 July, rounded to '000"
Mizoram,2034,672000,"MoHFW Technical Group Population Projections 2011-2036 (Jul 2020), Table 11, 1 July, rounded to '000"
Tripura,2034,2233000,"MoHFW Technical Group Population Projections 2011-2036 (Jul 2020), Table 11, 1 July, rounded to '000"
Meghalaya,2034,1830000,"MoHFW Technical Group Population Projections 2011-2036 (Jul 2020), Table 11, 1 July, rounded to '000"
Mizoram,2035,677000,"MoHFW Technical Group Population Projections 2011-2036 (Jul 2020), Table 11, 1 July, rounded to '000"
Tripura,2035,2248000,"MoHFW Technical Group Population Projections 2011-2036 (Jul 2020), Table 11, 1 July, rounded to '000"
Meghalaya,2035,1842000,"MoHFW Technical Group Population Projections 2011-2036 (Jul 2020), Table 11, 1 July, rounded to '000"
Mizoram,2036,681000,"MoHFW Technical Group Population Projections 2011-2036 (Jul 2020), Table 11, 1 July, rounded to '000"
Tripura,2036,2262000,"MoHFW Technical Group Population Projections 2011-2036 (Jul 2020), Table 11, 1 July, rounded to '000"
Meghalaya,2036,1854000,"MoHFW Technical Group Population Projections 2011-2036 (Jul 2020), Table 11, 1 July, rounded to '000"
Daman & Diu,2012,98000,"MoHFW Technical Group Population Projections 2011-2036 (Jul 2020), Table 11, 1 July, rounded to '000"
Dadra & Nagar Haveli,2012,161000,"MoHFW Technical Group Population Projections 2011-2036 (Jul 2020), Table 11, 1 July, rounded to '000"
Goa,2012,727000,"MoHFW Technical Group Population Projections 2011-2036 (Jul 2020), Table 11, 1 July, rounded to '000"
Daman & Diu,2013,102000,"MoHFW Technical Group Population Projections 2011-2036 (Jul 2020), Table 11, 1 July, rounded to '000"
Dadra & Nagar Haveli,2013,169000,"MoHFW Technical Group Population Projections 2011-2036 (Jul 2020), Table 11, 1 July, rounded to '000"
Goa,2013,733000,"MoHFW Technical Group Population Projections 2011-2036 (Jul 2020), Table 11, 1 July, rounded to '000"
Daman & Diu,2014,106000,"MoHFW Technical Group Population Projections 2011-2036 (Jul 2020), Table 11, 1 July, rounded to '000"
Dadra & Nagar Haveli,2014,177000,"MoHFW Technical Group Population Projections 2011-2036 (Jul 2020), Table 11, 1 July, rounded to '000"
Goa,2014,738000,"MoHFW Technical Group Population Projections 2011-2036 (Jul 2020), Table 11, 1 July, rounded to '000"
Daman & Diu,2015,110000,"MoHFW Technical Group Population Projections 2011-2036 (Jul 2020), Table 11, 1 July, rounded to '000"
Dadra & Nagar Haveli,2015,185000,"MoHFW Technical Group Population Projections 2011-2036 (Jul 2020), Table 11, 1 July, rounded to '000"
Goa,2015,744000,"MoHFW Technical Group Population Projections 2011-2036 (Jul 2020), Table 11, 1 July, rounded to '000"
Daman & Diu,2016,115000,"MoHFW Technical Group Population Projections 2011-2036 (Jul 2020), Table 11, 1 July, rounded to '000"
Dadra & Nagar Haveli,2016,194000,"MoHFW Technical Group Population Projections 2011-2036 (Jul 2020), Table 11, 1 July, rounded to '000"
Goa,2016,749000,"MoHFW Technical Group Population Projections 2011-2036 (Jul 2020), Table 11, 1 July, rounded to '000"
Daman & Diu,2017,120000,"MoHFW Technical Group Population Projections 2011-2036 (Jul 2020), Table 11, 1 July, rounded to '000"
Dadra & Nagar Haveli,2017,205000,"MoHFW Technical Group Population Projections 2011-2036 (Jul 2020), Table 11, 1 July, rounded to '000"
Goa,2017,754000,"MoHFW Technical Group Population Projections 2011-2036 (Jul 2020), Table 11, 1 July, rounded to '000"
Daman & Diu,2018,125000,"MoHFW Technical Group Population Projections 2011-2036 (Jul 2020), Table 11, 1 July, rounded to '000"
Dadra & Nagar Haveli,2018,216000,"MoHFW Technical Group Population Projections 2011-2036 (Jul 2020), Table 11, 1 July, rounded to '000"
Goa,2018,759000,"MoHFW Technical Group Population Projections 2011-2036 (Jul 2020), Table 11, 1 July, rounded to '000"
Daman & Diu,2019,131000,"MoHFW Technical Group Population Projections 2011-2036 (Jul 2020), Table 11, 1 July, rounded to '000"
Dadra & Nagar Haveli,2019,227000,"MoHFW Technical Group Population Projections 2011-2036 (Jul 2020), Table 11, 1 July, rounded to '000"
Goa,2019,764000,"MoHFW Technical Group Population Projections 2011-2036 (Jul 2020), Table 11, 1 July, rounded to '000"
Daman & Diu,2020,136000,"MoHFW Technical Group Population Projections 2011-2036 (Jul 2020), Table 11, 1 July, rounded to '000"
Dadra & Nagar Haveli,2020,238000,"MoHFW Technical Group Population Projections 2011-2036 (Jul 2020), Table 11, 1 July, rounded to '000"
Goa,2020,769000,"MoHFW Technical Group Population Projections 2011-2036 (Jul 2020), Table 11, 1 July, rounded to '000"
Daman & Diu,2021,142000,"MoHFW Technical Group Population Projections 2011-2036 (Jul 2020), Table 11, 1 July, rounded to '000"
Dadra & Nagar Haveli,2021,250000,"MoHFW Technical Group Population Projections 2011-2036 (Jul 2020), Table 11, 1 July, rounded to '000"
Goa,2021,774000,"MoHFW Technical Group Population Projections 2011-2036 (Jul 2020), Table 11, 1 July, rounded to '000"
Daman & Diu,2022,149000,"MoHFW Technical Group Population Projections 2011-2036 (Jul 2020), Table 11, 1 July, rounded to '000"
Dadra & Nagar Haveli,2022,265000,"MoHFW Technical Group Population Projections 2011-2036 (Jul 2020), Table 11, 1 July, rounded to '000"
Goa,2022,778000,"MoHFW Technical Group Population Projections 2011-2036 (Jul 2020), Table 11, 1 July, rounded to '000"
Daman & Diu,2023,157000,"MoHFW Technical Group Population Projections 2011-2036 (Jul 2020), Table 11, 1 July, rounded to '000"
Dadra & Nagar Haveli,2023,280000,"MoHFW Technical Group Population Projections 2011-2036 (Jul 2020), Table 11, 1 July, rounded to '000"
Goa,2023,783000,"MoHFW Technical Group Population Projections 2011-2036 (Jul 2020), Table 11, 1 July, rounded to '000"
Daman & Diu,2024,164000,"MoHFW Technical Group Population Projections 2011-2036 (Jul 2020), Table 11, 1 July, rounded to '000"
Dadra & Nagar Haveli,2024,295000,"MoHFW Technical Group Population Projections 2011-2036 (Jul 2020), Table 11, 1 July, rounded to '000"
Goa,2024,787000,"MoHFW Technical Group Population Projections 2011-2036 (Jul 2020), Table 11, 1 July, rounded to '000"
Daman & Diu,2025,171000,"MoHFW Technical Group Population Projections 2011-2036 (Jul 2020), Table 11, 1 July, rounded to '000"
Dadra & Nagar Haveli,2025,310000,"MoHFW Technical Group Population Projections 2011-2036 (Jul 2020), Table 11, 1 July, rounded to '000"
Goa,2025,791000,"MoHFW Technical Group Population Projections 2011-2036 (Jul 2020), Table 11, 1 July, rounded to '000"
Daman & Diu,2026,179000,"MoHFW Technical Group Population Projections 2011-2036 (Jul 2020), Table 11, 1 July, rounded to '000"
Dadra & Nagar Haveli,2026,327000,"MoHFW Technical Group Population Projections 2011-2036 (Jul 2020), Table 11, 1 July, rounded to '000"
Goa,2026,796000,"MoHFW Technical Group Population Projections 2011-2036 (Jul 2020), Table 11, 1 July, rounded to '000"
Daman & Diu,2027,189000,"MoHFW Technical Group Population Projections 2011-2036 (Jul 2020), Table 11, 1 July, rounded to '000"
Dadra & Nagar Haveli,2027,348000,"MoHFW Technical Group Population Projections 2011-2036 (Jul 2020), Table 11, 1 July, rounded to '000"
Goa,2027,799000,"MoHFW Technical Group Population Projections 2011-2036 (Jul 2020), Table 11, 1 July, rounded to '000"
Daman & Diu,2028,200000,"MoHFW Technical Group Population Projections 2011-2036 (Jul 2020), Table 11, 1 July, rounded to '000"
Dadra & Nagar Haveli,2028,369000,"MoHFW Technical Group Population Projections 2011-2036 (Jul 2020), Table 11, 1 July, rounded to '000"
Goa,2028,803000,"MoHFW Technical Group Population Projections 2011-2036 (Jul 2020), Table 11, 1 July, rounded to '000"
Daman & Diu,2029,210000,"MoHFW Technical Group Population Projections 2011-2036 (Jul 2020), Table 11, 1 July, rounded to '000"
Dadra & Nagar Haveli,2029,390000,"MoHFW Technical Group Population Projections 2011-2036 (Jul 2020), Table 11, 1 July, rounded to '000"
Goa,2029,807000,"MoHFW Technical Group Population Projections 2011-2036 (Jul 2020), Table 11, 1 July, rounded to '000"
Daman & Diu,2030,220000,"MoHFW Technical Group Population Projections 2011-2036 (Jul 2020), Table 11, 1 July, rounded to '000"
Dadra & Nagar Haveli,2030,411000,"MoHFW Technical Group Population Projections 2011-2036 (Jul 2020), Table 11, 1 July, rounded to '000"
Goa,2030,811000,"MoHFW Technical Group Population Projections 2011-2036 (Jul 2020), Table 11, 1 July, rounded to '000"
Daman & Diu,2031,231000,"MoHFW Technical Group Population Projections 2011-2036 (Jul 2020), Table 11, 1 July, rounded to '000"
Dadra & Nagar Haveli,2031,435000,"MoHFW Technical Group Population Projections 2011-2036 (Jul 2020), Table 11, 1 July, rounded to '000"
Goa,2031,815000,"MoHFW Technical Group Population Projections 2011-2036 (Jul 2020), Table 11, 1 July, rounded to '000"
Daman & Diu,2032,246000,"MoHFW Technical Group Population Projections 2011-2036 (Jul 2020), Table 11, 1 July, rounded to '000"
Dadra & Nagar Haveli,2032,465000,"MoHFW Technical Group Population Projections 2011-2036 (Jul 2020), Table 11, 1 July, rounded to '000"
Goa,2032,818000,"MoHFW Technical Group Population Projections 2011-2036 (Jul 2020), Table 11, 1 July, rounded to '000"
Daman & Diu,2033,260000,"MoHFW Technical Group Population Projections 2011-2036 (Jul 2020), Table 11, 1 July, rounded to '000"
Dadra & Nagar Haveli,2033,495000,"MoHFW Technical Group Population Projections 2011-2036 (Jul 2020), Table 11, 1 July, rounded to '000"
Goa,2033,821000,"MoHFW Technical Group Population Projections 2011-2036 (Jul 2020), Table 11, 1 July, rounded to '000"
Daman & Diu,2034,274000,"MoHFW Technical Group Population Projections 2011-2036 (Jul 2020), Table 11, 1 July, rounded to '000"
Dadra & Nagar Haveli,2034,525000,"MoHFW Technical Group Population Projections 2011-2036 (Jul 2020), Table 11, 1 July, rounded to '000"
Goa,2034,825000,"MoHFW Technical Group Population Projections 2011-2036 (Jul 2020), Table 11, 1 July, rounded to '000"
Daman & Diu,2035,289000,"MoHFW Technical Group Population Projections 2011-2036 (Jul 2020), Table 11, 1 July, rounded to '000"
Dadra & Nagar Haveli,2035,554000,"MoHFW Technical Group Population Projections 2011-2036 (Jul 2020), Table 11, 1 July, rounded to '000"
Goa,2035,828000,"MoHFW Technical Group Population Projections 2011-2036 (Jul 2020), Table 11, 1 July, rounded to '000"
Daman & Diu,2036,303000,"MoHFW Technical Group Population Projections 2011-2036 (Jul 2020), Table 11, 1 July, rounded to '000"
Dadra & Nagar Haveli,2036,584000,"MoHFW Technical Group Population Projections 2011-2036 (Jul 2020), Table 11, 1 July, rounded to '000"
Goa,2036,831000,"MoHFW Technical Group Population Projections 2011-2036 (Jul 2020), Table 11, 1 July, rounded to '000"
Lakshadweep,2012,32000,"MoHFW Technical Group Population Projections 2011-2036 (Jul 2020), Table 11, 1 July, rounded to '000"
Puducherry,2012,658000,"MoHFW Technical Group Population Projections 2011-2036 (Jul 2020), Table 11, 1 July, rounded to '000"
Andaman & Nicobar Islands,2012,179000,"MoHFW Technical Group Population Projections 2011-2036 (Jul 2020), Table 11, 1 July, rounded to '000"
Lakshadweep,2013,32000,"MoHFW Technical Group Population Projections 2011-2036 (Jul 2020), Table 11, 1 July, rounded to '000"
Puducherry,2013,676000,"MoHFW Technical Group Population Projections 2011-2036 (Jul 2020), Table 11, 1 July, rounded to '000"
Andaman & Nicobar Islands,2013,181000,"MoHFW Technical Group Population Projections 2011-2036 (Jul 2020), Table 11, 1 July, rounded to '000"
Lakshadweep,2014,32000,"MoHFW Technical Group Population Projections 2011-2036 (Jul 2020), Table 11, 1 July, rounded to '000"
Puducherry,2014,693000,"MoHFW Technical Group Population Projections 2011-2036 (Jul 2020), Table 11, 1 July, rounded to '000"
Andaman & Nicobar Islands,2014,182000,"MoHFW Technical Group Population Projections 2011-2036 (Jul 2020), Table 11, 1 July, rounded to '000"
Lakshadweep,2015,32000,"MoHFW Technical Group Population Projections 2011-2036 (Jul 2020), Table 11, 1 July, rounded to '000"
Puducherry,2015,710000,"MoHFW Technical Group Population Projections 2011-2036 (Jul 2020), Table 11, 1 July, rounded to '000"
Andaman & Nicobar Islands,2015,183000,"MoHFW Technical Group Population Projections 2011-2036 (Jul 2020), Table 11, 1 July, rounded to '000"
Lakshadweep,2016,32000,"MoHFW Technical Group Population Projections 2011-2036 (Jul 2020), Table 11, 1 July, rounded to '000"
Puducherry,2016,728000,"MoHFW Technical Group Population Projections 2011-2036 (Jul 2020), Table 11, 1 July, rounded to '000"
Andaman & Nicobar Islands,2016,184000,"MoHFW Technical Group Population Projections 2011-2036 (Jul 2020), Table 11, 1 July, rounded to '000"
Lakshadweep,2017,33000,"MoHFW Technical Group Population Projections 2011-2036 (Jul 2020), Table 11, 1 July, rounded to '000"
Puducherry,2017,747000,"MoHFW Technical Group Population Projections 2011-2036 (Jul 2020), Table 11, 1 July, rounded to '000"
Andaman & Nicobar Islands,2017,185000,"MoHFW Technical Group Population Projections 2011-2036 (Jul 2020), Table 11, 1 July, rounded to '000"
Lakshadweep,2018,33000,"MoHFW Technical Group Population Projections 2011-2036 (Jul 2020), Table 11, 1 July, rounded to '000"
Puducherry,2018,767000,"MoHFW Technical Group Population Projections 2011-2036 (Jul 2020), Table 11, 1 July, rounded to '000"
Andaman & Nicobar Islands,2018,186000,"MoHFW Technical Group Population Projections 2011-2036 (Jul 2020), Table 11, 1 July, rounded to '000"
Lakshadweep,2019,33000,"MoHFW Technical Group Population Projections 2011-2036 (Jul 2020), Table 11, 1 July, rounded to '000"
Puducherry,2019,786000,"MoHFW Technical Group Population Projections 2011-2036 (Jul 2020), Table 11, 1 July, rounded to '000"
Andaman & Nicobar Islands,2019,187000,"MoHFW Technical Group Population Projections 2011-2036 (Jul 2020), Table 11, 1 July, rounded to '000"
Lakshadweep,2020,33000,"MoHFW Technical Group Population Projections 2011-2036 (Jul 2020), Table 11, 1 July, rounded to '000"
Puducherry,2020,806000,"MoHFW Technical Group Population Projections 2011-2036 (Jul 2020), Table 11, 1 July, rounded to '000"
Andaman & Nicobar Islands,2020,188000,"MoHFW Technical Group Population Projections 2011-2036 (Jul 2020), Table 11, 1 July, rounded to '000"
Lakshadweep,2021,33000,"MoHFW Technical Group Population Projections 2011-2036 (Jul 2020), Table 11, 1 July, rounded to '000"
Puducherry,2021,826000,"MoHFW Technical Group Population Projections 2011-2036 (Jul 2020), Table 11, 1 July, rounded to '000"
Andaman & Nicobar Islands,2021,189000,"MoHFW Technical Group Population Projections 2011-2036 (Jul 2020), Table 11, 1 July, rounded to '000"
Lakshadweep,2022,33000,"MoHFW Technical Group Population Projections 2011-2036 (Jul 2020), Table 11, 1 July, rounded to '000"
Puducherry,2022,848000,"MoHFW Technical Group Population Projections 2011-2036 (Jul 2020), Table 11, 1 July, rounded to '000"
Andaman & Nicobar Islands,2022,190000,"MoHFW Technical Group Population Projections 2011-2036 (Jul 2020), Table 11, 1 July, rounded to '000"
Lakshadweep,2023,33000,"MoHFW Technical Group Population Projections 2011-2036 (Jul 2020), Table 11, 1 July, rounded to '000"
Puducherry,2023,870000,"MoHFW Technical Group Population Projections 2011-2036 (Jul 2020), Table 11, 1 July, rounded to '000"
Andaman & Nicobar Islands,2023,191000,"MoHFW Technical Group Population Projections 2011-2036 (Jul 2020), Table 11, 1 July, rounded to '000"
Lakshadweep,2024,34000,"MoHFW Technical Group Population Projections 2011-2036 (Jul 2020), Table 11, 1 July, rounded to '000"
Puducherry,2024,891000,"MoHFW Technical Group Population Projections 2011-2036 (Jul 2020), Table 11, 1 July, rounded to '000"
Andaman & Nicobar Islands,2024,191000,"MoHFW Technical Group Population Projections 2011-2036 (Jul 2020), Table 11, 1 July, rounded to '000"
Lakshadweep,2025,34000,"MoHFW Technical Group Population Projections 2011-2036 (Jul 2020), Table 11, 1 July, rounded to '000"
Puducherry,2025,913000,"MoHFW Technical Group Population Projections 2011-2036 (Jul 2020), Table 11, 1 July, rounded to '000"
Andaman & Nicobar Islands,2025,192000,"MoHFW Technical Group Population Projections 2011-2036 (Jul 2020), Table 11, 1 July, rounded to '000"
Lakshadweep,2026,34000,"MoHFW Technical Group Population Projections 2011-2036 (Jul 2020), Table 11, 1 July, rounded to '000"
Puducherry,2026,936000,"MoHFW Technical Group Population Projections 2011-2036 (Jul 2020), Table 11, 1 July, rounded to '000"
Andaman & Nicobar Islands,2026,193000,"MoHFW Technical Group Population Projections 2011-2036 (Jul 2020), Table 11, 1 July, rounded to '000"
Lakshadweep,2027,34000,"MoHFW Technical Group Population Projections 2011-2036 (Jul 2020), Table 11, 1 July, rounded to '000"
Puducherry,2027,961000,"MoHFW Technical Group Population Projections 2011-2036 (Jul 2020), Table 11, 1 July, rounded to '000"
Andaman & Nicobar Islands,2027,193000,"MoHFW Technical Group Population Projections 2011-2036 (Jul 2020), Table 11, 1 July, rounded to '000"
Lakshadweep,2028,34000,"MoHFW Technical Group Population Projections 2011-2036 (Jul 2020), Table 11, 1 July, rounded to '000"
Puducherry,2028,985000,"MoHFW Technical Group Population Projections 2011-2036 (Jul 2020), Table 11, 1 July, rounded to '000"
Andaman & Nicobar Islands,2028,194000,"MoHFW Technical Group Population Projections 2011-2036 (Jul 2020), Table 11, 1 July, rounded to '000"
Lakshadweep,2029,34000,"MoHFW Technical Group Population Projections 2011-2036 (Jul 2020), Table 11, 1 July, rounded to '000"
Puducherry,2029,1010000,"MoHFW Technical Group Population Projections 2011-2036 (Jul 2020), Table 11, 1 July, rounded to '000"
Andaman & Nicobar Islands,2029,194000,"MoHFW Technical Group Population Projections 2011-2036 (Jul 2020), Table 11, 1 July, rounded to '000"
Lakshadweep,2030,34000,"MoHFW Technical Group Population Projections 2011-2036 (Jul 2020), Table 11, 1 July, rounded to '000"
Puducherry,2030,1034000,"MoHFW Technical Group Population Projections 2011-2036 (Jul 2020), Table 11, 1 July, rounded to '000"
Andaman & Nicobar Islands,2030,195000,"MoHFW Technical Group Population Projections 2011-2036 (Jul 2020), Table 11, 1 July, rounded to '000"
Lakshadweep,2031,34000,"MoHFW Technical Group Population Projections 2011-2036 (Jul 2020), Table 11, 1 July, rounded to '000"
Puducherry,2031,1060000,"MoHFW Technical Group Population Projections 2011-2036 (Jul 2020), Table 11, 1 July, rounded to '000"
Andaman & Nicobar Islands,2031,195000,"MoHFW Technical Group Population Projections 2011-2036 (Jul 2020), Table 11, 1 July, rounded to '000"
Lakshadweep,2032,34000,"MoHFW Technical Group Population Projections 2011-2036 (Jul 2020), Table 11, 1 July, rounded to '000"
Puducherry,2032,1087000,"MoHFW Technical Group Population Projections 2011-2036 (Jul 2020), Table 11, 1 July, rounded to '000"
Andaman & Nicobar Islands,2032,195000,"MoHFW Technical Group Population Projections 2011-2036 (Jul 2020), Table 11, 1 July, rounded to '000"
Lakshadweep,2033,35000,"MoHFW Technical Group Population Projections 2011-2036 (Jul 2020), Table 11, 1 July, rounded to '000"
Puducherry,2033,1115000,"MoHFW Technical Group Population Projections 2011-2036 (Jul 2020), Table 11, 1 July, rounded to '000"
Andaman & Nicobar Islands,2033,196000,"MoHFW Technical Group Population Projections 2011-2036 (Jul 2020), Table 11, 1 July, rounded to '000"
Lakshadweep,2034,35000,"MoHFW Technical Group Population Projections 2011-2036 (Jul 2020), Table 11, 1 July, rounded to '000"
Puducherry,2034,1143000,"MoHFW Technical Group Population Projections 2011-2036 (Jul 2020), Table 11, 1 July, rounded to '000"
Andaman & Nicobar Islands,2034,196000,"MoHFW Technical Group Population Projections 2011-2036 (Jul 2020), Table 11, 1 July, rounded to '000"
Lakshadweep,2035,35000,"MoHFW Technical Group Population Projections 2011-2036 (Jul 2020), Table 11, 1 July, rounded to '000"
Puducherry,2035,1170000,"MoHFW Technical Group Population Projections 2011-2036 (Jul 2020), Table 11, 1 July, rounded to '000"
Andaman & Nicobar Islands,2035,196000,"MoHFW Technical Group Population Projections 2011-2036 (Jul 2020), Table 11, 1 July, rounded to '000"
Lakshadweep,2036,35000,"MoHFW Technical Group Population Projections 2011-2036 (Jul 2020), Table 11, 1 July, rounded to '000"
Puducherry,2036,1198000,"MoHFW Technical Group Population Projections 2011-2036 (Jul 2020), Table 11, 1 July, rounded to '000"
Andaman & Nicobar Islands,2036,197000,"MoHFW Technical Group Population Projections 2011-2036 (Jul 2020), Table 11, 1 July, rounded to '000"
Telangana,2012,17573000,"MoHFW Technical Group Population Projections 2011-2036 (Jul 2020), Table 11, 1 July, rounded to '000"
Ladakh,2012,119000,"MoHFW Technical Group Population Projections 2011-2036 (Jul 2020), Table 11, 1 July, rounded to '000"
Telangana,2013,17718000,"MoHFW Technical Group Population Projections 2011-2036 (Jul 2020), Table 11, 1 July, rounded to '000"
Ladakh,2013,121000,"MoHFW Technical Group Population Projections 2011-2036 (Jul 2020), Table 11, 1 July, rounded to '000"
Telangana,2014,17863000,"MoHFW Technical Group Population Projections 2011-2036 (Jul 2020), Table 11, 1 July, rounded to '000"
Ladakh,2014,122000,"MoHFW Technical Group Population Projections 2011-2036 (Jul 2020), Table 11, 1 July, rounded to '000"
Telangana,2015,18007000,"MoHFW Technical Group Population Projections 2011-2036 (Jul 2020), Table 11, 1 July, rounded to '000"
Ladakh,2015,124000,"MoHFW Technical Group Population Projections 2011-2036 (Jul 2020), Table 11, 1 July, rounded to '000"
Telangana,2016,18147000,"MoHFW Technical Group Population Projections 2011-2036 (Jul 2020), Table 11, 1 July, rounded to '000"
Ladakh,2016,125000,"MoHFW Technical Group Population Projections 2011-2036 (Jul 2020), Table 11, 1 July, rounded to '000"
Telangana,2017,18274000,"MoHFW Technical Group Population Projections 2011-2036 (Jul 2020), Table 11, 1 July, rounded to '000"
Ladakh,2017,126000,"MoHFW Technical Group Population Projections 2011-2036 (Jul 2020), Table 11, 1 July, rounded to '000"
Telangana,2018,18400000,"MoHFW Technical Group Population Projections 2011-2036 (Jul 2020), Table 11, 1 July, rounded to '000"
Ladakh,2018,127000,"MoHFW Technical Group Population Projections 2011-2036 (Jul 2020), Table 11, 1 July, rounded to '000"
Telangana,2019,18526000,"MoHFW Technical Group Population Projections 2011-2036 (Jul 2020), Table 11, 1 July, rounded to '000"
Ladakh,2019,128000,"MoHFW Technical Group Population Projections 2011-2036 (Jul 2020), Table 11, 1 July, rounded to '000"
Telangana,2020,18653000,"MoHFW Technical Group Population Projections 2011-2036 (Jul 2020), Table 11, 1 July, rounded to '000"
Ladakh,2020,129000,"MoHFW Technical Group Population Projections 2011-2036 (Jul 2020), Table 11, 1 July, rounded to '000"
Telangana,2021,18771000,"MoHFW Technical Group Population Projections 2011-2036 (Jul 2020), Table 11, 1 July, rounded to '000"
Ladakh,2021,130000,"MoHFW Technical Group Population Projections 2011-2036 (Jul 2020), Table 11, 1 July, rounded to '000"
Telangana,2022,18865000,"MoHFW Technical Group Population Projections 2011-2036 (Jul 2020), Table 11, 1 July, rounded to '000"
Ladakh,2022,131000,"MoHFW Technical Group Population Projections 2011-2036 (Jul 2020), Table 11, 1 July, rounded to '000"
Telangana,2023,18960000,"MoHFW Technical Group Population Projections 2011-2036 (Jul 2020), Table 11, 1 July, rounded to '000"
Ladakh,2023,132000,"MoHFW Technical Group Population Projections 2011-2036 (Jul 2020), Table 11, 1 July, rounded to '000"
Telangana,2024,19054000,"MoHFW Technical Group Population Projections 2011-2036 (Jul 2020), Table 11, 1 July, rounded to '000"
Ladakh,2024,133000,"MoHFW Technical Group Population Projections 2011-2036 (Jul 2020), Table 11, 1 July, rounded to '000"
Telangana,2025,19149000,"MoHFW Technical Group Population Projections 2011-2036 (Jul 2020), Table 11, 1 July, rounded to '000"
Ladakh,2025,134000,"MoHFW Technical Group Population Projections 2011-2036 (Jul 2020), Table 11, 1 July, rounded to '000"
Telangana,2026,19235000,"MoHFW Technical Group Population Projections 2011-2036 (Jul 2020), Table 11, 1 July, rounded to '000"
Ladakh,2026,135000,"MoHFW Technical Group Population Projections 2011-2036 (Jul 2020), Table 11, 1 July, rounded to '000"
Telangana,2027,19297000,"MoHFW Technical Group Population Projections 2011-2036 (Jul 2020), Table 11, 1 July, rounded to '000"
Ladakh,2027,136000,"MoHFW Technical Group Population Projections 2011-2036 (Jul 2020), Table 11, 1 July, rounded to '000"
Telangana,2028,19360000,"MoHFW Technical Group Population Projections 2011-2036 (Jul 2020), Table 11, 1 July, rounded to '000"
Ladakh,2028,137000,"MoHFW Technical Group Population Projections 2011-2036 (Jul 2020), Table 11, 1 July, rounded to '000"
Telangana,2029,19422000,"MoHFW Technical Group Population Projections 2011-2036 (Jul 2020), Table 11, 1 July, rounded to '000"
Ladakh,2029,138000,"MoHFW Technical Group Population Projections 2011-2036 (Jul 2020), Table 11, 1 July, rounded to '000"
Telangana,2030,19485000,"MoHFW Technical Group Population Projections 2011-2036 (Jul 2020), Table 11, 1 July, rounded to '000"
Ladakh,2030,138000,"MoHFW Technical Group Population Projections 2011-2036 (Jul 2020), Table 11, 1 July, rounded to '000"
Telangana,2031,19540000,"MoHFW Technical Group Population Projections 2011-2036 (Jul 2020), Table 11, 1 July, rounded to '000"
Ladakh,2031,139000,"MoHFW Technical Group Population Projections 2011-2036 (Jul 2020), Table 11, 1 July, rounded to '000"
Telangana,2032,19573000,"MoHFW Technical Group Population Projections 2011-2036 (Jul 2020), Table 11, 1 July, rounded to '000"
Ladakh,2032,140000,"MoHFW Technical Group Population Projections 2011-2036 (Jul 2020), Table 11, 1 July, rounded to '000"
Telangana,2033,19605000,"MoHFW Technical Group Population Projections 2011-2036 (Jul 2020), Table 11, 1 July, rounded to '000"
Ladakh,2033,140000,"MoHFW Technical Group Population Projections 2011-2036 (Jul 2020), Table 11, 1 July, rounded to '000"
Telangana,2034,19638000,"MoHFW Technical Group Population Projections 2011-2036 (Jul 2020), Table 11, 1 July, rounded to '000"
Ladakh,2034,141000,"MoHFW Technical Group Population Projections 2011-2036 (Jul 2020), Table 11, 1 July, rounded to '000"
Telangana,2035,19671000,"MoHFW Technical Group Population Projections 2011-2036 (Jul 2020), Table 11, 1 July, rounded to '000"
Ladakh,2035,142000,"MoHFW Technical Group Population Projections 2011-2036 (Jul 2020), Table 11, 1 July, rounded to '000"
Telangana,2036,19704000,"MoHFW Technical Group Population Projections 2011-2036 (Jul 2020), Table 11, 1 July, rounded to '000"
Ladakh,2036,142000,"MoHFW Technical Group Population Projections 2011-2036 (Jul 2020), Table 11, 1 July, rounded to '000"
Dadra & Nagar Haveli and Daman & Diu,2012,259000,"MoHFW Technical Group Population Projections 2011-2036 (Jul 2020), Table 11, 1 July, rounded to '000"
Dadra & Nagar Haveli and Daman & Diu,2013,271000,"MoHFW Technical Group Population Projections 2011-2036 (Jul 2020), Table 11, 1 July, rounded to '000"
Dadra & Nagar Haveli and Daman & Diu,2014,283000,"MoHFW Technical Group Population Projections 2011-2036 (Jul 2020), Table 11, 1 July, rounded to '000"
Dadra & Nagar Haveli and Daman & Diu,2015,295000,"MoHFW Technical Group Population Projections 2011-2036 (Jul 2020), Table 11, 1 July, rounded to '000"
Dadra & Nagar Haveli and Daman & Diu,2016,309000,"MoHFW Technical Group Population Projections 2011-2036 (Jul 2020), Table 11, 1 July, rounded to '000"
Dadra & Nagar Haveli and Daman & Diu,2017,325000,"MoHFW Technical Group Population Projections 2011-2036 (Jul 2020), Table 11, 1 July, rounded to '000"
Dadra & Nagar Haveli and Daman & Diu,2018,341000,"MoHFW Technical Group Population Projections 2011-2036 (Jul 2020), Table 11, 1 July, rounded to '000"
Dadra & Nagar Haveli and Daman & Diu,2019,358000,"MoHFW Technical Group Population Projections 2011-2036 (Jul 2020), Table 11, 1 July, rounded to '000"
Dadra & Nagar Haveli and Daman & Diu,2020,374000,"MoHFW Technical Group Population Projections 2011-2036 (Jul 2020), Table 11, 1 July, rounded to '000"
Dadra & Nagar Haveli and Daman & Diu,2021,392000,"MoHFW Technical Group Population Projections 2011-2036 (Jul 2020), Table 11, 1 July, rounded to '000"
Dadra & Nagar Haveli and Daman & Diu,2022,414000,"MoHFW Technical Group Population Projections 2011-2036 (Jul 2020), Table 11, 1 July, rounded to '000"
Dadra & Nagar Haveli and Daman & Diu,2023,437000,"MoHFW Technical Group Population Projections 2011-2036 (Jul 2020), Table 11, 1 July, rounded to '000"
Dadra & Nagar Haveli and Daman & Diu,2024,459000,"MoHFW Technical Group Population Projections 2011-2036 (Jul 2020), Table 11, 1 July, rounded to '000"
Dadra & Nagar Haveli and Daman & Diu,2025,481000,"MoHFW Technical Group Population Projections 2011-2036 (Jul 2020), Table 11, 1 July, rounded to '000"
Dadra & Nagar Haveli and Daman & Diu,2026,506000,"MoHFW Technical Group Population Projections 2011-2036 (Jul 2020), Table 11, 1 July, rounded to '000"
Dadra & Nagar Haveli and Daman & Diu,2027,537000,"MoHFW Technical Group Population Projections 2011-2036 (Jul 2020), Table 11, 1 July, rounded to '000"
Dadra & Nagar Haveli and Daman & Diu,2028,569000,"MoHFW Technical Group Population Projections 2011-2036 (Jul 2020), Table 11, 1 July, rounded to '000"
Dadra & Nagar Haveli and Daman & Diu,2029,600000,"MoHFW Technical Group Population Projections 2011-2036 (Jul 2020), Table 11, 1 July, rounded to '000"
Dadra & Nagar Haveli and Daman & Diu,2030,631000,"MoHFW Technical Group Population Projections 2011-2036 (Jul 2020), Table 11, 1 July, rounded to '000"
Dadra & Nagar Haveli and Daman & Diu,2031,666000,"MoHFW Technical Group Population Projections 2011-2036 (Jul 2020), Table 11, 1 July, rounded to '000"
Dadra & Nagar Haveli and Daman & Diu,2032,711000,"MoHFW Technical Group Population Projections 2011-2036 (Jul 2020), Table 11, 1 July, rounded to '000"
Dadra & Nagar Haveli and Daman & Diu,2033,755000,"MoHFW Technical Group Population Projections 2011-2036 (Jul 2020), Table 11, 1 July, rounded to '000"
Dadra & Nagar Haveli and Daman & Diu,2034,799000,"MoHFW Technical Group Population Projections 2011-2036 (Jul 2020), Table 11, 1 July, rounded to '000"
Dadra & Nagar Haveli and Daman & Diu,2035,843000,"MoHFW Technical Group Population Projections 2011-2036 (Jul 2020), Table 11, 1 July, rounded to '000"
Dadra & Nagar Haveli and Daman & Diu,2036,887000,"MoHFW Technical Group Population Projections 2011-2036 (Jul 2020), Table 11, 1 July, rounded to '000"
