year,state_ut,sl,crime_head,crime_head_std,cases,victims_girls,victims_boys,victims_transgender,victims_total,source,source_file
2014,All India,1,Murder,,1817.0,838.0,1115.0,0.0,1953.0,NCRB CII Additional Table: Crime head-wise gender-wise victims under crimes against children,2019_1679740463016Gender-wiseVictimsunderCrimesagasintChildrenduring2014-2019.xlsx
2015,All India,1,Murder,,1758.0,826.0,1111.0,0.0,1937.0,NCRB CII Additional Table: Crime head-wise gender-wise victims under crimes against children,2019_1679740463016Gender-wiseVictimsunderCrimesagasintChildrenduring2014-2019.xlsx
2016,All India,1,Murder,,1640.0,816.0,958.0,1.0,1775.0,NCRB CII Additional Table: Crime head-wise gender-wise victims under crimes against children,2019_1679740463016Gender-wiseVictimsunderCrimesagasintChildrenduring2014-2019.xlsx
2017,All India,1,Murder,,1393.0,721.0,829.0,0.0,1550.0,NCRB CII Additional Table: Crime head-wise gender-wise victims under crimes against children,2019_1679740463016Gender-wiseVictimsunderCrimesagasintChildrenduring2014-2019.xlsx
2018,All India,1,Murder,,1497.0,791.0,847.0,0.0,1638.0,NCRB CII Additional Table: Crime head-wise gender-wise victims under crimes against children,2019_1679740463016Gender-wiseVictimsunderCrimesagasintChildrenduring2014-2019.xlsx
2019,All India,1,Murder,,1409.0,755.0,801.0,0.0,1556.0,NCRB CII Additional Table: Crime head-wise gender-wise victims under crimes against children,2019_1679740463016Gender-wiseVictimsunderCrimesagasintChildrenduring2014-2019.xlsx
2017,All India,1.1,Murder with Rape/POCSO,murder_with_rape_pocso,139.0,135.0,16.0,0.0,151.0,NCRB CII Additional Table: Crime head-wise gender-wise victims under crimes against children,2019_1679740463016Gender-wiseVictimsunderCrimesagasintChildrenduring2014-2019.xlsx
2018,All India,1.1,Murder with Rape/POCSO,murder_with_rape_pocso,139.0,132.0,13.0,0.0,145.0,NCRB CII Additional Table: Crime head-wise gender-wise victims under crimes against children,2019_1679740463016Gender-wiseVictimsunderCrimesagasintChildrenduring2014-2019.xlsx
2019,All India,1.1,Murder with Rape/POCSO,murder_with_rape_pocso,129.0,111.0,19.0,0.0,130.0,NCRB CII Additional Table: Crime head-wise gender-wise victims under crimes against children,2019_1679740463016Gender-wiseVictimsunderCrimesagasintChildrenduring2014-2019.xlsx
2017,All India,1.2,Other Murder,,1254.0,586.0,813.0,0.0,1399.0,NCRB CII Additional Table: Crime head-wise gender-wise victims under crimes against children,2019_1679740463016Gender-wiseVictimsunderCrimesagasintChildrenduring2014-2019.xlsx
2018,All India,1.2,Other Murder,,1358.0,659.0,834.0,0.0,1493.0,NCRB CII Additional Table: Crime head-wise gender-wise victims under crimes against children,2019_1679740463016Gender-wiseVictimsunderCrimesagasintChildrenduring2014-2019.xlsx
2019,All India,1.2,Other Murder,,1280.0,644.0,782.0,0.0,1426.0,NCRB CII Additional Table: Crime head-wise gender-wise victims under crimes against children,2019_1679740463016Gender-wiseVictimsunderCrimesagasintChildrenduring2014-2019.xlsx
2014,All India,2,Abetment of Suicide of Child,,56.0,45.0,11.0,0.0,56.0,NCRB CII Additional Table: Crime head-wise gender-wise victims under crimes against children,2019_1679740463016Gender-wiseVictimsunderCrimesagasintChildrenduring2014-2019.xlsx
2015,All India,2,Abetment of Suicide of Child,,51.0,43.0,9.0,0.0,52.0,NCRB CII Additional Table: Crime head-wise gender-wise victims under crimes against children,2019_1679740463016Gender-wiseVictimsunderCrimesagasintChildrenduring2014-2019.xlsx
2016,All India,2,Abetment of Suicide of Child,,41.0,26.0,15.0,0.0,41.0,NCRB CII Additional Table: Crime head-wise gender-wise victims under crimes against children,2019_1679740463016Gender-wiseVictimsunderCrimesagasintChildrenduring2014-2019.xlsx
2017,All India,2,Abetment of Suicide of Child,,241.0,186.0,61.0,0.0,247.0,NCRB CII Additional Table: Crime head-wise gender-wise victims under crimes against children,2019_1679740463016Gender-wiseVictimsunderCrimesagasintChildrenduring2014-2019.xlsx
2018,All India,2,Abetment of Suicide of Child,,228.0,189.0,49.0,0.0,238.0,NCRB CII Additional Table: Crime head-wise gender-wise victims under crimes against children,2019_1679740463016Gender-wiseVictimsunderCrimesagasintChildrenduring2014-2019.xlsx
2019,All India,2,Abetment of Suicide of Child,,244.0,183.0,67.0,0.0,250.0,NCRB CII Additional Table: Crime head-wise gender-wise victims under crimes against children,2019_1679740463016Gender-wiseVictimsunderCrimesagasintChildrenduring2014-2019.xlsx
2014,All India,3,Attempt to Commit Murder,,840.0,92.0,802.0,0.0,894.0,NCRB CII Additional Table: Crime head-wise gender-wise victims under crimes against children,2019_1679740463016Gender-wiseVictimsunderCrimesagasintChildrenduring2014-2019.xlsx
2015,All India,3,Attempt to Commit Murder,,276.0,56.0,226.0,0.0,282.0,NCRB CII Additional Table: Crime head-wise gender-wise victims under crimes against children,2019_1679740463016Gender-wiseVictimsunderCrimesagasintChildrenduring2014-2019.xlsx
2016,All India,3,Attempt to Commit Murder,,213.0,56.0,168.0,0.0,224.0,NCRB CII Additional Table: Crime head-wise gender-wise victims under crimes against children,2019_1679740463016Gender-wiseVictimsunderCrimesagasintChildrenduring2014-2019.xlsx
2017,All India,3,Attempt to Commit Murder,,271.0,101.0,222.0,0.0,323.0,NCRB CII Additional Table: Crime head-wise gender-wise victims under crimes against children,2019_1679740463016Gender-wiseVictimsunderCrimesagasintChildrenduring2014-2019.xlsx
2018,All India,3,Attempt to Commit Murder,,323.0,82.0,273.0,0.0,355.0,NCRB CII Additional Table: Crime head-wise gender-wise victims under crimes against children,2019_1679740463016Gender-wiseVictimsunderCrimesagasintChildrenduring2014-2019.xlsx
2019,All India,3,Attempt to Commit Murder,,428.0,158.0,339.0,0.0,497.0,NCRB CII Additional Table: Crime head-wise gender-wise victims under crimes against children,2019_1679740463016Gender-wiseVictimsunderCrimesagasintChildrenduring2014-2019.xlsx
2014,All India,4,Infanticide,infanticide,121.0,50.0,71.0,0.0,121.0,NCRB CII Additional Table: Crime head-wise gender-wise victims under crimes against children,2019_1679740463016Gender-wiseVictimsunderCrimesagasintChildrenduring2014-2019.xlsx
2015,All India,4,Infanticide,infanticide,91.0,45.0,49.0,0.0,94.0,NCRB CII Additional Table: Crime head-wise gender-wise victims under crimes against children,2019_1679740463016Gender-wiseVictimsunderCrimesagasintChildrenduring2014-2019.xlsx
2016,All India,4,Infanticide,infanticide,93.0,40.0,53.0,0.0,93.0,NCRB CII Additional Table: Crime head-wise gender-wise victims under crimes against children,2019_1679740463016Gender-wiseVictimsunderCrimesagasintChildrenduring2014-2019.xlsx
2017,All India,4,Infanticide,infanticide,73.0,37.0,36.0,0.0,73.0,NCRB CII Additional Table: Crime head-wise gender-wise victims under crimes against children,2019_1679740463016Gender-wiseVictimsunderCrimesagasintChildrenduring2014-2019.xlsx
2018,All India,4,Infanticide,infanticide,56.0,31.0,29.0,0.0,60.0,NCRB CII Additional Table: Crime head-wise gender-wise victims under crimes against children,2019_1679740463016Gender-wiseVictimsunderCrimesagasintChildrenduring2014-2019.xlsx
2019,All India,4,Infanticide,infanticide,73.0,36.0,39.0,0.0,75.0,NCRB CII Additional Table: Crime head-wise gender-wise victims under crimes against children,2019_1679740463016Gender-wiseVictimsunderCrimesagasintChildrenduring2014-2019.xlsx
2014,All India,5,Foeticide,foeticide,107.0,50.0,53.0,4.0,107.0,NCRB CII Additional Table: Crime head-wise gender-wise victims under crimes against children,2019_1679740463016Gender-wiseVictimsunderCrimesagasintChildrenduring2014-2019.xlsx
2015,All India,5,Foeticide,foeticide,97.0,45.0,47.0,5.0,97.0,NCRB CII Additional Table: Crime head-wise gender-wise victims under crimes against children,2019_1679740463016Gender-wiseVictimsunderCrimesagasintChildrenduring2014-2019.xlsx
2016,All India,5,Foeticide,foeticide,144.0,47.0,46.0,51.0,144.0,NCRB CII Additional Table: Crime head-wise gender-wise victims under crimes against children,2019_1679740463016Gender-wiseVictimsunderCrimesagasintChildrenduring2014-2019.xlsx
2017,All India,5,Foeticide,foeticide,115.0,66.0,48.0,1.0,115.0,NCRB CII Additional Table: Crime head-wise gender-wise victims under crimes against children,2019_1679740463016Gender-wiseVictimsunderCrimesagasintChildrenduring2014-2019.xlsx
2018,All India,5,Foeticide,foeticide,128.0,77.0,51.0,2.0,130.0,NCRB CII Additional Table: Crime head-wise gender-wise victims under crimes against children,2019_1679740463016Gender-wiseVictimsunderCrimesagasintChildrenduring2014-2019.xlsx
2019,All India,5,Foeticide,foeticide,137.0,89.0,50.0,0.0,139.0,NCRB CII Additional Table: Crime head-wise gender-wise victims under crimes against children,2019_1679740463016Gender-wiseVictimsunderCrimesagasintChildrenduring2014-2019.xlsx
2014,All India,6,Exposure and Abandonment,,983.0,521.0,466.0,2.0,989.0,NCRB CII Additional Table: Crime head-wise gender-wise victims under crimes against children,2019_1679740463016Gender-wiseVictimsunderCrimesagasintChildrenduring2014-2019.xlsx
2015,All India,6,Exposure and Abandonment,,885.0,478.0,439.0,0.0,917.0,NCRB CII Additional Table: Crime head-wise gender-wise victims under crimes against children,2019_1679740463016Gender-wiseVictimsunderCrimesagasintChildrenduring2014-2019.xlsx
2016,All India,6,Exposure and Abandonment,,811.0,445.0,370.0,0.0,815.0,NCRB CII Additional Table: Crime head-wise gender-wise victims under crimes against children,2019_1679740463016Gender-wiseVictimsunderCrimesagasintChildrenduring2014-2019.xlsx
2017,All India,6,Exposure and Abandonment,,899.0,503.0,431.0,0.0,934.0,NCRB CII Additional Table: Crime head-wise gender-wise victims under crimes against children,2019_1679740463016Gender-wiseVictimsunderCrimesagasintChildrenduring2014-2019.xlsx
2018,All India,6,Exposure and Abandonment,,876.0,484.0,399.0,0.0,883.0,NCRB CII Additional Table: Crime head-wise gender-wise victims under crimes against children,2019_1679740463016Gender-wiseVictimsunderCrimesagasintChildrenduring2014-2019.xlsx
2019,All India,6,Exposure and Abandonment,,896.0,470.0,455.0,0.0,925.0,NCRB CII Additional Table: Crime head-wise gender-wise victims under crimes against children,2019_1679740463016Gender-wiseVictimsunderCrimesagasintChildrenduring2014-2019.xlsx
2017,All India,7,Simple Hurt,,2945.0,649.0,2515.0,0.0,3164.0,NCRB CII Additional Table: Crime head-wise gender-wise victims under crimes against children,2019_1679740463016Gender-wiseVictimsunderCrimesagasintChildrenduring2014-2019.xlsx
2018,All India,7,Simple Hurt,,2847.0,627.0,2505.0,0.0,3132.0,NCRB CII Additional Table: Crime head-wise gender-wise victims under crimes against children,2019_1679740463016Gender-wiseVictimsunderCrimesagasintChildrenduring2014-2019.xlsx
2019,All India,7,Simple Hurt,,3305.0,844.0,2952.0,0.0,3796.0,NCRB CII Additional Table: Crime head-wise gender-wise victims under crimes against children,2019_1679740463016Gender-wiseVictimsunderCrimesagasintChildrenduring2014-2019.xlsx
2017,All India,8,Grievous Hurt,,924.0,1258.0,435.0,0.0,1693.0,NCRB CII Additional Table: Crime head-wise gender-wise victims under crimes against children,2019_1679740463016Gender-wiseVictimsunderCrimesagasintChildrenduring2014-2019.xlsx
2018,All India,8,Grievous Hurt,,317.0,80.0,255.0,0.0,335.0,NCRB CII Additional Table: Crime head-wise gender-wise victims under crimes against children,2019_1679740463016Gender-wiseVictimsunderCrimesagasintChildrenduring2014-2019.xlsx
2019,All India,8,Grievous Hurt,,957.0,453.0,559.0,0.0,1012.0,NCRB CII Additional Table: Crime head-wise gender-wise victims under crimes against children,2019_1679740463016Gender-wiseVictimsunderCrimesagasintChildrenduring2014-2019.xlsx
2014,All India,9,Kidnapping and Abduction of Children,kidnap_children_total,39876.0,31042.0,9540.0,0.0,40582.0,NCRB CII Additional Table: Crime head-wise gender-wise victims under crimes against children,2019_1679740463016Gender-wiseVictimsunderCrimesagasintChildrenduring2014-2019.xlsx
2015,All India,9,Kidnapping and Abduction of Children,kidnap_children_total,44982.0,33460.0,12674.0,0.0,46134.0,NCRB CII Additional Table: Crime head-wise gender-wise victims under crimes against children,2019_1679740463016Gender-wiseVictimsunderCrimesagasintChildrenduring2014-2019.xlsx
2016,All India,9,Kidnapping and Abduction of Children,kidnap_children_total,54723.0,41821.0,14479.0,0.0,56300.0,NCRB CII Additional Table: Crime head-wise gender-wise victims under crimes against children,2019_1679740463016Gender-wiseVictimsunderCrimesagasintChildrenduring2014-2019.xlsx
2017,All India,9,Kidnapping and Abduction of Children,kidnap_children_total,54163.0,42325.0,14296.0,1.0,56622.0,NCRB CII Additional Table: Crime head-wise gender-wise victims under crimes against children,2019_1679740463016Gender-wiseVictimsunderCrimesagasintChildrenduring2014-2019.xlsx
2018,All India,9,Kidnapping and Abduction of Children,kidnap_children_total,62668.0,49350.0,15297.0,0.0,64647.0,NCRB CII Additional Table: Crime head-wise gender-wise victims under crimes against children,2019_1679740463016Gender-wiseVictimsunderCrimesagasintChildrenduring2014-2019.xlsx
2019,All India,9,Kidnapping and Abduction of Children,kidnap_children_total,69075.0,55370.0,15894.0,0.0,71264.0,NCRB CII Additional Table: Crime head-wise gender-wise victims under crimes against children,2019_1679740463016Gender-wiseVictimsunderCrimesagasintChildrenduring2014-2019.xlsx
2014,All India,9.1,Kidnapping and Abduction,,18682.0,12819.0,6365.0,0.0,19184.0,NCRB CII Additional Table: Crime head-wise gender-wise victims under crimes against children,2019_1679740463016Gender-wiseVictimsunderCrimesagasintChildrenduring2014-2019.xlsx
2015,All India,9.1,Kidnapping and Abduction,,23462.0,14871.0,9433.0,0.0,24304.0,NCRB CII Additional Table: Crime head-wise gender-wise victims under crimes against children,2019_1679740463016Gender-wiseVictimsunderCrimesagasintChildrenduring2014-2019.xlsx
2016,All India,9.1,Kidnapping and Abduction,,27534.0,17639.0,11097.0,0.0,28736.0,NCRB CII Additional Table: Crime head-wise gender-wise victims under crimes against children,2019_1679740463016Gender-wiseVictimsunderCrimesagasintChildrenduring2014-2019.xlsx
2017,All India,9.1,Kidnapping and Abduction,,34958.0,23792.0,12805.0,1.0,36598.0,NCRB CII Additional Table: Crime head-wise gender-wise victims under crimes against children,2019_1679740463016Gender-wiseVictimsunderCrimesagasintChildrenduring2014-2019.xlsx
2018,All India,9.1,Kidnapping and Abduction,,42908.0,30260.0,14033.0,0.0,44293.0,NCRB CII Additional Table: Crime head-wise gender-wise victims under crimes against children,2019_1679740463016Gender-wiseVictimsunderCrimesagasintChildrenduring2014-2019.xlsx
2019,All India,9.1,Kidnapping and Abduction,,47437.0,34461.0,14805.0,0.0,49266.0,NCRB CII Additional Table: Crime head-wise gender-wise victims under crimes against children,2019_1679740463016Gender-wiseVictimsunderCrimesagasintChildrenduring2014-2019.xlsx
2017,All India,9.1.1,Missing Children Deemed as Kidnapped,,17718.0,11090.0,7261.0,1.0,18352.0,NCRB CII Additional Table: Crime head-wise gender-wise victims under crimes against children,2019_1679740463016Gender-wiseVictimsunderCrimesagasintChildrenduring2014-2019.xlsx
2018,All India,9.1.1,Missing Children Deemed as Kidnapped,,23826.0,15975.0,8454.0,0.0,24429.0,NCRB CII Additional Table: Crime head-wise gender-wise victims under crimes against children,2019_1679740463016Gender-wiseVictimsunderCrimesagasintChildrenduring2014-2019.xlsx
2019,All India,9.1.1,Missing Children Deemed as Kidnapped,,28370.0,20057.0,9186.0,0.0,29243.0,NCRB CII Additional Table: Crime head-wise gender-wise victims under crimes against children,2019_1679740463016Gender-wiseVictimsunderCrimesagasintChildrenduring2014-2019.xlsx
2017,All India,9.1.2,Other Kidnapping & Abduction,,17240.0,12702.0,5544.0,0.0,18246.0,NCRB CII Additional Table: Crime head-wise gender-wise victims under crimes against children,2019_1679740463016Gender-wiseVictimsunderCrimesagasintChildrenduring2014-2019.xlsx
2018,All India,9.1.2,Other Kidnapping & Abduction,,19082.0,14285.0,5579.0,0.0,19864.0,NCRB CII Additional Table: Crime head-wise gender-wise victims under crimes against children,2019_1679740463016Gender-wiseVictimsunderCrimesagasintChildrenduring2014-2019.xlsx
2019,All India,9.1.2,Other Kidnapping & Abduction,,19067.0,14404.0,5619.0,0.0,20023.0,NCRB CII Additional Table: Crime head-wise gender-wise victims under crimes against children,2019_1679740463016Gender-wiseVictimsunderCrimesagasintChildrenduring2014-2019.xlsx
2017,All India,9.2,Kidnapping and Abduction for the Purpose of Begging,,72.0,43.0,57.0,0.0,100.0,NCRB CII Additional Table: Crime head-wise gender-wise victims under crimes against children,2019_1679740463016Gender-wiseVictimsunderCrimesagasintChildrenduring2014-2019.xlsx
2018,All India,9.2,Kidnapping and Abduction for the Purpose of Begging,,71.0,50.0,23.0,0.0,73.0,NCRB CII Additional Table: Crime head-wise gender-wise victims under crimes against children,2019_1679740463016Gender-wiseVictimsunderCrimesagasintChildrenduring2014-2019.xlsx
2019,All India,9.2,Kidnapping and Abduction for the Purpose of Begging,,42.0,28.0,17.0,0.0,45.0,NCRB CII Additional Table: Crime head-wise gender-wise victims under crimes against children,2019_1679740463016Gender-wiseVictimsunderCrimesagasintChildrenduring2014-2019.xlsx
2014,All India,9.3,Kidnapping and Abduction in order to Murder,,207.0,40.0,167.0,0.0,207.0,NCRB CII Additional Table: Crime head-wise gender-wise victims under crimes against children,2019_1679740463016Gender-wiseVictimsunderCrimesagasintChildrenduring2014-2019.xlsx
2015,All India,9.3,Kidnapping and Abduction in order to Murder,,192.0,25.0,167.0,0.0,192.0,NCRB CII Additional Table: Crime head-wise gender-wise victims under crimes against children,2019_1679740463016Gender-wiseVictimsunderCrimesagasintChildrenduring2014-2019.xlsx
2016,All India,9.3,Kidnapping and Abduction in order to Murder,,222.0,27.0,198.0,0.0,225.0,NCRB CII Additional Table: Crime head-wise gender-wise victims under crimes against children,2019_1679740463016Gender-wiseVictimsunderCrimesagasintChildrenduring2014-2019.xlsx
2017,All India,9.3,Kidnapping and Abduction in order to Murder,,144.0,39.0,112.0,0.0,151.0,NCRB CII Additional Table: Crime head-wise gender-wise victims under crimes against children,2019_1679740463016Gender-wiseVictimsunderCrimesagasintChildrenduring2014-2019.xlsx
2018,All India,9.3,Kidnapping and Abduction in order to Murder,,164.0,71.0,97.0,0.0,168.0,NCRB CII Additional Table: Crime head-wise gender-wise victims under crimes against children,2019_1679740463016Gender-wiseVictimsunderCrimesagasintChildrenduring2014-2019.xlsx
2019,All India,9.3,Kidnapping and Abduction in order to Murder,,77.0,30.0,58.0,0.0,88.0,NCRB CII Additional Table: Crime head-wise gender-wise victims under crimes against children,2019_1679740463016Gender-wiseVictimsunderCrimesagasintChildrenduring2014-2019.xlsx
2014,All India,9.4,Kidnapping for Ransom,,172.0,33.0,139.0,0.0,172.0,NCRB CII Additional Table: Crime head-wise gender-wise victims under crimes against children,2019_1679740463016Gender-wiseVictimsunderCrimesagasintChildrenduring2014-2019.xlsx
2015,All India,9.4,Kidnapping for Ransom,,142.0,35.0,112.0,0.0,147.0,NCRB CII Additional Table: Crime head-wise gender-wise victims under crimes against children,2019_1679740463016Gender-wiseVictimsunderCrimesagasintChildrenduring2014-2019.xlsx
2016,All India,9.4,Kidnapping for Ransom,,166.0,31.0,137.0,0.0,168.0,NCRB CII Additional Table: Crime head-wise gender-wise victims under crimes against children,2019_1679740463016Gender-wiseVictimsunderCrimesagasintChildrenduring2014-2019.xlsx
2017,All India,9.4,Kidnapping for Ransom,,95.0,34.0,64.0,0.0,98.0,NCRB CII Additional Table: Crime head-wise gender-wise victims under crimes against children,2019_1679740463016Gender-wiseVictimsunderCrimesagasintChildrenduring2014-2019.xlsx
2018,All India,9.4,Kidnapping for Ransom,,110.0,20.0,92.0,0.0,112.0,NCRB CII Additional Table: Crime head-wise gender-wise victims under crimes against children,2019_1679740463016Gender-wiseVictimsunderCrimesagasintChildrenduring2014-2019.xlsx
2019,All India,9.4,Kidnapping for Ransom,,102.0,26.0,76.0,0.0,102.0,NCRB CII Additional Table: Crime head-wise gender-wise victims under crimes against children,2019_1679740463016Gender-wiseVictimsunderCrimesagasintChildrenduring2014-2019.xlsx
2014,All India,9.5,Kidnapping and Abduction of Minor Girls to compel her for marriage,kidnap_girls,12243.0,12290.0,0.0,0.0,12290.0,NCRB CII Additional Table: Crime head-wise gender-wise victims under crimes against children,2019_1679740463016Gender-wiseVictimsunderCrimesagasintChildrenduring2014-2019.xlsx
2015,All India,9.5,Kidnapping and Abduction of Minor Girls to compel her for marriage,kidnap_girls,12516.0,12584.0,0.0,0.0,12584.0,NCRB CII Additional Table: Crime head-wise gender-wise victims under crimes against children,2019_1679740463016Gender-wiseVictimsunderCrimesagasintChildrenduring2014-2019.xlsx
2016,All India,9.5,Kidnapping and Abduction of Minor Girls to compel her for marriage,kidnap_girls,16636.0,16695.0,0.0,0.0,16695.0,NCRB CII Additional Table: Crime head-wise gender-wise victims under crimes against children,2019_1679740463016Gender-wiseVictimsunderCrimesagasintChildrenduring2014-2019.xlsx
2017,All India,9.5,Kidnapping and Abduction of Minor Girls to compel her for marriage,kidnap_girls,12124.0,12545.0,20.0,0.0,12565.0,NCRB CII Additional Table: Crime head-wise gender-wise victims under crimes against children,2019_1679740463016Gender-wiseVictimsunderCrimesagasintChildrenduring2014-2019.xlsx
2018,All India,9.5,Kidnapping and Abduction of Minor Girls to compel her for marriage,kidnap_girls,13587.0,13800.0,0.0,0.0,13800.0,NCRB CII Additional Table: Crime head-wise gender-wise victims under crimes against children,2019_1679740463016Gender-wiseVictimsunderCrimesagasintChildrenduring2014-2019.xlsx
2019,All India,9.5,Kidnapping and Abduction of Minor Girls to compel her for marriage,kidnap_girls,15649.0,15787.0,0.0,0.0,15787.0,NCRB CII Additional Table: Crime head-wise gender-wise victims under crimes against children,2019_1679740463016Gender-wiseVictimsunderCrimesagasintChildrenduring2014-2019.xlsx
2014,All India,9.6,Procuration of Minor Girls,procuration_minor_girls,2020.0,2012.0,13.0,0.0,2025.0,NCRB CII Additional Table: Crime head-wise gender-wise victims under crimes against children,2019_1679740463016Gender-wiseVictimsunderCrimesagasintChildrenduring2014-2019.xlsx
2015,All India,9.6,Procuration of Minor Girls,procuration_minor_girls,3087.0,3139.0,0.0,0.0,3139.0,NCRB CII Additional Table: Crime head-wise gender-wise victims under crimes against children,2019_1679740463016Gender-wiseVictimsunderCrimesagasintChildrenduring2014-2019.xlsx
2016,All India,9.6,Procuration of Minor Girls,procuration_minor_girls,2465.0,2488.0,0.0,0.0,2488.0,NCRB CII Additional Table: Crime head-wise gender-wise victims under crimes against children,2019_1679740463016Gender-wiseVictimsunderCrimesagasintChildrenduring2014-2019.xlsx
2017,All India,9.6,Procuration of Minor Girls,procuration_minor_girls,3382.0,3528.0,0.0,0.0,3528.0,NCRB CII Additional Table: Crime head-wise gender-wise victims under crimes against children,2019_1679740463016Gender-wiseVictimsunderCrimesagasintChildrenduring2014-2019.xlsx
2018,All India,9.6,Procuration of Minor Girls,procuration_minor_girls,3039.0,3348.0,0.0,0.0,3348.0,NCRB CII Additional Table: Crime head-wise gender-wise victims under crimes against children,2019_1679740463016Gender-wiseVictimsunderCrimesagasintChildrenduring2014-2019.xlsx
2019,All India,9.6,Procuration of Minor Girls,procuration_minor_girls,3117.0,3189.0,0.0,0.0,3189.0,NCRB CII Additional Table: Crime head-wise gender-wise victims under crimes against children,2019_1679740463016Gender-wiseVictimsunderCrimesagasintChildrenduring2014-2019.xlsx
2014,All India,9.7,Importation of Girls from Foreign Country,importation_girls,2.0,2.0,0.0,0.0,2.0,NCRB CII Additional Table: Crime head-wise gender-wise victims under crimes against children,2019_1679740463016Gender-wiseVictimsunderCrimesagasintChildrenduring2014-2019.xlsx
2015,All India,9.7,Importation of Girls from Foreign Country,importation_girls,2.0,2.0,0.0,0.0,2.0,NCRB CII Additional Table: Crime head-wise gender-wise victims under crimes against children,2019_1679740463016Gender-wiseVictimsunderCrimesagasintChildrenduring2014-2019.xlsx
2016,All India,9.7,Importation of Girls from Foreign Country,importation_girls,5.0,7.0,0.0,0.0,7.0,NCRB CII Additional Table: Crime head-wise gender-wise victims under crimes against children,2019_1679740463016Gender-wiseVictimsunderCrimesagasintChildrenduring2014-2019.xlsx
2017,All India,9.7,Importation of Girls from Foreign Country,importation_girls,2.0,2.0,0.0,0.0,2.0,NCRB CII Additional Table: Crime head-wise gender-wise victims under crimes against children,2019_1679740463016Gender-wiseVictimsunderCrimesagasintChildrenduring2014-2019.xlsx
2018,All India,9.7,Importation of Girls from Foreign Country,importation_girls,3.0,3.0,0.0,0.0,3.0,NCRB CII Additional Table: Crime head-wise gender-wise victims under crimes against children,2019_1679740463016Gender-wiseVictimsunderCrimesagasintChildrenduring2014-2019.xlsx
2019,All India,9.7,Importation of Girls from Foreign Country,importation_girls,2.0,2.0,0.0,0.0,2.0,NCRB CII Additional Table: Crime head-wise gender-wise victims under crimes against children,2019_1679740463016Gender-wiseVictimsunderCrimesagasintChildrenduring2014-2019.xlsx
2014,All India,9.8,Other Kidnapping & Abducion,,6550.0,3846.0,2856.0,0.0,6702.0,NCRB CII Additional Table: Crime head-wise gender-wise victims under crimes against children,2019_1679740463016Gender-wiseVictimsunderCrimesagasintChildrenduring2014-2019.xlsx
2015,All India,9.8,Other Kidnapping & Abducion,,5581.0,2804.0,2962.0,0.0,5766.0,NCRB CII Additional Table: Crime head-wise gender-wise victims under crimes against children,2019_1679740463016Gender-wiseVictimsunderCrimesagasintChildrenduring2014-2019.xlsx
2016,All India,9.8,Other Kidnapping & Abducion,,7695.0,4934.0,3047.0,0.0,7981.0,NCRB CII Additional Table: Crime head-wise gender-wise victims under crimes against children,2019_1679740463016Gender-wiseVictimsunderCrimesagasintChildrenduring2014-2019.xlsx
2017,All India,9.8,Other Kidnapping & Abducion,,3386.0,2342.0,1238.0,0.0,3580.0,NCRB CII Additional Table: Crime head-wise gender-wise victims under crimes against children,2019_1679740463016Gender-wiseVictimsunderCrimesagasintChildrenduring2014-2019.xlsx
2018,All India,9.8,Other Kidnapping & Abducion,,2786.0,1798.0,1052.0,0.0,2850.0,NCRB CII Additional Table: Crime head-wise gender-wise victims under crimes against children,2019_1679740463016Gender-wiseVictimsunderCrimesagasintChildrenduring2014-2019.xlsx
2019,All India,9.8,Other Kidnapping & Abducion,,2649.0,1847.0,938.0,0.0,2785.0,NCRB CII Additional Table: Crime head-wise gender-wise victims under crimes against children,2019_1679740463016Gender-wiseVictimsunderCrimesagasintChildrenduring2014-2019.xlsx
2015,All India,10,Human Trafficking,human_trafficking_children,221.0,173.0,357.0,0.0,530.0,NCRB CII Additional Table: Crime head-wise gender-wise victims under crimes against children,2019_1679740463016Gender-wiseVictimsunderCrimesagasintChildrenduring2014-2019.xlsx
2016,All India,10,Human Trafficking,human_trafficking_children,340.0,359.0,404.0,0.0,763.0,NCRB CII Additional Table: Crime head-wise gender-wise victims under crimes against children,2019_1679740463016Gender-wiseVictimsunderCrimesagasintChildrenduring2014-2019.xlsx
2017,All India,10,Human Trafficking,human_trafficking_children,330.0,285.0,453.0,0.0,738.0,NCRB CII Additional Table: Crime head-wise gender-wise victims under crimes against children,2019_1679740463016Gender-wiseVictimsunderCrimesagasintChildrenduring2014-2019.xlsx
2018,All India,10,Human Trafficking,human_trafficking_children,435.0,415.0,627.0,0.0,1042.0,NCRB CII Additional Table: Crime head-wise gender-wise victims under crimes against children,2019_1679740463016Gender-wiseVictimsunderCrimesagasintChildrenduring2014-2019.xlsx
2019,All India,10,Human Trafficking,human_trafficking_children,477.0,496.0,617.0,0.0,1113.0,NCRB CII Additional Table: Crime head-wise gender-wise victims under crimes against children,2019_1679740463016Gender-wiseVictimsunderCrimesagasintChildrenduring2014-2019.xlsx
2014,All India,11,Selling of Minors for Prostitution,selling_minors_total,82.0,82.0,5.0,0.0,87.0,NCRB CII Additional Table: Crime head-wise gender-wise victims under crimes against children,2019_1679740463016Gender-wiseVictimsunderCrimesagasintChildrenduring2014-2019.xlsx
2015,All India,11,Selling of Minors for Prostitution,selling_minors_total,111.0,116.0,2.0,0.0,118.0,NCRB CII Additional Table: Crime head-wise gender-wise victims under crimes against children,2019_1679740463016Gender-wiseVictimsunderCrimesagasintChildrenduring2014-2019.xlsx
2016,All India,11,Selling of Minors for Prostitution,selling_minors_total,122.0,131.0,4.0,0.0,135.0,NCRB CII Additional Table: Crime head-wise gender-wise victims under crimes against children,2019_1679740463016Gender-wiseVictimsunderCrimesagasintChildrenduring2014-2019.xlsx
2017,All India,11,Selling of Minors for Prostitution,selling_minors_total,81.0,90.0,1.0,0.0,91.0,NCRB CII Additional Table: Crime head-wise gender-wise victims under crimes against children,2019_1679740463016Gender-wiseVictimsunderCrimesagasintChildrenduring2014-2019.xlsx
2018,All India,11,Selling of Minors for Prostitution,selling_minors_total,42.0,52.0,2.0,0.0,54.0,NCRB CII Additional Table: Crime head-wise gender-wise victims under crimes against children,2019_1679740463016Gender-wiseVictimsunderCrimesagasintChildrenduring2014-2019.xlsx
2019,All India,11,Selling of Minors for Prostitution,selling_minors_total,24.0,26.0,2.0,0.0,28.0,NCRB CII Additional Table: Crime head-wise gender-wise victims under crimes against children,2019_1679740463016Gender-wiseVictimsunderCrimesagasintChildrenduring2014-2019.xlsx
2017,All India,11.1,Selling of Minors for Prostitution - Boys,,1.0,0.0,1.0,0.0,1.0,NCRB CII Additional Table: Crime head-wise gender-wise victims under crimes against children,2019_1679740463016Gender-wiseVictimsunderCrimesagasintChildrenduring2014-2019.xlsx
2018,All India,11.1,Selling of Minors for Prostitution - Boys,,2.0,0.0,2.0,0.0,2.0,NCRB CII Additional Table: Crime head-wise gender-wise victims under crimes against children,2019_1679740463016Gender-wiseVictimsunderCrimesagasintChildrenduring2014-2019.xlsx
2019,All India,11.1,Selling of Minors for Prostitution - Boys,,2.0,0.0,2.0,0.0,2.0,NCRB CII Additional Table: Crime head-wise gender-wise victims under crimes against children,2019_1679740463016Gender-wiseVictimsunderCrimesagasintChildrenduring2014-2019.xlsx
2017,All India,11.2,Selling of Minors for Prostitution - Girls,selling_minor_girls,80.0,90.0,0.0,0.0,90.0,NCRB CII Additional Table: Crime head-wise gender-wise victims under crimes against children,2019_1679740463016Gender-wiseVictimsunderCrimesagasintChildrenduring2014-2019.xlsx
2018,All India,11.2,Selling of Minors for Prostitution - Girls,selling_minor_girls,40.0,52.0,0.0,0.0,52.0,NCRB CII Additional Table: Crime head-wise gender-wise victims under crimes against children,2019_1679740463016Gender-wiseVictimsunderCrimesagasintChildrenduring2014-2019.xlsx
2019,All India,11.2,Selling of Minors for Prostitution - Girls,selling_minor_girls,22.0,26.0,0.0,0.0,26.0,NCRB CII Additional Table: Crime head-wise gender-wise victims under crimes against children,2019_1679740463016Gender-wiseVictimsunderCrimesagasintChildrenduring2014-2019.xlsx
2014,All India,12,Buying of Minors for Prostitution,buying_minors_total,14.0,18.0,0.0,0.0,18.0,NCRB CII Additional Table: Crime head-wise gender-wise victims under crimes against children,2019_1679740463016Gender-wiseVictimsunderCrimesagasintChildrenduring2014-2019.xlsx
2015,All India,12,Buying of Minors for Prostitution,buying_minors_total,11.0,9.0,2.0,0.0,11.0,NCRB CII Additional Table: Crime head-wise gender-wise victims under crimes against children,2019_1679740463016Gender-wiseVictimsunderCrimesagasintChildrenduring2014-2019.xlsx
2016,All India,12,Buying of Minors for Prostitution,buying_minors_total,7.0,7.0,0.0,0.0,7.0,NCRB CII Additional Table: Crime head-wise gender-wise victims under crimes against children,2019_1679740463016Gender-wiseVictimsunderCrimesagasintChildrenduring2014-2019.xlsx
2017,All India,12,Buying of Minors for Prostitution,buying_minors_total,4.0,4.0,0.0,0.0,4.0,NCRB CII Additional Table: Crime head-wise gender-wise victims under crimes against children,2019_1679740463016Gender-wiseVictimsunderCrimesagasintChildrenduring2014-2019.xlsx
2018,All India,12,Buying of Minors for Prostitution,buying_minors_total,8.0,8.0,0.0,0.0,8.0,NCRB CII Additional Table: Crime head-wise gender-wise victims under crimes against children,2019_1679740463016Gender-wiseVictimsunderCrimesagasintChildrenduring2014-2019.xlsx
2019,All India,12,Buying of Minors for Prostitution,buying_minors_total,8.0,8.0,0.0,0.0,8.0,NCRB CII Additional Table: Crime head-wise gender-wise victims under crimes against children,2019_1679740463016Gender-wiseVictimsunderCrimesagasintChildrenduring2014-2019.xlsx
2017,All India,12.1,Buying of Minors for Prostitution - Boys,,0.0,0.0,0.0,0.0,0.0,NCRB CII Additional Table: Crime head-wise gender-wise victims under crimes against children,2019_1679740463016Gender-wiseVictimsunderCrimesagasintChildrenduring2014-2019.xlsx
2018,All India,12.1,Buying of Minors for Prostitution - Boys,,0.0,0.0,0.0,0.0,0.0,NCRB CII Additional Table: Crime head-wise gender-wise victims under crimes against children,2019_1679740463016Gender-wiseVictimsunderCrimesagasintChildrenduring2014-2019.xlsx
2019,All India,12.1,Buying of Minors for Prostitution - Boys,,0.0,0.0,0.0,0.0,0.0,NCRB CII Additional Table: Crime head-wise gender-wise victims under crimes against children,2019_1679740463016Gender-wiseVictimsunderCrimesagasintChildrenduring2014-2019.xlsx
2017,All India,12.2,Buying of Minors for Prostitution - Girls,buying_minor_girls,4.0,4.0,0.0,0.0,4.0,NCRB CII Additional Table: Crime head-wise gender-wise victims under crimes against children,2019_1679740463016Gender-wiseVictimsunderCrimesagasintChildrenduring2014-2019.xlsx
2018,All India,12.2,Buying of Minors for Prostitution - Girls,buying_minor_girls,8.0,8.0,0.0,0.0,8.0,NCRB CII Additional Table: Crime head-wise gender-wise victims under crimes against children,2019_1679740463016Gender-wiseVictimsunderCrimesagasintChildrenduring2014-2019.xlsx
2019,All India,12.2,Buying of Minors for Prostitution - Girls,buying_minor_girls,8.0,8.0,0.0,0.0,8.0,NCRB CII Additional Table: Crime head-wise gender-wise victims under crimes against children,2019_1679740463016Gender-wiseVictimsunderCrimesagasintChildrenduring2014-2019.xlsx
2016,All India,13,Rape,rape_minor,0.0,0.0,0.0,0.0,0.0,NCRB CII Additional Table: Crime head-wise gender-wise victims under crimes against children,2019_1679740463016Gender-wiseVictimsunderCrimesagasintChildrenduring2014-2019.xlsx
2017,All India,13,Rape,rape_minor,10059.0,10221.0,0.0,0.0,10221.0,NCRB CII Additional Table: Crime head-wise gender-wise victims under crimes against children,2019_1679740463016Gender-wiseVictimsunderCrimesagasintChildrenduring2014-2019.xlsx
2018,All India,13,Rape,rape_minor,9312.0,9433.0,0.0,0.0,9433.0,NCRB CII Additional Table: Crime head-wise gender-wise victims under crimes against children,2019_1679740463016Gender-wiseVictimsunderCrimesagasintChildrenduring2014-2019.xlsx
2019,All India,13,Rape,rape_minor,4940.0,4977.0,0.0,0.0,4977.0,NCRB CII Additional Table: Crime head-wise gender-wise victims under crimes against children,2019_1679740463016Gender-wiseVictimsunderCrimesagasintChildrenduring2014-2019.xlsx
2017,All India,14,Attempt to Commit Rape,attempt_rape_minor,457.0,465.0,0.0,0.0,465.0,NCRB CII Additional Table: Crime head-wise gender-wise victims under crimes against children,2019_1679740463016Gender-wiseVictimsunderCrimesagasintChildrenduring2014-2019.xlsx
2018,All India,14,Attempt to Commit Rape,attempt_rape_minor,445.0,451.0,0.0,0.0,451.0,NCRB CII Additional Table: Crime head-wise gender-wise victims under crimes against children,2019_1679740463016Gender-wiseVictimsunderCrimesagasintChildrenduring2014-2019.xlsx
2019,All India,14,Attempt to Commit Rape,attempt_rape_minor,336.0,348.0,0.0,0.0,348.0,NCRB CII Additional Table: Crime head-wise gender-wise victims under crimes against children,2019_1679740463016Gender-wiseVictimsunderCrimesagasintChildrenduring2014-2019.xlsx
2016,All India,15,Assault on Women with Intent to Outrage her Modesty,assault_modesty_minor,0.0,0.0,0.0,0.0,0.0,NCRB CII Additional Table: Crime head-wise gender-wise victims under crimes against children,2019_1679740463016Gender-wiseVictimsunderCrimesagasintChildrenduring2014-2019.xlsx
2017,All India,15,Assault on Women with Intent to Outrage her Modesty,assault_modesty_minor,8269.0,8440.0,0.0,0.0,8440.0,NCRB CII Additional Table: Crime head-wise gender-wise victims under crimes against children,2019_1679740463016Gender-wiseVictimsunderCrimesagasintChildrenduring2014-2019.xlsx
2018,All India,15,Assault on Women with Intent to Outrage her Modesty,assault_modesty_minor,8030.0,8082.0,0.0,0.0,8082.0,NCRB CII Additional Table: Crime head-wise gender-wise victims under crimes against children,2019_1679740463016Gender-wiseVictimsunderCrimesagasintChildrenduring2014-2019.xlsx
2019,All India,15,Assault on Women with Intent to Outrage her Modesty,assault_modesty_minor,4228.0,4279.0,0.0,0.0,4279.0,NCRB CII Additional Table: Crime head-wise gender-wise victims under crimes against children,2019_1679740463016Gender-wiseVictimsunderCrimesagasintChildrenduring2014-2019.xlsx
2016,All India,16,Insult to the Modesty of Women,insult_modesty_minor,0.0,0.0,0.0,0.0,0.0,NCRB CII Additional Table: Crime head-wise gender-wise victims under crimes against children,2019_1679740463016Gender-wiseVictimsunderCrimesagasintChildrenduring2014-2019.xlsx
2017,All India,16,Insult to the Modesty of Women,insult_modesty_minor,312.0,360.0,0.0,0.0,360.0,NCRB CII Additional Table: Crime head-wise gender-wise victims under crimes against children,2019_1679740463016Gender-wiseVictimsunderCrimesagasintChildrenduring2014-2019.xlsx
2018,All India,16,Insult to the Modesty of Women,insult_modesty_minor,172.0,175.0,0.0,0.0,175.0,NCRB CII Additional Table: Crime head-wise gender-wise victims under crimes against children,2019_1679740463016Gender-wiseVictimsunderCrimesagasintChildrenduring2014-2019.xlsx
2019,All India,16,Insult to the Modesty of Women,insult_modesty_minor,100.0,102.0,0.0,0.0,102.0,NCRB CII Additional Table: Crime head-wise gender-wise victims under crimes against children,2019_1679740463016Gender-wiseVictimsunderCrimesagasintChildrenduring2014-2019.xlsx
2014,All India,17,Other IPC Crimes,,9249.0,3343.0,6907.0,3.0,10253.0,NCRB CII Additional Table: Crime head-wise gender-wise victims under crimes against children,2019_1679740463016Gender-wiseVictimsunderCrimesagasintChildrenduring2014-2019.xlsx
2015,All India,17,Other IPC Crimes,,9125.0,2760.0,7215.0,0.0,9975.0,NCRB CII Additional Table: Crime head-wise gender-wise victims under crimes against children,2019_1679740463016Gender-wiseVictimsunderCrimesagasintChildrenduring2014-2019.xlsx
2016,All India,17,Other IPC Crimes,,9963.0,3146.0,7370.0,0.0,10516.0,NCRB CII Additional Table: Crime head-wise gender-wise victims under crimes against children,2019_1679740463016Gender-wiseVictimsunderCrimesagasintChildrenduring2014-2019.xlsx
2017,All India,17,Other IPC Crimes,,12278.0,4889.0,10670.0,0.0,15559.0,NCRB CII Additional Table: Crime head-wise gender-wise victims under crimes against children,2019_1679740463016Gender-wiseVictimsunderCrimesagasintChildrenduring2014-2019.xlsx
2018,All India,17,Other IPC Crimes,,11346.0,5141.0,9718.0,0.0,14859.0,NCRB CII Additional Table: Crime head-wise gender-wise victims under crimes against children,2019_1679740463016Gender-wiseVictimsunderCrimesagasintChildrenduring2014-2019.xlsx
2019,All India,17,Other IPC Crimes,,10648.0,4762.0,8606.0,0.0,13368.0,NCRB CII Additional Table: Crime head-wise gender-wise victims under crimes against children,2019_1679740463016Gender-wiseVictimsunderCrimesagasintChildrenduring2014-2019.xlsx
2017,All India,18,Total IPC Crimes against Children,,92814.0,70600.0,29997.0,2.0,100599.0,NCRB CII Additional Table: Crime head-wise gender-wise victims under crimes against children,2019_1679740463016Gender-wiseVictimsunderCrimesagasintChildrenduring2014-2019.xlsx
2018,All India,18,Total IPC Crimes against Children,,98730.0,75468.0,30052.0,2.0,105522.0,NCRB CII Additional Table: Crime head-wise gender-wise victims under crimes against children,2019_1679740463016Gender-wiseVictimsunderCrimesagasintChildrenduring2014-2019.xlsx
2019,All India,18,Total IPC Crimes against Children,,97285.0,73356.0,30381.0,0.0,103737.0,NCRB CII Additional Table: Crime head-wise gender-wise victims under crimes against children,2019_1679740463016Gender-wiseVictimsunderCrimesagasintChildrenduring2014-2019.xlsx
2014,All India,19,Protection of Children from Sexual Offences Act.,pocso_total,34449.0,34331.0,315.0,0.0,34646.0,NCRB CII Additional Table: Crime head-wise gender-wise victims under crimes against children,2019_1679740463016Gender-wiseVictimsunderCrimesagasintChildrenduring2014-2019.xlsx
2015,All India,19,Protection of Children from Sexual Offences Act.,pocso_total,34505.0,34123.0,655.0,0.0,34778.0,NCRB CII Additional Table: Crime head-wise gender-wise victims under crimes against children,2019_1679740463016Gender-wiseVictimsunderCrimesagasintChildrenduring2014-2019.xlsx
2016,All India,19,Protection of Children from Sexual Offences Act.,pocso_total,36022.0,35853.0,467.0,1.0,36321.0,NCRB CII Additional Table: Crime head-wise gender-wise victims under crimes against children,2019_1679740463016Gender-wiseVictimsunderCrimesagasintChildrenduring2014-2019.xlsx
2017,All India,19,Protection of Children from Sexual Offences Act.,pocso_total,32608.0,32254.0,956.0,0.0,33210.0,NCRB CII Additional Table: Crime head-wise gender-wise victims under crimes against children,2019_1679740463016Gender-wiseVictimsunderCrimesagasintChildrenduring2014-2019.xlsx
2018,All India,19,Protection of Children from Sexual Offences Act.,pocso_total,39827.0,39741.0,1069.0,0.0,40810.0,NCRB CII Additional Table: Crime head-wise gender-wise victims under crimes against children,2019_1679740463016Gender-wiseVictimsunderCrimesagasintChildrenduring2014-2019.xlsx
2019,All India,19,Protection of Children from Sexual Offences Act.,pocso_total,47335.0,46682.0,1361.0,0.0,48043.0,NCRB CII Additional Table: Crime head-wise gender-wise victims under crimes against children,2019_1679740463016Gender-wiseVictimsunderCrimesagasintChildrenduring2014-2019.xlsx
2014,All India,19.1,Section 4 & 6 of POCSO Act or POCSO Act ( Section 4 & 6) r/w Section 376 IPC,pocso_penetrative,18661.0,18647.0,116.0,0.0,18763.0,NCRB CII Additional Table: Crime head-wise gender-wise victims under crimes against children,2019_1679740463016Gender-wiseVictimsunderCrimesagasintChildrenduring2014-2019.xlsx
2015,All India,19.1,Section 4 & 6 of POCSO Act or POCSO Act ( Section 4 & 6) r/w Section 376 IPC,pocso_penetrative,19654.0,19508.0,259.0,0.0,19767.0,NCRB CII Additional Table: Crime head-wise gender-wise victims under crimes against children,2019_1679740463016Gender-wiseVictimsunderCrimesagasintChildrenduring2014-2019.xlsx
2016,All India,19.1,Section 4 & 6 of POCSO Act or POCSO Act ( Section 4 & 6) r/w Section 376 IPC,pocso_penetrative,19765.0,19855.0,65.0,0.0,19920.0,NCRB CII Additional Table: Crime head-wise gender-wise victims under crimes against children,2019_1679740463016Gender-wiseVictimsunderCrimesagasintChildrenduring2014-2019.xlsx
2017,All India,19.1,Section 4 & 6 of POCSO Act or POCSO Act ( Section 4 & 6) r/w Section 376 IPC,pocso_penetrative,17557.0,17597.0,183.0,0.0,17780.0,NCRB CII Additional Table: Crime head-wise gender-wise victims under crimes against children,2019_1679740463016Gender-wiseVictimsunderCrimesagasintChildrenduring2014-2019.xlsx
2018,All India,19.1,Section 4 & 6 of POCSO Act or POCSO Act ( Section 4 & 6) r/w Section 376 IPC,pocso_penetrative,21605.0,21848.0,229.0,0.0,22077.0,NCRB CII Additional Table: Crime head-wise gender-wise victims under crimes against children,2019_1679740463016Gender-wiseVictimsunderCrimesagasintChildrenduring2014-2019.xlsx
2019,All India,19.1,Section 4 & 6 of POCSO Act or POCSO Act ( Section 4 & 6) r/w Section 376 IPC,pocso_penetrative,26192.0,26229.0,268.0,0.0,26497.0,NCRB CII Additional Table: Crime head-wise gender-wise victims under crimes against children,2019_1679740463016Gender-wiseVictimsunderCrimesagasintChildrenduring2014-2019.xlsx
2017,All India,19.1.1A,Section 4 & 6 of POCSO Act or POCSO Act ( Section 4 & 6) r/w Section 376 IPC - Girls,pocso_penetrative_girls,17382.0,17597.0,0.0,0.0,17597.0,NCRB CII Additional Table: Crime head-wise gender-wise victims under crimes against children,2019_1679740463016Gender-wiseVictimsunderCrimesagasintChildrenduring2014-2019.xlsx
2018,All India,19.1.1A,Section 4 & 6 of POCSO Act or POCSO Act ( Section 4 & 6) r/w Section 376 IPC - Girls,pocso_penetrative_girls,21401.0,21848.0,0.0,0.0,21848.0,NCRB CII Additional Table: Crime head-wise gender-wise victims under crimes against children,2019_1679740463016Gender-wiseVictimsunderCrimesagasintChildrenduring2014-2019.xlsx
2019,All India,19.1.1A,Section 4 & 6 of POCSO Act or POCSO Act ( Section 4 & 6) r/w Section 376 IPC - Girls,pocso_penetrative_girls,25934.0,26229.0,0.0,0.0,26229.0,NCRB CII Additional Table: Crime head-wise gender-wise victims under crimes against children,2019_1679740463016Gender-wiseVictimsunderCrimesagasintChildrenduring2014-2019.xlsx
2017,All India,19.1.1B,Section 4 & 6 of POCSO Act or POCSO Act ( Section 4 & 6) r/w Section 376 IPC - Boys,pocso_penetrative,175.0,0.0,183.0,0.0,183.0,NCRB CII Additional Table: Crime head-wise gender-wise victims under crimes against children,2019_1679740463016Gender-wiseVictimsunderCrimesagasintChildrenduring2014-2019.xlsx
2018,All India,19.1.1B,Section 4 & 6 of POCSO Act or POCSO Act ( Section 4 & 6) r/w Section 376 IPC - Boys,pocso_penetrative,204.0,0.0,229.0,0.0,229.0,NCRB CII Additional Table: Crime head-wise gender-wise victims under crimes against children,2019_1679740463016Gender-wiseVictimsunderCrimesagasintChildrenduring2014-2019.xlsx
2019,All India,19.1.1B,Section 4 & 6 of POCSO Act or POCSO Act ( Section 4 & 6) r/w Section 376 IPC - Boys,pocso_penetrative,258.0,0.0,268.0,0.0,268.0,NCRB CII Additional Table: Crime head-wise gender-wise victims under crimes against children,2019_1679740463016Gender-wiseVictimsunderCrimesagasintChildrenduring2014-2019.xlsx
2014,All India,19.2,Section 8 & 10 of POCSO Act or POCSO Act (Section 8 & 10) r/w Section 354 IPC,pocso_sexual_assault,13724.0,13690.0,113.0,0.0,13803.0,NCRB CII Additional Table: Crime head-wise gender-wise victims under crimes against children,2019_1679740463016Gender-wiseVictimsunderCrimesagasintChildrenduring2014-2019.xlsx
2015,All India,19.2,Section 8 & 10 of POCSO Act or POCSO Act (Section 8 & 10) r/w Section 354 IPC,pocso_sexual_assault,12527.0,12492.0,146.0,0.0,12638.0,NCRB CII Additional Table: Crime head-wise gender-wise victims under crimes against children,2019_1679740463016Gender-wiseVictimsunderCrimesagasintChildrenduring2014-2019.xlsx
2016,All India,19.2,Section 8 & 10 of POCSO Act or POCSO Act (Section 8 & 10) r/w Section 354 IPC,pocso_sexual_assault,12226.0,12210.0,118.0,1.0,12329.0,NCRB CII Additional Table: Crime head-wise gender-wise victims under crimes against children,2019_1679740463016Gender-wiseVictimsunderCrimesagasintChildrenduring2014-2019.xlsx
2017,All India,19.2,Section 8 & 10 of POCSO Act or POCSO Act (Section 8 & 10) r/w Section 354 IPC,pocso_sexual_assault,12016.0,12224.0,119.0,0.0,12343.0,NCRB CII Additional Table: Crime head-wise gender-wise victims under crimes against children,2019_1679740463016Gender-wiseVictimsunderCrimesagasintChildrenduring2014-2019.xlsx
2018,All India,19.2,Section 8 & 10 of POCSO Act or POCSO Act (Section 8 & 10) r/w Section 354 IPC,pocso_sexual_assault,14320.0,14558.0,199.0,0.0,14757.0,NCRB CII Additional Table: Crime head-wise gender-wise victims under crimes against children,2019_1679740463016Gender-wiseVictimsunderCrimesagasintChildrenduring2014-2019.xlsx
2019,All India,19.2,Section 8 & 10 of POCSO Act or POCSO Act (Section 8 & 10) r/w Section 354 IPC,pocso_sexual_assault,16399.0,16420.0,269.0,0.0,16689.0,NCRB CII Additional Table: Crime head-wise gender-wise victims under crimes against children,2019_1679740463016Gender-wiseVictimsunderCrimesagasintChildrenduring2014-2019.xlsx
2017,All India,19.2.1A,Section 8 & 10 of POCSO Act or POCSO Act (Section 8 & 10) r/w Section 354 IPC - Girls,pocso_sexual_assault_girls,11899.0,12224.0,0.0,0.0,12224.0,NCRB CII Additional Table: Crime head-wise gender-wise victims under crimes against children,2019_1679740463016Gender-wiseVictimsunderCrimesagasintChildrenduring2014-2019.xlsx
2018,All India,19.2.1A,Section 8 & 10 of POCSO Act or POCSO Act (Section 8 & 10) r/w Section 354 IPC - Girls,pocso_sexual_assault_girls,14124.0,14558.0,0.0,0.0,14558.0,NCRB CII Additional Table: Crime head-wise gender-wise victims under crimes against children,2019_1679740463016Gender-wiseVictimsunderCrimesagasintChildrenduring2014-2019.xlsx
2019,All India,19.2.1A,Section 8 & 10 of POCSO Act or POCSO Act (Section 8 & 10) r/w Section 354 IPC - Girls,pocso_sexual_assault_girls,16139.0,16420.0,0.0,0.0,16420.0,NCRB CII Additional Table: Crime head-wise gender-wise victims under crimes against children,2019_1679740463016Gender-wiseVictimsunderCrimesagasintChildrenduring2014-2019.xlsx
2017,All India,19.2.1B,Section 8 & 10 of POCSO Act or POCSO Act (Section 8 & 10) r/w Section 354 IPC - Boys,pocso_sexual_assault,117.0,0.0,119.0,0.0,119.0,NCRB CII Additional Table: Crime head-wise gender-wise victims under crimes against children,2019_1679740463016Gender-wiseVictimsunderCrimesagasintChildrenduring2014-2019.xlsx
2018,All India,19.2.1B,Section 8 & 10 of POCSO Act or POCSO Act (Section 8 & 10) r/w Section 354 IPC - Boys,pocso_sexual_assault,196.0,0.0,199.0,0.0,199.0,NCRB CII Additional Table: Crime head-wise gender-wise victims under crimes against children,2019_1679740463016Gender-wiseVictimsunderCrimesagasintChildrenduring2014-2019.xlsx
2019,All India,19.2.1B,Section 8 & 10 of POCSO Act or POCSO Act (Section 8 & 10) r/w Section 354 IPC - Boys,pocso_sexual_assault,260.0,0.0,269.0,0.0,269.0,NCRB CII Additional Table: Crime head-wise gender-wise victims under crimes against children,2019_1679740463016Gender-wiseVictimsunderCrimesagasintChildrenduring2014-2019.xlsx
2014,All India,19.3,Section 12 of POCSO Act or POCSO Act (Section 12) r/w Section 509 IPC,pocso_harassment,444.0,447.0,0.0,0.0,447.0,NCRB CII Additional Table: Crime head-wise gender-wise victims under crimes against children,2019_1679740463016Gender-wiseVictimsunderCrimesagasintChildrenduring2014-2019.xlsx
2015,All India,19.3,Section 12 of POCSO Act or POCSO Act (Section 12) r/w Section 509 IPC,pocso_harassment,348.0,353.0,0.0,0.0,353.0,NCRB CII Additional Table: Crime head-wise gender-wise victims under crimes against children,2019_1679740463016Gender-wiseVictimsunderCrimesagasintChildrenduring2014-2019.xlsx
2016,All India,19.3,Section 12 of POCSO Act or POCSO Act (Section 12) r/w Section 509 IPC,pocso_harassment,934.0,926.0,15.0,0.0,941.0,NCRB CII Additional Table: Crime head-wise gender-wise victims under crimes against children,2019_1679740463016Gender-wiseVictimsunderCrimesagasintChildrenduring2014-2019.xlsx
2017,All India,19.3,Section 12 of POCSO Act or POCSO Act (Section 12) r/w Section 509 IPC,pocso_harassment,1329.0,1322.0,37.0,0.0,1359.0,NCRB CII Additional Table: Crime head-wise gender-wise victims under crimes against children,2019_1679740463016Gender-wiseVictimsunderCrimesagasintChildrenduring2014-2019.xlsx
2018,All India,19.3,Section 12 of POCSO Act or POCSO Act (Section 12) r/w Section 509 IPC,pocso_harassment,1686.0,1685.0,35.0,0.0,1720.0,NCRB CII Additional Table: Crime head-wise gender-wise victims under crimes against children,2019_1679740463016Gender-wiseVictimsunderCrimesagasintChildrenduring2014-2019.xlsx
2019,All India,19.3,Section 12 of POCSO Act or POCSO Act (Section 12) r/w Section 509 IPC,pocso_harassment,1917.0,1961.0,55.0,0.0,2016.0,NCRB CII Additional Table: Crime head-wise gender-wise victims under crimes against children,2019_1679740463016Gender-wiseVictimsunderCrimesagasintChildrenduring2014-2019.xlsx
2017,All India,19.3.1A,Section 12 of POCSO Act or POCSO Act (Section 12) r/w Section 509 IPC - Girls,pocso_harassment_girls,1293.0,1322.0,0.0,0.0,1322.0,NCRB CII Additional Table: Crime head-wise gender-wise victims under crimes against children,2019_1679740463016Gender-wiseVictimsunderCrimesagasintChildrenduring2014-2019.xlsx
2018,All India,19.3.1A,Section 12 of POCSO Act or POCSO Act (Section 12) r/w Section 509 IPC - Girls,pocso_harassment_girls,1651.0,1685.0,0.0,0.0,1685.0,NCRB CII Additional Table: Crime head-wise gender-wise victims under crimes against children,2019_1679740463016Gender-wiseVictimsunderCrimesagasintChildrenduring2014-2019.xlsx
2019,All India,19.3.1A,Section 12 of POCSO Act or POCSO Act (Section 12) r/w Section 509 IPC - Girls,pocso_harassment_girls,1866.0,1961.0,0.0,0.0,1961.0,NCRB CII Additional Table: Crime head-wise gender-wise victims under crimes against children,2019_1679740463016Gender-wiseVictimsunderCrimesagasintChildrenduring2014-2019.xlsx
2017,All India,19.3.1B,Section 12 of POCSO Act or POCSO Act (Section 12) r/w Section 509 IPC - Boys,pocso_harassment,36.0,0.0,37.0,0.0,37.0,NCRB CII Additional Table: Crime head-wise gender-wise victims under crimes against children,2019_1679740463016Gender-wiseVictimsunderCrimesagasintChildrenduring2014-2019.xlsx
2018,All India,19.3.1B,Section 12 of POCSO Act or POCSO Act (Section 12) r/w Section 509 IPC - Boys,pocso_harassment,35.0,0.0,35.0,0.0,35.0,NCRB CII Additional Table: Crime head-wise gender-wise victims under crimes against children,2019_1679740463016Gender-wiseVictimsunderCrimesagasintChildrenduring2014-2019.xlsx
2019,All India,19.3.1B,Section 12 of POCSO Act or POCSO Act (Section 12) r/w Section 509 IPC - Boys,pocso_harassment,51.0,0.0,55.0,0.0,55.0,NCRB CII Additional Table: Crime head-wise gender-wise victims under crimes against children,2019_1679740463016Gender-wiseVictimsunderCrimesagasintChildrenduring2014-2019.xlsx
2014,All India,19.4,Section 14 & 15 of POCSO Act,pocso_pornography,40.0,40.0,0.0,0.0,40.0,NCRB CII Additional Table: Crime head-wise gender-wise victims under crimes against children,2019_1679740463016Gender-wiseVictimsunderCrimesagasintChildrenduring2014-2019.xlsx
2015,All India,19.4,Section 14 & 15 of POCSO Act,pocso_pornography,94.0,93.0,3.0,0.0,96.0,NCRB CII Additional Table: Crime head-wise gender-wise victims under crimes against children,2019_1679740463016Gender-wiseVictimsunderCrimesagasintChildrenduring2014-2019.xlsx
2016,All India,19.4,Section 14 & 15 of POCSO Act,pocso_pornography,47.0,45.0,3.0,0.0,48.0,NCRB CII Additional Table: Crime head-wise gender-wise victims under crimes against children,2019_1679740463016Gender-wiseVictimsunderCrimesagasintChildrenduring2014-2019.xlsx
2017,All India,19.4,Section 14 & 15 of POCSO Act,pocso_pornography,374.0,339.0,43.0,0.0,382.0,NCRB CII Additional Table: Crime head-wise gender-wise victims under crimes against children,2019_1679740463016Gender-wiseVictimsunderCrimesagasintChildrenduring2014-2019.xlsx
2018,All India,19.4,Section 14 & 15 of POCSO Act,pocso_pornography,812.0,790.0,31.0,0.0,821.0,NCRB CII Additional Table: Crime head-wise gender-wise victims under crimes against children,2019_1679740463016Gender-wiseVictimsunderCrimesagasintChildrenduring2014-2019.xlsx
2019,All India,19.4,Section 14 & 15 of POCSO Act,pocso_pornography,1114.0,1081.0,36.0,0.0,1117.0,NCRB CII Additional Table: Crime head-wise gender-wise victims under crimes against children,2019_1679740463016Gender-wiseVictimsunderCrimesagasintChildrenduring2014-2019.xlsx
2017,All India,19.4.1A,Section 14 & 15 of POCSO Act - Girls,pocso_pornography_girls,331.0,339.0,0.0,0.0,339.0,NCRB CII Additional Table: Crime head-wise gender-wise victims under crimes against children,2019_1679740463016Gender-wiseVictimsunderCrimesagasintChildrenduring2014-2019.xlsx
2018,All India,19.4.1A,Section 14 & 15 of POCSO Act - Girls,pocso_pornography_girls,781.0,790.0,0.0,0.0,790.0,NCRB CII Additional Table: Crime head-wise gender-wise victims under crimes against children,2019_1679740463016Gender-wiseVictimsunderCrimesagasintChildrenduring2014-2019.xlsx
2019,All India,19.4.1A,Section 14 & 15 of POCSO Act - Girls,pocso_pornography_girls,1079.0,1081.0,0.0,0.0,1081.0,NCRB CII Additional Table: Crime head-wise gender-wise victims under crimes against children,2019_1679740463016Gender-wiseVictimsunderCrimesagasintChildrenduring2014-2019.xlsx
2017,All India,19.4.1B,Section 14 & 15 of POCSO Act - Boys,pocso_pornography,43.0,0.0,43.0,0.0,43.0,NCRB CII Additional Table: Crime head-wise gender-wise victims under crimes against children,2019_1679740463016Gender-wiseVictimsunderCrimesagasintChildrenduring2014-2019.xlsx
2018,All India,19.4.1B,Section 14 & 15 of POCSO Act - Boys,pocso_pornography,31.0,0.0,31.0,0.0,31.0,NCRB CII Additional Table: Crime head-wise gender-wise victims under crimes against children,2019_1679740463016Gender-wiseVictimsunderCrimesagasintChildrenduring2014-2019.xlsx
2019,All India,19.4.1B,Section 14 & 15 of POCSO Act - Boys,pocso_pornography,35.0,0.0,36.0,0.0,36.0,NCRB CII Additional Table: Crime head-wise gender-wise victims under crimes against children,2019_1679740463016Gender-wiseVictimsunderCrimesagasintChildrenduring2014-2019.xlsx
2017,All India,19.5,POCSO Act r/w Section 377 IPC,pocso_unnatural_377,655.0,152.0,512.0,0.0,664.0,NCRB CII Additional Table: Crime head-wise gender-wise victims under crimes against children,2019_1679740463016Gender-wiseVictimsunderCrimesagasintChildrenduring2014-2019.xlsx
2018,All India,19.5,POCSO Act r/w Section 377 IPC,pocso_unnatural_377,592.0,41.0,566.0,0.0,607.0,NCRB CII Additional Table: Crime head-wise gender-wise victims under crimes against children,2019_1679740463016Gender-wiseVictimsunderCrimesagasintChildrenduring2014-2019.xlsx
2019,All India,19.5,POCSO Act r/w Section 377 IPC,pocso_unnatural_377,745.0,36.0,715.0,0.0,751.0,NCRB CII Additional Table: Crime head-wise gender-wise victims under crimes against children,2019_1679740463016Gender-wiseVictimsunderCrimesagasintChildrenduring2014-2019.xlsx
2017,All India,19.5.1A,POCSO Act r/w Section 377 IPC - Girls,pocso_unnatural_377_girls,147.0,152.0,0.0,0.0,152.0,NCRB CII Additional Table: Crime head-wise gender-wise victims under crimes against children,2019_1679740463016Gender-wiseVictimsunderCrimesagasintChildrenduring2014-2019.xlsx
2018,All India,19.5.1A,POCSO Act r/w Section 377 IPC - Girls,pocso_unnatural_377_girls,41.0,41.0,0.0,0.0,41.0,NCRB CII Additional Table: Crime head-wise gender-wise victims under crimes against children,2019_1679740463016Gender-wiseVictimsunderCrimesagasintChildrenduring2014-2019.xlsx
2019,All India,19.5.1A,POCSO Act r/w Section 377 IPC - Girls,pocso_unnatural_377_girls,36.0,36.0,0.0,0.0,36.0,NCRB CII Additional Table: Crime head-wise gender-wise victims under crimes against children,2019_1679740463016Gender-wiseVictimsunderCrimesagasintChildrenduring2014-2019.xlsx
2017,All India,19.5.1B,POCSO Act r/w Section 377 IPC - Boys,pocso_unnatural_377,508.0,0.0,512.0,0.0,512.0,NCRB CII Additional Table: Crime head-wise gender-wise victims under crimes against children,2019_1679740463016Gender-wiseVictimsunderCrimesagasintChildrenduring2014-2019.xlsx
2018,All India,19.5.1B,POCSO Act r/w Section 377 IPC - Boys,pocso_unnatural_377,551.0,0.0,566.0,0.0,566.0,NCRB CII Additional Table: Crime head-wise gender-wise victims under crimes against children,2019_1679740463016Gender-wiseVictimsunderCrimesagasintChildrenduring2014-2019.xlsx
2019,All India,19.5.1B,POCSO Act r/w Section 377 IPC - Boys,pocso_unnatural_377,709.0,0.0,715.0,0.0,715.0,NCRB CII Additional Table: Crime head-wise gender-wise victims under crimes against children,2019_1679740463016Gender-wiseVictimsunderCrimesagasintChildrenduring2014-2019.xlsx
2014,All India,19.6,Sections 17 to 22 of POCSO Act,pocso_other,1580.0,1507.0,86.0,0.0,1593.0,NCRB CII Additional Table: Crime head-wise gender-wise victims under crimes against children,2019_1679740463016Gender-wiseVictimsunderCrimesagasintChildrenduring2014-2019.xlsx
2015,All India,19.6,Sections 17 to 22 of POCSO Act,pocso_other,1882.0,1677.0,247.0,0.0,1924.0,NCRB CII Additional Table: Crime head-wise gender-wise victims under crimes against children,2019_1679740463016Gender-wiseVictimsunderCrimesagasintChildrenduring2014-2019.xlsx
2016,All India,19.6,Sections 17 to 22 of POCSO Act,pocso_other,3050.0,2817.0,266.0,0.0,3083.0,NCRB CII Additional Table: Crime head-wise gender-wise victims under crimes against children,2019_1679740463016Gender-wiseVictimsunderCrimesagasintChildrenduring2014-2019.xlsx
2017,All India,19.6,Sections 17 to 22 of POCSO Act,pocso_other,677.0,620.0,62.0,0.0,682.0,NCRB CII Additional Table: Crime head-wise gender-wise victims under crimes against children,2019_1679740463016Gender-wiseVictimsunderCrimesagasintChildrenduring2014-2019.xlsx
2018,All India,19.6,Sections 17 to 22 of POCSO Act,pocso_other,812.0,819.0,9.0,0.0,828.0,NCRB CII Additional Table: Crime head-wise gender-wise victims under crimes against children,2019_1679740463016Gender-wiseVictimsunderCrimesagasintChildrenduring2014-2019.xlsx
2019,All India,19.6,Sections 17 to 22 of POCSO Act,pocso_other,968.0,955.0,18.0,0.0,973.0,NCRB CII Additional Table: Crime head-wise gender-wise victims under crimes against children,2019_1679740463016Gender-wiseVictimsunderCrimesagasintChildrenduring2014-2019.xlsx
2017,All India,19.6.1A,Sections 17 to 22 of POCSO Act - Girls,pocso_other_girls,616.0,620.0,0.0,0.0,620.0,NCRB CII Additional Table: Crime head-wise gender-wise victims under crimes against children,2019_1679740463016Gender-wiseVictimsunderCrimesagasintChildrenduring2014-2019.xlsx
2018,All India,19.6.1A,Sections 17 to 22 of POCSO Act - Girls,pocso_other_girls,804.0,819.0,0.0,0.0,819.0,NCRB CII Additional Table: Crime head-wise gender-wise victims under crimes against children,2019_1679740463016Gender-wiseVictimsunderCrimesagasintChildrenduring2014-2019.xlsx
2019,All India,19.6.1A,Sections 17 to 22 of POCSO Act - Girls,pocso_other_girls,951.0,955.0,0.0,0.0,955.0,NCRB CII Additional Table: Crime head-wise gender-wise victims under crimes against children,2019_1679740463016Gender-wiseVictimsunderCrimesagasintChildrenduring2014-2019.xlsx
2017,All India,19.6.1B,Sections 17 to 22 of POCSO Act - Boys,pocso_other,61.0,0.0,62.0,0.0,62.0,NCRB CII Additional Table: Crime head-wise gender-wise victims under crimes against children,2019_1679740463016Gender-wiseVictimsunderCrimesagasintChildrenduring2014-2019.xlsx
2018,All India,19.6.1B,Sections 17 to 22 of POCSO Act - Boys,pocso_other,8.0,0.0,9.0,0.0,9.0,NCRB CII Additional Table: Crime head-wise gender-wise victims under crimes against children,2019_1679740463016Gender-wiseVictimsunderCrimesagasintChildrenduring2014-2019.xlsx
2019,All India,19.6.1B,Sections 17 to 22 of POCSO Act - Boys,pocso_other,17.0,0.0,18.0,0.0,18.0,NCRB CII Additional Table: Crime head-wise gender-wise victims under crimes against children,2019_1679740463016Gender-wiseVictimsunderCrimesagasintChildrenduring2014-2019.xlsx
2014,All India,20,Juvenile Justice (Care and Protection of Children) Act,,1315.0,234.0,2166.0,0.0,2400.0,NCRB CII Additional Table: Crime head-wise gender-wise victims under crimes against children,2019_1679740463016Gender-wiseVictimsunderCrimesagasintChildrenduring2014-2019.xlsx
2015,All India,20,Juvenile Justice (Care and Protection of Children) Act,,1457.0,402.0,2177.0,0.0,2579.0,NCRB CII Additional Table: Crime head-wise gender-wise victims under crimes against children,2019_1679740463016Gender-wiseVictimsunderCrimesagasintChildrenduring2014-2019.xlsx
2016,All India,20,Juvenile Justice (Care and Protection of Children) Act,,2253.0,421.0,2896.0,0.0,3317.0,NCRB CII Additional Table: Crime head-wise gender-wise victims under crimes against children,2019_1679740463016Gender-wiseVictimsunderCrimesagasintChildrenduring2014-2019.xlsx
2017,All India,20,Juvenile Justice (Care and Protection of Children) Act,,2452.0,553.0,2957.0,0.0,3510.0,NCRB CII Additional Table: Crime head-wise gender-wise victims under crimes against children,2019_1679740463016Gender-wiseVictimsunderCrimesagasintChildrenduring2014-2019.xlsx
2018,All India,20,Juvenile Justice (Care and Protection of Children) Act,,2030.0,405.0,2109.0,0.0,2514.0,NCRB CII Additional Table: Crime head-wise gender-wise victims under crimes against children,2019_1679740463016Gender-wiseVictimsunderCrimesagasintChildrenduring2014-2019.xlsx
2019,All India,20,Juvenile Justice (Care and Protection of Children) Act,,1968.0,375.0,2321.0,3.0,2699.0,NCRB CII Additional Table: Crime head-wise gender-wise victims under crimes against children,2019_1679740463016Gender-wiseVictimsunderCrimesagasintChildrenduring2014-2019.xlsx
2017,All India,20.1,Offences by Care Takers/In-charge of Juvenile Homes,,278.0,79.0,249.0,0.0,328.0,NCRB CII Additional Table: Crime head-wise gender-wise victims under crimes against children,2019_1679740463016Gender-wiseVictimsunderCrimesagasintChildrenduring2014-2019.xlsx
2018,All India,20.1,Offences by Care Takers/In-charge of Juvenile Homes,,650.0,76.0,619.0,0.0,695.0,NCRB CII Additional Table: Crime head-wise gender-wise victims under crimes against children,2019_1679740463016Gender-wiseVictimsunderCrimesagasintChildrenduring2014-2019.xlsx
2019,All India,20.1,Offences by Care Takers/In-charge of Juvenile Homes,,412.0,54.0,474.0,0.0,528.0,NCRB CII Additional Table: Crime head-wise gender-wise victims under crimes against children,2019_1679740463016Gender-wiseVictimsunderCrimesagasintChildrenduring2014-2019.xlsx
2017,All India,20.2,Other Offences,,2174.0,474.0,2708.0,0.0,3182.0,NCRB CII Additional Table: Crime head-wise gender-wise victims under crimes against children,2019_1679740463016Gender-wiseVictimsunderCrimesagasintChildrenduring2014-2019.xlsx
2018,All India,20.2,Other Offences,,1380.0,329.0,1490.0,0.0,1819.0,NCRB CII Additional Table: Crime head-wise gender-wise victims under crimes against children,2019_1679740463016Gender-wiseVictimsunderCrimesagasintChildrenduring2014-2019.xlsx
2019,All India,20.2,Other Offences,,1556.0,321.0,1847.0,3.0,2171.0,NCRB CII Additional Table: Crime head-wise gender-wise victims under crimes against children,2019_1679740463016Gender-wiseVictimsunderCrimesagasintChildrenduring2014-2019.xlsx
2014,All India,21,Immoral Traffic (Prevention) Act,itpa_children,86.0,66.0,30.0,0.0,96.0,NCRB CII Additional Table: Crime head-wise gender-wise victims under crimes against children,2019_1679740463016Gender-wiseVictimsunderCrimesagasintChildrenduring2014-2019.xlsx
2015,All India,21,Immoral Traffic (Prevention) Act,itpa_children,58.0,88.0,18.0,0.0,106.0,NCRB CII Additional Table: Crime head-wise gender-wise victims under crimes against children,2019_1679740463016Gender-wiseVictimsunderCrimesagasintChildrenduring2014-2019.xlsx
2016,All India,21,Immoral Traffic (Prevention) Act,itpa_children,56.0,61.0,8.0,0.0,69.0,NCRB CII Additional Table: Crime head-wise gender-wise victims under crimes against children,2019_1679740463016Gender-wiseVictimsunderCrimesagasintChildrenduring2014-2019.xlsx
2017,All India,21,Immoral Traffic (Prevention) Act,itpa_children,34.0,42.0,0.0,0.0,42.0,NCRB CII Additional Table: Crime head-wise gender-wise victims under crimes against children,2019_1679740463016Gender-wiseVictimsunderCrimesagasintChildrenduring2014-2019.xlsx
2018,All India,21,Immoral Traffic (Prevention) Act,itpa_children,41.0,45.0,1.0,0.0,46.0,NCRB CII Additional Table: Crime head-wise gender-wise victims under crimes against children,2019_1679740463016Gender-wiseVictimsunderCrimesagasintChildrenduring2014-2019.xlsx
2019,All India,21,Immoral Traffic (Prevention) Act,itpa_children,22.0,45.0,0.0,0.0,45.0,NCRB CII Additional Table: Crime head-wise gender-wise victims under crimes against children,2019_1679740463016Gender-wiseVictimsunderCrimesagasintChildrenduring2014-2019.xlsx
2014,All India,21.1,"Procuring, inducing Children for the sake of prostitution",,29.0,32.0,5.0,0.0,37.0,NCRB CII Additional Table: Crime head-wise gender-wise victims under crimes against children,2019_1679740463016Gender-wiseVictimsunderCrimesagasintChildrenduring2014-2019.xlsx
2015,All India,21.1,"Procuring, inducing Children for the sake of prostitution",,33.0,60.0,17.0,0.0,77.0,NCRB CII Additional Table: Crime head-wise gender-wise victims under crimes against children,2019_1679740463016Gender-wiseVictimsunderCrimesagasintChildrenduring2014-2019.xlsx
2016,All India,21.1,"Procuring, inducing Children for the sake of prostitution",,26.0,28.0,1.0,0.0,29.0,NCRB CII Additional Table: Crime head-wise gender-wise victims under crimes against children,2019_1679740463016Gender-wiseVictimsunderCrimesagasintChildrenduring2014-2019.xlsx
2017,All India,21.1,"Procuring, inducing Children for the sake of prostitution",,17.0,25.0,0.0,0.0,25.0,NCRB CII Additional Table: Crime head-wise gender-wise victims under crimes against children,2019_1679740463016Gender-wiseVictimsunderCrimesagasintChildrenduring2014-2019.xlsx
2018,All India,21.1,"Procuring, inducing Children for the sake of prostitution",,26.0,26.0,0.0,0.0,26.0,NCRB CII Additional Table: Crime head-wise gender-wise victims under crimes against children,2019_1679740463016Gender-wiseVictimsunderCrimesagasintChildrenduring2014-2019.xlsx
2019,All India,21.1,"Procuring, inducing Children for the sake of prostitution",,14.0,29.0,0.0,0.0,29.0,NCRB CII Additional Table: Crime head-wise gender-wise victims under crimes against children,2019_1679740463016Gender-wiseVictimsunderCrimesagasintChildrenduring2014-2019.xlsx
2014,All India,21.2,Detaining a person in premises where prostitution is carried on,,3.0,2.0,1.0,0.0,3.0,NCRB CII Additional Table: Crime head-wise gender-wise victims under crimes against children,2019_1679740463016Gender-wiseVictimsunderCrimesagasintChildrenduring2014-2019.xlsx
2015,All India,21.2,Detaining a person in premises where prostitution is carried on,,4.0,4.0,0.0,0.0,4.0,NCRB CII Additional Table: Crime head-wise gender-wise victims under crimes against children,2019_1679740463016Gender-wiseVictimsunderCrimesagasintChildrenduring2014-2019.xlsx
2016,All India,21.2,Detaining a person in premises where prostitution is carried on,,7.0,12.0,3.0,0.0,15.0,NCRB CII Additional Table: Crime head-wise gender-wise victims under crimes against children,2019_1679740463016Gender-wiseVictimsunderCrimesagasintChildrenduring2014-2019.xlsx
2017,All India,21.2,Detaining a person in premises where prostitution is carried on,,0.0,0.0,0.0,0.0,0.0,NCRB CII Additional Table: Crime head-wise gender-wise victims under crimes against children,2019_1679740463016Gender-wiseVictimsunderCrimesagasintChildrenduring2014-2019.xlsx
2018,All India,21.2,Detaining a person in premises where prostitution is carried on,,0.0,0.0,0.0,0.0,0.0,NCRB CII Additional Table: Crime head-wise gender-wise victims under crimes against children,2019_1679740463016Gender-wiseVictimsunderCrimesagasintChildrenduring2014-2019.xlsx
2019,All India,21.2,Detaining a person in premises where prostitution is carried on,,0.0,0.0,0.0,0.0,0.0,NCRB CII Additional Table: Crime head-wise gender-wise victims under crimes against children,2019_1679740463016Gender-wiseVictimsunderCrimesagasintChildrenduring2014-2019.xlsx
2014,All India,21.3,Others,,54.0,32.0,24.0,0.0,56.0,NCRB CII Additional Table: Crime head-wise gender-wise victims under crimes against children,2019_1679740463016Gender-wiseVictimsunderCrimesagasintChildrenduring2014-2019.xlsx
2015,All India,21.3,Others,,21.0,24.0,1.0,0.0,25.0,NCRB CII Additional Table: Crime head-wise gender-wise victims under crimes against children,2019_1679740463016Gender-wiseVictimsunderCrimesagasintChildrenduring2014-2019.xlsx
2016,All India,21.3,Others,,23.0,21.0,4.0,0.0,25.0,NCRB CII Additional Table: Crime head-wise gender-wise victims under crimes against children,2019_1679740463016Gender-wiseVictimsunderCrimesagasintChildrenduring2014-2019.xlsx
2017,All India,21.3,Others,,17.0,17.0,0.0,0.0,17.0,NCRB CII Additional Table: Crime head-wise gender-wise victims under crimes against children,2019_1679740463016Gender-wiseVictimsunderCrimesagasintChildrenduring2014-2019.xlsx
2018,All India,21.3,Others,,15.0,19.0,1.0,0.0,20.0,NCRB CII Additional Table: Crime head-wise gender-wise victims under crimes against children,2019_1679740463016Gender-wiseVictimsunderCrimesagasintChildrenduring2014-2019.xlsx
2019,All India,21.3,Others,,8.0,16.0,0.0,0.0,16.0,NCRB CII Additional Table: Crime head-wise gender-wise victims under crimes against children,2019_1679740463016Gender-wiseVictimsunderCrimesagasintChildrenduring2014-2019.xlsx
2014,All India,22,Child Labour (Prohibition & Regulation) Act,,147.0,82.0,403.0,0.0,485.0,NCRB CII Additional Table: Crime head-wise gender-wise victims under crimes against children,2019_1679740463016Gender-wiseVictimsunderCrimesagasintChildrenduring2014-2019.xlsx
2015,All India,22,Child Labour (Prohibition & Regulation) Act,,251.0,31.0,418.0,0.0,449.0,NCRB CII Additional Table: Crime head-wise gender-wise victims under crimes against children,2019_1679740463016Gender-wiseVictimsunderCrimesagasintChildrenduring2014-2019.xlsx
2016,All India,22,Child Labour (Prohibition & Regulation) Act,,204.0,66.0,318.0,0.0,384.0,NCRB CII Additional Table: Crime head-wise gender-wise victims under crimes against children,2019_1679740463016Gender-wiseVictimsunderCrimesagasintChildrenduring2014-2019.xlsx
2017,All India,22,Child Labour (Prohibition & Regulation) Act,,462.0,80.0,605.0,0.0,685.0,NCRB CII Additional Table: Crime head-wise gender-wise victims under crimes against children,2019_1679740463016Gender-wiseVictimsunderCrimesagasintChildrenduring2014-2019.xlsx
2018,All India,22,Child Labour (Prohibition & Regulation) Act,,464.0,69.0,741.0,0.0,810.0,NCRB CII Additional Table: Crime head-wise gender-wise victims under crimes against children,2019_1679740463016Gender-wiseVictimsunderCrimesagasintChildrenduring2014-2019.xlsx
2019,All India,22,Child Labour (Prohibition & Regulation) Act,,770.0,136.0,1079.0,0.0,1215.0,NCRB CII Additional Table: Crime head-wise gender-wise victims under crimes against children,2019_1679740463016Gender-wiseVictimsunderCrimesagasintChildrenduring2014-2019.xlsx
2014,All India,23,Prohibition of Child Marriage Act,child_marriage,280.0,249.0,37.0,0.0,286.0,NCRB CII Additional Table: Crime head-wise gender-wise victims under crimes against children,2019_1679740463016Gender-wiseVictimsunderCrimesagasintChildrenduring2014-2019.xlsx
2015,All India,23,Prohibition of Child Marriage Act,child_marriage,293.0,273.0,23.0,0.0,296.0,NCRB CII Additional Table: Crime head-wise gender-wise victims under crimes against children,2019_1679740463016Gender-wiseVictimsunderCrimesagasintChildrenduring2014-2019.xlsx
2016,All India,23,Prohibition of Child Marriage Act,child_marriage,326.0,300.0,27.0,0.0,327.0,NCRB CII Additional Table: Crime head-wise gender-wise victims under crimes against children,2019_1679740463016Gender-wiseVictimsunderCrimesagasintChildrenduring2014-2019.xlsx
2017,All India,23,Prohibition of Child Marriage Act,child_marriage,395.0,379.0,29.0,0.0,408.0,NCRB CII Additional Table: Crime head-wise gender-wise victims under crimes against children,2019_1679740463016Gender-wiseVictimsunderCrimesagasintChildrenduring2014-2019.xlsx
2018,All India,23,Prohibition of Child Marriage Act,child_marriage,501.0,461.0,47.0,0.0,508.0,NCRB CII Additional Table: Crime head-wise gender-wise victims under crimes against children,2019_1679740463016Gender-wiseVictimsunderCrimesagasintChildrenduring2014-2019.xlsx
2019,All India,23,Prohibition of Child Marriage Act,child_marriage,525.0,493.0,34.0,0.0,527.0,NCRB CII Additional Table: Crime head-wise gender-wise victims under crimes against children,2019_1679740463016Gender-wiseVictimsunderCrimesagasintChildrenduring2014-2019.xlsx
2014,All India,24,Transplantation of Human Organs Act,,1.0,1.0,0.0,0.0,1.0,NCRB CII Additional Table: Crime head-wise gender-wise victims under crimes against children,2019_1679740463016Gender-wiseVictimsunderCrimesagasintChildrenduring2014-2019.xlsx
2015,All India,24,Transplantation of Human Organs Act,,0.0,0.0,0.0,0.0,0.0,NCRB CII Additional Table: Crime head-wise gender-wise victims under crimes against children,2019_1679740463016Gender-wiseVictimsunderCrimesagasintChildrenduring2014-2019.xlsx
2016,All India,24,Transplantation of Human Organs Act,,0.0,0.0,0.0,0.0,0.0,NCRB CII Additional Table: Crime head-wise gender-wise victims under crimes against children,2019_1679740463016Gender-wiseVictimsunderCrimesagasintChildrenduring2014-2019.xlsx
2017,All India,24,Transplantation of Human Organs Act,,0.0,0.0,0.0,0.0,0.0,NCRB CII Additional Table: Crime head-wise gender-wise victims under crimes against children,2019_1679740463016Gender-wiseVictimsunderCrimesagasintChildrenduring2014-2019.xlsx
2018,All India,24,Transplantation of Human Organs Act,,0.0,0.0,0.0,0.0,0.0,NCRB CII Additional Table: Crime head-wise gender-wise victims under crimes against children,2019_1679740463016Gender-wiseVictimsunderCrimesagasintChildrenduring2014-2019.xlsx
2019,All India,24,Transplantation of Human Organs Act,,0.0,0.0,0.0,0.0,0.0,NCRB CII Additional Table: Crime head-wise gender-wise victims under crimes against children,2019_1679740463016Gender-wiseVictimsunderCrimesagasintChildrenduring2014-2019.xlsx
2017,All India,25,Cyber Crimes/Information Technology Act,,79.0,69.0,16.0,0.0,85.0,NCRB CII Additional Table: Crime head-wise gender-wise victims under crimes against children,2019_1679740463016Gender-wiseVictimsunderCrimesagasintChildrenduring2014-2019.xlsx
2018,All India,25,Cyber Crimes/Information Technology Act,,117.0,100.0,22.0,0.0,122.0,NCRB CII Additional Table: Crime head-wise gender-wise victims under crimes against children,2019_1679740463016Gender-wiseVictimsunderCrimesagasintChildrenduring2014-2019.xlsx
2019,All India,25,Cyber Crimes/Information Technology Act,,164.0,119.0,51.0,0.0,170.0,NCRB CII Additional Table: Crime head-wise gender-wise victims under crimes against children,2019_1679740463016Gender-wiseVictimsunderCrimesagasintChildrenduring2014-2019.xlsx
2017,All India,25.1,Publishing or Transmitting of material depicting children in sexually explicit act,cyber_child_sexual_material,7.0,8.0,3.0,0.0,11.0,NCRB CII Additional Table: Crime head-wise gender-wise victims under crimes against children,2019_1679740463016Gender-wiseVictimsunderCrimesagasintChildrenduring2014-2019.xlsx
2018,All India,25.1,Publishing or Transmitting of material depicting children in sexually explicit act,cyber_child_sexual_material,44.0,44.0,1.0,0.0,45.0,NCRB CII Additional Table: Crime head-wise gender-wise victims under crimes against children,2019_1679740463016Gender-wiseVictimsunderCrimesagasintChildrenduring2014-2019.xlsx
2019,All India,25.1,Publishing or Transmitting of material depicting children in sexually explicit act,cyber_child_sexual_material,102.0,82.0,26.0,0.0,108.0,NCRB CII Additional Table: Crime head-wise gender-wise victims under crimes against children,2019_1679740463016Gender-wiseVictimsunderCrimesagasintChildrenduring2014-2019.xlsx
2017,All India,25.2,Other Cyber Crimes against Children,,72.0,61.0,13.0,0.0,74.0,NCRB CII Additional Table: Crime head-wise gender-wise victims under crimes against children,2019_1679740463016Gender-wiseVictimsunderCrimesagasintChildrenduring2014-2019.xlsx
2018,All India,25.2,Other Cyber Crimes against Children,,73.0,56.0,21.0,0.0,77.0,NCRB CII Additional Table: Crime head-wise gender-wise victims under crimes against children,2019_1679740463016Gender-wiseVictimsunderCrimesagasintChildrenduring2014-2019.xlsx
2019,All India,25.2,Other Cyber Crimes against Children,,62.0,37.0,25.0,0.0,62.0,NCRB CII Additional Table: Crime head-wise gender-wise victims under crimes against children,2019_1679740463016Gender-wiseVictimsunderCrimesagasintChildrenduring2014-2019.xlsx
2017,All India,26,Other SLL crimes,,188.0,81.0,144.0,0.0,225.0,NCRB CII Additional Table: Crime head-wise gender-wise victims under crimes against children,2019_1679740463016Gender-wiseVictimsunderCrimesagasintChildrenduring2014-2019.xlsx
2018,All India,26,Other SLL crimes,,54.0,45.0,38.0,0.0,83.0,NCRB CII Additional Table: Crime head-wise gender-wise victims under crimes against children,2019_1679740463016Gender-wiseVictimsunderCrimesagasintChildrenduring2014-2019.xlsx
2019,All India,26,Other SLL crimes,,116.0,112.0,132.0,0.0,244.0,NCRB CII Additional Table: Crime head-wise gender-wise victims under crimes against children,2019_1679740463016Gender-wiseVictimsunderCrimesagasintChildrenduring2014-2019.xlsx
2017,All India,27,Total SLL Crimes,,36218.0,33458.0,4707.0,0.0,38165.0,NCRB CII Additional Table: Crime head-wise gender-wise victims under crimes against children,2019_1679740463016Gender-wiseVictimsunderCrimesagasintChildrenduring2014-2019.xlsx
2018,All India,27,Total SLL Crimes,,43034.0,40866.0,4027.0,0.0,44893.0,NCRB CII Additional Table: Crime head-wise gender-wise victims under crimes against children,2019_1679740463016Gender-wiseVictimsunderCrimesagasintChildrenduring2014-2019.xlsx
2019,All India,27,Total SLL Crimes,,50900.0,47962.0,4978.0,3.0,52943.0,NCRB CII Additional Table: Crime head-wise gender-wise victims under crimes against children,2019_1679740463016Gender-wiseVictimsunderCrimesagasintChildrenduring2014-2019.xlsx
2014,All India,nan,Total Crimes against Children,total_crimes_children,89423.0,71044.0,21921.0,9.0,92974.0,NCRB CII Additional Table: Crime head-wise gender-wise victims under crimes against children,2019_1679740463016Gender-wiseVictimsunderCrimesagasintChildrenduring2014-2019.xlsx
2015,All India,nan,Total Crimes against Children,total_crimes_children,94172.0,72928.0,25422.0,5.0,98355.0,NCRB CII Additional Table: Crime head-wise gender-wise victims under crimes against children,2019_1679740463016Gender-wiseVictimsunderCrimesagasintChildrenduring2014-2019.xlsx
2016,All India,nan,Total Crimes against Children,total_crimes_children,106958.0,83595.0,27583.0,53.0,111231.0,NCRB CII Additional Table: Crime head-wise gender-wise victims under crimes against children,2019_1679740463016Gender-wiseVictimsunderCrimesagasintChildrenduring2014-2019.xlsx
2017,All India,nan,Total Crimes against Children,total_crimes_children,129032.0,104058.0,34704.0,2.0,138764.0,NCRB CII Additional Table: Crime head-wise gender-wise victims under crimes against children,2019_1679740463016Gender-wiseVictimsunderCrimesagasintChildrenduring2014-2019.xlsx
2018,All India,nan,Total Crimes against Children,total_crimes_children,141764.0,116334.0,34079.0,2.0,150415.0,NCRB CII Additional Table: Crime head-wise gender-wise victims under crimes against children,2019_1679740463016Gender-wiseVictimsunderCrimesagasintChildrenduring2014-2019.xlsx
2019,All India,nan,Total Crimes against Children,total_crimes_children,148185.0,121318.0,35359.0,3.0,156680.0,NCRB CII Additional Table: Crime head-wise gender-wise victims under crimes against children,2019_1679740463016Gender-wiseVictimsunderCrimesagasintChildrenduring2014-2019.xlsx
2020,All India,1,Murder,,1420.0,762.0,820.0,0.0,1582.0,NCRB CII Additional Table: Crime head-wise gender-wise victims under crimes against children,2020_1679736606016Crimehead-wiseGender-wiseVictimsunderCrimesagasintChildrenduring2020.xlsx
2020,All India,1.1,Murder with Rape/POCSO,murder_with_rape_pocso,115.0,107.0,12.0,0.0,119.0,NCRB CII Additional Table: Crime head-wise gender-wise victims under crimes against children,2020_1679736606016Crimehead-wiseGender-wiseVictimsunderCrimesagasintChildrenduring2020.xlsx
2020,All India,1.2,Other Murder,,1305.0,655.0,808.0,0.0,1463.0,NCRB CII Additional Table: Crime head-wise gender-wise victims under crimes against children,2020_1679736606016Crimehead-wiseGender-wiseVictimsunderCrimesagasintChildrenduring2020.xlsx
2020,All India,2,Abetment of Suicide of Child,,281.0,230.0,63.0,0.0,293.0,NCRB CII Additional Table: Crime head-wise gender-wise victims under crimes against children,2020_1679736606016Crimehead-wiseGender-wiseVictimsunderCrimesagasintChildrenduring2020.xlsx
2020,All India,3,Attempt to Commit Murder,,336.0,105.0,269.0,0.0,374.0,NCRB CII Additional Table: Crime head-wise gender-wise victims under crimes against children,2020_1679736606016Crimehead-wiseGender-wiseVictimsunderCrimesagasintChildrenduring2020.xlsx
2020,All India,4,Infanticide,infanticide,78.0,47.0,33.0,0.0,80.0,NCRB CII Additional Table: Crime head-wise gender-wise victims under crimes against children,2020_1679736606016Crimehead-wiseGender-wiseVictimsunderCrimesagasintChildrenduring2020.xlsx
2020,All India,5,Foeticide,foeticide,130.0,80.0,53.0,0.0,133.0,NCRB CII Additional Table: Crime head-wise gender-wise victims under crimes against children,2020_1679736606016Crimehead-wiseGender-wiseVictimsunderCrimesagasintChildrenduring2020.xlsx
2020,All India,6,Exposure and Abandonment,,747.0,391.0,381.0,0.0,772.0,NCRB CII Additional Table: Crime head-wise gender-wise victims under crimes against children,2020_1679736606016Crimehead-wiseGender-wiseVictimsunderCrimesagasintChildrenduring2020.xlsx
2020,All India,7,Simple Hurt,,3255.0,760.0,3031.0,0.0,3791.0,NCRB CII Additional Table: Crime head-wise gender-wise victims under crimes against children,2020_1679736606016Crimehead-wiseGender-wiseVictimsunderCrimesagasintChildrenduring2020.xlsx
2020,All India,8,Grievous Hurt,,631.0,126.0,534.0,0.0,660.0,NCRB CII Additional Table: Crime head-wise gender-wise victims under crimes against children,2020_1679736606016Crimehead-wiseGender-wiseVictimsunderCrimesagasintChildrenduring2020.xlsx
2020,All India,9,Kidnapping and Abduction of Children,kidnap_children_total,54785.0,47875.0,8715.0,1.0,56591.0,NCRB CII Additional Table: Crime head-wise gender-wise victims under crimes against children,2020_1679736606016Crimehead-wiseGender-wiseVictimsunderCrimesagasintChildrenduring2020.xlsx
2020,All India,9.1,Kidnapping and Abduction,,37501.0,31097.0,7908.0,1.0,39006.0,NCRB CII Additional Table: Crime head-wise gender-wise victims under crimes against children,2020_1679736606016Crimehead-wiseGender-wiseVictimsunderCrimesagasintChildrenduring2020.xlsx
2020,All India,9.1.1,Missing Children Deemed as Kidnapped,,21248.0,17288.0,4933.0,1.0,22222.0,NCRB CII Additional Table: Crime head-wise gender-wise victims under crimes against children,2020_1679736606016Crimehead-wiseGender-wiseVictimsunderCrimesagasintChildrenduring2020.xlsx
2020,All India,9.1.2,Other Kidnapping & Abduction,,16253.0,13809.0,2975.0,0.0,16784.0,NCRB CII Additional Table: Crime head-wise gender-wise victims under crimes against children,2020_1679736606016Crimehead-wiseGender-wiseVictimsunderCrimesagasintChildrenduring2020.xlsx
2020,All India,9.2,Kidnapping and Abduction for the Purpose of Begging,,44.0,23.0,21.0,0.0,44.0,NCRB CII Additional Table: Crime head-wise gender-wise victims under crimes against children,2020_1679736606016Crimehead-wiseGender-wiseVictimsunderCrimesagasintChildrenduring2020.xlsx
2020,All India,9.3,Kidnapping and Abduction in order to Murder,,56.0,25.0,32.0,0.0,57.0,NCRB CII Additional Table: Crime head-wise gender-wise victims under crimes against children,2020_1679736606016Crimehead-wiseGender-wiseVictimsunderCrimesagasintChildrenduring2020.xlsx
2020,All India,9.4,Kidnapping for Ransom,,77.0,22.0,56.0,0.0,78.0,NCRB CII Additional Table: Crime head-wise gender-wise victims under crimes against children,2020_1679736606016Crimehead-wiseGender-wiseVictimsunderCrimesagasintChildrenduring2020.xlsx
2020,All India,9.5,Kidnapping and Abduction of Minor Girls to compel her for marriage,kidnap_girls,11051.0,11236.0,0.0,0.0,11236.0,NCRB CII Additional Table: Crime head-wise gender-wise victims under crimes against children,2020_1679736606016Crimehead-wiseGender-wiseVictimsunderCrimesagasintChildrenduring2020.xlsx
2020,All India,9.6,Procuration of Minor Girls,procuration_minor_girls,2471.0,2480.0,0.0,0.0,2480.0,NCRB CII Additional Table: Crime head-wise gender-wise victims under crimes against children,2020_1679736606016Crimehead-wiseGender-wiseVictimsunderCrimesagasintChildrenduring2020.xlsx
2020,All India,9.7,Importation of Girls from Foreign Country,importation_girls,0.0,0.0,0.0,0.0,0.0,NCRB CII Additional Table: Crime head-wise gender-wise victims under crimes against children,2020_1679736606016Crimehead-wiseGender-wiseVictimsunderCrimesagasintChildrenduring2020.xlsx
2020,All India,9.8,Other Kidnapping & Abducion,,3585.0,2992.0,698.0,0.0,3690.0,NCRB CII Additional Table: Crime head-wise gender-wise victims under crimes against children,2020_1679736606016Crimehead-wiseGender-wiseVictimsunderCrimesagasintChildrenduring2020.xlsx
2020,All India,10,Human Trafficking,human_trafficking_children,348.0,279.0,516.0,0.0,795.0,NCRB CII Additional Table: Crime head-wise gender-wise victims under crimes against children,2020_1679736606016Crimehead-wiseGender-wiseVictimsunderCrimesagasintChildrenduring2020.xlsx
2020,All India,11,Selling of Minors for Prostitution,selling_minors_total,14.0,12.0,8.0,0.0,20.0,NCRB CII Additional Table: Crime head-wise gender-wise victims under crimes against children,2020_1679736606016Crimehead-wiseGender-wiseVictimsunderCrimesagasintChildrenduring2020.xlsx
2020,All India,11.1,Selling of Minors for Prostitution - Boys,,2.0,0.0,8.0,0.0,8.0,NCRB CII Additional Table: Crime head-wise gender-wise victims under crimes against children,2020_1679736606016Crimehead-wiseGender-wiseVictimsunderCrimesagasintChildrenduring2020.xlsx
2020,All India,11.2,Selling of Minors for Prostitution - Girls,selling_minor_girls,12.0,12.0,0.0,0.0,12.0,NCRB CII Additional Table: Crime head-wise gender-wise victims under crimes against children,2020_1679736606016Crimehead-wiseGender-wiseVictimsunderCrimesagasintChildrenduring2020.xlsx
2020,All India,12,Buying of Minors for Prostitution,buying_minors_total,1.0,1.0,0.0,0.0,1.0,NCRB CII Additional Table: Crime head-wise gender-wise victims under crimes against children,2020_1679736606016Crimehead-wiseGender-wiseVictimsunderCrimesagasintChildrenduring2020.xlsx
2020,All India,12.1,Buying of Minors for Prostitution - Boys,,0.0,0.0,0.0,0.0,0.0,NCRB CII Additional Table: Crime head-wise gender-wise victims under crimes against children,2020_1679736606016Crimehead-wiseGender-wiseVictimsunderCrimesagasintChildrenduring2020.xlsx
2020,All India,12.2,Buying of Minors for Prostitution - Girls,buying_minor_girls,1.0,1.0,0.0,0.0,1.0,NCRB CII Additional Table: Crime head-wise gender-wise victims under crimes against children,2020_1679736606016Crimehead-wiseGender-wiseVictimsunderCrimesagasintChildrenduring2020.xlsx
2020,All India,13,Rape,rape_minor,2640.0,2655.0,0.0,0.0,2655.0,NCRB CII Additional Table: Crime head-wise gender-wise victims under crimes against children,2020_1679736606016Crimehead-wiseGender-wiseVictimsunderCrimesagasintChildrenduring2020.xlsx
2020,All India,14,Attempt to Commit Rape,attempt_rape_minor,295.0,295.0,0.0,0.0,295.0,NCRB CII Additional Table: Crime head-wise gender-wise victims under crimes against children,2020_1679736606016Crimehead-wiseGender-wiseVictimsunderCrimesagasintChildrenduring2020.xlsx
2020,All India,15,Assault on Women with Intent to Outrage her Modesty,assault_modesty_minor,4110.0,4137.0,0.0,0.0,4137.0,NCRB CII Additional Table: Crime head-wise gender-wise victims under crimes against children,2020_1679736606016Crimehead-wiseGender-wiseVictimsunderCrimesagasintChildrenduring2020.xlsx
2020,All India,16,Insult to the Modesty of Women,insult_modesty_minor,132.0,132.0,0.0,0.0,132.0,NCRB CII Additional Table: Crime head-wise gender-wise victims under crimes against children,2020_1679736606016Crimehead-wiseGender-wiseVictimsunderCrimesagasintChildrenduring2020.xlsx
2020,All India,17,Other IPC Crimes,,8179.0,3258.0,6713.0,0.0,9971.0,NCRB CII Additional Table: Crime head-wise gender-wise victims under crimes against children,2020_1679736606016Crimehead-wiseGender-wiseVictimsunderCrimesagasintChildrenduring2020.xlsx
2020,All India,A,Total IPC Crimes against Children,,77382.0,61145.0,21136.0,1.0,82282.0,NCRB CII Additional Table: Crime head-wise gender-wise victims under crimes against children,2020_1679736606016Crimehead-wiseGender-wiseVictimsunderCrimesagasintChildrenduring2020.xlsx
2020,All India,18,Protection of Children from Sexual Offences Act.,pocso_total,47221.0,46523.0,1136.0,0.0,47659.0,NCRB CII Additional Table: Crime head-wise gender-wise victims under crimes against children,2020_1679736606016Crimehead-wiseGender-wiseVictimsunderCrimesagasintChildrenduring2020.xlsx
2020,All India,18.1,Section 4 & 6 of POCSO Act or POCSO Act ( Section 4 & 6) r/w Section 376 IPC,pocso_penetrative,28065.0,28058.0,269.0,0.0,28327.0,NCRB CII Additional Table: Crime head-wise gender-wise victims under crimes against children,2020_1679736606016Crimehead-wiseGender-wiseVictimsunderCrimesagasintChildrenduring2020.xlsx
2020,All India,18.1.1A,Section 4 & 6 of POCSO Act or POCSO Act ( Section 4 & 6) r/w Section 376 IPC - Girls,pocso_penetrative_girls,27807.0,28058.0,0.0,0.0,28058.0,NCRB CII Additional Table: Crime head-wise gender-wise victims under crimes against children,2020_1679736606016Crimehead-wiseGender-wiseVictimsunderCrimesagasintChildrenduring2020.xlsx
2020,All India,18.1.1B,Section 4 & 6 of POCSO Act or POCSO Act ( Section 4 & 6) r/w Section 376 IPC - Boys,pocso_penetrative,258.0,0.0,269.0,0.0,269.0,NCRB CII Additional Table: Crime head-wise gender-wise victims under crimes against children,2020_1679736606016Crimehead-wiseGender-wiseVictimsunderCrimesagasintChildrenduring2020.xlsx
2020,All India,18.2,Section 8 & 10 of POCSO Act or POCSO Act (Section 8 & 10) r/w Section 354 IPC,pocso_sexual_assault,15692.0,15633.0,187.0,0.0,15820.0,NCRB CII Additional Table: Crime head-wise gender-wise victims under crimes against children,2020_1679736606016Crimehead-wiseGender-wiseVictimsunderCrimesagasintChildrenduring2020.xlsx
2020,All India,18.2.1A,Section 8 & 10 of POCSO Act or POCSO Act (Section 8 & 10) r/w Section 354 IPC - Girls,pocso_sexual_assault_girls,15515.0,15633.0,0.0,0.0,15633.0,NCRB CII Additional Table: Crime head-wise gender-wise victims under crimes against children,2020_1679736606016Crimehead-wiseGender-wiseVictimsunderCrimesagasintChildrenduring2020.xlsx
2020,All India,18.2.1B,Section 8 & 10 of POCSO Act or POCSO Act (Section 8 & 10) r/w Section 354 IPC - Boys,pocso_sexual_assault,177.0,0.0,187.0,0.0,187.0,NCRB CII Additional Table: Crime head-wise gender-wise victims under crimes against children,2020_1679736606016Crimehead-wiseGender-wiseVictimsunderCrimesagasintChildrenduring2020.xlsx
2020,All India,18.3,Section 12 of POCSO Act or POCSO Act (Section 12) r/w Section 509 IPC,pocso_harassment,1672.0,1654.0,44.0,0.0,1698.0,NCRB CII Additional Table: Crime head-wise gender-wise victims under crimes against children,2020_1679736606016Crimehead-wiseGender-wiseVictimsunderCrimesagasintChildrenduring2020.xlsx
2020,All India,18.3.1A,Section 12 of POCSO Act or POCSO Act (Section 12) r/w Section 509 IPC - Girls,pocso_harassment_girls,1628.0,1654.0,0.0,0.0,1654.0,NCRB CII Additional Table: Crime head-wise gender-wise victims under crimes against children,2020_1679736606016Crimehead-wiseGender-wiseVictimsunderCrimesagasintChildrenduring2020.xlsx
2020,All India,18.3.1B,Section 12 of POCSO Act or POCSO Act (Section 12) r/w Section 509 IPC - Boys,pocso_harassment,44.0,0.0,44.0,0.0,44.0,NCRB CII Additional Table: Crime head-wise gender-wise victims under crimes against children,2020_1679736606016Crimehead-wiseGender-wiseVictimsunderCrimesagasintChildrenduring2020.xlsx
2020,All India,18.4,Section 14 & 15 of POCSO Act,pocso_pornography,584.0,555.0,37.0,0.0,592.0,NCRB CII Additional Table: Crime head-wise gender-wise victims under crimes against children,2020_1679736606016Crimehead-wiseGender-wiseVictimsunderCrimesagasintChildrenduring2020.xlsx
2020,All India,18.4.1A,Section 14 & 15 of POCSO Act - Girls,pocso_pornography_girls,553.0,555.0,0.0,0.0,555.0,NCRB CII Additional Table: Crime head-wise gender-wise victims under crimes against children,2020_1679736606016Crimehead-wiseGender-wiseVictimsunderCrimesagasintChildrenduring2020.xlsx
2020,All India,18.4.1B,Section 14 & 15 of POCSO Act - Boys,pocso_pornography,31.0,0.0,37.0,0.0,37.0,NCRB CII Additional Table: Crime head-wise gender-wise victims under crimes against children,2020_1679736606016Crimehead-wiseGender-wiseVictimsunderCrimesagasintChildrenduring2020.xlsx
2020,All India,18.5,POCSO Act r/w Section 377 IPC,pocso_unnatural_377,600.0,28.0,583.0,0.0,611.0,NCRB CII Additional Table: Crime head-wise gender-wise victims under crimes against children,2020_1679736606016Crimehead-wiseGender-wiseVictimsunderCrimesagasintChildrenduring2020.xlsx
2020,All India,18.5.1A,POCSO Act r/w Section 377 IPC - Girls,pocso_unnatural_377_girls,27.0,28.0,0.0,0.0,28.0,NCRB CII Additional Table: Crime head-wise gender-wise victims under crimes against children,2020_1679736606016Crimehead-wiseGender-wiseVictimsunderCrimesagasintChildrenduring2020.xlsx
2020,All India,18.5.1B,POCSO Act r/w Section 377 IPC - Boys,pocso_unnatural_377,573.0,0.0,583.0,0.0,583.0,NCRB CII Additional Table: Crime head-wise gender-wise victims under crimes against children,2020_1679736606016Crimehead-wiseGender-wiseVictimsunderCrimesagasintChildrenduring2020.xlsx
2020,All India,18.6,Sections 17 to 22 of POCSO Act,pocso_other,608.0,595.0,16.0,0.0,611.0,NCRB CII Additional Table: Crime head-wise gender-wise victims under crimes against children,2020_1679736606016Crimehead-wiseGender-wiseVictimsunderCrimesagasintChildrenduring2020.xlsx
2020,All India,18.6.1A,Sections 17 to 22 of POCSO Act - Girls,pocso_other_girls,593.0,595.0,0.0,0.0,595.0,NCRB CII Additional Table: Crime head-wise gender-wise victims under crimes against children,2020_1679736606016Crimehead-wiseGender-wiseVictimsunderCrimesagasintChildrenduring2020.xlsx
2020,All India,18.6.1B,Sections 17 to 22 of POCSO Act - Boys,pocso_other,15.0,0.0,16.0,0.0,16.0,NCRB CII Additional Table: Crime head-wise gender-wise victims under crimes against children,2020_1679736606016Crimehead-wiseGender-wiseVictimsunderCrimesagasintChildrenduring2020.xlsx
2020,All India,19,Juvenile Justice (Care and Protection of Children) Act,,1713.0,399.0,1896.0,0.0,2295.0,NCRB CII Additional Table: Crime head-wise gender-wise victims under crimes against children,2020_1679736606016Crimehead-wiseGender-wiseVictimsunderCrimesagasintChildrenduring2020.xlsx
2020,All India,19.1,Offences by Care Takers/In-charge of Juvenile Homes,,322.0,75.0,266.0,0.0,341.0,NCRB CII Additional Table: Crime head-wise gender-wise victims under crimes against children,2020_1679736606016Crimehead-wiseGender-wiseVictimsunderCrimesagasintChildrenduring2020.xlsx
2020,All India,19.2,Other Offences,,1391.0,324.0,1630.0,0.0,1954.0,NCRB CII Additional Table: Crime head-wise gender-wise victims under crimes against children,2020_1679736606016Crimehead-wiseGender-wiseVictimsunderCrimesagasintChildrenduring2020.xlsx
2020,All India,20,Immoral Traffic (Prevention) Act,itpa_children,28.0,24.0,6.0,0.0,30.0,NCRB CII Additional Table: Crime head-wise gender-wise victims under crimes against children,2020_1679736606016Crimehead-wiseGender-wiseVictimsunderCrimesagasintChildrenduring2020.xlsx
2020,All India,20.1,"Procuring, inducing Children for the sake of prostitution",,16.0,18.0,0.0,0.0,18.0,NCRB CII Additional Table: Crime head-wise gender-wise victims under crimes against children,2020_1679736606016Crimehead-wiseGender-wiseVictimsunderCrimesagasintChildrenduring2020.xlsx
2020,All India,20.2,Detaining a person in premises where prostitution is carried on,,1.0,1.0,0.0,0.0,1.0,NCRB CII Additional Table: Crime head-wise gender-wise victims under crimes against children,2020_1679736606016Crimehead-wiseGender-wiseVictimsunderCrimesagasintChildrenduring2020.xlsx
2020,All India,20.3,Others,,11.0,5.0,6.0,0.0,11.0,NCRB CII Additional Table: Crime head-wise gender-wise victims under crimes against children,2020_1679736606016Crimehead-wiseGender-wiseVictimsunderCrimesagasintChildrenduring2020.xlsx
2020,All India,21,Child Labour (Prohibition & Regulation) Act,,476.0,98.0,607.0,0.0,705.0,NCRB CII Additional Table: Crime head-wise gender-wise victims under crimes against children,2020_1679736606016Crimehead-wiseGender-wiseVictimsunderCrimesagasintChildrenduring2020.xlsx
2020,All India,22,Prohibition of Child Marriage Act,child_marriage,785.0,744.0,45.0,3.0,792.0,NCRB CII Additional Table: Crime head-wise gender-wise victims under crimes against children,2020_1679736606016Crimehead-wiseGender-wiseVictimsunderCrimesagasintChildrenduring2020.xlsx
2020,All India,23,Transplantation of Human Organs Act,,0.0,0.0,0.0,0.0,0.0,NCRB CII Additional Table: Crime head-wise gender-wise victims under crimes against children,2020_1679736606016Crimehead-wiseGender-wiseVictimsunderCrimesagasintChildrenduring2020.xlsx
2020,All India,24,Cyber Crimes/Information Technology Act,,842.0,469.0,385.0,0.0,854.0,NCRB CII Additional Table: Crime head-wise gender-wise victims under crimes against children,2020_1679736606016Crimehead-wiseGender-wiseVictimsunderCrimesagasintChildrenduring2020.xlsx
2020,All India,24.1,Publishing or Transmitting of material depicting children in sexually explicit act,cyber_child_sexual_material,738.0,414.0,330.0,0.0,744.0,NCRB CII Additional Table: Crime head-wise gender-wise victims under crimes against children,2020_1679736606016Crimehead-wiseGender-wiseVictimsunderCrimesagasintChildrenduring2020.xlsx
2020,All India,24.2,Other Cyber Crimes against Children,,104.0,55.0,55.0,0.0,110.0,NCRB CII Additional Table: Crime head-wise gender-wise victims under crimes against children,2020_1679736606016Crimehead-wiseGender-wiseVictimsunderCrimesagasintChildrenduring2020.xlsx
2020,All India,25,Other SLL crimes,,84.0,75.0,83.0,0.0,158.0,NCRB CII Additional Table: Crime head-wise gender-wise victims under crimes against children,2020_1679736606016Crimehead-wiseGender-wiseVictimsunderCrimesagasintChildrenduring2020.xlsx
2020,All India,B,Total SLL Crimes,,51149.0,48332.0,4158.0,3.0,52493.0,NCRB CII Additional Table: Crime head-wise gender-wise victims under crimes against children,2020_1679736606016Crimehead-wiseGender-wiseVictimsunderCrimesagasintChildrenduring2020.xlsx
2020,All India,C,Total Crimes against Children,total_crimes_children,128531.0,109477.0,25294.0,4.0,134775.0,NCRB CII Additional Table: Crime head-wise gender-wise victims under crimes against children,2020_1679736606016Crimehead-wiseGender-wiseVictimsunderCrimesagasintChildrenduring2020.xlsx
2021,All India,1,Murder,,1279.0,666.0,736.0,0.0,1402.0,NCRB CII Additional Table: Crime head-wise gender-wise victims under crimes against children,2021_1673007395016Crimehead-wiseGender-wiseVictimsunderCrimesagasintChildrenduring2021.xlsx
2021,All India,1.1,Murder with Rape/POCSO,murder_with_rape_pocso,135.0,125.0,15.0,0.0,140.0,NCRB CII Additional Table: Crime head-wise gender-wise victims under crimes against children,2021_1673007395016Crimehead-wiseGender-wiseVictimsunderCrimesagasintChildrenduring2021.xlsx
2021,All India,1.2,Other Murder,,1144.0,541.0,721.0,0.0,1262.0,NCRB CII Additional Table: Crime head-wise gender-wise victims under crimes against children,2021_1673007395016Crimehead-wiseGender-wiseVictimsunderCrimesagasintChildrenduring2021.xlsx
2021,All India,2,Abetment of Suicide of Child,,337.0,272.0,87.0,0.0,359.0,NCRB CII Additional Table: Crime head-wise gender-wise victims under crimes against children,2021_1673007395016Crimehead-wiseGender-wiseVictimsunderCrimesagasintChildrenduring2021.xlsx
2021,All India,3,Attempt to Commit Murder,,285.0,86.0,225.0,0.0,311.0,NCRB CII Additional Table: Crime head-wise gender-wise victims under crimes against children,2021_1673007395016Crimehead-wiseGender-wiseVictimsunderCrimesagasintChildrenduring2021.xlsx
2021,All India,4,Infanticide,infanticide,79.0,45.0,35.0,0.0,80.0,NCRB CII Additional Table: Crime head-wise gender-wise victims under crimes against children,2021_1673007395016Crimehead-wiseGender-wiseVictimsunderCrimesagasintChildrenduring2021.xlsx
2021,All India,5,Foeticide,foeticide,121.0,68.0,53.0,0.0,121.0,NCRB CII Additional Table: Crime head-wise gender-wise victims under crimes against children,2021_1673007395016Crimehead-wiseGender-wiseVictimsunderCrimesagasintChildrenduring2021.xlsx
2021,All India,6,Exposure and Abandonment,,709.0,378.0,362.0,0.0,740.0,NCRB CII Additional Table: Crime head-wise gender-wise victims under crimes against children,2021_1673007395016Crimehead-wiseGender-wiseVictimsunderCrimesagasintChildrenduring2021.xlsx
2021,All India,7,Simple Hurt,,3369.0,790.0,2955.0,0.0,3745.0,NCRB CII Additional Table: Crime head-wise gender-wise victims under crimes against children,2021_1673007395016Crimehead-wiseGender-wiseVictimsunderCrimesagasintChildrenduring2021.xlsx
2021,All India,8,Grievous Hurt,,368.0,101.0,319.0,0.0,420.0,NCRB CII Additional Table: Crime head-wise gender-wise victims under crimes against children,2021_1673007395016Crimehead-wiseGender-wiseVictimsunderCrimesagasintChildrenduring2021.xlsx
2021,All India,9,Kidnapping and Abduction of Children,kidnap_children_total,67245.0,58058.0,10956.0,0.0,69014.0,NCRB CII Additional Table: Crime head-wise gender-wise victims under crimes against children,2021_1673007395016Crimehead-wiseGender-wiseVictimsunderCrimesagasintChildrenduring2021.xlsx
2021,All India,9.1,Kidnapping and Abduction,,48169.0,39506.0,10029.0,0.0,49535.0,NCRB CII Additional Table: Crime head-wise gender-wise victims under crimes against children,2021_1673007395016Crimehead-wiseGender-wiseVictimsunderCrimesagasintChildrenduring2021.xlsx
2021,All India,9.1.1,Missing Children Deemed as Kidnapped,,28756.0,22783.0,6581.0,0.0,29364.0,NCRB CII Additional Table: Crime head-wise gender-wise victims under crimes against children,2021_1673007395016Crimehead-wiseGender-wiseVictimsunderCrimesagasintChildrenduring2021.xlsx
2021,All India,9.1.2,Other Kidnapping & Abduction,,19413.0,16723.0,3448.0,0.0,20171.0,NCRB CII Additional Table: Crime head-wise gender-wise victims under crimes against children,2021_1673007395016Crimehead-wiseGender-wiseVictimsunderCrimesagasintChildrenduring2021.xlsx
2021,All India,9.2,Kidnapping and Abduction for the Purpose of Begging,,37.0,19.0,22.0,0.0,41.0,NCRB CII Additional Table: Crime head-wise gender-wise victims under crimes against children,2021_1673007395016Crimehead-wiseGender-wiseVictimsunderCrimesagasintChildrenduring2021.xlsx
2021,All India,9.3,Kidnapping and Abduction in order to Murder,,42.0,15.0,27.0,0.0,42.0,NCRB CII Additional Table: Crime head-wise gender-wise victims under crimes against children,2021_1673007395016Crimehead-wiseGender-wiseVictimsunderCrimesagasintChildrenduring2021.xlsx
2021,All India,9.4,Kidnapping for Ransom,,90.0,28.0,67.0,0.0,95.0,NCRB CII Additional Table: Crime head-wise gender-wise victims under crimes against children,2021_1673007395016Crimehead-wiseGender-wiseVictimsunderCrimesagasintChildrenduring2021.xlsx
2021,All India,9.5,Kidnapping and Abduction of Minor Girls to compel her for marriage,kidnap_girls,12202.0,12347.0,0.0,0.0,12347.0,NCRB CII Additional Table: Crime head-wise gender-wise victims under crimes against children,2021_1673007395016Crimehead-wiseGender-wiseVictimsunderCrimesagasintChildrenduring2021.xlsx
2021,All India,9.6,Procuration of Minor Girls,procuration_minor_girls,2566.0,2698.0,0.0,0.0,2698.0,NCRB CII Additional Table: Crime head-wise gender-wise victims under crimes against children,2021_1673007395016Crimehead-wiseGender-wiseVictimsunderCrimesagasintChildrenduring2021.xlsx
2021,All India,9.7,Importation of Girls from Foreign Country,importation_girls,1.0,1.0,0.0,0.0,1.0,NCRB CII Additional Table: Crime head-wise gender-wise victims under crimes against children,2021_1673007395016Crimehead-wiseGender-wiseVictimsunderCrimesagasintChildrenduring2021.xlsx
2021,All India,9.8,Other Kidnapping & Abducion,,4138.0,3444.0,811.0,0.0,4255.0,NCRB CII Additional Table: Crime head-wise gender-wise victims under crimes against children,2021_1673007395016Crimehead-wiseGender-wiseVictimsunderCrimesagasintChildrenduring2021.xlsx
2021,All India,10,Human Trafficking,human_trafficking_children,425.0,472.0,674.0,0.0,1146.0,NCRB CII Additional Table: Crime head-wise gender-wise victims under crimes against children,2021_1673007395016Crimehead-wiseGender-wiseVictimsunderCrimesagasintChildrenduring2021.xlsx
2021,All India,11,Selling of Minors for Prostitution,selling_minors_total,15.0,15.0,3.0,0.0,18.0,NCRB CII Additional Table: Crime head-wise gender-wise victims under crimes against children,2021_1673007395016Crimehead-wiseGender-wiseVictimsunderCrimesagasintChildrenduring2021.xlsx
2021,All India,11.1,Selling of Minors for Prostitution - Boys,,3.0,0.0,3.0,0.0,3.0,NCRB CII Additional Table: Crime head-wise gender-wise victims under crimes against children,2021_1673007395016Crimehead-wiseGender-wiseVictimsunderCrimesagasintChildrenduring2021.xlsx
2021,All India,11.2,Selling of Minors for Prostitution - Girls,selling_minor_girls,12.0,15.0,0.0,0.0,15.0,NCRB CII Additional Table: Crime head-wise gender-wise victims under crimes against children,2021_1673007395016Crimehead-wiseGender-wiseVictimsunderCrimesagasintChildrenduring2021.xlsx
2021,All India,12,Buying of Minors for Prostitution,buying_minors_total,2.0,2.0,0.0,0.0,2.0,NCRB CII Additional Table: Crime head-wise gender-wise victims under crimes against children,2021_1673007395016Crimehead-wiseGender-wiseVictimsunderCrimesagasintChildrenduring2021.xlsx
2021,All India,12.1,Buying of Minors for Prostitution - Boys,,0.0,0.0,0.0,0.0,0.0,NCRB CII Additional Table: Crime head-wise gender-wise victims under crimes against children,2021_1673007395016Crimehead-wiseGender-wiseVictimsunderCrimesagasintChildrenduring2021.xlsx
2021,All India,12.2,Buying of Minors for Prostitution - Girls,buying_minor_girls,2.0,2.0,0.0,0.0,2.0,NCRB CII Additional Table: Crime head-wise gender-wise victims under crimes against children,2021_1673007395016Crimehead-wiseGender-wiseVictimsunderCrimesagasintChildrenduring2021.xlsx
2021,All India,13,Rape,rape_minor,3033.0,3038.0,0.0,0.0,3038.0,NCRB CII Additional Table: Crime head-wise gender-wise victims under crimes against children,2021_1673007395016Crimehead-wiseGender-wiseVictimsunderCrimesagasintChildrenduring2021.xlsx
2021,All India,14,Attempt to Commit Rape,attempt_rape_minor,184.0,185.0,0.0,0.0,185.0,NCRB CII Additional Table: Crime head-wise gender-wise victims under crimes against children,2021_1673007395016Crimehead-wiseGender-wiseVictimsunderCrimesagasintChildrenduring2021.xlsx
2021,All India,15,Assault on Women with Intent to Outrage her Modesty,assault_modesty_minor,3857.0,3935.0,0.0,0.0,3935.0,NCRB CII Additional Table: Crime head-wise gender-wise victims under crimes against children,2021_1673007395016Crimehead-wiseGender-wiseVictimsunderCrimesagasintChildrenduring2021.xlsx
2021,All India,16,Insult to the Modesty of Women,insult_modesty_minor,87.0,89.0,0.0,0.0,89.0,NCRB CII Additional Table: Crime head-wise gender-wise victims under crimes against children,2021_1673007395016Crimehead-wiseGender-wiseVictimsunderCrimesagasintChildrenduring2021.xlsx
2021,All India,17,Other IPC Crimes,,9284.0,4014.0,7763.0,0.0,11777.0,NCRB CII Additional Table: Crime head-wise gender-wise victims under crimes against children,2021_1673007395016Crimehead-wiseGender-wiseVictimsunderCrimesagasintChildrenduring2021.xlsx
2021,All India,A,Total IPC Crimes against Children,,90679.0,72214.0,24168.0,0.0,96382.0,NCRB CII Additional Table: Crime head-wise gender-wise victims under crimes against children,2021_1673007395016Crimehead-wiseGender-wiseVictimsunderCrimesagasintChildrenduring2021.xlsx
2021,All India,18,Protection of Children from Sexual Offences Act.,pocso_total,53874.0,53276.0,1083.0,0.0,54359.0,NCRB CII Additional Table: Crime head-wise gender-wise victims under crimes against children,2021_1673007395016Crimehead-wiseGender-wiseVictimsunderCrimesagasintChildrenduring2021.xlsx
2021,All India,18.1,Section 4 & 6 of POCSO Act or POCSO Act ( Section 4 & 6) r/w Section 376 IPC,pocso_penetrative,33348.0,33186.0,317.0,0.0,33503.0,NCRB CII Additional Table: Crime head-wise gender-wise victims under crimes against children,2021_1673007395016Crimehead-wiseGender-wiseVictimsunderCrimesagasintChildrenduring2021.xlsx
2021,All India,18.1.1A,Section 4 & 6 of POCSO Act or POCSO Act ( Section 4 & 6) r/w Section 376 IPC - Girls,pocso_penetrative_girls,33036.0,33186.0,0.0,0.0,33186.0,NCRB CII Additional Table: Crime head-wise gender-wise victims under crimes against children,2021_1673007395016Crimehead-wiseGender-wiseVictimsunderCrimesagasintChildrenduring2021.xlsx
2021,All India,18.1.1B,Section 4 & 6 of POCSO Act or POCSO Act ( Section 4 & 6) r/w Section 376 IPC - Boys,pocso_penetrative,312.0,0.0,317.0,0.0,317.0,NCRB CII Additional Table: Crime head-wise gender-wise victims under crimes against children,2021_1673007395016Crimehead-wiseGender-wiseVictimsunderCrimesagasintChildrenduring2021.xlsx
2021,All India,18.2,Section 8 & 10 of POCSO Act or POCSO Act (Section 8 & 10) r/w Section 354 IPC,pocso_sexual_assault,16575.0,16617.0,194.0,0.0,16811.0,NCRB CII Additional Table: Crime head-wise gender-wise victims under crimes against children,2021_1673007395016Crimehead-wiseGender-wiseVictimsunderCrimesagasintChildrenduring2021.xlsx
2021,All India,18.2.1A,Section 8 & 10 of POCSO Act or POCSO Act (Section 8 & 10) r/w Section 354 IPC - Girls,pocso_sexual_assault_girls,16401.0,16617.0,0.0,0.0,16617.0,NCRB CII Additional Table: Crime head-wise gender-wise victims under crimes against children,2021_1673007395016Crimehead-wiseGender-wiseVictimsunderCrimesagasintChildrenduring2021.xlsx
2021,All India,18.2.1B,Section 8 & 10 of POCSO Act or POCSO Act (Section 8 & 10) r/w Section 354 IPC - Boys,pocso_sexual_assault,174.0,0.0,194.0,0.0,194.0,NCRB CII Additional Table: Crime head-wise gender-wise victims under crimes against children,2021_1673007395016Crimehead-wiseGender-wiseVictimsunderCrimesagasintChildrenduring2021.xlsx
2021,All India,18.3,Section 12 of POCSO Act or POCSO Act (Section 12) r/w Section 509 IPC,pocso_harassment,2090.0,2090.0,59.0,0.0,2149.0,NCRB CII Additional Table: Crime head-wise gender-wise victims under crimes against children,2021_1673007395016Crimehead-wiseGender-wiseVictimsunderCrimesagasintChildrenduring2021.xlsx
2021,All India,18.3.1A,Section 12 of POCSO Act or POCSO Act (Section 12) r/w Section 509 IPC - Girls,pocso_harassment_girls,2032.0,2090.0,0.0,0.0,2090.0,NCRB CII Additional Table: Crime head-wise gender-wise victims under crimes against children,2021_1673007395016Crimehead-wiseGender-wiseVictimsunderCrimesagasintChildrenduring2021.xlsx
2021,All India,18.3.1B,Section 12 of POCSO Act or POCSO Act (Section 12) r/w Section 509 IPC - Boys,pocso_harassment,58.0,0.0,59.0,0.0,59.0,NCRB CII Additional Table: Crime head-wise gender-wise victims under crimes against children,2021_1673007395016Crimehead-wiseGender-wiseVictimsunderCrimesagasintChildrenduring2021.xlsx
2021,All India,18.4,Section 14 & 15 of POCSO Act,pocso_pornography,536.0,528.0,12.0,0.0,540.0,NCRB CII Additional Table: Crime head-wise gender-wise victims under crimes against children,2021_1673007395016Crimehead-wiseGender-wiseVictimsunderCrimesagasintChildrenduring2021.xlsx
2021,All India,18.4.1A,Section 14 & 15 of POCSO Act - Girls,pocso_pornography_girls,526.0,528.0,0.0,0.0,528.0,NCRB CII Additional Table: Crime head-wise gender-wise victims under crimes against children,2021_1673007395016Crimehead-wiseGender-wiseVictimsunderCrimesagasintChildrenduring2021.xlsx
2021,All India,18.4.1B,Section 14 & 15 of POCSO Act - Boys,pocso_pornography,10.0,0.0,12.0,0.0,12.0,NCRB CII Additional Table: Crime head-wise gender-wise victims under crimes against children,2021_1673007395016Crimehead-wiseGender-wiseVictimsunderCrimesagasintChildrenduring2021.xlsx
2021,All India,18.5,POCSO Act r/w Section 377 IPC,pocso_unnatural_377,500.0,31.0,486.0,0.0,517.0,NCRB CII Additional Table: Crime head-wise gender-wise victims under crimes against children,2021_1673007395016Crimehead-wiseGender-wiseVictimsunderCrimesagasintChildrenduring2021.xlsx
2021,All India,18.5.1A,POCSO Act r/w Section 377 IPC - Girls,pocso_unnatural_377_girls,31.0,31.0,0.0,0.0,31.0,NCRB CII Additional Table: Crime head-wise gender-wise victims under crimes against children,2021_1673007395016Crimehead-wiseGender-wiseVictimsunderCrimesagasintChildrenduring2021.xlsx
2021,All India,18.5.1B,POCSO Act r/w Section 377 IPC - Boys,pocso_unnatural_377,469.0,0.0,486.0,0.0,486.0,NCRB CII Additional Table: Crime head-wise gender-wise victims under crimes against children,2021_1673007395016Crimehead-wiseGender-wiseVictimsunderCrimesagasintChildrenduring2021.xlsx
2021,All India,18.6,Sections 17 to 22 of POCSO Act,pocso_other,825.0,824.0,15.0,0.0,839.0,NCRB CII Additional Table: Crime head-wise gender-wise victims under crimes against children,2021_1673007395016Crimehead-wiseGender-wiseVictimsunderCrimesagasintChildrenduring2021.xlsx
2021,All India,18.6.1A,Sections 17 to 22 of POCSO Act - Girls,pocso_other_girls,810.0,824.0,0.0,0.0,824.0,NCRB CII Additional Table: Crime head-wise gender-wise victims under crimes against children,2021_1673007395016Crimehead-wiseGender-wiseVictimsunderCrimesagasintChildrenduring2021.xlsx
2021,All India,18.6.1B,Sections 17 to 22 of POCSO Act - Boys,pocso_other,15.0,0.0,15.0,0.0,15.0,NCRB CII Additional Table: Crime head-wise gender-wise victims under crimes against children,2021_1673007395016Crimehead-wiseGender-wiseVictimsunderCrimesagasintChildrenduring2021.xlsx
2021,All India,19,Juvenile Justice (Care and Protection of Children) Act,,1871.0,476.0,2050.0,0.0,2526.0,NCRB CII Additional Table: Crime head-wise gender-wise victims under crimes against children,2021_1673007395016Crimehead-wiseGender-wiseVictimsunderCrimesagasintChildrenduring2021.xlsx
2021,All India,19.1,Offences by Care Takers/In-charge of Juvenile Homes,,276.0,79.0,247.0,0.0,326.0,NCRB CII Additional Table: Crime head-wise gender-wise victims under crimes against children,2021_1673007395016Crimehead-wiseGender-wiseVictimsunderCrimesagasintChildrenduring2021.xlsx
2021,All India,19.2,Other Offences,,1595.0,397.0,1803.0,0.0,2200.0,NCRB CII Additional Table: Crime head-wise gender-wise victims under crimes against children,2021_1673007395016Crimehead-wiseGender-wiseVictimsunderCrimesagasintChildrenduring2021.xlsx
2021,All India,20,Immoral Traffic (Prevention) Act,itpa_children,30.0,51.0,3.0,0.0,54.0,NCRB CII Additional Table: Crime head-wise gender-wise victims under crimes against children,2021_1673007395016Crimehead-wiseGender-wiseVictimsunderCrimesagasintChildrenduring2021.xlsx
2021,All India,20.1,"Procuring, inducing Children for the sake of prostitution",,17.0,26.0,3.0,0.0,29.0,NCRB CII Additional Table: Crime head-wise gender-wise victims under crimes against children,2021_1673007395016Crimehead-wiseGender-wiseVictimsunderCrimesagasintChildrenduring2021.xlsx
2021,All India,20.2,Detaining a person in premises where prostitution is carried on,,2.0,4.0,0.0,0.0,4.0,NCRB CII Additional Table: Crime head-wise gender-wise victims under crimes against children,2021_1673007395016Crimehead-wiseGender-wiseVictimsunderCrimesagasintChildrenduring2021.xlsx
2021,All India,20.3,Others,,11.0,21.0,0.0,0.0,21.0,NCRB CII Additional Table: Crime head-wise gender-wise victims under crimes against children,2021_1673007395016Crimehead-wiseGender-wiseVictimsunderCrimesagasintChildrenduring2021.xlsx
2021,All India,21,Child Labour (Prohibition & Regulation) Act,,613.0,127.0,855.0,0.0,982.0,NCRB CII Additional Table: Crime head-wise gender-wise victims under crimes against children,2021_1673007395016Crimehead-wiseGender-wiseVictimsunderCrimesagasintChildrenduring2021.xlsx
2021,All India,22,Prohibition of Child Marriage Act,child_marriage,1050.0,1011.0,51.0,0.0,1062.0,NCRB CII Additional Table: Crime head-wise gender-wise victims under crimes against children,2021_1673007395016Crimehead-wiseGender-wiseVictimsunderCrimesagasintChildrenduring2021.xlsx
2021,All India,23,Transplantation of Human Organs Act,,0.0,0.0,0.0,0.0,0.0,NCRB CII Additional Table: Crime head-wise gender-wise victims under crimes against children,2021_1673007395016Crimehead-wiseGender-wiseVictimsunderCrimesagasintChildrenduring2021.xlsx
2021,All India,24,Cyber Crimes/Information Technology Act,,1081.0,865.0,248.0,0.0,1113.0,NCRB CII Additional Table: Crime head-wise gender-wise victims under crimes against children,2021_1673007395016Crimehead-wiseGender-wiseVictimsunderCrimesagasintChildrenduring2021.xlsx
2021,All India,24.1,Publishing or Transmitting of material depicting children in sexually explicit act,cyber_child_sexual_material,969.0,773.0,226.0,0.0,999.0,NCRB CII Additional Table: Crime head-wise gender-wise victims under crimes against children,2021_1673007395016Crimehead-wiseGender-wiseVictimsunderCrimesagasintChildrenduring2021.xlsx
2021,All India,24.2,Other Cyber Crimes against Children,,112.0,92.0,22.0,0.0,114.0,NCRB CII Additional Table: Crime head-wise gender-wise victims under crimes against children,2021_1673007395016Crimehead-wiseGender-wiseVictimsunderCrimesagasintChildrenduring2021.xlsx
2021,All India,25,Other SLL crimes,,206.0,105.0,144.0,0.0,249.0,NCRB CII Additional Table: Crime head-wise gender-wise victims under crimes against children,2021_1673007395016Crimehead-wiseGender-wiseVictimsunderCrimesagasintChildrenduring2021.xlsx
2021,All India,B,Total SLL Crimes,,58725.0,55911.0,4434.0,0.0,60345.0,NCRB CII Additional Table: Crime head-wise gender-wise victims under crimes against children,2021_1673007395016Crimehead-wiseGender-wiseVictimsunderCrimesagasintChildrenduring2021.xlsx
2021,All India,C,Total Crimes against Children,total_crimes_children,149404.0,128125.0,28602.0,0.0,156727.0,NCRB CII Additional Table: Crime head-wise gender-wise victims under crimes against children,2021_1673007395016Crimehead-wiseGender-wiseVictimsunderCrimesagasintChildrenduring2021.xlsx
2022,All India,1,Murder,,1195.0,630.0,710.0,0.0,1340.0,NCRB CII Additional Table: Crime head-wise gender-wise victims under crimes against children,2022_016Crimehead-wiseGender-wiseVictimsunderCrimesagaisntChildrenduring2022.xlsx
2022,All India,1.1,Murder with Rape/POCSO,murder_with_rape_pocso,99.0,113.0,9.0,0.0,122.0,NCRB CII Additional Table: Crime head-wise gender-wise victims under crimes against children,2022_016Crimehead-wiseGender-wiseVictimsunderCrimesagaisntChildrenduring2022.xlsx
2022,All India,1.2,Other Murder,,1096.0,517.0,701.0,0.0,1218.0,NCRB CII Additional Table: Crime head-wise gender-wise victims under crimes against children,2022_016Crimehead-wiseGender-wiseVictimsunderCrimesagaisntChildrenduring2022.xlsx
2022,All India,2,Abetment of Suicide of Child,,333.0,256.0,85.0,0.0,341.0,NCRB CII Additional Table: Crime head-wise gender-wise victims under crimes against children,2022_016Crimehead-wiseGender-wiseVictimsunderCrimesagaisntChildrenduring2022.xlsx
2022,All India,3,Attempt to Commit Murder,,302.0,90.0,240.0,0.0,330.0,NCRB CII Additional Table: Crime head-wise gender-wise victims under crimes against children,2022_016Crimehead-wiseGender-wiseVictimsunderCrimesagaisntChildrenduring2022.xlsx
2022,All India,4,Infanticide,infanticide,83.0,51.0,32.0,0.0,83.0,NCRB CII Additional Table: Crime head-wise gender-wise victims under crimes against children,2022_016Crimehead-wiseGender-wiseVictimsunderCrimesagaisntChildrenduring2022.xlsx
2022,All India,5,Foeticide,foeticide,102.0,61.0,43.0,0.0,104.0,NCRB CII Additional Table: Crime head-wise gender-wise victims under crimes against children,2022_016Crimehead-wiseGender-wiseVictimsunderCrimesagaisntChildrenduring2022.xlsx
2022,All India,6,Exposure and Abandonment,,818.0,420.0,411.0,0.0,831.0,NCRB CII Additional Table: Crime head-wise gender-wise victims under crimes against children,2022_016Crimehead-wiseGender-wiseVictimsunderCrimesagaisntChildrenduring2022.xlsx
2022,All India,7,Simple Hurt,,3445.0,850.0,2803.0,0.0,3653.0,NCRB CII Additional Table: Crime head-wise gender-wise victims under crimes against children,2022_016Crimehead-wiseGender-wiseVictimsunderCrimesagaisntChildrenduring2022.xlsx
2022,All India,8,Grievous Hurt,,458.0,107.0,380.0,0.0,487.0,NCRB CII Additional Table: Crime head-wise gender-wise victims under crimes against children,2022_016Crimehead-wiseGender-wiseVictimsunderCrimesagaisntChildrenduring2022.xlsx
2022,All India,9,Kidnapping and Abduction of Children,kidnap_children_total,74284.0,62099.0,13970.0,0.0,76069.0,NCRB CII Additional Table: Crime head-wise gender-wise victims under crimes against children,2022_016Crimehead-wiseGender-wiseVictimsunderCrimesagaisntChildrenduring2022.xlsx
2022,All India,9.1,Kidnapping and Abduction,,54685.0,43142.0,12819.0,0.0,55961.0,NCRB CII Additional Table: Crime head-wise gender-wise victims under crimes against children,2022_016Crimehead-wiseGender-wiseVictimsunderCrimesagaisntChildrenduring2022.xlsx
2022,All India,9.1A,Missing Children Deemed as Kidnapped,,33053.0,25586.0,8064.0,0.0,33650.0,NCRB CII Additional Table: Crime head-wise gender-wise victims under crimes against children,2022_016Crimehead-wiseGender-wiseVictimsunderCrimesagaisntChildrenduring2022.xlsx
2022,All India,9.1B,Other Kidnapping & Abduction,,21632.0,17556.0,4755.0,0.0,22311.0,NCRB CII Additional Table: Crime head-wise gender-wise victims under crimes against children,2022_016Crimehead-wiseGender-wiseVictimsunderCrimesagaisntChildrenduring2022.xlsx
2022,All India,9.2,Kidnapping and Abduction for the Purpose of Begging,,98.0,90.0,12.0,0.0,102.0,NCRB CII Additional Table: Crime head-wise gender-wise victims under crimes against children,2022_016Crimehead-wiseGender-wiseVictimsunderCrimesagaisntChildrenduring2022.xlsx
2022,All India,9.3,Kidnapping and Abduction in order to Murder,,27.0,11.0,16.0,0.0,27.0,NCRB CII Additional Table: Crime head-wise gender-wise victims under crimes against children,2022_016Crimehead-wiseGender-wiseVictimsunderCrimesagaisntChildrenduring2022.xlsx
2022,All India,9.4,Kidnapping for Ransom,,84.0,39.0,49.0,0.0,88.0,NCRB CII Additional Table: Crime head-wise gender-wise victims under crimes against children,2022_016Crimehead-wiseGender-wiseVictimsunderCrimesagaisntChildrenduring2022.xlsx
2022,All India,9.5,Kidnapping and Abduction of Minor Girls to compel her for marriage,kidnap_girls,13641.0,13981.0,0.0,0.0,13981.0,NCRB CII Additional Table: Crime head-wise gender-wise victims under crimes against children,2022_016Crimehead-wiseGender-wiseVictimsunderCrimesagaisntChildrenduring2022.xlsx
2022,All India,9.6,Procuration of Minor Girls,procuration_minor_girls,1827.0,1858.0,0.0,0.0,1858.0,NCRB CII Additional Table: Crime head-wise gender-wise victims under crimes against children,2022_016Crimehead-wiseGender-wiseVictimsunderCrimesagaisntChildrenduring2022.xlsx
2022,All India,9.7,Importation of Girls from Foreign Country,importation_girls,0.0,0.0,0.0,0.0,0.0,NCRB CII Additional Table: Crime head-wise gender-wise victims under crimes against children,2022_016Crimehead-wiseGender-wiseVictimsunderCrimesagaisntChildrenduring2022.xlsx
2022,All India,9.8,Other Kidnapping & Abducion,,3922.0,2978.0,1074.0,0.0,4052.0,NCRB CII Additional Table: Crime head-wise gender-wise victims under crimes against children,2022_016Crimehead-wiseGender-wiseVictimsunderCrimesagaisntChildrenduring2022.xlsx
2022,All India,10,Human Trafficking,human_trafficking_children,424.0,410.0,852.0,0.0,1262.0,NCRB CII Additional Table: Crime head-wise gender-wise victims under crimes against children,2022_016Crimehead-wiseGender-wiseVictimsunderCrimesagaisntChildrenduring2022.xlsx
2022,All India,11,Selling of Minors for Prostitution,selling_minors_total,9.0,10.0,1.0,0.0,11.0,NCRB CII Additional Table: Crime head-wise gender-wise victims under crimes against children,2022_016Crimehead-wiseGender-wiseVictimsunderCrimesagaisntChildrenduring2022.xlsx
2022,All India,11.1,Selling of Minors for Prostitution - Boys,,1.0,0.0,1.0,0.0,1.0,NCRB CII Additional Table: Crime head-wise gender-wise victims under crimes against children,2022_016Crimehead-wiseGender-wiseVictimsunderCrimesagaisntChildrenduring2022.xlsx
2022,All India,11.2,Selling of Minors for Prostitution - Girls,selling_minor_girls,8.0,10.0,0.0,0.0,10.0,NCRB CII Additional Table: Crime head-wise gender-wise victims under crimes against children,2022_016Crimehead-wiseGender-wiseVictimsunderCrimesagaisntChildrenduring2022.xlsx
2022,All India,12,Buying of Minors for Prostitution,buying_minors_total,3.0,4.0,0.0,0.0,4.0,NCRB CII Additional Table: Crime head-wise gender-wise victims under crimes against children,2022_016Crimehead-wiseGender-wiseVictimsunderCrimesagaisntChildrenduring2022.xlsx
2022,All India,12.1,Buying of Minors for Prostitution - Boys,,0.0,0.0,0.0,0.0,0.0,NCRB CII Additional Table: Crime head-wise gender-wise victims under crimes against children,2022_016Crimehead-wiseGender-wiseVictimsunderCrimesagaisntChildrenduring2022.xlsx
2022,All India,12.2,Buying of Minors for Prostitution - Girls,buying_minor_girls,3.0,4.0,0.0,0.0,4.0,NCRB CII Additional Table: Crime head-wise gender-wise victims under crimes against children,2022_016Crimehead-wiseGender-wiseVictimsunderCrimesagaisntChildrenduring2022.xlsx
2022,All India,13,Rape,rape_minor,1004.0,1017.0,0.0,0.0,1017.0,NCRB CII Additional Table: Crime head-wise gender-wise victims under crimes against children,2022_016Crimehead-wiseGender-wiseVictimsunderCrimesagaisntChildrenduring2022.xlsx
2022,All India,14,Attempt to Commit Rape,attempt_rape_minor,91.0,96.0,0.0,0.0,96.0,NCRB CII Additional Table: Crime head-wise gender-wise victims under crimes against children,2022_016Crimehead-wiseGender-wiseVictimsunderCrimesagaisntChildrenduring2022.xlsx
2022,All India,15,Assault on Women with Intent to Outrage her Modesty,assault_modesty_minor,2380.0,2422.0,0.0,0.0,2422.0,NCRB CII Additional Table: Crime head-wise gender-wise victims under crimes against children,2022_016Crimehead-wiseGender-wiseVictimsunderCrimesagaisntChildrenduring2022.xlsx
2022,All India,16,Insult to the Modesty of Women,insult_modesty_minor,53.0,54.0,0.0,0.0,54.0,NCRB CII Additional Table: Crime head-wise gender-wise victims under crimes against children,2022_016Crimehead-wiseGender-wiseVictimsunderCrimesagaisntChildrenduring2022.xlsx
2022,All India,17,Other IPC Crimes,,8894.0,3527.0,7806.0,0.0,11333.0,NCRB CII Additional Table: Crime head-wise gender-wise victims under crimes against children,2022_016Crimehead-wiseGender-wiseVictimsunderCrimesagaisntChildrenduring2022.xlsx
2022,All India,nan,Total IPC Crimes against Children,,93878.0,72104.0,27333.0,0.0,99437.0,NCRB CII Additional Table: Crime head-wise gender-wise victims under crimes against children,2022_016Crimehead-wiseGender-wiseVictimsunderCrimesagaisntChildrenduring2022.xlsx
2022,All India,18,Protection of Children from Sexual Offences Act,pocso_total,63414.0,63116.0,1353.0,0.0,64469.0,NCRB CII Additional Table: Crime head-wise gender-wise victims under crimes against children,2022_016Crimehead-wiseGender-wiseVictimsunderCrimesagaisntChildrenduring2022.xlsx
2022,All India,18.1,Section 4 & 6 of POCSO Act or POCSO Act ( Section 4 & 6) r/w Section 376 IPC,pocso_penetrative,37907.0,38030.0,414.0,0.0,38444.0,NCRB CII Additional Table: Crime head-wise gender-wise victims under crimes against children,2022_016Crimehead-wiseGender-wiseVictimsunderCrimesagaisntChildrenduring2022.xlsx
2022,All India,18.1A,Section 4 & 6 of POCSO Act or POCSO Act ( Section 4 & 6) r/w Section 376 IPC - Girls,pocso_penetrative_girls,37511.0,38030.0,0.0,0.0,38030.0,NCRB CII Additional Table: Crime head-wise gender-wise victims under crimes against children,2022_016Crimehead-wiseGender-wiseVictimsunderCrimesagaisntChildrenduring2022.xlsx
2022,All India,18.1B,Section 4 & 6 of POCSO Act or POCSO Act ( Section 4 & 6) r/w Section 376 IPC - Boys,pocso_penetrative,396.0,0.0,414.0,0.0,414.0,NCRB CII Additional Table: Crime head-wise gender-wise victims under crimes against children,2022_016Crimehead-wiseGender-wiseVictimsunderCrimesagaisntChildrenduring2022.xlsx
2022,All India,18.2,Section 8 & 10 of POCSO Act or POCSO Act (Section 8 & 10) r/w Section 354 IPC,pocso_sexual_assault,20753.0,20902.0,265.0,0.0,21167.0,NCRB CII Additional Table: Crime head-wise gender-wise victims under crimes against children,2022_016Crimehead-wiseGender-wiseVictimsunderCrimesagaisntChildrenduring2022.xlsx
2022,All India,18.2A,Section 8 & 10 of POCSO Act or POCSO Act (Section 8 & 10) r/w Section 354 IPC - Girls,pocso_sexual_assault_girls,20494.0,20902.0,0.0,0.0,20902.0,NCRB CII Additional Table: Crime head-wise gender-wise victims under crimes against children,2022_016Crimehead-wiseGender-wiseVictimsunderCrimesagaisntChildrenduring2022.xlsx
2022,All India,18.2B,Section 8 & 10 of POCSO Act or POCSO Act (Section 8 & 10) r/w Section 354 IPC - Boys,pocso_sexual_assault,259.0,0.0,265.0,0.0,265.0,NCRB CII Additional Table: Crime head-wise gender-wise victims under crimes against children,2022_016Crimehead-wiseGender-wiseVictimsunderCrimesagaisntChildrenduring2022.xlsx
2022,All India,18.3,Section 12 of POCSO Act or POCSO Act (Section 12) r/w Section 509 IPC,pocso_harassment,2719.0,2728.0,66.0,0.0,2794.0,NCRB CII Additional Table: Crime head-wise gender-wise victims under crimes against children,2022_016Crimehead-wiseGender-wiseVictimsunderCrimesagaisntChildrenduring2022.xlsx
2022,All India,18.3A,Section 12 of POCSO Act or POCSO Act (Section 12) r/w Section 509 IPC - Girls,pocso_harassment_girls,2661.0,2728.0,0.0,0.0,2728.0,NCRB CII Additional Table: Crime head-wise gender-wise victims under crimes against children,2022_016Crimehead-wiseGender-wiseVictimsunderCrimesagaisntChildrenduring2022.xlsx
2022,All India,18.3B,Section 12 of POCSO Act or POCSO Act (Section 12) r/w Section 509 IPC - Boys,pocso_harassment,58.0,0.0,66.0,0.0,66.0,NCRB CII Additional Table: Crime head-wise gender-wise victims under crimes against children,2022_016Crimehead-wiseGender-wiseVictimsunderCrimesagaisntChildrenduring2022.xlsx
2022,All India,18.4,Section 14 & 15 of POCSO Act,pocso_pornography,696.0,674.0,29.0,0.0,703.0,NCRB CII Additional Table: Crime head-wise gender-wise victims under crimes against children,2022_016Crimehead-wiseGender-wiseVictimsunderCrimesagaisntChildrenduring2022.xlsx
2022,All India,18.4A,Section 14 & 15 of POCSO Act - Girls,pocso_pornography_girls,667.0,674.0,0.0,0.0,674.0,NCRB CII Additional Table: Crime head-wise gender-wise victims under crimes against children,2022_016Crimehead-wiseGender-wiseVictimsunderCrimesagaisntChildrenduring2022.xlsx
2022,All India,18.4B,Section 14 & 15 of POCSO Act - Boys,pocso_pornography,29.0,0.0,29.0,0.0,29.0,NCRB CII Additional Table: Crime head-wise gender-wise victims under crimes against children,2022_016Crimehead-wiseGender-wiseVictimsunderCrimesagaisntChildrenduring2022.xlsx
2022,All India,18.5,POCSO Act r/w Section 377 IPC,pocso_unnatural_377,581.0,28.0,555.0,0.0,583.0,NCRB CII Additional Table: Crime head-wise gender-wise victims under crimes against children,2022_016Crimehead-wiseGender-wiseVictimsunderCrimesagaisntChildrenduring2022.xlsx
2022,All India,18.5A,POCSO Act r/w Section 377 IPC - Girls,pocso_unnatural_377_girls,28.0,28.0,0.0,0.0,28.0,NCRB CII Additional Table: Crime head-wise gender-wise victims under crimes against children,2022_016Crimehead-wiseGender-wiseVictimsunderCrimesagaisntChildrenduring2022.xlsx
2022,All India,18.5B,POCSO Act r/w Section 377 IPC - Boys,pocso_unnatural_377,553.0,0.0,555.0,0.0,555.0,NCRB CII Additional Table: Crime head-wise gender-wise victims under crimes against children,2022_016Crimehead-wiseGender-wiseVictimsunderCrimesagaisntChildrenduring2022.xlsx
2022,All India,18.6,Sections 17 to 22 of POCSO Act,pocso_other,758.0,754.0,24.0,0.0,778.0,NCRB CII Additional Table: Crime head-wise gender-wise victims under crimes against children,2022_016Crimehead-wiseGender-wiseVictimsunderCrimesagaisntChildrenduring2022.xlsx
2022,All India,18.6A,Sections 17 to 22 of POCSO Act - Girls,pocso_other_girls,734.0,754.0,0.0,0.0,754.0,NCRB CII Additional Table: Crime head-wise gender-wise victims under crimes against children,2022_016Crimehead-wiseGender-wiseVictimsunderCrimesagaisntChildrenduring2022.xlsx
2022,All India,18.6B,Sections 17 to 22 of POCSO Act - Boys,pocso_other,24.0,0.0,24.0,0.0,24.0,NCRB CII Additional Table: Crime head-wise gender-wise victims under crimes against children,2022_016Crimehead-wiseGender-wiseVictimsunderCrimesagaisntChildrenduring2022.xlsx
2022,All India,19,Juvenile Justice (Care and Protection of Children) Act,,1830.0,633.0,1852.0,0.0,2485.0,NCRB CII Additional Table: Crime head-wise gender-wise victims under crimes against children,2022_016Crimehead-wiseGender-wiseVictimsunderCrimesagaisntChildrenduring2022.xlsx
2022,All India,19.1,Offences by Care Takers/In-charge of Juvenile Homes,,242.0,115.0,271.0,0.0,386.0,NCRB CII Additional Table: Crime head-wise gender-wise victims under crimes against children,2022_016Crimehead-wiseGender-wiseVictimsunderCrimesagaisntChildrenduring2022.xlsx
2022,All India,19.2,Other Offences,,1588.0,518.0,1581.0,0.0,2099.0,NCRB CII Additional Table: Crime head-wise gender-wise victims under crimes against children,2022_016Crimehead-wiseGender-wiseVictimsunderCrimesagaisntChildrenduring2022.xlsx
2022,All India,20,Immoral Traffic (Prevention) Act,itpa_children,42.0,62.0,3.0,0.0,65.0,NCRB CII Additional Table: Crime head-wise gender-wise victims under crimes against children,2022_016Crimehead-wiseGender-wiseVictimsunderCrimesagaisntChildrenduring2022.xlsx
2022,All India,20.1,"Procuring, inducing Children for the sake of prostitution",,28.0,49.0,2.0,0.0,51.0,NCRB CII Additional Table: Crime head-wise gender-wise victims under crimes against children,2022_016Crimehead-wiseGender-wiseVictimsunderCrimesagaisntChildrenduring2022.xlsx
2022,All India,20.2,Detaining a person in premises where prostitution is carried on,,3.0,3.0,0.0,0.0,3.0,NCRB CII Additional Table: Crime head-wise gender-wise victims under crimes against children,2022_016Crimehead-wiseGender-wiseVictimsunderCrimesagaisntChildrenduring2022.xlsx
2022,All India,20.3,Others,,11.0,10.0,1.0,0.0,11.0,NCRB CII Additional Table: Crime head-wise gender-wise victims under crimes against children,2022_016Crimehead-wiseGender-wiseVictimsunderCrimesagaisntChildrenduring2022.xlsx
2022,All India,21,Child Labour (Prohibition & Regulation) Act,,751.0,199.0,970.0,0.0,1169.0,NCRB CII Additional Table: Crime head-wise gender-wise victims under crimes against children,2022_016Crimehead-wiseGender-wiseVictimsunderCrimesagaisntChildrenduring2022.xlsx
2022,All India,22,Prohibition of Child Marriage Act,child_marriage,1002.0,983.0,37.0,0.0,1020.0,NCRB CII Additional Table: Crime head-wise gender-wise victims under crimes against children,2022_016Crimehead-wiseGender-wiseVictimsunderCrimesagaisntChildrenduring2022.xlsx
2022,All India,23,Transplantation of Human Organs Act,,0.0,0.0,0.0,0.0,0.0,NCRB CII Additional Table: Crime head-wise gender-wise victims under crimes against children,2022_016Crimehead-wiseGender-wiseVictimsunderCrimesagaisntChildrenduring2022.xlsx
2022,All India,24,Cyber Crimes/Information Technology Act,,1360.0,1091.0,293.0,0.0,1384.0,NCRB CII Additional Table: Crime head-wise gender-wise victims under crimes against children,2022_016Crimehead-wiseGender-wiseVictimsunderCrimesagaisntChildrenduring2022.xlsx
2022,All India,24.1,Publishing or Transmitting of material depicting children in sexually explicit act,cyber_child_sexual_material,1171.0,917.0,270.0,0.0,1187.0,NCRB CII Additional Table: Crime head-wise gender-wise victims under crimes against children,2022_016Crimehead-wiseGender-wiseVictimsunderCrimesagaisntChildrenduring2022.xlsx
2022,All India,24.2,Other Cyber Crimes against Children,,189.0,174.0,23.0,0.0,197.0,NCRB CII Additional Table: Crime head-wise gender-wise victims under crimes against children,2022_016Crimehead-wiseGender-wiseVictimsunderCrimesagaisntChildrenduring2022.xlsx
2022,All India,25,Other SLL crimes,,172.0,103.0,115.0,0.0,218.0,NCRB CII Additional Table: Crime head-wise gender-wise victims under crimes against children,2022_016Crimehead-wiseGender-wiseVictimsunderCrimesagaisntChildrenduring2022.xlsx
2022,All India,nan,Total SLL Crimes,,68571.0,66187.0,4623.0,0.0,70810.0,NCRB CII Additional Table: Crime head-wise gender-wise victims under crimes against children,2022_016Crimehead-wiseGender-wiseVictimsunderCrimesagaisntChildrenduring2022.xlsx
2022,All India,nan,Total Crimes against Children,total_crimes_children,162449.0,138291.0,31956.0,0.0,170247.0,NCRB CII Additional Table: Crime head-wise gender-wise victims under crimes against children,2022_016Crimehead-wiseGender-wiseVictimsunderCrimesagaisntChildrenduring2022.xlsx
2023,All India,1,Murder,,1219.0,631.0,753.0,0.0,1384.0,NCRB CII Additional Table: Crime head-wise gender-wise victims under crimes against children,2023_016Crimehead-wiseGender-wiseVictimsunderCrimesagaisntChildrenduring2023.xlsx
2023,All India,1.1,Murder with Rape/POCSO,murder_with_rape_pocso,89.0,84.0,5.0,0.0,89.0,NCRB CII Additional Table: Crime head-wise gender-wise victims under crimes against children,2023_016Crimehead-wiseGender-wiseVictimsunderCrimesagaisntChildrenduring2023.xlsx
2023,All India,1.2,Other Murder,,1130.0,547.0,748.0,0.0,1295.0,NCRB CII Additional Table: Crime head-wise gender-wise victims under crimes against children,2023_016Crimehead-wiseGender-wiseVictimsunderCrimesagaisntChildrenduring2023.xlsx
2023,All India,2,Abetment of Suicide of Child,,373.0,316.0,68.0,0.0,384.0,NCRB CII Additional Table: Crime head-wise gender-wise victims under crimes against children,2023_016Crimehead-wiseGender-wiseVictimsunderCrimesagaisntChildrenduring2023.xlsx
2023,All India,3,Attempt to Commit Murder,,290.0,94.0,243.0,0.0,337.0,NCRB CII Additional Table: Crime head-wise gender-wise victims under crimes against children,2023_016Crimehead-wiseGender-wiseVictimsunderCrimesagaisntChildrenduring2023.xlsx
2023,All India,4,Infanticide,infanticide,67.0,44.0,23.0,0.0,67.0,NCRB CII Additional Table: Crime head-wise gender-wise victims under crimes against children,2023_016Crimehead-wiseGender-wiseVictimsunderCrimesagaisntChildrenduring2023.xlsx
2023,All India,5,Foeticide,foeticide,88.0,37.0,51.0,0.0,88.0,NCRB CII Additional Table: Crime head-wise gender-wise victims under crimes against children,2023_016Crimehead-wiseGender-wiseVictimsunderCrimesagaisntChildrenduring2023.xlsx
2023,All India,6,Exposure and Abandonment,,653.0,338.0,326.0,0.0,664.0,NCRB CII Additional Table: Crime head-wise gender-wise victims under crimes against children,2023_016Crimehead-wiseGender-wiseVictimsunderCrimesagaisntChildrenduring2023.xlsx
2023,All India,7,Simple Hurt,,3050.0,778.0,2731.0,0.0,3509.0,NCRB CII Additional Table: Crime head-wise gender-wise victims under crimes against children,2023_016Crimehead-wiseGender-wiseVictimsunderCrimesagaisntChildrenduring2023.xlsx
2023,All India,8,Grievous Hurt,,366.0,101.0,347.0,0.0,448.0,NCRB CII Additional Table: Crime head-wise gender-wise victims under crimes against children,2023_016Crimehead-wiseGender-wiseVictimsunderCrimesagaisntChildrenduring2023.xlsx
2023,All India,9,Kidnapping and Abduction of Children,kidnap_children_total,79884.0,66072.0,16033.0,1.0,82106.0,NCRB CII Additional Table: Crime head-wise gender-wise victims under crimes against children,2023_016Crimehead-wiseGender-wiseVictimsunderCrimesagaisntChildrenduring2023.xlsx
2023,All India,9.1,Kidnapping and Abduction,,58927.0,46164.0,14706.0,0.0,60870.0,NCRB CII Additional Table: Crime head-wise gender-wise victims under crimes against children,2023_016Crimehead-wiseGender-wiseVictimsunderCrimesagaisntChildrenduring2023.xlsx
2023,All India,9.1A,Missing Children Deemed as Kidnapped,,37844.0,28655.0,9817.0,0.0,38472.0,NCRB CII Additional Table: Crime head-wise gender-wise victims under crimes against children,2023_016Crimehead-wiseGender-wiseVictimsunderCrimesagaisntChildrenduring2023.xlsx
2023,All India,9.1B,Other Kidnapping & Abduction,,21083.0,17509.0,4889.0,0.0,22398.0,NCRB CII Additional Table: Crime head-wise gender-wise victims under crimes against children,2023_016Crimehead-wiseGender-wiseVictimsunderCrimesagaisntChildrenduring2023.xlsx
2023,All India,9.2,Kidnapping and Abduction for the Purpose of Begging,,65.0,54.0,10.0,1.0,65.0,NCRB CII Additional Table: Crime head-wise gender-wise victims under crimes against children,2023_016Crimehead-wiseGender-wiseVictimsunderCrimesagaisntChildrenduring2023.xlsx
2023,All India,9.3,Kidnapping and Abduction in order to Murder,,57.0,11.0,46.0,0.0,57.0,NCRB CII Additional Table: Crime head-wise gender-wise victims under crimes against children,2023_016Crimehead-wiseGender-wiseVictimsunderCrimesagaisntChildrenduring2023.xlsx
2023,All India,9.4,Kidnapping for Ransom,,89.0,30.0,60.0,0.0,90.0,NCRB CII Additional Table: Crime head-wise gender-wise victims under crimes against children,2023_016Crimehead-wiseGender-wiseVictimsunderCrimesagaisntChildrenduring2023.xlsx
2023,All India,9.5,Kidnapping and Abduction of Minor Girls to compel her for marriage,kidnap_girls,14637.0,14712.0,0.0,0.0,14712.0,NCRB CII Additional Table: Crime head-wise gender-wise victims under crimes against children,2023_016Crimehead-wiseGender-wiseVictimsunderCrimesagaisntChildrenduring2023.xlsx
2023,All India,9.6,Procuration of Minor Girls,procuration_minor_girls,1858.0,1875.0,0.0,0.0,1875.0,NCRB CII Additional Table: Crime head-wise gender-wise victims under crimes against children,2023_016Crimehead-wiseGender-wiseVictimsunderCrimesagaisntChildrenduring2023.xlsx
2023,All India,9.7,Importation of Girls from Foreign Country,importation_girls,2.0,2.0,0.0,0.0,2.0,NCRB CII Additional Table: Crime head-wise gender-wise victims under crimes against children,2023_016Crimehead-wiseGender-wiseVictimsunderCrimesagaisntChildrenduring2023.xlsx
2023,All India,9.8,Other Kidnapping & Abducion,,4249.0,3224.0,1211.0,0.0,4435.0,NCRB CII Additional Table: Crime head-wise gender-wise victims under crimes against children,2023_016Crimehead-wiseGender-wiseVictimsunderCrimesagaisntChildrenduring2023.xlsx
2023,All India,10,Human Trafficking,human_trafficking_children,397.0,491.0,934.0,0.0,1425.0,NCRB CII Additional Table: Crime head-wise gender-wise victims under crimes against children,2023_016Crimehead-wiseGender-wiseVictimsunderCrimesagaisntChildrenduring2023.xlsx
2023,All India,11,Selling of Minors for Prostitution,selling_minors_total,12.0,11.0,1.0,0.0,12.0,NCRB CII Additional Table: Crime head-wise gender-wise victims under crimes against children,2023_016Crimehead-wiseGender-wiseVictimsunderCrimesagaisntChildrenduring2023.xlsx
2023,All India,11.1,Selling of Minors for Prostitution - Boys,,1.0,0.0,1.0,0.0,1.0,NCRB CII Additional Table: Crime head-wise gender-wise victims under crimes against children,2023_016Crimehead-wiseGender-wiseVictimsunderCrimesagaisntChildrenduring2023.xlsx
2023,All India,11.2,Selling of Minors for Prostitution - Girls,selling_minor_girls,11.0,11.0,0.0,0.0,11.0,NCRB CII Additional Table: Crime head-wise gender-wise victims under crimes against children,2023_016Crimehead-wiseGender-wiseVictimsunderCrimesagaisntChildrenduring2023.xlsx
2023,All India,12,Buying of Minors for Prostitution,buying_minors_total,4.0,4.0,0.0,0.0,4.0,NCRB CII Additional Table: Crime head-wise gender-wise victims under crimes against children,2023_016Crimehead-wiseGender-wiseVictimsunderCrimesagaisntChildrenduring2023.xlsx
2023,All India,12.1,Buying of Minors for Prostitution - Boys,,0.0,0.0,0.0,0.0,0.0,NCRB CII Additional Table: Crime head-wise gender-wise victims under crimes against children,2023_016Crimehead-wiseGender-wiseVictimsunderCrimesagaisntChildrenduring2023.xlsx
2023,All India,12.2,Buying of Minors for Prostitution - Girls,buying_minor_girls,4.0,4.0,0.0,0.0,4.0,NCRB CII Additional Table: Crime head-wise gender-wise victims under crimes against children,2023_016Crimehead-wiseGender-wiseVictimsunderCrimesagaisntChildrenduring2023.xlsx
2023,All India,13,Rape,rape_minor,849.0,852.0,0.0,0.0,852.0,NCRB CII Additional Table: Crime head-wise gender-wise victims under crimes against children,2023_016Crimehead-wiseGender-wiseVictimsunderCrimesagaisntChildrenduring2023.xlsx
2023,All India,14,Attempt to Commit Rape,attempt_rape_minor,94.0,94.0,0.0,0.0,94.0,NCRB CII Additional Table: Crime head-wise gender-wise victims under crimes against children,2023_016Crimehead-wiseGender-wiseVictimsunderCrimesagaisntChildrenduring2023.xlsx
2023,All India,15,Assault on Women with Intent to Outrage her Modesty,assault_modesty_minor,1347.0,1375.0,0.0,0.0,1375.0,NCRB CII Additional Table: Crime head-wise gender-wise victims under crimes against children,2023_016Crimehead-wiseGender-wiseVictimsunderCrimesagaisntChildrenduring2023.xlsx
2023,All India,16,Insult to the Modesty of Women,insult_modesty_minor,19.0,19.0,0.0,0.0,19.0,NCRB CII Additional Table: Crime head-wise gender-wise victims under crimes against children,2023_016Crimehead-wiseGender-wiseVictimsunderCrimesagaisntChildrenduring2023.xlsx
2023,All India,17,Other IPC Crimes,,9687.0,4177.0,8149.0,0.0,12326.0,NCRB CII Additional Table: Crime head-wise gender-wise victims under crimes against children,2023_016Crimehead-wiseGender-wiseVictimsunderCrimesagaisntChildrenduring2023.xlsx
2023,All India,nan,Total IPC Crimes against Children,,98399.0,75434.0,29659.0,1.0,105094.0,NCRB CII Additional Table: Crime head-wise gender-wise victims under crimes against children,2023_016Crimehead-wiseGender-wiseVictimsunderCrimesagaisntChildrenduring2023.xlsx
2023,All India,18,Protection of Children from Sexual Offences Act,pocso_total,67694.0,67086.0,1550.0,0.0,68636.0,NCRB CII Additional Table: Crime head-wise gender-wise victims under crimes against children,2023_016Crimehead-wiseGender-wiseVictimsunderCrimesagaisntChildrenduring2023.xlsx
2023,All India,18.1,Section 4 & 6 of POCSO Act or POCSO Act ( Section 4 & 6) r/w Section 376 IPC,pocso_penetrative,40434.0,40423.0,423.0,0.0,40846.0,NCRB CII Additional Table: Crime head-wise gender-wise victims under crimes against children,2023_016Crimehead-wiseGender-wiseVictimsunderCrimesagaisntChildrenduring2023.xlsx
2023,All India,18.1A,Section 4 & 6 of POCSO Act or POCSO Act ( Section 4 & 6) r/w Section 376 IPC - Girls,pocso_penetrative_girls,40046.0,40423.0,0.0,0.0,40423.0,NCRB CII Additional Table: Crime head-wise gender-wise victims under crimes against children,2023_016Crimehead-wiseGender-wiseVictimsunderCrimesagaisntChildrenduring2023.xlsx
2023,All India,18.1B,Section 4 & 6 of POCSO Act or POCSO Act ( Section 4 & 6) r/w Section 376 IPC - Boys,pocso_penetrative,388.0,0.0,423.0,0.0,423.0,NCRB CII Additional Table: Crime head-wise gender-wise victims under crimes against children,2023_016Crimehead-wiseGender-wiseVictimsunderCrimesagaisntChildrenduring2023.xlsx
2023,All India,18.2,Section 8 & 10 of POCSO Act or POCSO Act (Section 8 & 10) r/w Section 354 IPC,pocso_sexual_assault,22444.0,22557.0,311.0,0.0,22868.0,NCRB CII Additional Table: Crime head-wise gender-wise victims under crimes against children,2023_016Crimehead-wiseGender-wiseVictimsunderCrimesagaisntChildrenduring2023.xlsx
2023,All India,18.2A,Section 8 & 10 of POCSO Act or POCSO Act (Section 8 & 10) r/w Section 354 IPC - Girls,pocso_sexual_assault_girls,22149.0,22557.0,0.0,0.0,22557.0,NCRB CII Additional Table: Crime head-wise gender-wise victims under crimes against children,2023_016Crimehead-wiseGender-wiseVictimsunderCrimesagaisntChildrenduring2023.xlsx
2023,All India,18.2B,Section 8 & 10 of POCSO Act or POCSO Act (Section 8 & 10) r/w Section 354 IPC - Boys,pocso_sexual_assault,295.0,0.0,311.0,0.0,311.0,NCRB CII Additional Table: Crime head-wise gender-wise victims under crimes against children,2023_016Crimehead-wiseGender-wiseVictimsunderCrimesagaisntChildrenduring2023.xlsx
2023,All India,18.3,Section 12 of POCSO Act or POCSO Act (Section 12) r/w Section 509 IPC,pocso_harassment,2826.0,2835.0,75.0,0.0,2910.0,NCRB CII Additional Table: Crime head-wise gender-wise victims under crimes against children,2023_016Crimehead-wiseGender-wiseVictimsunderCrimesagaisntChildrenduring2023.xlsx
2023,All India,18.3A,Section 12 of POCSO Act or POCSO Act (Section 12) r/w Section 509 IPC - Girls,pocso_harassment_girls,2778.0,2835.0,0.0,0.0,2835.0,NCRB CII Additional Table: Crime head-wise gender-wise victims under crimes against children,2023_016Crimehead-wiseGender-wiseVictimsunderCrimesagaisntChildrenduring2023.xlsx
2023,All India,18.3B,Section 12 of POCSO Act or POCSO Act (Section 12) r/w Section 509 IPC - Boys,pocso_harassment,48.0,0.0,75.0,0.0,75.0,NCRB CII Additional Table: Crime head-wise gender-wise victims under crimes against children,2023_016Crimehead-wiseGender-wiseVictimsunderCrimesagaisntChildrenduring2023.xlsx
2023,All India,18.4,Section 14 & 15 of POCSO Act,pocso_pornography,722.0,703.0,24.0,0.0,727.0,NCRB CII Additional Table: Crime head-wise gender-wise victims under crimes against children,2023_016Crimehead-wiseGender-wiseVictimsunderCrimesagaisntChildrenduring2023.xlsx
2023,All India,18.4A,Section 14 & 15 of POCSO Act - Girls,pocso_pornography_girls,698.0,703.0,0.0,0.0,703.0,NCRB CII Additional Table: Crime head-wise gender-wise victims under crimes against children,2023_016Crimehead-wiseGender-wiseVictimsunderCrimesagaisntChildrenduring2023.xlsx
2023,All India,18.4B,Section 14 & 15 of POCSO Act - Boys,pocso_pornography,24.0,0.0,24.0,0.0,24.0,NCRB CII Additional Table: Crime head-wise gender-wise victims under crimes against children,2023_016Crimehead-wiseGender-wiseVictimsunderCrimesagaisntChildrenduring2023.xlsx
2023,All India,18.5,POCSO Act r/w Section 377 IPC,pocso_unnatural_377,734.0,49.0,696.0,0.0,745.0,NCRB CII Additional Table: Crime head-wise gender-wise victims under crimes against children,2023_016Crimehead-wiseGender-wiseVictimsunderCrimesagaisntChildrenduring2023.xlsx
2023,All India,18.5A,POCSO Act r/w Section 377 IPC - Girls,pocso_unnatural_377_girls,48.0,49.0,0.0,0.0,49.0,NCRB CII Additional Table: Crime head-wise gender-wise victims under crimes against children,2023_016Crimehead-wiseGender-wiseVictimsunderCrimesagaisntChildrenduring2023.xlsx
2023,All India,18.5B,POCSO Act r/w Section 377 IPC - Boys,pocso_unnatural_377,686.0,0.0,696.0,0.0,696.0,NCRB CII Additional Table: Crime head-wise gender-wise victims under crimes against children,2023_016Crimehead-wiseGender-wiseVictimsunderCrimesagaisntChildrenduring2023.xlsx
2023,All India,18.6,Sections 17 to 22 of POCSO Act,pocso_other,534.0,519.0,21.0,0.0,540.0,NCRB CII Additional Table: Crime head-wise gender-wise victims under crimes against children,2023_016Crimehead-wiseGender-wiseVictimsunderCrimesagaisntChildrenduring2023.xlsx
2023,All India,18.6A,Sections 17 to 22 of POCSO Act - Girls,pocso_other_girls,513.0,519.0,0.0,0.0,519.0,NCRB CII Additional Table: Crime head-wise gender-wise victims under crimes against children,2023_016Crimehead-wiseGender-wiseVictimsunderCrimesagaisntChildrenduring2023.xlsx
2023,All India,18.6B,Sections 17 to 22 of POCSO Act - Boys,pocso_other,21.0,0.0,21.0,0.0,21.0,NCRB CII Additional Table: Crime head-wise gender-wise victims under crimes against children,2023_016Crimehead-wiseGender-wiseVictimsunderCrimesagaisntChildrenduring2023.xlsx
2023,All India,19,Juvenile Justice (Care and Protection of Children) Act,,1974.0,461.0,2197.0,0.0,2658.0,NCRB CII Additional Table: Crime head-wise gender-wise victims under crimes against children,2023_016Crimehead-wiseGender-wiseVictimsunderCrimesagaisntChildrenduring2023.xlsx
2023,All India,19.1,Offences by Care Takers/In-charge of Juvenile Homes,,193.0,72.0,188.0,0.0,260.0,NCRB CII Additional Table: Crime head-wise gender-wise victims under crimes against children,2023_016Crimehead-wiseGender-wiseVictimsunderCrimesagaisntChildrenduring2023.xlsx
2023,All India,19.2,Other Offences,,1781.0,389.0,2009.0,0.0,2398.0,NCRB CII Additional Table: Crime head-wise gender-wise victims under crimes against children,2023_016Crimehead-wiseGender-wiseVictimsunderCrimesagaisntChildrenduring2023.xlsx
2023,All India,20,Immoral Traffic (Prevention) Act,itpa_children,34.0,42.0,0.0,0.0,42.0,NCRB CII Additional Table: Crime head-wise gender-wise victims under crimes against children,2023_016Crimehead-wiseGender-wiseVictimsunderCrimesagaisntChildrenduring2023.xlsx
2023,All India,20.1,"Procuring, inducing Children for the sake of prostitution",,23.0,31.0,0.0,0.0,31.0,NCRB CII Additional Table: Crime head-wise gender-wise victims under crimes against children,2023_016Crimehead-wiseGender-wiseVictimsunderCrimesagaisntChildrenduring2023.xlsx
2023,All India,20.2,Detaining a person in premises where prostitution is carried on,,2.0,2.0,0.0,0.0,2.0,NCRB CII Additional Table: Crime head-wise gender-wise victims under crimes against children,2023_016Crimehead-wiseGender-wiseVictimsunderCrimesagaisntChildrenduring2023.xlsx
2023,All India,20.3,Others,,9.0,9.0,0.0,0.0,9.0,NCRB CII Additional Table: Crime head-wise gender-wise victims under crimes against children,2023_016Crimehead-wiseGender-wiseVictimsunderCrimesagaisntChildrenduring2023.xlsx
2023,All India,21,Child Labour (Prohibition & Regulation) Act,,1390.0,202.0,1965.0,0.0,2167.0,NCRB CII Additional Table: Crime head-wise gender-wise victims under crimes against children,2023_016Crimehead-wiseGender-wiseVictimsunderCrimesagaisntChildrenduring2023.xlsx
2023,All India,22,Prohibition of Child Marriage Act,child_marriage,6038.0,6024.0,27.0,0.0,6051.0,NCRB CII Additional Table: Crime head-wise gender-wise victims under crimes against children,2023_016Crimehead-wiseGender-wiseVictimsunderCrimesagaisntChildrenduring2023.xlsx
2023,All India,23,Transplantation of Human Organs Act,,0.0,0.0,0.0,0.0,0.0,NCRB CII Additional Table: Crime head-wise gender-wise victims under crimes against children,2023_016Crimehead-wiseGender-wiseVictimsunderCrimesagaisntChildrenduring2023.xlsx
2023,All India,24,Cyber Crimes/Information Technology Act,,1681.0,1380.0,356.0,0.0,1736.0,NCRB CII Additional Table: Crime head-wise gender-wise victims under crimes against children,2023_016Crimehead-wiseGender-wiseVictimsunderCrimesagaisntChildrenduring2023.xlsx
2023,All India,24.1,Publishing or Transmitting of material depicting children in sexually explicit act,cyber_child_sexual_material,1499.0,1218.0,318.0,0.0,1536.0,NCRB CII Additional Table: Crime head-wise gender-wise victims under crimes against children,2023_016Crimehead-wiseGender-wiseVictimsunderCrimesagaisntChildrenduring2023.xlsx
2023,All India,24.2,Other Cyber Crimes against Children,,182.0,162.0,38.0,0.0,200.0,NCRB CII Additional Table: Crime head-wise gender-wise victims under crimes against children,2023_016Crimehead-wiseGender-wiseVictimsunderCrimesagaisntChildrenduring2023.xlsx
2023,All India,25,Other SLL crimes,,125.0,61.0,76.0,0.0,137.0,NCRB CII Additional Table: Crime head-wise gender-wise victims under crimes against children,2023_016Crimehead-wiseGender-wiseVictimsunderCrimesagaisntChildrenduring2023.xlsx
2023,All India,nan,Total SLL Crimes,,78936.0,75256.0,6171.0,0.0,81427.0,NCRB CII Additional Table: Crime head-wise gender-wise victims under crimes against children,2023_016Crimehead-wiseGender-wiseVictimsunderCrimesagaisntChildrenduring2023.xlsx
2023,All India,nan,Total Crimes against Children,total_crimes_children,177335.0,150690.0,35830.0,1.0,186521.0,NCRB CII Additional Table: Crime head-wise gender-wise victims under crimes against children,2023_016Crimehead-wiseGender-wiseVictimsunderCrimesagaisntChildrenduring2023.xlsx
2024,All India,1,Rape,rape_minor,784.0,792.0,0.0,0.0,792.0,NCRB CII Additional Table: Crime head-wise gender-wise victims under crimes against children,2024_016Crimehead-wiseGender-wiseVictimsunderCrimesagaisntChildrenduring2024.xlsx
2024,All India,2,Attempt to Commit Rape,attempt_rape_minor,64.0,64.0,0.0,0.0,64.0,NCRB CII Additional Table: Crime head-wise gender-wise victims under crimes against children,2024_016Crimehead-wiseGender-wiseVictimsunderCrimesagaisntChildrenduring2024.xlsx
2024,All India,3,Assault on Women with Intent to Outrage her Modesty,assault_modesty_minor,979.0,997.0,0.0,0.0,997.0,NCRB CII Additional Table: Crime head-wise gender-wise victims under crimes against children,2024_016Crimehead-wiseGender-wiseVictimsunderCrimesagaisntChildrenduring2024.xlsx
2024,All India,4,Sexual Harassment of Girls,sexual_harassment_minor,263.0,298.0,0.0,0.0,298.0,NCRB CII Additional Table: Crime head-wise gender-wise victims under crimes against children,2024_016Crimehead-wiseGender-wiseVictimsunderCrimesagaisntChildrenduring2024.xlsx
2024,All India,5,Assault on Girls with intent to disrobe,,38.0,39.0,0.0,0.0,39.0,NCRB CII Additional Table: Crime head-wise gender-wise victims under crimes against children,2024_016Crimehead-wiseGender-wiseVictimsunderCrimesagaisntChildrenduring2024.xlsx
2024,All India,6,Voyeurism,,7.0,7.0,0.0,0.0,7.0,NCRB CII Additional Table: Crime head-wise gender-wise victims under crimes against children,2024_016Crimehead-wiseGender-wiseVictimsunderCrimesagaisntChildrenduring2024.xlsx
2024,All India,7,Stalking,,123.0,124.0,0.0,0.0,124.0,NCRB CII Additional Table: Crime head-wise gender-wise victims under crimes against children,2024_016Crimehead-wiseGender-wiseVictimsunderCrimesagaisntChildrenduring2024.xlsx
2024,All India,8,Insult to the Modesty of Women,insult_modesty_minor,28.0,28.0,0.0,0.0,28.0,NCRB CII Additional Table: Crime head-wise gender-wise victims under crimes against children,2024_016Crimehead-wiseGender-wiseVictimsunderCrimesagaisntChildrenduring2024.xlsx
2024,All India,9,Kidnapping and Abduction of Minor Girls to compel her for marriage,kidnap_girls,13192.0,13244.0,0.0,0.0,13244.0,NCRB CII Additional Table: Crime head-wise gender-wise victims under crimes against children,2024_016Crimehead-wiseGender-wiseVictimsunderCrimesagaisntChildrenduring2024.xlsx
2024,All India,10,Foeticide,foeticide,140.0,98.0,43.0,0.0,141.0,NCRB CII Additional Table: Crime head-wise gender-wise victims under crimes against children,2024_016Crimehead-wiseGender-wiseVictimsunderCrimesagaisntChildrenduring2024.xlsx
2024,All India,11,Infanticide,infanticide,56.0,28.0,28.0,0.0,56.0,NCRB CII Additional Table: Crime head-wise gender-wise victims under crimes against children,2024_016Crimehead-wiseGender-wiseVictimsunderCrimesagaisntChildrenduring2024.xlsx
2024,All India,12,Exposure and Abandonment,,737.0,377.0,373.0,0.0,750.0,NCRB CII Additional Table: Crime head-wise gender-wise victims under crimes against children,2024_016Crimehead-wiseGender-wiseVictimsunderCrimesagaisntChildrenduring2024.xlsx
2024,All India,13,Hiring or employing or engaging child to commit an offence,,1.0,0.0,1.0,0.0,1.0,NCRB CII Additional Table: Crime head-wise gender-wise victims under crimes against children,2024_016Crimehead-wiseGender-wiseVictimsunderCrimesagaisntChildrenduring2024.xlsx
2024,All India,14,Procuration of Children,procuration_children_total,1673.0,1670.0,13.0,0.0,1683.0,NCRB CII Additional Table: Crime head-wise gender-wise victims under crimes against children,2024_016Crimehead-wiseGender-wiseVictimsunderCrimesagaisntChildrenduring2024.xlsx
2024,All India,14.1,Procuration of Girls,procuration_minor_girls,1661.0,1670.0,0.0,0.0,1670.0,NCRB CII Additional Table: Crime head-wise gender-wise victims under crimes against children,2024_016Crimehead-wiseGender-wiseVictimsunderCrimesagaisntChildrenduring2024.xlsx
2024,All India,14.2,Procuration of Boys,,12.0,0.0,13.0,0.0,13.0,NCRB CII Additional Table: Crime head-wise gender-wise victims under crimes against children,2024_016Crimehead-wiseGender-wiseVictimsunderCrimesagaisntChildrenduring2024.xlsx
2024,All India,15,Kidnapping or abducting child with intent to steal from its person,,16.0,15.0,1.0,0.0,16.0,NCRB CII Additional Table: Crime head-wise gender-wise victims under crimes against children,2024_016Crimehead-wiseGender-wiseVictimsunderCrimesagaisntChildrenduring2024.xlsx
2024,All India,16,Selling of Children for Prostitution,selling_minors_total,12.0,12.0,1.0,0.0,13.0,NCRB CII Additional Table: Crime head-wise gender-wise victims under crimes against children,2024_016Crimehead-wiseGender-wiseVictimsunderCrimesagaisntChildrenduring2024.xlsx
2024,All India,16.1,Selling of Children for Prostitution - Girls,selling_minor_girls,11.0,12.0,0.0,0.0,12.0,NCRB CII Additional Table: Crime head-wise gender-wise victims under crimes against children,2024_016Crimehead-wiseGender-wiseVictimsunderCrimesagaisntChildrenduring2024.xlsx
2024,All India,16.2,Selling of Children for Prostitution - Boys,,1.0,0.0,1.0,0.0,1.0,NCRB CII Additional Table: Crime head-wise gender-wise victims under crimes against children,2024_016Crimehead-wiseGender-wiseVictimsunderCrimesagaisntChildrenduring2024.xlsx
2024,All India,17,Buying of Children for Prostitution,buying_minors_total,4.0,4.0,0.0,0.0,4.0,NCRB CII Additional Table: Crime head-wise gender-wise victims under crimes against children,2024_016Crimehead-wiseGender-wiseVictimsunderCrimesagaisntChildrenduring2024.xlsx
2024,All India,17.1,Buying of Children for Prostitution - Girls,buying_minor_girls,4.0,4.0,0.0,0.0,4.0,NCRB CII Additional Table: Crime head-wise gender-wise victims under crimes against children,2024_016Crimehead-wiseGender-wiseVictimsunderCrimesagaisntChildrenduring2024.xlsx
2024,All India,17.2,Buying of Children for Prostitution - Boys,,0.0,0.0,0.0,0.0,0.0,NCRB CII Additional Table: Crime head-wise gender-wise victims under crimes against children,2024_016Crimehead-wiseGender-wiseVictimsunderCrimesagaisntChildrenduring2024.xlsx
2024,All India,18,Murder,,1210.0,635.0,708.0,0.0,1343.0,NCRB CII Additional Table: Crime head-wise gender-wise victims under crimes against children,2024_016Crimehead-wiseGender-wiseVictimsunderCrimesagaisntChildrenduring2024.xlsx
2024,All India,18.1,Murder with Rape/POCSO,murder_with_rape_pocso,113.0,114.0,5.0,0.0,119.0,NCRB CII Additional Table: Crime head-wise gender-wise victims under crimes against children,2024_016Crimehead-wiseGender-wiseVictimsunderCrimesagaisntChildrenduring2024.xlsx
2024,All India,18.2,Other Murder,,1097.0,521.0,703.0,0.0,1224.0,NCRB CII Additional Table: Crime head-wise gender-wise victims under crimes against children,2024_016Crimehead-wiseGender-wiseVictimsunderCrimesagaisntChildrenduring2024.xlsx
2024,All India,19,Abetment of Suicide of Child,,371.0,270.0,117.0,0.0,387.0,NCRB CII Additional Table: Crime head-wise gender-wise victims under crimes against children,2024_016Crimehead-wiseGender-wiseVictimsunderCrimesagaisntChildrenduring2024.xlsx
2024,All India,20,Attempt to Commit Murder,,414.0,110.0,353.0,0.0,463.0,NCRB CII Additional Table: Crime head-wise gender-wise victims under crimes against children,2024_016Crimehead-wiseGender-wiseVictimsunderCrimesagaisntChildrenduring2024.xlsx
2024,All India,21,Grievous Hurt,,1034.0,311.0,965.0,0.0,1276.0,NCRB CII Additional Table: Crime head-wise gender-wise victims under crimes against children,2024_016Crimehead-wiseGender-wiseVictimsunderCrimesagaisntChildrenduring2024.xlsx
2024,All India,22,Kidnapping and Abduction of Children,kidnap_children_total,75108.0,58110.0,18440.0,0.0,76550.0,NCRB CII Additional Table: Crime head-wise gender-wise victims under crimes against children,2024_016Crimehead-wiseGender-wiseVictimsunderCrimesagaisntChildrenduring2024.xlsx
2024,All India,22.1,Kidnapping and Abduction,,70370.0,54720.0,16900.0,0.0,71620.0,NCRB CII Additional Table: Crime head-wise gender-wise victims under crimes against children,2024_016Crimehead-wiseGender-wiseVictimsunderCrimesagaisntChildrenduring2024.xlsx
2024,All India,22.1A,Missing Children Deemed as Kidnapped,,44252.0,33789.0,11165.0,0.0,44954.0,NCRB CII Additional Table: Crime head-wise gender-wise victims under crimes against children,2024_016Crimehead-wiseGender-wiseVictimsunderCrimesagaisntChildrenduring2024.xlsx
2024,All India,22.1B,Kidnapping & Abduction of Children,,26118.0,20931.0,5735.0,0.0,26666.0,NCRB CII Additional Table: Crime head-wise gender-wise victims under crimes against children,2024_016Crimehead-wiseGender-wiseVictimsunderCrimesagaisntChildrenduring2024.xlsx
2024,All India,22.2,Kidnapping and Abduction for the Purpose of Begging,,25.0,12.0,14.0,0.0,26.0,NCRB CII Additional Table: Crime head-wise gender-wise victims under crimes against children,2024_016Crimehead-wiseGender-wiseVictimsunderCrimesagaisntChildrenduring2024.xlsx
2024,All India,22.3,Kidnapping and Abduction in order to Murder,,22.0,8.0,14.0,0.0,22.0,NCRB CII Additional Table: Crime head-wise gender-wise victims under crimes against children,2024_016Crimehead-wiseGender-wiseVictimsunderCrimesagaisntChildrenduring2024.xlsx
2024,All India,22.4,Kidnapping for Ransom,,83.0,37.0,49.0,0.0,86.0,NCRB CII Additional Table: Crime head-wise gender-wise victims under crimes against children,2024_016Crimehead-wiseGender-wiseVictimsunderCrimesagaisntChildrenduring2024.xlsx
2024,All India,22.5,Importation of Girl or Boy from Foreign Country,,3.0,1.0,2.0,0.0,3.0,NCRB CII Additional Table: Crime head-wise gender-wise victims under crimes against children,2024_016Crimehead-wiseGender-wiseVictimsunderCrimesagaisntChildrenduring2024.xlsx
2024,All India,22.5A,Importation of Girls,importation_girls,1.0,1.0,0.0,0.0,1.0,NCRB CII Additional Table: Crime head-wise gender-wise victims under crimes against children,2024_016Crimehead-wiseGender-wiseVictimsunderCrimesagaisntChildrenduring2024.xlsx
2024,All India,22.5B,Importation of Boys,,2.0,0.0,2.0,0.0,2.0,NCRB CII Additional Table: Crime head-wise gender-wise victims under crimes against children,2024_016Crimehead-wiseGender-wiseVictimsunderCrimesagaisntChildrenduring2024.xlsx
2024,All India,22.6,Other Kidnapping & Abducion,,4605.0,3332.0,1461.0,0.0,4793.0,NCRB CII Additional Table: Crime head-wise gender-wise victims under crimes against children,2024_016Crimehead-wiseGender-wiseVictimsunderCrimesagaisntChildrenduring2024.xlsx
2024,All India,23,Other BNS/IPC Crimes,,15451.0,6556.0,12866.0,1.0,19423.0,NCRB CII Additional Table: Crime head-wise gender-wise victims under crimes against children,2024_016Crimehead-wiseGender-wiseVictimsunderCrimesagaisntChildrenduring2024.xlsx
2024,All India,24,Total BNS/IPC Crimes against Children,,111705.0,83789.0,33909.0,1.0,117699.0,NCRB CII Additional Table: Crime head-wise gender-wise victims under crimes against children,2024_016Crimehead-wiseGender-wiseVictimsunderCrimesagaisntChildrenduring2024.xlsx
2024,All India,25,Protection of Children from Sexual Offences Act,pocso_total,69191.0,68641.0,1491.0,0.0,70132.0,NCRB CII Additional Table: Crime head-wise gender-wise victims under crimes against children,2024_016Crimehead-wiseGender-wiseVictimsunderCrimesagaisntChildrenduring2024.xlsx
2024,All India,25.1,Section 4 & 6 of POCSO Act or POCSO Act ( Section 4 & 6) r/w Section 376 IPC/64-68 70-71 BNS,pocso_penetrative,44126.0,43675.0,892.0,0.0,44567.0,NCRB CII Additional Table: Crime head-wise gender-wise victims under crimes against children,2024_016Crimehead-wiseGender-wiseVictimsunderCrimesagaisntChildrenduring2024.xlsx
2024,All India,25.1A,Section 4 & 6 of POCSO Act or POCSO Act ( Section 4 & 6) r/w Section 376 IPC/64-68 70-71 BNS - Girls,pocso_penetrative_girls,43313.0,43675.0,0.0,0.0,43675.0,NCRB CII Additional Table: Crime head-wise gender-wise victims under crimes against children,2024_016Crimehead-wiseGender-wiseVictimsunderCrimesagaisntChildrenduring2024.xlsx
2024,All India,25.1B,Section 4 & 6 of POCSO Act or POCSO Act ( Section 4 & 6) r/w Section 376 IPC/64-68 70-71 BNS - Boys,pocso_penetrative,813.0,0.0,892.0,0.0,892.0,NCRB CII Additional Table: Crime head-wise gender-wise victims under crimes against children,2024_016Crimehead-wiseGender-wiseVictimsunderCrimesagaisntChildrenduring2024.xlsx
2024,All India,25.2,Section 8 & 10 of POCSO Act or POCSO Act (Section 8 & 10) r/w Section 354 IPC/74 BNS,pocso_sexual_assault,20845.0,20796.0,438.0,0.0,21234.0,NCRB CII Additional Table: Crime head-wise gender-wise victims under crimes against children,2024_016Crimehead-wiseGender-wiseVictimsunderCrimesagaisntChildrenduring2024.xlsx
2024,All India,25.2A,Section 8 & 10 of POCSO Act or POCSO Act (Section 8 & 10) r/w Section 354 IPC/74 BNS - Girls,pocso_sexual_assault_girls,20435.0,20796.0,0.0,0.0,20796.0,NCRB CII Additional Table: Crime head-wise gender-wise victims under crimes against children,2024_016Crimehead-wiseGender-wiseVictimsunderCrimesagaisntChildrenduring2024.xlsx
2024,All India,25.2B,Section 8 & 10 of POCSO Act or POCSO Act (Section 8 & 10) r/w Section 354 IPC/74 BNS - Boys,pocso_sexual_assault,410.0,0.0,438.0,0.0,438.0,NCRB CII Additional Table: Crime head-wise gender-wise victims under crimes against children,2024_016Crimehead-wiseGender-wiseVictimsunderCrimesagaisntChildrenduring2024.xlsx
2024,All India,25.3,Section 12 of POCSO Act or POCSO Act (Section 12) r/w Section 509 IPC/75 BNS,pocso_harassment,3502.0,3500.0,93.0,0.0,3593.0,NCRB CII Additional Table: Crime head-wise gender-wise victims under crimes against children,2024_016Crimehead-wiseGender-wiseVictimsunderCrimesagaisntChildrenduring2024.xlsx
2024,All India,25.3A,Section 12 of POCSO Act or POCSO Act (Section 12) r/w Section 509 IPC/75 BNS - Girls,pocso_harassment_girls,3410.0,3500.0,0.0,0.0,3500.0,NCRB CII Additional Table: Crime head-wise gender-wise victims under crimes against children,2024_016Crimehead-wiseGender-wiseVictimsunderCrimesagaisntChildrenduring2024.xlsx
2024,All India,25.3B,Section 12 of POCSO Act or POCSO Act (Section 12) r/w Section 509 IPC/75 BNS - Boys,pocso_harassment,92.0,0.0,93.0,0.0,93.0,NCRB CII Additional Table: Crime head-wise gender-wise victims under crimes against children,2024_016Crimehead-wiseGender-wiseVictimsunderCrimesagaisntChildrenduring2024.xlsx
2024,All India,25.4,Section 14 & 15 of POCSO Act,pocso_pornography,500.0,464.0,49.0,0.0,513.0,NCRB CII Additional Table: Crime head-wise gender-wise victims under crimes against children,2024_016Crimehead-wiseGender-wiseVictimsunderCrimesagaisntChildrenduring2024.xlsx
2024,All India,25.4A,Section 14 & 15 of POCSO Act - Girls,pocso_pornography_girls,452.0,464.0,0.0,0.0,464.0,NCRB CII Additional Table: Crime head-wise gender-wise victims under crimes against children,2024_016Crimehead-wiseGender-wiseVictimsunderCrimesagaisntChildrenduring2024.xlsx
2024,All India,25.4B,Section 14 & 15 of POCSO Act - Boys,pocso_pornography,48.0,0.0,49.0,0.0,49.0,NCRB CII Additional Table: Crime head-wise gender-wise victims under crimes against children,2024_016Crimehead-wiseGender-wiseVictimsunderCrimesagaisntChildrenduring2024.xlsx
2024,All India,25.5,Sections 17 to 22 of POCSO Act,pocso_other,218.0,206.0,19.0,0.0,225.0,NCRB CII Additional Table: Crime head-wise gender-wise victims under crimes against children,2024_016Crimehead-wiseGender-wiseVictimsunderCrimesagaisntChildrenduring2024.xlsx
2024,All India,25.5A,Sections 17 to 22 of POCSO Act - Girls,pocso_other_girls,199.0,206.0,0.0,0.0,206.0,NCRB CII Additional Table: Crime head-wise gender-wise victims under crimes against children,2024_016Crimehead-wiseGender-wiseVictimsunderCrimesagaisntChildrenduring2024.xlsx
2024,All India,25.5B,Sections 17 to 22 of POCSO Act - Boys,pocso_other,19.0,0.0,19.0,0.0,19.0,NCRB CII Additional Table: Crime head-wise gender-wise victims under crimes against children,2024_016Crimehead-wiseGender-wiseVictimsunderCrimesagaisntChildrenduring2024.xlsx
2024,All India,26,Juvenile Justice (Care and Protection of Children) Act,,2313.0,560.0,2500.0,0.0,3060.0,NCRB CII Additional Table: Crime head-wise gender-wise victims under crimes against children,2024_016Crimehead-wiseGender-wiseVictimsunderCrimesagaisntChildrenduring2024.xlsx
2024,All India,26.1,Offences by Care Takers/In-charge of Juvenile Homes,,270.0,64.0,217.0,0.0,281.0,NCRB CII Additional Table: Crime head-wise gender-wise victims under crimes against children,2024_016Crimehead-wiseGender-wiseVictimsunderCrimesagaisntChildrenduring2024.xlsx
2024,All India,26.2,Other Offences,,2043.0,496.0,2283.0,0.0,2779.0,NCRB CII Additional Table: Crime head-wise gender-wise victims under crimes against children,2024_016Crimehead-wiseGender-wiseVictimsunderCrimesagaisntChildrenduring2024.xlsx
2024,All India,27,Immoral Traffic (Prevention) Act,itpa_children,46.0,115.0,26.0,0.0,141.0,NCRB CII Additional Table: Crime head-wise gender-wise victims under crimes against children,2024_016Crimehead-wiseGender-wiseVictimsunderCrimesagaisntChildrenduring2024.xlsx
2024,All India,27.1,"Procuring, inducing Children for the sake of prostitution",,22.0,93.0,0.0,0.0,93.0,NCRB CII Additional Table: Crime head-wise gender-wise victims under crimes against children,2024_016Crimehead-wiseGender-wiseVictimsunderCrimesagaisntChildrenduring2024.xlsx
2024,All India,27.2,Detaining a person in premises where prostitution is carried on,,8.0,8.0,10.0,0.0,18.0,NCRB CII Additional Table: Crime head-wise gender-wise victims under crimes against children,2024_016Crimehead-wiseGender-wiseVictimsunderCrimesagaisntChildrenduring2024.xlsx
2024,All India,27.3,Others,,16.0,14.0,16.0,0.0,30.0,NCRB CII Additional Table: Crime head-wise gender-wise victims under crimes against children,2024_016Crimehead-wiseGender-wiseVictimsunderCrimesagaisntChildrenduring2024.xlsx
2024,All India,28,Child Labour (Prohibition & Regulation) Act,,1235.0,142.0,1823.0,0.0,1965.0,NCRB CII Additional Table: Crime head-wise gender-wise victims under crimes against children,2024_016Crimehead-wiseGender-wiseVictimsunderCrimesagaisntChildrenduring2024.xlsx
2024,All India,29,Prohibition of Child Marriage Act,child_marriage,1499.0,1467.0,44.0,0.0,1511.0,NCRB CII Additional Table: Crime head-wise gender-wise victims under crimes against children,2024_016Crimehead-wiseGender-wiseVictimsunderCrimesagaisntChildrenduring2024.xlsx
2024,All India,30,Transplantation of Human Organs Act,,0.0,0.0,0.0,0.0,0.0,NCRB CII Additional Table: Crime head-wise gender-wise victims under crimes against children,2024_016Crimehead-wiseGender-wiseVictimsunderCrimesagaisntChildrenduring2024.xlsx
2024,All India,31,Cyber Crimes/Information Technology Act,,1238.0,843.0,440.0,0.0,1283.0,NCRB CII Additional Table: Crime head-wise gender-wise victims under crimes against children,2024_016Crimehead-wiseGender-wiseVictimsunderCrimesagaisntChildrenduring2024.xlsx
2024,All India,31.1,Publishing or Transmitting of material depicting children in sexually explicit act,cyber_child_sexual_material,1099.0,746.0,377.0,0.0,1123.0,NCRB CII Additional Table: Crime head-wise gender-wise victims under crimes against children,2024_016Crimehead-wiseGender-wiseVictimsunderCrimesagaisntChildrenduring2024.xlsx
2024,All India,31.2,Other Cyber Crimes against Children,,139.0,97.0,63.0,0.0,160.0,NCRB CII Additional Table: Crime head-wise gender-wise victims under crimes against children,2024_016Crimehead-wiseGender-wiseVictimsunderCrimesagaisntChildrenduring2024.xlsx
2024,All India,32,Other SLL crimes,,475.0,329.0,213.0,0.0,542.0,NCRB CII Additional Table: Crime head-wise gender-wise victims under crimes against children,2024_016Crimehead-wiseGender-wiseVictimsunderCrimesagaisntChildrenduring2024.xlsx
2024,All India,33,Total SLL Crimes,,75997.0,72097.0,6537.0,0.0,78634.0,NCRB CII Additional Table: Crime head-wise gender-wise victims under crimes against children,2024_016Crimehead-wiseGender-wiseVictimsunderCrimesagaisntChildrenduring2024.xlsx
2024,All India,34,Total Crimes against Children,total_crimes_children,187702.0,155886.0,40446.0,1.0,196333.0,NCRB CII Additional Table: Crime head-wise gender-wise victims under crimes against children,2024_016Crimehead-wiseGender-wiseVictimsunderCrimesagaisntChildrenduring2024.xlsx
