year,state_ut,crime_head,crime_head_std,count
2023,All India,Murder with Rape/Gang Rape,murder_rape,230
2023,All India,Dowry Deaths (Sec. 304B IPC),dowry,6156
2023,All India,Abetment to Suicide of Women (Sec. 305/306 IPC),abetment_suicide,4825
2023,All India,Acid Attack (Sec. 326A IPC),acid_attack,113
2023,All India,Attempt to Acid Attack (Sec. 326B IPC),attempt_acid_attack,41
2023,All India,Cruelty by Husband or his relatives (Sec. 498 A IPC),cruelty,133676
2023,All India,Kidnapping & Abduction of Women | Kidnapping & Abduction of Women (Total),kidnap,88605
2023,All India,Kidnapping & Abduction of Women | K & A of Women to compel her for marriage (Sec. 366 IPC) | b) Girls (Below 18 yrs),kidnap_marriage_girls,14637
2023,All India,Kidnapping & Abduction of Women | Procuration of Minor Girls (Sec. 366A IPC),procuration_minor_girls,1858
2023,All India,Kidnapping & Abduction of Women | Importation of Girls from Foreign Country (Sec. 366B IPC),import,2
2023,All India,Human Trafficking (Sec. 370 & 370A IPC),trafficking,1211
2023,All India,Selling of Minor Girls (Sec. 372 IPC),selling_minor_girls,11
2023,All India,Buying of Minor Girls (Sec. 373 IPC),buying_minor_girls,4
2023,All India,Rape (Sec.376 IPC) | Rape (Total),rape,29670
2023,All India,Rape (Sec.376 IPC) | B) Girls (Below 18 yrs),rape_minor,849
2023,All India,Attempt to Commit Rape (Sec. 376/511 IPC) | Attempt to Commit Rape (Total),attempt_rape,2796
2023,All India,Attempt to Commit Rape (Sec. 376/511 IPC) | B) Girls (Below 18 yrs),attempt_rape_minor,94
2023,All India,Assault on Women with Intent to Outrage her Modesty (Sec. 354 IPC) | Assault on Women with Intent to Outrage her Modesty (Total),assault,83891
2023,All India,Assault on Women with Intent to Outrage her Modesty (Sec. 354 IPC) | B) Girls (Below 18 yrs),assault_minor,1347
2023,All India,Insult to the Modesty of Women (Sec. 509 IPC) | Insult to the Modesty of Women (Total),insult,8823
2023,All India,Insult to the Modesty of Women (Sec. 509 IPC) | B) Girls (Below 18 yrs),insult_minor,19
2023,All India,Total IPC Crimes against Women,total_ipc,360361
2023,All India,"Dowry Prohibition Act, 1961",dowry_act,15489
2023,All India,"Immoral Traffic (Prevention) Act, 1956 (Women Victims cases only) | Immoral Traffic (Prevention) Act, 1956 (Total)",itpa,1788
2023,All India,Protection of Women from Domestic Violence Act,dv_act,632
2023,All India,Cyber Crimes/Information Technology Act (Women Centric Crimes only) | Cyber Crimes/Information Technology Act (Women Centric Crimes only) (Total),cyber,3678
2023,All India,Protection of Children from Sexual Offences Act (Girl Child Victims only) | Protection of Children from Sexual Offences Act (Total),pocso_girls,66232
2023,All India,Protection of Children from Sexual Offences Act (Girl Child Victims only) | A) Child Rape (Sec.4 & 6 of POCSO Act/ Sec 376 IPC),pocso_penetrative,40046
2023,All India,Protection of Children from Sexual Offences Act (Girl Child Victims only) | B) Sexual Assault of Children (Sec.8 & 10 of POCSO Act) / Sec.354 IPC),pocso_sexual_assault,22149
2023,All India,Protection of Children from Sexual Offences Act (Girl Child Victims only) | C) Sexual Harassment (Sec. 12 of POCSO Act) / Sec. 509 IPC),pocso_harassment,2778
2023,All India,Protection of Children from Sexual Offences Act (Girl Child Victims only) | D) Use of Child for Pornography/ Storing Child Pornography Material (Sec.14 & 15 of POCSO Act),pocso_pornography,698
2023,All India,"Indecent Representation of Women (Prohibition) Act, 1986",indecent_rep,31
2023,All India,Total SLL Crimes against Women,total_sll,87850
2023,All India,Total Crime against Women (IPC+SLL),total,448211
2023,Andaman & Nicobar Islands,Murder with Rape/Gang Rape,murder_rape,0
2023,Andaman & Nicobar Islands,Dowry Deaths (Sec. 304B IPC),dowry,0
2023,Andaman & Nicobar Islands,Abetment to Suicide of Women (Sec. 305/306 IPC),abetment_suicide,2
2023,Andaman & Nicobar Islands,Acid Attack (Sec. 326A IPC),acid_attack,0
2023,Andaman & Nicobar Islands,Attempt to Acid Attack (Sec. 326B IPC),attempt_acid_attack,0
2023,Andaman & Nicobar Islands,Cruelty by Husband or his relatives (Sec. 498 A IPC),cruelty,6
2023,Andaman & Nicobar Islands,Kidnapping & Abduction of Women | Kidnapping & Abduction of Women (Total),kidnap,16
2023,Andaman & Nicobar Islands,Kidnapping & Abduction of Women | K & A of Women to compel her for marriage (Sec. 366 IPC) | b) Girls (Below 18 yrs),kidnap_marriage_girls,0
2023,Andaman & Nicobar Islands,Kidnapping & Abduction of Women | Procuration of Minor Girls (Sec. 366A IPC),procuration_minor_girls,0
2023,Andaman & Nicobar Islands,Kidnapping & Abduction of Women | Importation of Girls from Foreign Country (Sec. 366B IPC),import,0
2023,Andaman & Nicobar Islands,Human Trafficking (Sec. 370 & 370A IPC),trafficking,0
2023,Andaman & Nicobar Islands,Selling of Minor Girls (Sec. 372 IPC),selling_minor_girls,0
2023,Andaman & Nicobar Islands,Buying of Minor Girls (Sec. 373 IPC),buying_minor_girls,0
2023,Andaman & Nicobar Islands,Rape (Sec.376 IPC) | Rape (Total),rape,14
2023,Andaman & Nicobar Islands,Rape (Sec.376 IPC) | B) Girls (Below 18 yrs),rape_minor,0
2023,Andaman & Nicobar Islands,Attempt to Commit Rape (Sec. 376/511 IPC) | Attempt to Commit Rape (Total),attempt_rape,0
2023,Andaman & Nicobar Islands,Attempt to Commit Rape (Sec. 376/511 IPC) | B) Girls (Below 18 yrs),attempt_rape_minor,0
2023,Andaman & Nicobar Islands,Assault on Women with Intent to Outrage her Modesty (Sec. 354 IPC) | Assault on Women with Intent to Outrage her Modesty (Total),assault,31
2023,Andaman & Nicobar Islands,Assault on Women with Intent to Outrage her Modesty (Sec. 354 IPC) | B) Girls (Below 18 yrs),assault_minor,0
2023,Andaman & Nicobar Islands,Insult to the Modesty of Women (Sec. 509 IPC) | Insult to the Modesty of Women (Total),insult,12
2023,Andaman & Nicobar Islands,Insult to the Modesty of Women (Sec. 509 IPC) | B) Girls (Below 18 yrs),insult_minor,0
2023,Andaman & Nicobar Islands,Total IPC Crimes against Women,total_ipc,81
2023,Andaman & Nicobar Islands,"Dowry Prohibition Act, 1961",dowry_act,0
2023,Andaman & Nicobar Islands,"Immoral Traffic (Prevention) Act, 1956 (Women Victims cases only) | Immoral Traffic (Prevention) Act, 1956 (Total)",itpa,0
2023,Andaman & Nicobar Islands,Protection of Women from Domestic Violence Act,dv_act,0
2023,Andaman & Nicobar Islands,Cyber Crimes/Information Technology Act (Women Centric Crimes only) | Cyber Crimes/Information Technology Act (Women Centric Crimes only) (Total),cyber,29
2023,Andaman & Nicobar Islands,Protection of Children from Sexual Offences Act (Girl Child Victims only) | Protection of Children from Sexual Offences Act (Total),pocso_girls,95
2023,Andaman & Nicobar Islands,Protection of Children from Sexual Offences Act (Girl Child Victims only) | A) Child Rape (Sec.4 & 6 of POCSO Act/ Sec 376 IPC),pocso_penetrative,75
2023,Andaman & Nicobar Islands,Protection of Children from Sexual Offences Act (Girl Child Victims only) | B) Sexual Assault of Children (Sec.8 & 10 of POCSO Act) / Sec.354 IPC),pocso_sexual_assault,16
2023,Andaman & Nicobar Islands,Protection of Children from Sexual Offences Act (Girl Child Victims only) | C) Sexual Harassment (Sec. 12 of POCSO Act) / Sec. 509 IPC),pocso_harassment,4
2023,Andaman & Nicobar Islands,Protection of Children from Sexual Offences Act (Girl Child Victims only) | D) Use of Child for Pornography/ Storing Child Pornography Material (Sec.14 & 15 of POCSO Act),pocso_pornography,0
2023,Andaman & Nicobar Islands,"Indecent Representation of Women (Prohibition) Act, 1986",indecent_rep,0
2023,Andaman & Nicobar Islands,Total SLL Crimes against Women,total_sll,124
2023,Andaman & Nicobar Islands,Total Crime against Women (IPC+SLL),total,205
2023,Andhra Pradesh,Murder with Rape/Gang Rape,murder_rape,5
2023,Andhra Pradesh,Dowry Deaths (Sec. 304B IPC),dowry,95
2023,Andhra Pradesh,Abetment to Suicide of Women (Sec. 305/306 IPC),abetment_suicide,386
2023,Andhra Pradesh,Acid Attack (Sec. 326A IPC),acid_attack,3
2023,Andhra Pradesh,Attempt to Acid Attack (Sec. 326B IPC),attempt_acid_attack,4
2023,Andhra Pradesh,Cruelty by Husband or his relatives (Sec. 498 A IPC),cruelty,10594
2023,Andhra Pradesh,Kidnapping & Abduction of Women | Kidnapping & Abduction of Women (Total),kidnap,524
2023,Andhra Pradesh,Kidnapping & Abduction of Women | K & A of Women to compel her for marriage (Sec. 366 IPC) | b) Girls (Below 18 yrs),kidnap_marriage_girls,74
2023,Andhra Pradesh,Kidnapping & Abduction of Women | Procuration of Minor Girls (Sec. 366A IPC),procuration_minor_girls,26
2023,Andhra Pradesh,Kidnapping & Abduction of Women | Importation of Girls from Foreign Country (Sec. 366B IPC),import,0
2023,Andhra Pradesh,Human Trafficking (Sec. 370 & 370A IPC),trafficking,79
2023,Andhra Pradesh,Selling of Minor Girls (Sec. 372 IPC),selling_minor_girls,0
2023,Andhra Pradesh,Buying of Minor Girls (Sec. 373 IPC),buying_minor_girls,2
2023,Andhra Pradesh,Rape (Sec.376 IPC) | Rape (Total),rape,438
2023,Andhra Pradesh,Rape (Sec.376 IPC) | B) Girls (Below 18 yrs),rape_minor,0
2023,Andhra Pradesh,Attempt to Commit Rape (Sec. 376/511 IPC) | Attempt to Commit Rape (Total),attempt_rape,112
2023,Andhra Pradesh,Attempt to Commit Rape (Sec. 376/511 IPC) | B) Girls (Below 18 yrs),attempt_rape_minor,16
2023,Andhra Pradesh,Assault on Women with Intent to Outrage her Modesty (Sec. 354 IPC) | Assault on Women with Intent to Outrage her Modesty (Total),assault,4930
2023,Andhra Pradesh,Assault on Women with Intent to Outrage her Modesty (Sec. 354 IPC) | B) Girls (Below 18 yrs),assault_minor,0
2023,Andhra Pradesh,Insult to the Modesty of Women (Sec. 509 IPC) | Insult to the Modesty of Women (Total),insult,2826
2023,Andhra Pradesh,Insult to the Modesty of Women (Sec. 509 IPC) | B) Girls (Below 18 yrs),insult_minor,0
2023,Andhra Pradesh,Total IPC Crimes against Women,total_ipc,20008
2023,Andhra Pradesh,"Dowry Prohibition Act, 1961",dowry_act,353
2023,Andhra Pradesh,"Immoral Traffic (Prevention) Act, 1956 (Women Victims cases only) | Immoral Traffic (Prevention) Act, 1956 (Total)",itpa,68
2023,Andhra Pradesh,Protection of Women from Domestic Violence Act,dv_act,0
2023,Andhra Pradesh,Cyber Crimes/Information Technology Act (Women Centric Crimes only) | Cyber Crimes/Information Technology Act (Women Centric Crimes only) (Total),cyber,79
2023,Andhra Pradesh,Protection of Children from Sexual Offences Act (Girl Child Victims only) | Protection of Children from Sexual Offences Act (Total),pocso_girls,1907
2023,Andhra Pradesh,Protection of Children from Sexual Offences Act (Girl Child Victims only) | A) Child Rape (Sec.4 & 6 of POCSO Act/ Sec 376 IPC),pocso_penetrative,855
2023,Andhra Pradesh,Protection of Children from Sexual Offences Act (Girl Child Victims only) | B) Sexual Assault of Children (Sec.8 & 10 of POCSO Act) / Sec.354 IPC),pocso_sexual_assault,552
2023,Andhra Pradesh,Protection of Children from Sexual Offences Act (Girl Child Victims only) | C) Sexual Harassment (Sec. 12 of POCSO Act) / Sec. 509 IPC),pocso_harassment,488
2023,Andhra Pradesh,Protection of Children from Sexual Offences Act (Girl Child Victims only) | D) Use of Child for Pornography/ Storing Child Pornography Material (Sec.14 & 15 of POCSO Act),pocso_pornography,9
2023,Andhra Pradesh,"Indecent Representation of Women (Prohibition) Act, 1986",indecent_rep,3
2023,Andhra Pradesh,Total SLL Crimes against Women,total_sll,2410
2023,Andhra Pradesh,Total Crime against Women (IPC+SLL),total,22418
2023,Arunachal Pradesh,Murder with Rape/Gang Rape,murder_rape,0
2023,Arunachal Pradesh,Dowry Deaths (Sec. 304B IPC),dowry,1
2023,Arunachal Pradesh,Abetment to Suicide of Women (Sec. 305/306 IPC),abetment_suicide,3
2023,Arunachal Pradesh,Acid Attack (Sec. 326A IPC),acid_attack,0
2023,Arunachal Pradesh,Attempt to Acid Attack (Sec. 326B IPC),attempt_acid_attack,0
2023,Arunachal Pradesh,Cruelty by Husband or his relatives (Sec. 498 A IPC),cruelty,58
2023,Arunachal Pradesh,Kidnapping & Abduction of Women | Kidnapping & Abduction of Women (Total),kidnap,38
2023,Arunachal Pradesh,Kidnapping & Abduction of Women | K & A of Women to compel her for marriage (Sec. 366 IPC) | b) Girls (Below 18 yrs),kidnap_marriage_girls,1
2023,Arunachal Pradesh,Kidnapping & Abduction of Women | Procuration of Minor Girls (Sec. 366A IPC),procuration_minor_girls,1
2023,Arunachal Pradesh,Kidnapping & Abduction of Women | Importation of Girls from Foreign Country (Sec. 366B IPC),import,0
2023,Arunachal Pradesh,Human Trafficking (Sec. 370 & 370A IPC),trafficking,5
2023,Arunachal Pradesh,Selling of Minor Girls (Sec. 372 IPC),selling_minor_girls,0
2023,Arunachal Pradesh,Buying of Minor Girls (Sec. 373 IPC),buying_minor_girls,0
2023,Arunachal Pradesh,Rape (Sec.376 IPC) | Rape (Total),rape,71
2023,Arunachal Pradesh,Rape (Sec.376 IPC) | B) Girls (Below 18 yrs),rape_minor,36
2023,Arunachal Pradesh,Attempt to Commit Rape (Sec. 376/511 IPC) | Attempt to Commit Rape (Total),attempt_rape,5
2023,Arunachal Pradesh,Attempt to Commit Rape (Sec. 376/511 IPC) | B) Girls (Below 18 yrs),attempt_rape_minor,2
2023,Arunachal Pradesh,Assault on Women with Intent to Outrage her Modesty (Sec. 354 IPC) | Assault on Women with Intent to Outrage her Modesty (Total),assault,74
2023,Arunachal Pradesh,Assault on Women with Intent to Outrage her Modesty (Sec. 354 IPC) | B) Girls (Below 18 yrs),assault_minor,5
2023,Arunachal Pradesh,Insult to the Modesty of Women (Sec. 509 IPC) | Insult to the Modesty of Women (Total),insult,16
2023,Arunachal Pradesh,Insult to the Modesty of Women (Sec. 509 IPC) | B) Girls (Below 18 yrs),insult_minor,0
2023,Arunachal Pradesh,Total IPC Crimes against Women,total_ipc,271
2023,Arunachal Pradesh,"Dowry Prohibition Act, 1961",dowry_act,0
2023,Arunachal Pradesh,"Immoral Traffic (Prevention) Act, 1956 (Women Victims cases only) | Immoral Traffic (Prevention) Act, 1956 (Total)",itpa,0
2023,Arunachal Pradesh,Protection of Women from Domestic Violence Act,dv_act,0
2023,Arunachal Pradesh,Cyber Crimes/Information Technology Act (Women Centric Crimes only) | Cyber Crimes/Information Technology Act (Women Centric Crimes only) (Total),cyber,0
2023,Arunachal Pradesh,Protection of Children from Sexual Offences Act (Girl Child Victims only) | Protection of Children from Sexual Offences Act (Total),pocso_girls,55
2023,Arunachal Pradesh,Protection of Children from Sexual Offences Act (Girl Child Victims only) | A) Child Rape (Sec.4 & 6 of POCSO Act/ Sec 376 IPC),pocso_penetrative,42
2023,Arunachal Pradesh,Protection of Children from Sexual Offences Act (Girl Child Victims only) | B) Sexual Assault of Children (Sec.8 & 10 of POCSO Act) / Sec.354 IPC),pocso_sexual_assault,11
2023,Arunachal Pradesh,Protection of Children from Sexual Offences Act (Girl Child Victims only) | C) Sexual Harassment (Sec. 12 of POCSO Act) / Sec. 509 IPC),pocso_harassment,1
2023,Arunachal Pradesh,Protection of Children from Sexual Offences Act (Girl Child Victims only) | D) Use of Child for Pornography/ Storing Child Pornography Material (Sec.14 & 15 of POCSO Act),pocso_pornography,1
2023,Arunachal Pradesh,"Indecent Representation of Women (Prohibition) Act, 1986",indecent_rep,0
2023,Arunachal Pradesh,Total SLL Crimes against Women,total_sll,55
2023,Arunachal Pradesh,Total Crime against Women (IPC+SLL),total,326
2023,Assam,Murder with Rape/Gang Rape,murder_rape,13
2023,Assam,Dowry Deaths (Sec. 304B IPC),dowry,101
2023,Assam,Abetment to Suicide of Women (Sec. 305/306 IPC),abetment_suicide,102
2023,Assam,Acid Attack (Sec. 326A IPC),acid_attack,4
2023,Assam,Attempt to Acid Attack (Sec. 326B IPC),attempt_acid_attack,2
2023,Assam,Cruelty by Husband or his relatives (Sec. 498 A IPC),cruelty,2923
2023,Assam,Kidnapping & Abduction of Women | Kidnapping & Abduction of Women (Total),kidnap,3110
2023,Assam,Kidnapping & Abduction of Women | K & A of Women to compel her for marriage (Sec. 366 IPC) | b) Girls (Below 18 yrs),kidnap_marriage_girls,371
2023,Assam,Kidnapping & Abduction of Women | Procuration of Minor Girls (Sec. 366A IPC),procuration_minor_girls,454
2023,Assam,Kidnapping & Abduction of Women | Importation of Girls from Foreign Country (Sec. 366B IPC),import,0
2023,Assam,Human Trafficking (Sec. 370 & 370A IPC),trafficking,81
2023,Assam,Selling of Minor Girls (Sec. 372 IPC),selling_minor_girls,5
2023,Assam,Buying of Minor Girls (Sec. 373 IPC),buying_minor_girls,0
2023,Assam,Rape (Sec.376 IPC) | Rape (Total),rape,989
2023,Assam,Rape (Sec.376 IPC) | B) Girls (Below 18 yrs),rape_minor,1
2023,Assam,Attempt to Commit Rape (Sec. 376/511 IPC) | Attempt to Commit Rape (Total),attempt_rape,173
2023,Assam,Attempt to Commit Rape (Sec. 376/511 IPC) | B) Girls (Below 18 yrs),attempt_rape_minor,0
2023,Assam,Assault on Women with Intent to Outrage her Modesty (Sec. 354 IPC) | Assault on Women with Intent to Outrage her Modesty (Total),assault,1595
2023,Assam,Assault on Women with Intent to Outrage her Modesty (Sec. 354 IPC) | B) Girls (Below 18 yrs),assault_minor,13
2023,Assam,Insult to the Modesty of Women (Sec. 509 IPC) | Insult to the Modesty of Women (Total),insult,42
2023,Assam,Insult to the Modesty of Women (Sec. 509 IPC) | B) Girls (Below 18 yrs),insult_minor,0
2023,Assam,Total IPC Crimes against Women,total_ipc,9144
2023,Assam,"Dowry Prohibition Act, 1961",dowry_act,162
2023,Assam,"Immoral Traffic (Prevention) Act, 1956 (Women Victims cases only) | Immoral Traffic (Prevention) Act, 1956 (Total)",itpa,30
2023,Assam,Protection of Women from Domestic Violence Act,dv_act,3
2023,Assam,Cyber Crimes/Information Technology Act (Women Centric Crimes only) | Cyber Crimes/Information Technology Act (Women Centric Crimes only) (Total),cyber,182
2023,Assam,Protection of Children from Sexual Offences Act (Girl Child Victims only) | Protection of Children from Sexual Offences Act (Total),pocso_girls,2549
2023,Assam,Protection of Children from Sexual Offences Act (Girl Child Victims only) | A) Child Rape (Sec.4 & 6 of POCSO Act/ Sec 376 IPC),pocso_penetrative,1816
2023,Assam,Protection of Children from Sexual Offences Act (Girl Child Victims only) | B) Sexual Assault of Children (Sec.8 & 10 of POCSO Act) / Sec.354 IPC),pocso_sexual_assault,475
2023,Assam,Protection of Children from Sexual Offences Act (Girl Child Victims only) | C) Sexual Harassment (Sec. 12 of POCSO Act) / Sec. 509 IPC),pocso_harassment,121
2023,Assam,Protection of Children from Sexual Offences Act (Girl Child Victims only) | D) Use of Child for Pornography/ Storing Child Pornography Material (Sec.14 & 15 of POCSO Act),pocso_pornography,12
2023,Assam,"Indecent Representation of Women (Prohibition) Act, 1986",indecent_rep,0
2023,Assam,Total SLL Crimes against Women,total_sll,2926
2023,Assam,Total Crime against Women (IPC+SLL),total,12070
2023,Bihar,Murder with Rape/Gang Rape,murder_rape,4
2023,Bihar,Dowry Deaths (Sec. 304B IPC),dowry,1143
2023,Bihar,Abetment to Suicide of Women (Sec. 305/306 IPC),abetment_suicide,3
2023,Bihar,Acid Attack (Sec. 326A IPC),acid_attack,5
2023,Bihar,Attempt to Acid Attack (Sec. 326B IPC),attempt_acid_attack,0
2023,Bihar,Cruelty by Husband or his relatives (Sec. 498 A IPC),cruelty,2032
2023,Bihar,Kidnapping & Abduction of Women | Kidnapping & Abduction of Women (Total),kidnap,12136
2023,Bihar,Kidnapping & Abduction of Women | K & A of Women to compel her for marriage (Sec. 366 IPC) | b) Girls (Below 18 yrs),kidnap_marriage_girls,4933
2023,Bihar,Kidnapping & Abduction of Women | Procuration of Minor Girls (Sec. 366A IPC),procuration_minor_girls,0
2023,Bihar,Kidnapping & Abduction of Women | Importation of Girls from Foreign Country (Sec. 366B IPC),import,0
2023,Bihar,Human Trafficking (Sec. 370 & 370A IPC),trafficking,28
2023,Bihar,Selling of Minor Girls (Sec. 372 IPC),selling_minor_girls,0
2023,Bihar,Buying of Minor Girls (Sec. 373 IPC),buying_minor_girls,0
2023,Bihar,Rape (Sec.376 IPC) | Rape (Total),rape,902
2023,Bihar,Rape (Sec.376 IPC) | B) Girls (Below 18 yrs),rape_minor,0
2023,Bihar,Attempt to Commit Rape (Sec. 376/511 IPC) | Attempt to Commit Rape (Total),attempt_rape,47
2023,Bihar,Attempt to Commit Rape (Sec. 376/511 IPC) | B) Girls (Below 18 yrs),attempt_rape_minor,17
2023,Bihar,Assault on Women with Intent to Outrage her Modesty (Sec. 354 IPC) | Assault on Women with Intent to Outrage her Modesty (Total),assault,472
2023,Bihar,Assault on Women with Intent to Outrage her Modesty (Sec. 354 IPC) | B) Girls (Below 18 yrs),assault_minor,7
2023,Bihar,Insult to the Modesty of Women (Sec. 509 IPC) | Insult to the Modesty of Women (Total),insult,47
2023,Bihar,Insult to the Modesty of Women (Sec. 509 IPC) | B) Girls (Below 18 yrs),insult_minor,0
2023,Bihar,Total IPC Crimes against Women,total_ipc,16819
2023,Bihar,"Dowry Prohibition Act, 1961",dowry_act,3665
2023,Bihar,"Immoral Traffic (Prevention) Act, 1956 (Women Victims cases only) | Immoral Traffic (Prevention) Act, 1956 (Total)",itpa,58
2023,Bihar,Protection of Women from Domestic Violence Act,dv_act,1
2023,Bihar,Cyber Crimes/Information Technology Act (Women Centric Crimes only) | Cyber Crimes/Information Technology Act (Women Centric Crimes only) (Total),cyber,100
2023,Bihar,Protection of Children from Sexual Offences Act (Girl Child Victims only) | Protection of Children from Sexual Offences Act (Total),pocso_girls,2307
2023,Bihar,Protection of Children from Sexual Offences Act (Girl Child Victims only) | A) Child Rape (Sec.4 & 6 of POCSO Act/ Sec 376 IPC),pocso_penetrative,925
2023,Bihar,Protection of Children from Sexual Offences Act (Girl Child Victims only) | B) Sexual Assault of Children (Sec.8 & 10 of POCSO Act) / Sec.354 IPC),pocso_sexual_assault,844
2023,Bihar,Protection of Children from Sexual Offences Act (Girl Child Victims only) | C) Sexual Harassment (Sec. 12 of POCSO Act) / Sec. 509 IPC),pocso_harassment,190
2023,Bihar,Protection of Children from Sexual Offences Act (Girl Child Victims only) | D) Use of Child for Pornography/ Storing Child Pornography Material (Sec.14 & 15 of POCSO Act),pocso_pornography,345
2023,Bihar,"Indecent Representation of Women (Prohibition) Act, 1986",indecent_rep,2
2023,Bihar,Total SLL Crimes against Women,total_sll,6133
2023,Bihar,Total Crime against Women (IPC+SLL),total,22952
2023,Chandigarh,Murder with Rape/Gang Rape,murder_rape,0
2023,Chandigarh,Dowry Deaths (Sec. 304B IPC),dowry,4
2023,Chandigarh,Abetment to Suicide of Women (Sec. 305/306 IPC),abetment_suicide,5
2023,Chandigarh,Acid Attack (Sec. 326A IPC),acid_attack,0
2023,Chandigarh,Attempt to Acid Attack (Sec. 326B IPC),attempt_acid_attack,0
2023,Chandigarh,Cruelty by Husband or his relatives (Sec. 498 A IPC),cruelty,76
2023,Chandigarh,Kidnapping & Abduction of Women | Kidnapping & Abduction of Women (Total),kidnap,131
2023,Chandigarh,Kidnapping & Abduction of Women | K & A of Women to compel her for marriage (Sec. 366 IPC) | b) Girls (Below 18 yrs),kidnap_marriage_girls,9
2023,Chandigarh,Kidnapping & Abduction of Women | Procuration of Minor Girls (Sec. 366A IPC),procuration_minor_girls,0
2023,Chandigarh,Kidnapping & Abduction of Women | Importation of Girls from Foreign Country (Sec. 366B IPC),import,0
2023,Chandigarh,Human Trafficking (Sec. 370 & 370A IPC),trafficking,2
2023,Chandigarh,Selling of Minor Girls (Sec. 372 IPC),selling_minor_girls,0
2023,Chandigarh,Buying of Minor Girls (Sec. 373 IPC),buying_minor_girls,0
2023,Chandigarh,Rape (Sec.376 IPC) | Rape (Total),rape,102
2023,Chandigarh,Rape (Sec.376 IPC) | B) Girls (Below 18 yrs),rape_minor,70
2023,Chandigarh,Attempt to Commit Rape (Sec. 376/511 IPC) | Attempt to Commit Rape (Total),attempt_rape,1
2023,Chandigarh,Attempt to Commit Rape (Sec. 376/511 IPC) | B) Girls (Below 18 yrs),attempt_rape_minor,1
2023,Chandigarh,Assault on Women with Intent to Outrage her Modesty (Sec. 354 IPC) | Assault on Women with Intent to Outrage her Modesty (Total),assault,40
2023,Chandigarh,Assault on Women with Intent to Outrage her Modesty (Sec. 354 IPC) | B) Girls (Below 18 yrs),assault_minor,13
2023,Chandigarh,Insult to the Modesty of Women (Sec. 509 IPC) | Insult to the Modesty of Women (Total),insult,5
2023,Chandigarh,Insult to the Modesty of Women (Sec. 509 IPC) | B) Girls (Below 18 yrs),insult_minor,0
2023,Chandigarh,Total IPC Crimes against Women,total_ipc,366
2023,Chandigarh,"Dowry Prohibition Act, 1961",dowry_act,0
2023,Chandigarh,"Immoral Traffic (Prevention) Act, 1956 (Women Victims cases only) | Immoral Traffic (Prevention) Act, 1956 (Total)",itpa,0
2023,Chandigarh,Protection of Women from Domestic Violence Act,dv_act,0
2023,Chandigarh,Cyber Crimes/Information Technology Act (Women Centric Crimes only) | Cyber Crimes/Information Technology Act (Women Centric Crimes only) (Total),cyber,5
2023,Chandigarh,Protection of Children from Sexual Offences Act (Girl Child Victims only) | Protection of Children from Sexual Offences Act (Total),pocso_girls,0
2023,Chandigarh,Protection of Children from Sexual Offences Act (Girl Child Victims only) | A) Child Rape (Sec.4 & 6 of POCSO Act/ Sec 376 IPC),pocso_penetrative,0
2023,Chandigarh,Protection of Children from Sexual Offences Act (Girl Child Victims only) | B) Sexual Assault of Children (Sec.8 & 10 of POCSO Act) / Sec.354 IPC),pocso_sexual_assault,0
2023,Chandigarh,Protection of Children from Sexual Offences Act (Girl Child Victims only) | C) Sexual Harassment (Sec. 12 of POCSO Act) / Sec. 509 IPC),pocso_harassment,0
2023,Chandigarh,Protection of Children from Sexual Offences Act (Girl Child Victims only) | D) Use of Child for Pornography/ Storing Child Pornography Material (Sec.14 & 15 of POCSO Act),pocso_pornography,0
2023,Chandigarh,"Indecent Representation of Women (Prohibition) Act, 1986",indecent_rep,0
2023,Chandigarh,Total SLL Crimes against Women,total_sll,5
2023,Chandigarh,Total Crime against Women (IPC+SLL),total,371
2023,Chhattisgarh,Murder with Rape/Gang Rape,murder_rape,5
2023,Chhattisgarh,Dowry Deaths (Sec. 304B IPC),dowry,46
2023,Chhattisgarh,Abetment to Suicide of Women (Sec. 305/306 IPC),abetment_suicide,122
2023,Chhattisgarh,Acid Attack (Sec. 326A IPC),acid_attack,1
2023,Chhattisgarh,Attempt to Acid Attack (Sec. 326B IPC),attempt_acid_attack,0
2023,Chhattisgarh,Cruelty by Husband or his relatives (Sec. 498 A IPC),cruelty,755
2023,Chhattisgarh,Kidnapping & Abduction of Women | Kidnapping & Abduction of Women (Total),kidnap,2440
2023,Chhattisgarh,Kidnapping & Abduction of Women | K & A of Women to compel her for marriage (Sec. 366 IPC) | b) Girls (Below 18 yrs),kidnap_marriage_girls,76
2023,Chhattisgarh,Kidnapping & Abduction of Women | Procuration of Minor Girls (Sec. 366A IPC),procuration_minor_girls,1
2023,Chhattisgarh,Kidnapping & Abduction of Women | Importation of Girls from Foreign Country (Sec. 366B IPC),import,0
2023,Chhattisgarh,Human Trafficking (Sec. 370 & 370A IPC),trafficking,14
2023,Chhattisgarh,Selling of Minor Girls (Sec. 372 IPC),selling_minor_girls,0
2023,Chhattisgarh,Buying of Minor Girls (Sec. 373 IPC),buying_minor_girls,0
2023,Chhattisgarh,Rape (Sec.376 IPC) | Rape (Total),rape,1171
2023,Chhattisgarh,Rape (Sec.376 IPC) | B) Girls (Below 18 yrs),rape_minor,0
2023,Chhattisgarh,Attempt to Commit Rape (Sec. 376/511 IPC) | Attempt to Commit Rape (Total),attempt_rape,5
2023,Chhattisgarh,Attempt to Commit Rape (Sec. 376/511 IPC) | B) Girls (Below 18 yrs),attempt_rape_minor,4
2023,Chhattisgarh,Assault on Women with Intent to Outrage her Modesty (Sec. 354 IPC) | Assault on Women with Intent to Outrage her Modesty (Total),assault,1034
2023,Chhattisgarh,Assault on Women with Intent to Outrage her Modesty (Sec. 354 IPC) | B) Girls (Below 18 yrs),assault_minor,2
2023,Chhattisgarh,Insult to the Modesty of Women (Sec. 509 IPC) | Insult to the Modesty of Women (Total),insult,241
2023,Chhattisgarh,Insult to the Modesty of Women (Sec. 509 IPC) | B) Girls (Below 18 yrs),insult_minor,2
2023,Chhattisgarh,Total IPC Crimes against Women,total_ipc,5839
2023,Chhattisgarh,"Dowry Prohibition Act, 1961",dowry_act,8
2023,Chhattisgarh,"Immoral Traffic (Prevention) Act, 1956 (Women Victims cases only) | Immoral Traffic (Prevention) Act, 1956 (Total)",itpa,12
2023,Chhattisgarh,Protection of Women from Domestic Violence Act,dv_act,0
2023,Chhattisgarh,Cyber Crimes/Information Technology Act (Women Centric Crimes only) | Cyber Crimes/Information Technology Act (Women Centric Crimes only) (Total),cyber,198
2023,Chhattisgarh,Protection of Children from Sexual Offences Act (Girl Child Victims only) | Protection of Children from Sexual Offences Act (Total),pocso_girls,1978
2023,Chhattisgarh,Protection of Children from Sexual Offences Act (Girl Child Victims only) | A) Child Rape (Sec.4 & 6 of POCSO Act/ Sec 376 IPC),pocso_penetrative,1503
2023,Chhattisgarh,Protection of Children from Sexual Offences Act (Girl Child Victims only) | B) Sexual Assault of Children (Sec.8 & 10 of POCSO Act) / Sec.354 IPC),pocso_sexual_assault,441
2023,Chhattisgarh,Protection of Children from Sexual Offences Act (Girl Child Victims only) | C) Sexual Harassment (Sec. 12 of POCSO Act) / Sec. 509 IPC),pocso_harassment,25
2023,Chhattisgarh,Protection of Children from Sexual Offences Act (Girl Child Victims only) | D) Use of Child for Pornography/ Storing Child Pornography Material (Sec.14 & 15 of POCSO Act),pocso_pornography,6
2023,Chhattisgarh,"Indecent Representation of Women (Prohibition) Act, 1986",indecent_rep,0
2023,Chhattisgarh,Total SLL Crimes against Women,total_sll,2196
2023,Chhattisgarh,Total Crime against Women (IPC+SLL),total,8035
2023,Dadra & Nagar Haveli and Daman & Diu,Murder with Rape/Gang Rape,murder_rape,0
2023,Dadra & Nagar Haveli and Daman & Diu,Dowry Deaths (Sec. 304B IPC),dowry,0
2023,Dadra & Nagar Haveli and Daman & Diu,Abetment to Suicide of Women (Sec. 305/306 IPC),abetment_suicide,1
2023,Dadra & Nagar Haveli and Daman & Diu,Acid Attack (Sec. 326A IPC),acid_attack,0
2023,Dadra & Nagar Haveli and Daman & Diu,Attempt to Acid Attack (Sec. 326B IPC),attempt_acid_attack,0
2023,Dadra & Nagar Haveli and Daman & Diu,Cruelty by Husband or his relatives (Sec. 498 A IPC),cruelty,2
2023,Dadra & Nagar Haveli and Daman & Diu,Kidnapping & Abduction of Women | Kidnapping & Abduction of Women (Total),kidnap,35
2023,Dadra & Nagar Haveli and Daman & Diu,Kidnapping & Abduction of Women | K & A of Women to compel her for marriage (Sec. 366 IPC) | b) Girls (Below 18 yrs),kidnap_marriage_girls,0
2023,Dadra & Nagar Haveli and Daman & Diu,Kidnapping & Abduction of Women | Procuration of Minor Girls (Sec. 366A IPC),procuration_minor_girls,0
2023,Dadra & Nagar Haveli and Daman & Diu,Kidnapping & Abduction of Women | Importation of Girls from Foreign Country (Sec. 366B IPC),import,0
2023,Dadra & Nagar Haveli and Daman & Diu,Human Trafficking (Sec. 370 & 370A IPC),trafficking,0
2023,Dadra & Nagar Haveli and Daman & Diu,Selling of Minor Girls (Sec. 372 IPC),selling_minor_girls,0
2023,Dadra & Nagar Haveli and Daman & Diu,Buying of Minor Girls (Sec. 373 IPC),buying_minor_girls,0
2023,Dadra & Nagar Haveli and Daman & Diu,Rape (Sec.376 IPC) | Rape (Total),rape,6
2023,Dadra & Nagar Haveli and Daman & Diu,Rape (Sec.376 IPC) | B) Girls (Below 18 yrs),rape_minor,1
2023,Dadra & Nagar Haveli and Daman & Diu,Attempt to Commit Rape (Sec. 376/511 IPC) | Attempt to Commit Rape (Total),attempt_rape,1
2023,Dadra & Nagar Haveli and Daman & Diu,Attempt to Commit Rape (Sec. 376/511 IPC) | B) Girls (Below 18 yrs),attempt_rape_minor,0
2023,Dadra & Nagar Haveli and Daman & Diu,Assault on Women with Intent to Outrage her Modesty (Sec. 354 IPC) | Assault on Women with Intent to Outrage her Modesty (Total),assault,12
2023,Dadra & Nagar Haveli and Daman & Diu,Assault on Women with Intent to Outrage her Modesty (Sec. 354 IPC) | B) Girls (Below 18 yrs),assault_minor,0
2023,Dadra & Nagar Haveli and Daman & Diu,Insult to the Modesty of Women (Sec. 509 IPC) | Insult to the Modesty of Women (Total),insult,3
2023,Dadra & Nagar Haveli and Daman & Diu,Insult to the Modesty of Women (Sec. 509 IPC) | B) Girls (Below 18 yrs),insult_minor,0
2023,Dadra & Nagar Haveli and Daman & Diu,Total IPC Crimes against Women,total_ipc,60
2023,Dadra & Nagar Haveli and Daman & Diu,"Dowry Prohibition Act, 1961",dowry_act,0
2023,Dadra & Nagar Haveli and Daman & Diu,"Immoral Traffic (Prevention) Act, 1956 (Women Victims cases only) | Immoral Traffic (Prevention) Act, 1956 (Total)",itpa,8
2023,Dadra & Nagar Haveli and Daman & Diu,Protection of Women from Domestic Violence Act,dv_act,0
2023,Dadra & Nagar Haveli and Daman & Diu,Cyber Crimes/Information Technology Act (Women Centric Crimes only) | Cyber Crimes/Information Technology Act (Women Centric Crimes only) (Total),cyber,3
2023,Dadra & Nagar Haveli and Daman & Diu,Protection of Children from Sexual Offences Act (Girl Child Victims only) | Protection of Children from Sexual Offences Act (Total),pocso_girls,53
2023,Dadra & Nagar Haveli and Daman & Diu,Protection of Children from Sexual Offences Act (Girl Child Victims only) | A) Child Rape (Sec.4 & 6 of POCSO Act/ Sec 376 IPC),pocso_penetrative,50
2023,Dadra & Nagar Haveli and Daman & Diu,Protection of Children from Sexual Offences Act (Girl Child Victims only) | B) Sexual Assault of Children (Sec.8 & 10 of POCSO Act) / Sec.354 IPC),pocso_sexual_assault,1
2023,Dadra & Nagar Haveli and Daman & Diu,Protection of Children from Sexual Offences Act (Girl Child Victims only) | C) Sexual Harassment (Sec. 12 of POCSO Act) / Sec. 509 IPC),pocso_harassment,2
2023,Dadra & Nagar Haveli and Daman & Diu,Protection of Children from Sexual Offences Act (Girl Child Victims only) | D) Use of Child for Pornography/ Storing Child Pornography Material (Sec.14 & 15 of POCSO Act),pocso_pornography,0
2023,Dadra & Nagar Haveli and Daman & Diu,"Indecent Representation of Women (Prohibition) Act, 1986",indecent_rep,0
2023,Dadra & Nagar Haveli and Daman & Diu,Total SLL Crimes against Women,total_sll,64
2023,Dadra & Nagar Haveli and Daman & Diu,Total Crime against Women (IPC+SLL),total,124
2023,Delhi,Murder with Rape/Gang Rape,murder_rape,3
2023,Delhi,Dowry Deaths (Sec. 304B IPC),dowry,115
2023,Delhi,Abetment to Suicide of Women (Sec. 305/306 IPC),abetment_suicide,42
2023,Delhi,Acid Attack (Sec. 326A IPC),acid_attack,6
2023,Delhi,Attempt to Acid Attack (Sec. 326B IPC),attempt_acid_attack,2
2023,Delhi,Cruelty by Husband or his relatives (Sec. 498 A IPC),cruelty,4236
2023,Delhi,Kidnapping & Abduction of Women | Kidnapping & Abduction of Women (Total),kidnap,3970
2023,Delhi,Kidnapping & Abduction of Women | K & A of Women to compel her for marriage (Sec. 366 IPC) | b) Girls (Below 18 yrs),kidnap_marriage_girls,0
2023,Delhi,Kidnapping & Abduction of Women | Procuration of Minor Girls (Sec. 366A IPC),procuration_minor_girls,0
2023,Delhi,Kidnapping & Abduction of Women | Importation of Girls from Foreign Country (Sec. 366B IPC),import,0
2023,Delhi,Human Trafficking (Sec. 370 & 370A IPC),trafficking,44
2023,Delhi,Selling of Minor Girls (Sec. 372 IPC),selling_minor_girls,0
2023,Delhi,Buying of Minor Girls (Sec. 373 IPC),buying_minor_girls,0
2023,Delhi,Rape (Sec.376 IPC) | Rape (Total),rape,1094
2023,Delhi,Rape (Sec.376 IPC) | B) Girls (Below 18 yrs),rape_minor,0
2023,Delhi,Attempt to Commit Rape (Sec. 376/511 IPC) | Attempt to Commit Rape (Total),attempt_rape,0
2023,Delhi,Attempt to Commit Rape (Sec. 376/511 IPC) | B) Girls (Below 18 yrs),attempt_rape_minor,0
2023,Delhi,Assault on Women with Intent to Outrage her Modesty (Sec. 354 IPC) | Assault on Women with Intent to Outrage her Modesty (Total),assault,1814
2023,Delhi,Assault on Women with Intent to Outrage her Modesty (Sec. 354 IPC) | B) Girls (Below 18 yrs),assault_minor,0
2023,Delhi,Insult to the Modesty of Women (Sec. 509 IPC) | Insult to the Modesty of Women (Total),insult,352
2023,Delhi,Insult to the Modesty of Women (Sec. 509 IPC) | B) Girls (Below 18 yrs),insult_minor,1
2023,Delhi,Total IPC Crimes against Women,total_ipc,11688
2023,Delhi,"Dowry Prohibition Act, 1961",dowry_act,16
2023,Delhi,"Immoral Traffic (Prevention) Act, 1956 (Women Victims cases only) | Immoral Traffic (Prevention) Act, 1956 (Total)",itpa,59
2023,Delhi,Protection of Women from Domestic Violence Act,dv_act,4
2023,Delhi,Cyber Crimes/Information Technology Act (Women Centric Crimes only) | Cyber Crimes/Information Technology Act (Women Centric Crimes only) (Total),cyber,36
2023,Delhi,Protection of Children from Sexual Offences Act (Girl Child Victims only) | Protection of Children from Sexual Offences Act (Total),pocso_girls,1636
2023,Delhi,Protection of Children from Sexual Offences Act (Girl Child Victims only) | A) Child Rape (Sec.4 & 6 of POCSO Act/ Sec 376 IPC),pocso_penetrative,1052
2023,Delhi,Protection of Children from Sexual Offences Act (Girl Child Victims only) | B) Sexual Assault of Children (Sec.8 & 10 of POCSO Act) / Sec.354 IPC),pocso_sexual_assault,536
2023,Delhi,Protection of Children from Sexual Offences Act (Girl Child Victims only) | C) Sexual Harassment (Sec. 12 of POCSO Act) / Sec. 509 IPC),pocso_harassment,32
2023,Delhi,Protection of Children from Sexual Offences Act (Girl Child Victims only) | D) Use of Child for Pornography/ Storing Child Pornography Material (Sec.14 & 15 of POCSO Act),pocso_pornography,4
2023,Delhi,"Indecent Representation of Women (Prohibition) Act, 1986",indecent_rep,0
2023,Delhi,Total SLL Crimes against Women,total_sll,1751
2023,Delhi,Total Crime against Women (IPC+SLL),total,13439
2023,Goa,Murder with Rape/Gang Rape,murder_rape,0
2023,Goa,Dowry Deaths (Sec. 304B IPC),dowry,1
2023,Goa,Abetment to Suicide of Women (Sec. 305/306 IPC),abetment_suicide,3
2023,Goa,Acid Attack (Sec. 326A IPC),acid_attack,0
2023,Goa,Attempt to Acid Attack (Sec. 326B IPC),attempt_acid_attack,0
2023,Goa,Cruelty by Husband or his relatives (Sec. 498 A IPC),cruelty,0
2023,Goa,Kidnapping & Abduction of Women | Kidnapping & Abduction of Women (Total),kidnap,51
2023,Goa,Kidnapping & Abduction of Women | K & A of Women to compel her for marriage (Sec. 366 IPC) | b) Girls (Below 18 yrs),kidnap_marriage_girls,0
2023,Goa,Kidnapping & Abduction of Women | Procuration of Minor Girls (Sec. 366A IPC),procuration_minor_girls,0
2023,Goa,Kidnapping & Abduction of Women | Importation of Girls from Foreign Country (Sec. 366B IPC),import,0
2023,Goa,Human Trafficking (Sec. 370 & 370A IPC),trafficking,8
2023,Goa,Selling of Minor Girls (Sec. 372 IPC),selling_minor_girls,0
2023,Goa,Buying of Minor Girls (Sec. 373 IPC),buying_minor_girls,0
2023,Goa,Rape (Sec.376 IPC) | Rape (Total),rape,97
2023,Goa,Rape (Sec.376 IPC) | B) Girls (Below 18 yrs),rape_minor,62
2023,Goa,Attempt to Commit Rape (Sec. 376/511 IPC) | Attempt to Commit Rape (Total),attempt_rape,0
2023,Goa,Attempt to Commit Rape (Sec. 376/511 IPC) | B) Girls (Below 18 yrs),attempt_rape_minor,0
2023,Goa,Assault on Women with Intent to Outrage her Modesty (Sec. 354 IPC) | Assault on Women with Intent to Outrage her Modesty (Total),assault,96
2023,Goa,Assault on Women with Intent to Outrage her Modesty (Sec. 354 IPC) | B) Girls (Below 18 yrs),assault_minor,21
2023,Goa,Insult to the Modesty of Women (Sec. 509 IPC) | Insult to the Modesty of Women (Total),insult,21
2023,Goa,Insult to the Modesty of Women (Sec. 509 IPC) | B) Girls (Below 18 yrs),insult_minor,1
2023,Goa,Total IPC Crimes against Women,total_ipc,277
2023,Goa,"Dowry Prohibition Act, 1961",dowry_act,0
2023,Goa,"Immoral Traffic (Prevention) Act, 1956 (Women Victims cases only) | Immoral Traffic (Prevention) Act, 1956 (Total)",itpa,0
2023,Goa,Protection of Women from Domestic Violence Act,dv_act,0
2023,Goa,Cyber Crimes/Information Technology Act (Women Centric Crimes only) | Cyber Crimes/Information Technology Act (Women Centric Crimes only) (Total),cyber,9
2023,Goa,Protection of Children from Sexual Offences Act (Girl Child Victims only) | Protection of Children from Sexual Offences Act (Total),pocso_girls,0
2023,Goa,Protection of Children from Sexual Offences Act (Girl Child Victims only) | A) Child Rape (Sec.4 & 6 of POCSO Act/ Sec 376 IPC),pocso_penetrative,0
2023,Goa,Protection of Children from Sexual Offences Act (Girl Child Victims only) | B) Sexual Assault of Children (Sec.8 & 10 of POCSO Act) / Sec.354 IPC),pocso_sexual_assault,0
2023,Goa,Protection of Children from Sexual Offences Act (Girl Child Victims only) | C) Sexual Harassment (Sec. 12 of POCSO Act) / Sec. 509 IPC),pocso_harassment,0
2023,Goa,Protection of Children from Sexual Offences Act (Girl Child Victims only) | D) Use of Child for Pornography/ Storing Child Pornography Material (Sec.14 & 15 of POCSO Act),pocso_pornography,0
2023,Goa,"Indecent Representation of Women (Prohibition) Act, 1986",indecent_rep,0
2023,Goa,Total SLL Crimes against Women,total_sll,9
2023,Goa,Total Crime against Women (IPC+SLL),total,286
2023,Gujarat,Murder with Rape/Gang Rape,murder_rape,7
2023,Gujarat,Dowry Deaths (Sec. 304B IPC),dowry,12
2023,Gujarat,Abetment to Suicide of Women (Sec. 305/306 IPC),abetment_suicide,318
2023,Gujarat,Acid Attack (Sec. 326A IPC),acid_attack,2
2023,Gujarat,Attempt to Acid Attack (Sec. 326B IPC),attempt_acid_attack,1
2023,Gujarat,Cruelty by Husband or his relatives (Sec. 498 A IPC),cruelty,2176
2023,Gujarat,Kidnapping & Abduction of Women | Kidnapping & Abduction of Women (Total),kidnap,1257
2023,Gujarat,Kidnapping & Abduction of Women | K & A of Women to compel her for marriage (Sec. 366 IPC) | b) Girls (Below 18 yrs),kidnap_marriage_girls,524
2023,Gujarat,Kidnapping & Abduction of Women | Procuration of Minor Girls (Sec. 366A IPC),procuration_minor_girls,1
2023,Gujarat,Kidnapping & Abduction of Women | Importation of Girls from Foreign Country (Sec. 366B IPC),import,0
2023,Gujarat,Human Trafficking (Sec. 370 & 370A IPC),trafficking,3
2023,Gujarat,Selling of Minor Girls (Sec. 372 IPC),selling_minor_girls,0
2023,Gujarat,Buying of Minor Girls (Sec. 373 IPC),buying_minor_girls,0
2023,Gujarat,Rape (Sec.376 IPC) | Rape (Total),rape,634
2023,Gujarat,Rape (Sec.376 IPC) | B) Girls (Below 18 yrs),rape_minor,2
2023,Gujarat,Attempt to Commit Rape (Sec. 376/511 IPC) | Attempt to Commit Rape (Total),attempt_rape,0
2023,Gujarat,Attempt to Commit Rape (Sec. 376/511 IPC) | B) Girls (Below 18 yrs),attempt_rape_minor,0
2023,Gujarat,Assault on Women with Intent to Outrage her Modesty (Sec. 354 IPC) | Assault on Women with Intent to Outrage her Modesty (Total),assault,688
2023,Gujarat,Assault on Women with Intent to Outrage her Modesty (Sec. 354 IPC) | B) Girls (Below 18 yrs),assault_minor,66
2023,Gujarat,Insult to the Modesty of Women (Sec. 509 IPC) | Insult to the Modesty of Women (Total),insult,15
2023,Gujarat,Insult to the Modesty of Women (Sec. 509 IPC) | B) Girls (Below 18 yrs),insult_minor,0
2023,Gujarat,Total IPC Crimes against Women,total_ipc,5118
2023,Gujarat,"Dowry Prohibition Act, 1961",dowry_act,3
2023,Gujarat,"Immoral Traffic (Prevention) Act, 1956 (Women Victims cases only) | Immoral Traffic (Prevention) Act, 1956 (Total)",itpa,80
2023,Gujarat,Protection of Women from Domestic Violence Act,dv_act,2
2023,Gujarat,Cyber Crimes/Information Technology Act (Women Centric Crimes only) | Cyber Crimes/Information Technology Act (Women Centric Crimes only) (Total),cyber,54
2023,Gujarat,Protection of Children from Sexual Offences Act (Girl Child Victims only) | Protection of Children from Sexual Offences Act (Total),pocso_girls,2548
2023,Gujarat,Protection of Children from Sexual Offences Act (Girl Child Victims only) | A) Child Rape (Sec.4 & 6 of POCSO Act/ Sec 376 IPC),pocso_penetrative,2279
2023,Gujarat,Protection of Children from Sexual Offences Act (Girl Child Victims only) | B) Sexual Assault of Children (Sec.8 & 10 of POCSO Act) / Sec.354 IPC),pocso_sexual_assault,232
2023,Gujarat,Protection of Children from Sexual Offences Act (Girl Child Victims only) | C) Sexual Harassment (Sec. 12 of POCSO Act) / Sec. 509 IPC),pocso_harassment,25
2023,Gujarat,Protection of Children from Sexual Offences Act (Girl Child Victims only) | D) Use of Child for Pornography/ Storing Child Pornography Material (Sec.14 & 15 of POCSO Act),pocso_pornography,6
2023,Gujarat,"Indecent Representation of Women (Prohibition) Act, 1986",indecent_rep,0
2023,Gujarat,Total SLL Crimes against Women,total_sll,2687
2023,Gujarat,Total Crime against Women (IPC+SLL),total,7805
2023,Haryana,Murder with Rape/Gang Rape,murder_rape,9
2023,Haryana,Dowry Deaths (Sec. 304B IPC),dowry,207
2023,Haryana,Abetment to Suicide of Women (Sec. 305/306 IPC),abetment_suicide,178
2023,Haryana,Acid Attack (Sec. 326A IPC),acid_attack,3
2023,Haryana,Attempt to Acid Attack (Sec. 326B IPC),attempt_acid_attack,1
2023,Haryana,Cruelty by Husband or his relatives (Sec. 498 A IPC),cruelty,5191
2023,Haryana,Kidnapping & Abduction of Women | Kidnapping & Abduction of Women (Total),kidnap,3204
2023,Haryana,Kidnapping & Abduction of Women | K & A of Women to compel her for marriage (Sec. 366 IPC) | b) Girls (Below 18 yrs),kidnap_marriage_girls,312
2023,Haryana,Kidnapping & Abduction of Women | Procuration of Minor Girls (Sec. 366A IPC),procuration_minor_girls,788
2023,Haryana,Kidnapping & Abduction of Women | Importation of Girls from Foreign Country (Sec. 366B IPC),import,0
2023,Haryana,Human Trafficking (Sec. 370 & 370A IPC),trafficking,32
2023,Haryana,Selling of Minor Girls (Sec. 372 IPC),selling_minor_girls,0
2023,Haryana,Buying of Minor Girls (Sec. 373 IPC),buying_minor_girls,0
2023,Haryana,Rape (Sec.376 IPC) | Rape (Total),rape,1772
2023,Haryana,Rape (Sec.376 IPC) | B) Girls (Below 18 yrs),rape_minor,3
2023,Haryana,Attempt to Commit Rape (Sec. 376/511 IPC) | Attempt to Commit Rape (Total),attempt_rape,199
2023,Haryana,Attempt to Commit Rape (Sec. 376/511 IPC) | B) Girls (Below 18 yrs),attempt_rape_minor,0
2023,Haryana,Assault on Women with Intent to Outrage her Modesty (Sec. 354 IPC) | Assault on Women with Intent to Outrage her Modesty (Total),assault,2265
2023,Haryana,Assault on Women with Intent to Outrage her Modesty (Sec. 354 IPC) | B) Girls (Below 18 yrs),assault_minor,26
2023,Haryana,Insult to the Modesty of Women (Sec. 509 IPC) | Insult to the Modesty of Women (Total),insult,443
2023,Haryana,Insult to the Modesty of Women (Sec. 509 IPC) | B) Girls (Below 18 yrs),insult_minor,1
2023,Haryana,Total IPC Crimes against Women,total_ipc,13554
2023,Haryana,"Dowry Prohibition Act, 1961",dowry_act,14
2023,Haryana,"Immoral Traffic (Prevention) Act, 1956 (Women Victims cases only) | Immoral Traffic (Prevention) Act, 1956 (Total)",itpa,38
2023,Haryana,Protection of Women from Domestic Violence Act,dv_act,5
2023,Haryana,Cyber Crimes/Information Technology Act (Women Centric Crimes only) | Cyber Crimes/Information Technology Act (Women Centric Crimes only) (Total),cyber,103
2023,Haryana,Protection of Children from Sexual Offences Act (Girl Child Victims only) | Protection of Children from Sexual Offences Act (Total),pocso_girls,2044
2023,Haryana,Protection of Children from Sexual Offences Act (Girl Child Victims only) | A) Child Rape (Sec.4 & 6 of POCSO Act/ Sec 376 IPC),pocso_penetrative,1372
2023,Haryana,Protection of Children from Sexual Offences Act (Girl Child Victims only) | B) Sexual Assault of Children (Sec.8 & 10 of POCSO Act) / Sec.354 IPC),pocso_sexual_assault,521
2023,Haryana,Protection of Children from Sexual Offences Act (Girl Child Victims only) | C) Sexual Harassment (Sec. 12 of POCSO Act) / Sec. 509 IPC),pocso_harassment,124
2023,Haryana,Protection of Children from Sexual Offences Act (Girl Child Victims only) | D) Use of Child for Pornography/ Storing Child Pornography Material (Sec.14 & 15 of POCSO Act),pocso_pornography,4
2023,Haryana,"Indecent Representation of Women (Prohibition) Act, 1986",indecent_rep,0
2023,Haryana,Total SLL Crimes against Women,total_sll,2204
2023,Haryana,Total Crime against Women (IPC+SLL),total,15758
2023,Himachal Pradesh,Murder with Rape/Gang Rape,murder_rape,6
2023,Himachal Pradesh,Dowry Deaths (Sec. 304B IPC),dowry,0
2023,Himachal Pradesh,Abetment to Suicide of Women (Sec. 305/306 IPC),abetment_suicide,39
2023,Himachal Pradesh,Acid Attack (Sec. 326A IPC),acid_attack,0
2023,Himachal Pradesh,Attempt to Acid Attack (Sec. 326B IPC),attempt_acid_attack,0
2023,Himachal Pradesh,Cruelty by Husband or his relatives (Sec. 498 A IPC),cruelty,217
2023,Himachal Pradesh,Kidnapping & Abduction of Women | Kidnapping & Abduction of Women (Total),kidnap,351
2023,Himachal Pradesh,Kidnapping & Abduction of Women | K & A of Women to compel her for marriage (Sec. 366 IPC) | b) Girls (Below 18 yrs),kidnap_marriage_girls,131
2023,Himachal Pradesh,Kidnapping & Abduction of Women | Procuration of Minor Girls (Sec. 366A IPC),procuration_minor_girls,3
2023,Himachal Pradesh,Kidnapping & Abduction of Women | Importation of Girls from Foreign Country (Sec. 366B IPC),import,0
2023,Himachal Pradesh,Human Trafficking (Sec. 370 & 370A IPC),trafficking,5
2023,Himachal Pradesh,Selling of Minor Girls (Sec. 372 IPC),selling_minor_girls,0
2023,Himachal Pradesh,Buying of Minor Girls (Sec. 373 IPC),buying_minor_girls,0
2023,Himachal Pradesh,Rape (Sec.376 IPC) | Rape (Total),rape,344
2023,Himachal Pradesh,Rape (Sec.376 IPC) | B) Girls (Below 18 yrs),rape_minor,206
2023,Himachal Pradesh,Attempt to Commit Rape (Sec. 376/511 IPC) | Attempt to Commit Rape (Total),attempt_rape,3
2023,Himachal Pradesh,Attempt to Commit Rape (Sec. 376/511 IPC) | B) Girls (Below 18 yrs),attempt_rape_minor,0
2023,Himachal Pradesh,Assault on Women with Intent to Outrage her Modesty (Sec. 354 IPC) | Assault on Women with Intent to Outrage her Modesty (Total),assault,504
2023,Himachal Pradesh,Assault on Women with Intent to Outrage her Modesty (Sec. 354 IPC) | B) Girls (Below 18 yrs),assault_minor,56
2023,Himachal Pradesh,Insult to the Modesty of Women (Sec. 509 IPC) | Insult to the Modesty of Women (Total),insult,97
2023,Himachal Pradesh,Insult to the Modesty of Women (Sec. 509 IPC) | B) Girls (Below 18 yrs),insult_minor,0
2023,Himachal Pradesh,Total IPC Crimes against Women,total_ipc,1566
2023,Himachal Pradesh,"Dowry Prohibition Act, 1961",dowry_act,2
2023,Himachal Pradesh,"Immoral Traffic (Prevention) Act, 1956 (Women Victims cases only) | Immoral Traffic (Prevention) Act, 1956 (Total)",itpa,10
2023,Himachal Pradesh,Protection of Women from Domestic Violence Act,dv_act,2
2023,Himachal Pradesh,Cyber Crimes/Information Technology Act (Women Centric Crimes only) | Cyber Crimes/Information Technology Act (Women Centric Crimes only) (Total),cyber,21
2023,Himachal Pradesh,Protection of Children from Sexual Offences Act (Girl Child Victims only) | Protection of Children from Sexual Offences Act (Total),pocso_girls,3
2023,Himachal Pradesh,Protection of Children from Sexual Offences Act (Girl Child Victims only) | A) Child Rape (Sec.4 & 6 of POCSO Act/ Sec 376 IPC),pocso_penetrative,0
2023,Himachal Pradesh,Protection of Children from Sexual Offences Act (Girl Child Victims only) | B) Sexual Assault of Children (Sec.8 & 10 of POCSO Act) / Sec.354 IPC),pocso_sexual_assault,0
2023,Himachal Pradesh,Protection of Children from Sexual Offences Act (Girl Child Victims only) | C) Sexual Harassment (Sec. 12 of POCSO Act) / Sec. 509 IPC),pocso_harassment,2
2023,Himachal Pradesh,Protection of Children from Sexual Offences Act (Girl Child Victims only) | D) Use of Child for Pornography/ Storing Child Pornography Material (Sec.14 & 15 of POCSO Act),pocso_pornography,1
2023,Himachal Pradesh,"Indecent Representation of Women (Prohibition) Act, 1986",indecent_rep,0
2023,Himachal Pradesh,Total SLL Crimes against Women,total_sll,38
2023,Himachal Pradesh,Total Crime against Women (IPC+SLL),total,1604
2023,Jammu & Kashmir,Murder with Rape/Gang Rape,murder_rape,1
2023,Jammu & Kashmir,Dowry Deaths (Sec. 304B IPC),dowry,9
2023,Jammu & Kashmir,Abetment to Suicide of Women (Sec. 305/306 IPC),abetment_suicide,31
2023,Jammu & Kashmir,Acid Attack (Sec. 326A IPC),acid_attack,0
2023,Jammu & Kashmir,Attempt to Acid Attack (Sec. 326B IPC),attempt_acid_attack,0
2023,Jammu & Kashmir,Cruelty by Husband or his relatives (Sec. 498 A IPC),cruelty,524
2023,Jammu & Kashmir,Kidnapping & Abduction of Women | Kidnapping & Abduction of Women (Total),kidnap,895
2023,Jammu & Kashmir,Kidnapping & Abduction of Women | K & A of Women to compel her for marriage (Sec. 366 IPC) | b) Girls (Below 18 yrs),kidnap_marriage_girls,10
2023,Jammu & Kashmir,Kidnapping & Abduction of Women | Procuration of Minor Girls (Sec. 366A IPC),procuration_minor_girls,0
2023,Jammu & Kashmir,Kidnapping & Abduction of Women | Importation of Girls from Foreign Country (Sec. 366B IPC),import,0
2023,Jammu & Kashmir,Human Trafficking (Sec. 370 & 370A IPC),trafficking,7
2023,Jammu & Kashmir,Selling of Minor Girls (Sec. 372 IPC),selling_minor_girls,0
2023,Jammu & Kashmir,Buying of Minor Girls (Sec. 373 IPC),buying_minor_girls,0
2023,Jammu & Kashmir,Rape (Sec.376 IPC) | Rape (Total),rape,231
2023,Jammu & Kashmir,Rape (Sec.376 IPC) | B) Girls (Below 18 yrs),rape_minor,1
2023,Jammu & Kashmir,Attempt to Commit Rape (Sec. 376/511 IPC) | Attempt to Commit Rape (Total),attempt_rape,2
2023,Jammu & Kashmir,Attempt to Commit Rape (Sec. 376/511 IPC) | B) Girls (Below 18 yrs),attempt_rape_minor,0
2023,Jammu & Kashmir,Assault on Women with Intent to Outrage her Modesty (Sec. 354 IPC) | Assault on Women with Intent to Outrage her Modesty (Total),assault,1542
2023,Jammu & Kashmir,Assault on Women with Intent to Outrage her Modesty (Sec. 354 IPC) | B) Girls (Below 18 yrs),assault_minor,1
2023,Jammu & Kashmir,Insult to the Modesty of Women (Sec. 509 IPC) | Insult to the Modesty of Women (Total),insult,21
2023,Jammu & Kashmir,Insult to the Modesty of Women (Sec. 509 IPC) | B) Girls (Below 18 yrs),insult_minor,0
2023,Jammu & Kashmir,Total IPC Crimes against Women,total_ipc,3267
2023,Jammu & Kashmir,"Dowry Prohibition Act, 1961",dowry_act,15
2023,Jammu & Kashmir,"Immoral Traffic (Prevention) Act, 1956 (Women Victims cases only) | Immoral Traffic (Prevention) Act, 1956 (Total)",itpa,8
2023,Jammu & Kashmir,Protection of Women from Domestic Violence Act,dv_act,0
2023,Jammu & Kashmir,Cyber Crimes/Information Technology Act (Women Centric Crimes only) | Cyber Crimes/Information Technology Act (Women Centric Crimes only) (Total),cyber,43
2023,Jammu & Kashmir,Protection of Children from Sexual Offences Act (Girl Child Victims only) | Protection of Children from Sexual Offences Act (Total),pocso_girls,320
2023,Jammu & Kashmir,Protection of Children from Sexual Offences Act (Girl Child Victims only) | A) Child Rape (Sec.4 & 6 of POCSO Act/ Sec 376 IPC),pocso_penetrative,214
2023,Jammu & Kashmir,Protection of Children from Sexual Offences Act (Girl Child Victims only) | B) Sexual Assault of Children (Sec.8 & 10 of POCSO Act) / Sec.354 IPC),pocso_sexual_assault,76
2023,Jammu & Kashmir,Protection of Children from Sexual Offences Act (Girl Child Victims only) | C) Sexual Harassment (Sec. 12 of POCSO Act) / Sec. 509 IPC),pocso_harassment,13
2023,Jammu & Kashmir,Protection of Children from Sexual Offences Act (Girl Child Victims only) | D) Use of Child for Pornography/ Storing Child Pornography Material (Sec.14 & 15 of POCSO Act),pocso_pornography,17
2023,Jammu & Kashmir,"Indecent Representation of Women (Prohibition) Act, 1986",indecent_rep,0
2023,Jammu & Kashmir,Total SLL Crimes against Women,total_sll,386
2023,Jammu & Kashmir,Total Crime against Women (IPC+SLL),total,3653
2023,Jharkhand,Murder with Rape/Gang Rape,murder_rape,3
2023,Jharkhand,Dowry Deaths (Sec. 304B IPC),dowry,218
2023,Jharkhand,Abetment to Suicide of Women (Sec. 305/306 IPC),abetment_suicide,45
2023,Jharkhand,Acid Attack (Sec. 326A IPC),acid_attack,1
2023,Jharkhand,Attempt to Acid Attack (Sec. 326B IPC),attempt_acid_attack,0
2023,Jharkhand,Cruelty by Husband or his relatives (Sec. 498 A IPC),cruelty,770
2023,Jharkhand,Kidnapping & Abduction of Women | Kidnapping & Abduction of Women (Total),kidnap,1253
2023,Jharkhand,Kidnapping & Abduction of Women | K & A of Women to compel her for marriage (Sec. 366 IPC) | b) Girls (Below 18 yrs),kidnap_marriage_girls,155
2023,Jharkhand,Kidnapping & Abduction of Women | Procuration of Minor Girls (Sec. 366A IPC),procuration_minor_girls,319
2023,Jharkhand,Kidnapping & Abduction of Women | Importation of Girls from Foreign Country (Sec. 366B IPC),import,0
2023,Jharkhand,Human Trafficking (Sec. 370 & 370A IPC),trafficking,37
2023,Jharkhand,Selling of Minor Girls (Sec. 372 IPC),selling_minor_girls,0
2023,Jharkhand,Buying of Minor Girls (Sec. 373 IPC),buying_minor_girls,0
2023,Jharkhand,Rape (Sec.376 IPC) | Rape (Total),rape,1221
2023,Jharkhand,Rape (Sec.376 IPC) | B) Girls (Below 18 yrs),rape_minor,150
2023,Jharkhand,Attempt to Commit Rape (Sec. 376/511 IPC) | Attempt to Commit Rape (Total),attempt_rape,66
2023,Jharkhand,Attempt to Commit Rape (Sec. 376/511 IPC) | B) Girls (Below 18 yrs),attempt_rape_minor,2
2023,Jharkhand,Assault on Women with Intent to Outrage her Modesty (Sec. 354 IPC) | Assault on Women with Intent to Outrage her Modesty (Total),assault,944
2023,Jharkhand,Assault on Women with Intent to Outrage her Modesty (Sec. 354 IPC) | B) Girls (Below 18 yrs),assault_minor,2
2023,Jharkhand,Insult to the Modesty of Women (Sec. 509 IPC) | Insult to the Modesty of Women (Total),insult,4
2023,Jharkhand,Insult to the Modesty of Women (Sec. 509 IPC) | B) Girls (Below 18 yrs),insult_minor,0
2023,Jharkhand,Total IPC Crimes against Women,total_ipc,4565
2023,Jharkhand,"Dowry Prohibition Act, 1961",dowry_act,1487
2023,Jharkhand,"Immoral Traffic (Prevention) Act, 1956 (Women Victims cases only) | Immoral Traffic (Prevention) Act, 1956 (Total)",itpa,2
2023,Jharkhand,Protection of Women from Domestic Violence Act,dv_act,96
2023,Jharkhand,Cyber Crimes/Information Technology Act (Women Centric Crimes only) | Cyber Crimes/Information Technology Act (Women Centric Crimes only) (Total),cyber,12
2023,Jharkhand,Protection of Children from Sexual Offences Act (Girl Child Victims only) | Protection of Children from Sexual Offences Act (Total),pocso_girls,827
2023,Jharkhand,Protection of Children from Sexual Offences Act (Girl Child Victims only) | A) Child Rape (Sec.4 & 6 of POCSO Act/ Sec 376 IPC),pocso_penetrative,657
2023,Jharkhand,Protection of Children from Sexual Offences Act (Girl Child Victims only) | B) Sexual Assault of Children (Sec.8 & 10 of POCSO Act) / Sec.354 IPC),pocso_sexual_assault,93
2023,Jharkhand,Protection of Children from Sexual Offences Act (Girl Child Victims only) | C) Sexual Harassment (Sec. 12 of POCSO Act) / Sec. 509 IPC),pocso_harassment,69
2023,Jharkhand,Protection of Children from Sexual Offences Act (Girl Child Victims only) | D) Use of Child for Pornography/ Storing Child Pornography Material (Sec.14 & 15 of POCSO Act),pocso_pornography,7
2023,Jharkhand,"Indecent Representation of Women (Prohibition) Act, 1986",indecent_rep,0
2023,Jharkhand,Total SLL Crimes against Women,total_sll,2424
2023,Jharkhand,Total Crime against Women (IPC+SLL),total,6989
2023,Karnataka,Murder with Rape/Gang Rape,murder_rape,6
2023,Karnataka,Dowry Deaths (Sec. 304B IPC),dowry,156
2023,Karnataka,Abetment to Suicide of Women (Sec. 305/306 IPC),abetment_suicide,274
2023,Karnataka,Acid Attack (Sec. 326A IPC),acid_attack,0
2023,Karnataka,Attempt to Acid Attack (Sec. 326B IPC),attempt_acid_attack,4
2023,Karnataka,Cruelty by Husband or his relatives (Sec. 498 A IPC),cruelty,3000
2023,Karnataka,Kidnapping & Abduction of Women | Kidnapping & Abduction of Women (Total),kidnap,2327
2023,Karnataka,Kidnapping & Abduction of Women | K & A of Women to compel her for marriage (Sec. 366 IPC) | b) Girls (Below 18 yrs),kidnap_marriage_girls,8
2023,Karnataka,Kidnapping & Abduction of Women | Procuration of Minor Girls (Sec. 366A IPC),procuration_minor_girls,5
2023,Karnataka,Kidnapping & Abduction of Women | Importation of Girls from Foreign Country (Sec. 366B IPC),import,0
2023,Karnataka,Human Trafficking (Sec. 370 & 370A IPC),trafficking,11
2023,Karnataka,Selling of Minor Girls (Sec. 372 IPC),selling_minor_girls,0
2023,Karnataka,Buying of Minor Girls (Sec. 373 IPC),buying_minor_girls,0
2023,Karnataka,Rape (Sec.376 IPC) | Rape (Total),rape,656
2023,Karnataka,Rape (Sec.376 IPC) | B) Girls (Below 18 yrs),rape_minor,0
2023,Karnataka,Attempt to Commit Rape (Sec. 376/511 IPC) | Attempt to Commit Rape (Total),attempt_rape,10
2023,Karnataka,Attempt to Commit Rape (Sec. 376/511 IPC) | B) Girls (Below 18 yrs),attempt_rape_minor,1
2023,Karnataka,Assault on Women with Intent to Outrage her Modesty (Sec. 354 IPC) | Assault on Women with Intent to Outrage her Modesty (Total),assault,6790
2023,Karnataka,Assault on Women with Intent to Outrage her Modesty (Sec. 354 IPC) | B) Girls (Below 18 yrs),assault_minor,1
2023,Karnataka,Insult to the Modesty of Women (Sec. 509 IPC) | Insult to the Modesty of Women (Total),insult,148
2023,Karnataka,Insult to the Modesty of Women (Sec. 509 IPC) | B) Girls (Below 18 yrs),insult_minor,0
2023,Karnataka,Total IPC Crimes against Women,total_ipc,13393
2023,Karnataka,"Dowry Prohibition Act, 1961",dowry_act,2322
2023,Karnataka,"Immoral Traffic (Prevention) Act, 1956 (Women Victims cases only) | Immoral Traffic (Prevention) Act, 1956 (Total)",itpa,308
2023,Karnataka,Protection of Women from Domestic Violence Act,dv_act,0
2023,Karnataka,Cyber Crimes/Information Technology Act (Women Centric Crimes only) | Cyber Crimes/Information Technology Act (Women Centric Crimes only) (Total),cyber,458
2023,Karnataka,Protection of Children from Sexual Offences Act (Girl Child Victims only) | Protection of Children from Sexual Offences Act (Total),pocso_girls,3854
2023,Karnataka,Protection of Children from Sexual Offences Act (Girl Child Victims only) | A) Child Rape (Sec.4 & 6 of POCSO Act/ Sec 376 IPC),pocso_penetrative,3099
2023,Karnataka,Protection of Children from Sexual Offences Act (Girl Child Victims only) | B) Sexual Assault of Children (Sec.8 & 10 of POCSO Act) / Sec.354 IPC),pocso_sexual_assault,506
2023,Karnataka,Protection of Children from Sexual Offences Act (Girl Child Victims only) | C) Sexual Harassment (Sec. 12 of POCSO Act) / Sec. 509 IPC),pocso_harassment,196
2023,Karnataka,Protection of Children from Sexual Offences Act (Girl Child Victims only) | D) Use of Child for Pornography/ Storing Child Pornography Material (Sec.14 & 15 of POCSO Act),pocso_pornography,30
2023,Karnataka,"Indecent Representation of Women (Prohibition) Act, 1986",indecent_rep,1
2023,Karnataka,Total SLL Crimes against Women,total_sll,6943
2023,Karnataka,Total Crime against Women (IPC+SLL),total,20336
2023,Kerala,Murder with Rape/Gang Rape,murder_rape,4
2023,Kerala,Dowry Deaths (Sec. 304B IPC),dowry,8
2023,Kerala,Abetment to Suicide of Women (Sec. 305/306 IPC),abetment_suicide,47
2023,Kerala,Acid Attack (Sec. 326A IPC),acid_attack,5
2023,Kerala,Attempt to Acid Attack (Sec. 326B IPC),attempt_acid_attack,4
2023,Kerala,Cruelty by Husband or his relatives (Sec. 498 A IPC),cruelty,4710
2023,Kerala,Kidnapping & Abduction of Women | Kidnapping & Abduction of Women (Total),kidnap,191
2023,Kerala,Kidnapping & Abduction of Women | K & A of Women to compel her for marriage (Sec. 366 IPC) | b) Girls (Below 18 yrs),kidnap_marriage_girls,24
2023,Kerala,Kidnapping & Abduction of Women | Procuration of Minor Girls (Sec. 366A IPC),procuration_minor_girls,2
2023,Kerala,Kidnapping & Abduction of Women | Importation of Girls from Foreign Country (Sec. 366B IPC),import,0
2023,Kerala,Human Trafficking (Sec. 370 & 370A IPC),trafficking,15
2023,Kerala,Selling of Minor Girls (Sec. 372 IPC),selling_minor_girls,0
2023,Kerala,Buying of Minor Girls (Sec. 373 IPC),buying_minor_girls,0
2023,Kerala,Rape (Sec.376 IPC) | Rape (Total),rape,843
2023,Kerala,Rape (Sec.376 IPC) | B) Girls (Below 18 yrs),rape_minor,0
2023,Kerala,Attempt to Commit Rape (Sec. 376/511 IPC) | Attempt to Commit Rape (Total),attempt_rape,54
2023,Kerala,Attempt to Commit Rape (Sec. 376/511 IPC) | B) Girls (Below 18 yrs),attempt_rape_minor,0
2023,Kerala,Assault on Women with Intent to Outrage her Modesty (Sec. 354 IPC) | Assault on Women with Intent to Outrage her Modesty (Total),assault,4816
2023,Kerala,Assault on Women with Intent to Outrage her Modesty (Sec. 354 IPC) | B) Girls (Below 18 yrs),assault_minor,230
2023,Kerala,Insult to the Modesty of Women (Sec. 509 IPC) | Insult to the Modesty of Women (Total),insult,679
2023,Kerala,Insult to the Modesty of Women (Sec. 509 IPC) | B) Girls (Below 18 yrs),insult_minor,8
2023,Kerala,Total IPC Crimes against Women,total_ipc,11377
2023,Kerala,"Dowry Prohibition Act, 1961",dowry_act,21
2023,Kerala,"Immoral Traffic (Prevention) Act, 1956 (Women Victims cases only) | Immoral Traffic (Prevention) Act, 1956 (Total)",itpa,13
2023,Kerala,Protection of Women from Domestic Violence Act,dv_act,480
2023,Kerala,Cyber Crimes/Information Technology Act (Women Centric Crimes only) | Cyber Crimes/Information Technology Act (Women Centric Crimes only) (Total),cyber,369
2023,Kerala,Protection of Children from Sexual Offences Act (Girl Child Victims only) | Protection of Children from Sexual Offences Act (Total),pocso_girls,3765
2023,Kerala,Protection of Children from Sexual Offences Act (Girl Child Victims only) | A) Child Rape (Sec.4 & 6 of POCSO Act/ Sec 376 IPC),pocso_penetrative,1719
2023,Kerala,Protection of Children from Sexual Offences Act (Girl Child Victims only) | B) Sexual Assault of Children (Sec.8 & 10 of POCSO Act) / Sec.354 IPC),pocso_sexual_assault,1529
2023,Kerala,Protection of Children from Sexual Offences Act (Girl Child Victims only) | C) Sexual Harassment (Sec. 12 of POCSO Act) / Sec. 509 IPC),pocso_harassment,469
2023,Kerala,Protection of Children from Sexual Offences Act (Girl Child Victims only) | D) Use of Child for Pornography/ Storing Child Pornography Material (Sec.14 & 15 of POCSO Act),pocso_pornography,34
2023,Kerala,"Indecent Representation of Women (Prohibition) Act, 1986",indecent_rep,0
2023,Kerala,Total SLL Crimes against Women,total_sll,4648
2023,Kerala,Total Crime against Women (IPC+SLL),total,16025
2023,Ladakh,Murder with Rape/Gang Rape,murder_rape,0
2023,Ladakh,Dowry Deaths (Sec. 304B IPC),dowry,0
2023,Ladakh,Abetment to Suicide of Women (Sec. 305/306 IPC),abetment_suicide,0
2023,Ladakh,Acid Attack (Sec. 326A IPC),acid_attack,0
2023,Ladakh,Attempt to Acid Attack (Sec. 326B IPC),attempt_acid_attack,0
2023,Ladakh,Cruelty by Husband or his relatives (Sec. 498 A IPC),cruelty,6
2023,Ladakh,Kidnapping & Abduction of Women | Kidnapping & Abduction of Women (Total),kidnap,3
2023,Ladakh,Kidnapping & Abduction of Women | K & A of Women to compel her for marriage (Sec. 366 IPC) | b) Girls (Below 18 yrs),kidnap_marriage_girls,0
2023,Ladakh,Kidnapping & Abduction of Women | Procuration of Minor Girls (Sec. 366A IPC),procuration_minor_girls,0
2023,Ladakh,Kidnapping & Abduction of Women | Importation of Girls from Foreign Country (Sec. 366B IPC),import,0
2023,Ladakh,Human Trafficking (Sec. 370 & 370A IPC),trafficking,0
2023,Ladakh,Selling of Minor Girls (Sec. 372 IPC),selling_minor_girls,0
2023,Ladakh,Buying of Minor Girls (Sec. 373 IPC),buying_minor_girls,0
2023,Ladakh,Rape (Sec.376 IPC) | Rape (Total),rape,2
2023,Ladakh,Rape (Sec.376 IPC) | B) Girls (Below 18 yrs),rape_minor,0
2023,Ladakh,Attempt to Commit Rape (Sec. 376/511 IPC) | Attempt to Commit Rape (Total),attempt_rape,0
2023,Ladakh,Attempt to Commit Rape (Sec. 376/511 IPC) | B) Girls (Below 18 yrs),attempt_rape_minor,0
2023,Ladakh,Assault on Women with Intent to Outrage her Modesty (Sec. 354 IPC) | Assault on Women with Intent to Outrage her Modesty (Total),assault,2
2023,Ladakh,Assault on Women with Intent to Outrage her Modesty (Sec. 354 IPC) | B) Girls (Below 18 yrs),assault_minor,0
2023,Ladakh,Insult to the Modesty of Women (Sec. 509 IPC) | Insult to the Modesty of Women (Total),insult,4
2023,Ladakh,Insult to the Modesty of Women (Sec. 509 IPC) | B) Girls (Below 18 yrs),insult_minor,0
2023,Ladakh,Total IPC Crimes against Women,total_ipc,17
2023,Ladakh,"Dowry Prohibition Act, 1961",dowry_act,0
2023,Ladakh,"Immoral Traffic (Prevention) Act, 1956 (Women Victims cases only) | Immoral Traffic (Prevention) Act, 1956 (Total)",itpa,0
2023,Ladakh,Protection of Women from Domestic Violence Act,dv_act,0
2023,Ladakh,Cyber Crimes/Information Technology Act (Women Centric Crimes only) | Cyber Crimes/Information Technology Act (Women Centric Crimes only) (Total),cyber,0
2023,Ladakh,Protection of Children from Sexual Offences Act (Girl Child Victims only) | Protection of Children from Sexual Offences Act (Total),pocso_girls,3
2023,Ladakh,Protection of Children from Sexual Offences Act (Girl Child Victims only) | A) Child Rape (Sec.4 & 6 of POCSO Act/ Sec 376 IPC),pocso_penetrative,3
2023,Ladakh,Protection of Children from Sexual Offences Act (Girl Child Victims only) | B) Sexual Assault of Children (Sec.8 & 10 of POCSO Act) / Sec.354 IPC),pocso_sexual_assault,0
2023,Ladakh,Protection of Children from Sexual Offences Act (Girl Child Victims only) | C) Sexual Harassment (Sec. 12 of POCSO Act) / Sec. 509 IPC),pocso_harassment,0
2023,Ladakh,Protection of Children from Sexual Offences Act (Girl Child Victims only) | D) Use of Child for Pornography/ Storing Child Pornography Material (Sec.14 & 15 of POCSO Act),pocso_pornography,0
2023,Ladakh,"Indecent Representation of Women (Prohibition) Act, 1986",indecent_rep,0
2023,Ladakh,Total SLL Crimes against Women,total_sll,3
2023,Ladakh,Total Crime against Women (IPC+SLL),total,20
2023,Lakshadweep,Murder with Rape/Gang Rape,murder_rape,0
2023,Lakshadweep,Dowry Deaths (Sec. 304B IPC),dowry,0
2023,Lakshadweep,Abetment to Suicide of Women (Sec. 305/306 IPC),abetment_suicide,0
2023,Lakshadweep,Acid Attack (Sec. 326A IPC),acid_attack,0
2023,Lakshadweep,Attempt to Acid Attack (Sec. 326B IPC),attempt_acid_attack,0
2023,Lakshadweep,Cruelty by Husband or his relatives (Sec. 498 A IPC),cruelty,3
2023,Lakshadweep,Kidnapping & Abduction of Women | Kidnapping & Abduction of Women (Total),kidnap,0
2023,Lakshadweep,Kidnapping & Abduction of Women | K & A of Women to compel her for marriage (Sec. 366 IPC) | b) Girls (Below 18 yrs),kidnap_marriage_girls,0
2023,Lakshadweep,Kidnapping & Abduction of Women | Procuration of Minor Girls (Sec. 366A IPC),procuration_minor_girls,0
2023,Lakshadweep,Kidnapping & Abduction of Women | Importation of Girls from Foreign Country (Sec. 366B IPC),import,0
2023,Lakshadweep,Human Trafficking (Sec. 370 & 370A IPC),trafficking,0
2023,Lakshadweep,Selling of Minor Girls (Sec. 372 IPC),selling_minor_girls,0
2023,Lakshadweep,Buying of Minor Girls (Sec. 373 IPC),buying_minor_girls,0
2023,Lakshadweep,Rape (Sec.376 IPC) | Rape (Total),rape,1
2023,Lakshadweep,Rape (Sec.376 IPC) | B) Girls (Below 18 yrs),rape_minor,0
2023,Lakshadweep,Attempt to Commit Rape (Sec. 376/511 IPC) | Attempt to Commit Rape (Total),attempt_rape,0
2023,Lakshadweep,Attempt to Commit Rape (Sec. 376/511 IPC) | B) Girls (Below 18 yrs),attempt_rape_minor,0
2023,Lakshadweep,Assault on Women with Intent to Outrage her Modesty (Sec. 354 IPC) | Assault on Women with Intent to Outrage her Modesty (Total),assault,7
2023,Lakshadweep,Assault on Women with Intent to Outrage her Modesty (Sec. 354 IPC) | B) Girls (Below 18 yrs),assault_minor,0
2023,Lakshadweep,Insult to the Modesty of Women (Sec. 509 IPC) | Insult to the Modesty of Women (Total),insult,1
2023,Lakshadweep,Insult to the Modesty of Women (Sec. 509 IPC) | B) Girls (Below 18 yrs),insult_minor,0
2023,Lakshadweep,Total IPC Crimes against Women,total_ipc,12
2023,Lakshadweep,"Dowry Prohibition Act, 1961",dowry_act,0
2023,Lakshadweep,"Immoral Traffic (Prevention) Act, 1956 (Women Victims cases only) | Immoral Traffic (Prevention) Act, 1956 (Total)",itpa,0
2023,Lakshadweep,Protection of Women from Domestic Violence Act,dv_act,0
2023,Lakshadweep,Cyber Crimes/Information Technology Act (Women Centric Crimes only) | Cyber Crimes/Information Technology Act (Women Centric Crimes only) (Total),cyber,1
2023,Lakshadweep,Protection of Children from Sexual Offences Act (Girl Child Victims only) | Protection of Children from Sexual Offences Act (Total),pocso_girls,9
2023,Lakshadweep,Protection of Children from Sexual Offences Act (Girl Child Victims only) | A) Child Rape (Sec.4 & 6 of POCSO Act/ Sec 376 IPC),pocso_penetrative,1
2023,Lakshadweep,Protection of Children from Sexual Offences Act (Girl Child Victims only) | B) Sexual Assault of Children (Sec.8 & 10 of POCSO Act) / Sec.354 IPC),pocso_sexual_assault,5
2023,Lakshadweep,Protection of Children from Sexual Offences Act (Girl Child Victims only) | C) Sexual Harassment (Sec. 12 of POCSO Act) / Sec. 509 IPC),pocso_harassment,0
2023,Lakshadweep,Protection of Children from Sexual Offences Act (Girl Child Victims only) | D) Use of Child for Pornography/ Storing Child Pornography Material (Sec.14 & 15 of POCSO Act),pocso_pornography,2
2023,Lakshadweep,"Indecent Representation of Women (Prohibition) Act, 1986",indecent_rep,1
2023,Lakshadweep,Total SLL Crimes against Women,total_sll,11
2023,Lakshadweep,Total Crime against Women (IPC+SLL),total,23
2023,Madhya Pradesh,Murder with Rape/Gang Rape,murder_rape,29
2023,Madhya Pradesh,Dowry Deaths (Sec. 304B IPC),dowry,468
2023,Madhya Pradesh,Abetment to Suicide of Women (Sec. 305/306 IPC),abetment_suicide,716
2023,Madhya Pradesh,Acid Attack (Sec. 326A IPC),acid_attack,3
2023,Madhya Pradesh,Attempt to Acid Attack (Sec. 326B IPC),attempt_acid_attack,2
2023,Madhya Pradesh,Cruelty by Husband or his relatives (Sec. 498 A IPC),cruelty,7577
2023,Madhya Pradesh,Kidnapping & Abduction of Women | Kidnapping & Abduction of Women (Total),kidnap,8557
2023,Madhya Pradesh,Kidnapping & Abduction of Women | K & A of Women to compel her for marriage (Sec. 366 IPC) | b) Girls (Below 18 yrs),kidnap_marriage_girls,1622
2023,Madhya Pradesh,Kidnapping & Abduction of Women | Procuration of Minor Girls (Sec. 366A IPC),procuration_minor_girls,33
2023,Madhya Pradesh,Kidnapping & Abduction of Women | Importation of Girls from Foreign Country (Sec. 366B IPC),import,0
2023,Madhya Pradesh,Human Trafficking (Sec. 370 & 370A IPC),trafficking,33
2023,Madhya Pradesh,Selling of Minor Girls (Sec. 372 IPC),selling_minor_girls,2
2023,Madhya Pradesh,Buying of Minor Girls (Sec. 373 IPC),buying_minor_girls,2
2023,Madhya Pradesh,Rape (Sec.376 IPC) | Rape (Total),rape,2979
2023,Madhya Pradesh,Rape (Sec.376 IPC) | B) Girls (Below 18 yrs),rape_minor,0
2023,Madhya Pradesh,Attempt to Commit Rape (Sec. 376/511 IPC) | Attempt to Commit Rape (Total),attempt_rape,38
2023,Madhya Pradesh,Attempt to Commit Rape (Sec. 376/511 IPC) | B) Girls (Below 18 yrs),attempt_rape_minor,15
2023,Madhya Pradesh,Assault on Women with Intent to Outrage her Modesty (Sec. 354 IPC) | Assault on Women with Intent to Outrage her Modesty (Total),assault,5078
2023,Madhya Pradesh,Assault on Women with Intent to Outrage her Modesty (Sec. 354 IPC) | B) Girls (Below 18 yrs),assault_minor,1
2023,Madhya Pradesh,Insult to the Modesty of Women (Sec. 509 IPC) | Insult to the Modesty of Women (Total),insult,243
2023,Madhya Pradesh,Insult to the Modesty of Women (Sec. 509 IPC) | B) Girls (Below 18 yrs),insult_minor,6
2023,Madhya Pradesh,Total IPC Crimes against Women,total_ipc,25751
2023,Madhya Pradesh,"Dowry Prohibition Act, 1961",dowry_act,65
2023,Madhya Pradesh,"Immoral Traffic (Prevention) Act, 1956 (Women Victims cases only) | Immoral Traffic (Prevention) Act, 1956 (Total)",itpa,21
2023,Madhya Pradesh,Protection of Women from Domestic Violence Act,dv_act,20
2023,Madhya Pradesh,Cyber Crimes/Information Technology Act (Women Centric Crimes only) | Cyber Crimes/Information Technology Act (Women Centric Crimes only) (Total),cyber,52
2023,Madhya Pradesh,Protection of Children from Sexual Offences Act (Girl Child Victims only) | Protection of Children from Sexual Offences Act (Total),pocso_girls,6429
2023,Madhya Pradesh,Protection of Children from Sexual Offences Act (Girl Child Victims only) | A) Child Rape (Sec.4 & 6 of POCSO Act/ Sec 376 IPC),pocso_penetrative,3849
2023,Madhya Pradesh,Protection of Children from Sexual Offences Act (Girl Child Victims only) | B) Sexual Assault of Children (Sec.8 & 10 of POCSO Act) / Sec.354 IPC),pocso_sexual_assault,2501
2023,Madhya Pradesh,Protection of Children from Sexual Offences Act (Girl Child Victims only) | C) Sexual Harassment (Sec. 12 of POCSO Act) / Sec. 509 IPC),pocso_harassment,54
2023,Madhya Pradesh,Protection of Children from Sexual Offences Act (Girl Child Victims only) | D) Use of Child for Pornography/ Storing Child Pornography Material (Sec.14 & 15 of POCSO Act),pocso_pornography,8
2023,Madhya Pradesh,"Indecent Representation of Women (Prohibition) Act, 1986",indecent_rep,4
2023,Madhya Pradesh,Total SLL Crimes against Women,total_sll,6591
2023,Madhya Pradesh,Total Crime against Women (IPC+SLL),total,32342
2023,Maharashtra,Murder with Rape/Gang Rape,murder_rape,29
2023,Maharashtra,Dowry Deaths (Sec. 304B IPC),dowry,170
2023,Maharashtra,Abetment to Suicide of Women (Sec. 305/306 IPC),abetment_suicide,742
2023,Maharashtra,Acid Attack (Sec. 326A IPC),acid_attack,3
2023,Maharashtra,Attempt to Acid Attack (Sec. 326B IPC),attempt_acid_attack,5
2023,Maharashtra,Cruelty by Husband or his relatives (Sec. 498 A IPC),cruelty,11226
2023,Maharashtra,Kidnapping & Abduction of Women | Kidnapping & Abduction of Women (Total),kidnap,9361
2023,Maharashtra,Kidnapping & Abduction of Women | K & A of Women to compel her for marriage (Sec. 366 IPC) | b) Girls (Below 18 yrs),kidnap_marriage_girls,91
2023,Maharashtra,Kidnapping & Abduction of Women | Procuration of Minor Girls (Sec. 366A IPC),procuration_minor_girls,30
2023,Maharashtra,Kidnapping & Abduction of Women | Importation of Girls from Foreign Country (Sec. 366B IPC),import,1
2023,Maharashtra,Human Trafficking (Sec. 370 & 370A IPC),trafficking,314
2023,Maharashtra,Selling of Minor Girls (Sec. 372 IPC),selling_minor_girls,1
2023,Maharashtra,Buying of Minor Girls (Sec. 373 IPC),buying_minor_girls,0
2023,Maharashtra,Rape (Sec.376 IPC) | Rape (Total),rape,2930
2023,Maharashtra,Rape (Sec.376 IPC) | B) Girls (Below 18 yrs),rape_minor,0
2023,Maharashtra,Attempt to Commit Rape (Sec. 376/511 IPC) | Attempt to Commit Rape (Total),attempt_rape,0
2023,Maharashtra,Attempt to Commit Rape (Sec. 376/511 IPC) | B) Girls (Below 18 yrs),attempt_rape_minor,0
2023,Maharashtra,Assault on Women with Intent to Outrage her Modesty (Sec. 354 IPC) | Assault on Women with Intent to Outrage her Modesty (Total),assault,12133
2023,Maharashtra,Assault on Women with Intent to Outrage her Modesty (Sec. 354 IPC) | B) Girls (Below 18 yrs),assault_minor,0
2023,Maharashtra,Insult to the Modesty of Women (Sec. 509 IPC) | Insult to the Modesty of Women (Total),insult,1309
2023,Maharashtra,Insult to the Modesty of Women (Sec. 509 IPC) | B) Girls (Below 18 yrs),insult_minor,0
2023,Maharashtra,Total IPC Crimes against Women,total_ipc,38265
2023,Maharashtra,"Dowry Prohibition Act, 1961",dowry_act,17
2023,Maharashtra,"Immoral Traffic (Prevention) Act, 1956 (Women Victims cases only) | Immoral Traffic (Prevention) Act, 1956 (Total)",itpa,211
2023,Maharashtra,Protection of Women from Domestic Violence Act,dv_act,8
2023,Maharashtra,Cyber Crimes/Information Technology Act (Women Centric Crimes only) | Cyber Crimes/Information Technology Act (Women Centric Crimes only) (Total),cyber,81
2023,Maharashtra,Protection of Children from Sexual Offences Act (Girl Child Victims only) | Protection of Children from Sexual Offences Act (Total),pocso_girls,8519
2023,Maharashtra,Protection of Children from Sexual Offences Act (Girl Child Victims only) | A) Child Rape (Sec.4 & 6 of POCSO Act/ Sec 376 IPC),pocso_penetrative,4594
2023,Maharashtra,Protection of Children from Sexual Offences Act (Girl Child Victims only) | B) Sexual Assault of Children (Sec.8 & 10 of POCSO Act) / Sec.354 IPC),pocso_sexual_assault,3810
2023,Maharashtra,Protection of Children from Sexual Offences Act (Girl Child Victims only) | C) Sexual Harassment (Sec. 12 of POCSO Act) / Sec. 509 IPC),pocso_harassment,76
2023,Maharashtra,Protection of Children from Sexual Offences Act (Girl Child Victims only) | D) Use of Child for Pornography/ Storing Child Pornography Material (Sec.14 & 15 of POCSO Act),pocso_pornography,9
2023,Maharashtra,"Indecent Representation of Women (Prohibition) Act, 1986",indecent_rep,0
2023,Maharashtra,Total SLL Crimes against Women,total_sll,8836
2023,Maharashtra,Total Crime against Women (IPC+SLL),total,47101
2023,Manipur,Murder with Rape/Gang Rape,murder_rape,1
2023,Manipur,Dowry Deaths (Sec. 304B IPC),dowry,1
2023,Manipur,Abetment to Suicide of Women (Sec. 305/306 IPC),abetment_suicide,4
2023,Manipur,Acid Attack (Sec. 326A IPC),acid_attack,0
2023,Manipur,Attempt to Acid Attack (Sec. 326B IPC),attempt_acid_attack,0
2023,Manipur,Cruelty by Husband or his relatives (Sec. 498 A IPC),cruelty,7
2023,Manipur,Kidnapping & Abduction of Women | Kidnapping & Abduction of Women (Total),kidnap,32
2023,Manipur,Kidnapping & Abduction of Women | K & A of Women to compel her for marriage (Sec. 366 IPC) | b) Girls (Below 18 yrs),kidnap_marriage_girls,5
2023,Manipur,Kidnapping & Abduction of Women | Procuration of Minor Girls (Sec. 366A IPC),procuration_minor_girls,9
2023,Manipur,Kidnapping & Abduction of Women | Importation of Girls from Foreign Country (Sec. 366B IPC),import,0
2023,Manipur,Human Trafficking (Sec. 370 & 370A IPC),trafficking,0
2023,Manipur,Selling of Minor Girls (Sec. 372 IPC),selling_minor_girls,0
2023,Manipur,Buying of Minor Girls (Sec. 373 IPC),buying_minor_girls,0
2023,Manipur,Rape (Sec.376 IPC) | Rape (Total),rape,27
2023,Manipur,Rape (Sec.376 IPC) | B) Girls (Below 18 yrs),rape_minor,0
2023,Manipur,Attempt to Commit Rape (Sec. 376/511 IPC) | Attempt to Commit Rape (Total),attempt_rape,0
2023,Manipur,Attempt to Commit Rape (Sec. 376/511 IPC) | B) Girls (Below 18 yrs),attempt_rape_minor,0
2023,Manipur,Assault on Women with Intent to Outrage her Modesty (Sec. 354 IPC) | Assault on Women with Intent to Outrage her Modesty (Total),assault,66
2023,Manipur,Assault on Women with Intent to Outrage her Modesty (Sec. 354 IPC) | B) Girls (Below 18 yrs),assault_minor,1
2023,Manipur,Insult to the Modesty of Women (Sec. 509 IPC) | Insult to the Modesty of Women (Total),insult,8
2023,Manipur,Insult to the Modesty of Women (Sec. 509 IPC) | B) Girls (Below 18 yrs),insult_minor,0
2023,Manipur,Total IPC Crimes against Women,total_ipc,146
2023,Manipur,"Dowry Prohibition Act, 1961",dowry_act,0
2023,Manipur,"Immoral Traffic (Prevention) Act, 1956 (Women Victims cases only) | Immoral Traffic (Prevention) Act, 1956 (Total)",itpa,0
2023,Manipur,Protection of Women from Domestic Violence Act,dv_act,0
2023,Manipur,Cyber Crimes/Information Technology Act (Women Centric Crimes only) | Cyber Crimes/Information Technology Act (Women Centric Crimes only) (Total),cyber,0
2023,Manipur,Protection of Children from Sexual Offences Act (Girl Child Victims only) | Protection of Children from Sexual Offences Act (Total),pocso_girls,55
2023,Manipur,Protection of Children from Sexual Offences Act (Girl Child Victims only) | A) Child Rape (Sec.4 & 6 of POCSO Act/ Sec 376 IPC),pocso_penetrative,43
2023,Manipur,Protection of Children from Sexual Offences Act (Girl Child Victims only) | B) Sexual Assault of Children (Sec.8 & 10 of POCSO Act) / Sec.354 IPC),pocso_sexual_assault,9
2023,Manipur,Protection of Children from Sexual Offences Act (Girl Child Victims only) | C) Sexual Harassment (Sec. 12 of POCSO Act) / Sec. 509 IPC),pocso_harassment,2
2023,Manipur,Protection of Children from Sexual Offences Act (Girl Child Victims only) | D) Use of Child for Pornography/ Storing Child Pornography Material (Sec.14 & 15 of POCSO Act),pocso_pornography,0
2023,Manipur,"Indecent Representation of Women (Prohibition) Act, 1986",indecent_rep,0
2023,Manipur,Total SLL Crimes against Women,total_sll,55
2023,Manipur,Total Crime against Women (IPC+SLL),total,201
2023,Meghalaya,Murder with Rape/Gang Rape,murder_rape,0
2023,Meghalaya,Dowry Deaths (Sec. 304B IPC),dowry,0
2023,Meghalaya,Abetment to Suicide of Women (Sec. 305/306 IPC),abetment_suicide,2
2023,Meghalaya,Acid Attack (Sec. 326A IPC),acid_attack,1
2023,Meghalaya,Attempt to Acid Attack (Sec. 326B IPC),attempt_acid_attack,0
2023,Meghalaya,Cruelty by Husband or his relatives (Sec. 498 A IPC),cruelty,14
2023,Meghalaya,Kidnapping & Abduction of Women | Kidnapping & Abduction of Women (Total),kidnap,54
2023,Meghalaya,Kidnapping & Abduction of Women | K & A of Women to compel her for marriage (Sec. 366 IPC) | b) Girls (Below 18 yrs),kidnap_marriage_girls,3
2023,Meghalaya,Kidnapping & Abduction of Women | Procuration of Minor Girls (Sec. 366A IPC),procuration_minor_girls,4
2023,Meghalaya,Kidnapping & Abduction of Women | Importation of Girls from Foreign Country (Sec. 366B IPC),import,0
2023,Meghalaya,Human Trafficking (Sec. 370 & 370A IPC),trafficking,0
2023,Meghalaya,Selling of Minor Girls (Sec. 372 IPC),selling_minor_girls,0
2023,Meghalaya,Buying of Minor Girls (Sec. 373 IPC),buying_minor_girls,0
2023,Meghalaya,Rape (Sec.376 IPC) | Rape (Total),rape,66
2023,Meghalaya,Rape (Sec.376 IPC) | B) Girls (Below 18 yrs),rape_minor,0
2023,Meghalaya,Attempt to Commit Rape (Sec. 376/511 IPC) | Attempt to Commit Rape (Total),attempt_rape,12
2023,Meghalaya,Attempt to Commit Rape (Sec. 376/511 IPC) | B) Girls (Below 18 yrs),attempt_rape_minor,1
2023,Meghalaya,Assault on Women with Intent to Outrage her Modesty (Sec. 354 IPC) | Assault on Women with Intent to Outrage her Modesty (Total),assault,51
2023,Meghalaya,Assault on Women with Intent to Outrage her Modesty (Sec. 354 IPC) | B) Girls (Below 18 yrs),assault_minor,2
2023,Meghalaya,Insult to the Modesty of Women (Sec. 509 IPC) | Insult to the Modesty of Women (Total),insult,17
2023,Meghalaya,Insult to the Modesty of Women (Sec. 509 IPC) | B) Girls (Below 18 yrs),insult_minor,0
2023,Meghalaya,Total IPC Crimes against Women,total_ipc,218
2023,Meghalaya,"Dowry Prohibition Act, 1961",dowry_act,2
2023,Meghalaya,"Immoral Traffic (Prevention) Act, 1956 (Women Victims cases only) | Immoral Traffic (Prevention) Act, 1956 (Total)",itpa,1
2023,Meghalaya,Protection of Women from Domestic Violence Act,dv_act,0
2023,Meghalaya,Cyber Crimes/Information Technology Act (Women Centric Crimes only) | Cyber Crimes/Information Technology Act (Women Centric Crimes only) (Total),cyber,10
2023,Meghalaya,Protection of Children from Sexual Offences Act (Girl Child Victims only) | Protection of Children from Sexual Offences Act (Total),pocso_girls,397
2023,Meghalaya,Protection of Children from Sexual Offences Act (Girl Child Victims only) | A) Child Rape (Sec.4 & 6 of POCSO Act/ Sec 376 IPC),pocso_penetrative,322
2023,Meghalaya,Protection of Children from Sexual Offences Act (Girl Child Victims only) | B) Sexual Assault of Children (Sec.8 & 10 of POCSO Act) / Sec.354 IPC),pocso_sexual_assault,53
2023,Meghalaya,Protection of Children from Sexual Offences Act (Girl Child Victims only) | C) Sexual Harassment (Sec. 12 of POCSO Act) / Sec. 509 IPC),pocso_harassment,7
2023,Meghalaya,Protection of Children from Sexual Offences Act (Girl Child Victims only) | D) Use of Child for Pornography/ Storing Child Pornography Material (Sec.14 & 15 of POCSO Act),pocso_pornography,8
2023,Meghalaya,"Indecent Representation of Women (Prohibition) Act, 1986",indecent_rep,0
2023,Meghalaya,Total SLL Crimes against Women,total_sll,410
2023,Meghalaya,Total Crime against Women (IPC+SLL),total,628
2023,Mizoram,Murder with Rape/Gang Rape,murder_rape,0
2023,Mizoram,Dowry Deaths (Sec. 304B IPC),dowry,0
2023,Mizoram,Abetment to Suicide of Women (Sec. 305/306 IPC),abetment_suicide,0
2023,Mizoram,Acid Attack (Sec. 326A IPC),acid_attack,0
2023,Mizoram,Attempt to Acid Attack (Sec. 326B IPC),attempt_acid_attack,0
2023,Mizoram,Cruelty by Husband or his relatives (Sec. 498 A IPC),cruelty,5
2023,Mizoram,Kidnapping & Abduction of Women | Kidnapping & Abduction of Women (Total),kidnap,1
2023,Mizoram,Kidnapping & Abduction of Women | K & A of Women to compel her for marriage (Sec. 366 IPC) | b) Girls (Below 18 yrs),kidnap_marriage_girls,0
2023,Mizoram,Kidnapping & Abduction of Women | Procuration of Minor Girls (Sec. 366A IPC),procuration_minor_girls,0
2023,Mizoram,Kidnapping & Abduction of Women | Importation of Girls from Foreign Country (Sec. 366B IPC),import,0
2023,Mizoram,Human Trafficking (Sec. 370 & 370A IPC),trafficking,0
2023,Mizoram,Selling of Minor Girls (Sec. 372 IPC),selling_minor_girls,0
2023,Mizoram,Buying of Minor Girls (Sec. 373 IPC),buying_minor_girls,0
2023,Mizoram,Rape (Sec.376 IPC) | Rape (Total),rape,36
2023,Mizoram,Rape (Sec.376 IPC) | B) Girls (Below 18 yrs),rape_minor,8
2023,Mizoram,Attempt to Commit Rape (Sec. 376/511 IPC) | Attempt to Commit Rape (Total),attempt_rape,1
2023,Mizoram,Attempt to Commit Rape (Sec. 376/511 IPC) | B) Girls (Below 18 yrs),attempt_rape_minor,0
2023,Mizoram,Assault on Women with Intent to Outrage her Modesty (Sec. 354 IPC) | Assault on Women with Intent to Outrage her Modesty (Total),assault,28
2023,Mizoram,Assault on Women with Intent to Outrage her Modesty (Sec. 354 IPC) | B) Girls (Below 18 yrs),assault_minor,2
2023,Mizoram,Insult to the Modesty of Women (Sec. 509 IPC) | Insult to the Modesty of Women (Total),insult,0
2023,Mizoram,Insult to the Modesty of Women (Sec. 509 IPC) | B) Girls (Below 18 yrs),insult_minor,0
2023,Mizoram,Total IPC Crimes against Women,total_ipc,71
2023,Mizoram,"Dowry Prohibition Act, 1961",dowry_act,0
2023,Mizoram,"Immoral Traffic (Prevention) Act, 1956 (Women Victims cases only) | Immoral Traffic (Prevention) Act, 1956 (Total)",itpa,0
2023,Mizoram,Protection of Women from Domestic Violence Act,dv_act,0
2023,Mizoram,Cyber Crimes/Information Technology Act (Women Centric Crimes only) | Cyber Crimes/Information Technology Act (Women Centric Crimes only) (Total),cyber,0
2023,Mizoram,Protection of Children from Sexual Offences Act (Girl Child Victims only) | Protection of Children from Sexual Offences Act (Total),pocso_girls,113
2023,Mizoram,Protection of Children from Sexual Offences Act (Girl Child Victims only) | A) Child Rape (Sec.4 & 6 of POCSO Act/ Sec 376 IPC),pocso_penetrative,72
2023,Mizoram,Protection of Children from Sexual Offences Act (Girl Child Victims only) | B) Sexual Assault of Children (Sec.8 & 10 of POCSO Act) / Sec.354 IPC),pocso_sexual_assault,38
2023,Mizoram,Protection of Children from Sexual Offences Act (Girl Child Victims only) | C) Sexual Harassment (Sec. 12 of POCSO Act) / Sec. 509 IPC),pocso_harassment,0
2023,Mizoram,Protection of Children from Sexual Offences Act (Girl Child Victims only) | D) Use of Child for Pornography/ Storing Child Pornography Material (Sec.14 & 15 of POCSO Act),pocso_pornography,3
2023,Mizoram,"Indecent Representation of Women (Prohibition) Act, 1986",indecent_rep,0
2023,Mizoram,Total SLL Crimes against Women,total_sll,113
2023,Mizoram,Total Crime against Women (IPC+SLL),total,184
2023,Nagaland,Murder with Rape/Gang Rape,murder_rape,0
2023,Nagaland,Dowry Deaths (Sec. 304B IPC),dowry,0
2023,Nagaland,Abetment to Suicide of Women (Sec. 305/306 IPC),abetment_suicide,0
2023,Nagaland,Acid Attack (Sec. 326A IPC),acid_attack,0
2023,Nagaland,Attempt to Acid Attack (Sec. 326B IPC),attempt_acid_attack,0
2023,Nagaland,Cruelty by Husband or his relatives (Sec. 498 A IPC),cruelty,2
2023,Nagaland,Kidnapping & Abduction of Women | Kidnapping & Abduction of Women (Total),kidnap,7
2023,Nagaland,Kidnapping & Abduction of Women | K & A of Women to compel her for marriage (Sec. 366 IPC) | b) Girls (Below 18 yrs),kidnap_marriage_girls,0
2023,Nagaland,Kidnapping & Abduction of Women | Procuration of Minor Girls (Sec. 366A IPC),procuration_minor_girls,0
2023,Nagaland,Kidnapping & Abduction of Women | Importation of Girls from Foreign Country (Sec. 366B IPC),import,0
2023,Nagaland,Human Trafficking (Sec. 370 & 370A IPC),trafficking,0
2023,Nagaland,Selling of Minor Girls (Sec. 372 IPC),selling_minor_girls,0
2023,Nagaland,Buying of Minor Girls (Sec. 373 IPC),buying_minor_girls,0
2023,Nagaland,Rape (Sec.376 IPC) | Rape (Total),rape,10
2023,Nagaland,Rape (Sec.376 IPC) | B) Girls (Below 18 yrs),rape_minor,3
2023,Nagaland,Attempt to Commit Rape (Sec. 376/511 IPC) | Attempt to Commit Rape (Total),attempt_rape,3
2023,Nagaland,Attempt to Commit Rape (Sec. 376/511 IPC) | B) Girls (Below 18 yrs),attempt_rape_minor,1
2023,Nagaland,Assault on Women with Intent to Outrage her Modesty (Sec. 354 IPC) | Assault on Women with Intent to Outrage her Modesty (Total),assault,14
2023,Nagaland,Assault on Women with Intent to Outrage her Modesty (Sec. 354 IPC) | B) Girls (Below 18 yrs),assault_minor,2
2023,Nagaland,Insult to the Modesty of Women (Sec. 509 IPC) | Insult to the Modesty of Women (Total),insult,1
2023,Nagaland,Insult to the Modesty of Women (Sec. 509 IPC) | B) Girls (Below 18 yrs),insult_minor,0
2023,Nagaland,Total IPC Crimes against Women,total_ipc,37
2023,Nagaland,"Dowry Prohibition Act, 1961",dowry_act,0
2023,Nagaland,"Immoral Traffic (Prevention) Act, 1956 (Women Victims cases only) | Immoral Traffic (Prevention) Act, 1956 (Total)",itpa,1
2023,Nagaland,Protection of Women from Domestic Violence Act,dv_act,2
2023,Nagaland,Cyber Crimes/Information Technology Act (Women Centric Crimes only) | Cyber Crimes/Information Technology Act (Women Centric Crimes only) (Total),cyber,1
2023,Nagaland,Protection of Children from Sexual Offences Act (Girl Child Victims only) | Protection of Children from Sexual Offences Act (Total),pocso_girls,15
2023,Nagaland,Protection of Children from Sexual Offences Act (Girl Child Victims only) | A) Child Rape (Sec.4 & 6 of POCSO Act/ Sec 376 IPC),pocso_penetrative,6
2023,Nagaland,Protection of Children from Sexual Offences Act (Girl Child Victims only) | B) Sexual Assault of Children (Sec.8 & 10 of POCSO Act) / Sec.354 IPC),pocso_sexual_assault,9
2023,Nagaland,Protection of Children from Sexual Offences Act (Girl Child Victims only) | C) Sexual Harassment (Sec. 12 of POCSO Act) / Sec. 509 IPC),pocso_harassment,0
2023,Nagaland,Protection of Children from Sexual Offences Act (Girl Child Victims only) | D) Use of Child for Pornography/ Storing Child Pornography Material (Sec.14 & 15 of POCSO Act),pocso_pornography,0
2023,Nagaland,"Indecent Representation of Women (Prohibition) Act, 1986",indecent_rep,0
2023,Nagaland,Total SLL Crimes against Women,total_sll,19
2023,Nagaland,Total Crime against Women (IPC+SLL),total,56
2023,Odisha,Murder with Rape/Gang Rape,murder_rape,15
2023,Odisha,Dowry Deaths (Sec. 304B IPC),dowry,231
2023,Odisha,Abetment to Suicide of Women (Sec. 305/306 IPC),abetment_suicide,0
2023,Odisha,Acid Attack (Sec. 326A IPC),acid_attack,5
2023,Odisha,Attempt to Acid Attack (Sec. 326B IPC),attempt_acid_attack,2
2023,Odisha,Cruelty by Husband or his relatives (Sec. 498 A IPC),cruelty,5534
2023,Odisha,Kidnapping & Abduction of Women | Kidnapping & Abduction of Women (Total),kidnap,5611
2023,Odisha,Kidnapping & Abduction of Women | K & A of Women to compel her for marriage (Sec. 366 IPC) | b) Girls (Below 18 yrs),kidnap_marriage_girls,60
2023,Odisha,Kidnapping & Abduction of Women | Procuration of Minor Girls (Sec. 366A IPC),procuration_minor_girls,8
2023,Odisha,Kidnapping & Abduction of Women | Importation of Girls from Foreign Country (Sec. 366B IPC),import,0
2023,Odisha,Human Trafficking (Sec. 370 & 370A IPC),trafficking,105
2023,Odisha,Selling of Minor Girls (Sec. 372 IPC),selling_minor_girls,0
2023,Odisha,Buying of Minor Girls (Sec. 373 IPC),buying_minor_girls,0
2023,Odisha,Rape (Sec.376 IPC) | Rape (Total),rape,1195
2023,Odisha,Rape (Sec.376 IPC) | B) Girls (Below 18 yrs),rape_minor,2
2023,Odisha,Attempt to Commit Rape (Sec. 376/511 IPC) | Attempt to Commit Rape (Total),attempt_rape,123
2023,Odisha,Attempt to Commit Rape (Sec. 376/511 IPC) | B) Girls (Below 18 yrs),attempt_rape_minor,0
2023,Odisha,Assault on Women with Intent to Outrage her Modesty (Sec. 354 IPC) | Assault on Women with Intent to Outrage her Modesty (Total),assault,9367
2023,Odisha,Assault on Women with Intent to Outrage her Modesty (Sec. 354 IPC) | B) Girls (Below 18 yrs),assault_minor,2
2023,Odisha,Insult to the Modesty of Women (Sec. 509 IPC) | Insult to the Modesty of Women (Total),insult,569
2023,Odisha,Insult to the Modesty of Women (Sec. 509 IPC) | B) Girls (Below 18 yrs),insult_minor,0
2023,Odisha,Total IPC Crimes against Women,total_ipc,22757
2023,Odisha,"Dowry Prohibition Act, 1961",dowry_act,5
2023,Odisha,"Immoral Traffic (Prevention) Act, 1956 (Women Victims cases only) | Immoral Traffic (Prevention) Act, 1956 (Total)",itpa,15
2023,Odisha,Protection of Women from Domestic Violence Act,dv_act,0
2023,Odisha,Cyber Crimes/Information Technology Act (Women Centric Crimes only) | Cyber Crimes/Information Technology Act (Women Centric Crimes only) (Total),cyber,761
2023,Odisha,Protection of Children from Sexual Offences Act (Girl Child Victims only) | Protection of Children from Sexual Offences Act (Total),pocso_girls,2368
2023,Odisha,Protection of Children from Sexual Offences Act (Girl Child Victims only) | A) Child Rape (Sec.4 & 6 of POCSO Act/ Sec 376 IPC),pocso_penetrative,1631
2023,Odisha,Protection of Children from Sexual Offences Act (Girl Child Victims only) | B) Sexual Assault of Children (Sec.8 & 10 of POCSO Act) / Sec.354 IPC),pocso_sexual_assault,701
2023,Odisha,Protection of Children from Sexual Offences Act (Girl Child Victims only) | C) Sexual Harassment (Sec. 12 of POCSO Act) / Sec. 509 IPC),pocso_harassment,1
2023,Odisha,Protection of Children from Sexual Offences Act (Girl Child Victims only) | D) Use of Child for Pornography/ Storing Child Pornography Material (Sec.14 & 15 of POCSO Act),pocso_pornography,30
2023,Odisha,"Indecent Representation of Women (Prohibition) Act, 1986",indecent_rep,8
2023,Odisha,Total SLL Crimes against Women,total_sll,3157
2023,Odisha,Total Crime against Women (IPC+SLL),total,25914
2023,Puducherry,Murder with Rape/Gang Rape,murder_rape,0
2023,Puducherry,Dowry Deaths (Sec. 304B IPC),dowry,1
2023,Puducherry,Abetment to Suicide of Women (Sec. 305/306 IPC),abetment_suicide,4
2023,Puducherry,Acid Attack (Sec. 326A IPC),acid_attack,0
2023,Puducherry,Attempt to Acid Attack (Sec. 326B IPC),attempt_acid_attack,0
2023,Puducherry,Cruelty by Husband or his relatives (Sec. 498 A IPC),cruelty,9
2023,Puducherry,Kidnapping & Abduction of Women | Kidnapping & Abduction of Women (Total),kidnap,16
2023,Puducherry,Kidnapping & Abduction of Women | K & A of Women to compel her for marriage (Sec. 366 IPC) | b) Girls (Below 18 yrs),kidnap_marriage_girls,0
2023,Puducherry,Kidnapping & Abduction of Women | Procuration of Minor Girls (Sec. 366A IPC),procuration_minor_girls,0
2023,Puducherry,Kidnapping & Abduction of Women | Importation of Girls from Foreign Country (Sec. 366B IPC),import,0
2023,Puducherry,Human Trafficking (Sec. 370 & 370A IPC),trafficking,15
2023,Puducherry,Selling of Minor Girls (Sec. 372 IPC),selling_minor_girls,0
2023,Puducherry,Buying of Minor Girls (Sec. 373 IPC),buying_minor_girls,0
2023,Puducherry,Rape (Sec.376 IPC) | Rape (Total),rape,9
2023,Puducherry,Rape (Sec.376 IPC) | B) Girls (Below 18 yrs),rape_minor,0
2023,Puducherry,Attempt to Commit Rape (Sec. 376/511 IPC) | Attempt to Commit Rape (Total),attempt_rape,1
2023,Puducherry,Attempt to Commit Rape (Sec. 376/511 IPC) | B) Girls (Below 18 yrs),attempt_rape_minor,0
2023,Puducherry,Assault on Women with Intent to Outrage her Modesty (Sec. 354 IPC) | Assault on Women with Intent to Outrage her Modesty (Total),assault,30
2023,Puducherry,Assault on Women with Intent to Outrage her Modesty (Sec. 354 IPC) | B) Girls (Below 18 yrs),assault_minor,0
2023,Puducherry,Insult to the Modesty of Women (Sec. 509 IPC) | Insult to the Modesty of Women (Total),insult,9
2023,Puducherry,Insult to the Modesty of Women (Sec. 509 IPC) | B) Girls (Below 18 yrs),insult_minor,0
2023,Puducherry,Total IPC Crimes against Women,total_ipc,94
2023,Puducherry,"Dowry Prohibition Act, 1961",dowry_act,14
2023,Puducherry,"Immoral Traffic (Prevention) Act, 1956 (Women Victims cases only) | Immoral Traffic (Prevention) Act, 1956 (Total)",itpa,3
2023,Puducherry,Protection of Women from Domestic Violence Act,dv_act,0
2023,Puducherry,Cyber Crimes/Information Technology Act (Women Centric Crimes only) | Cyber Crimes/Information Technology Act (Women Centric Crimes only) (Total),cyber,10
2023,Puducherry,Protection of Children from Sexual Offences Act (Girl Child Victims only) | Protection of Children from Sexual Offences Act (Total),pocso_girls,91
2023,Puducherry,Protection of Children from Sexual Offences Act (Girl Child Victims only) | A) Child Rape (Sec.4 & 6 of POCSO Act/ Sec 376 IPC),pocso_penetrative,56
2023,Puducherry,Protection of Children from Sexual Offences Act (Girl Child Victims only) | B) Sexual Assault of Children (Sec.8 & 10 of POCSO Act) / Sec.354 IPC),pocso_sexual_assault,25
2023,Puducherry,Protection of Children from Sexual Offences Act (Girl Child Victims only) | C) Sexual Harassment (Sec. 12 of POCSO Act) / Sec. 509 IPC),pocso_harassment,10
2023,Puducherry,Protection of Children from Sexual Offences Act (Girl Child Victims only) | D) Use of Child for Pornography/ Storing Child Pornography Material (Sec.14 & 15 of POCSO Act),pocso_pornography,0
2023,Puducherry,"Indecent Representation of Women (Prohibition) Act, 1986",indecent_rep,0
2023,Puducherry,Total SLL Crimes against Women,total_sll,118
2023,Puducherry,Total Crime against Women (IPC+SLL),total,212
2023,Punjab,Murder with Rape/Gang Rape,murder_rape,6
2023,Punjab,Dowry Deaths (Sec. 304B IPC),dowry,44
2023,Punjab,Abetment to Suicide of Women (Sec. 305/306 IPC),abetment_suicide,198
2023,Punjab,Acid Attack (Sec. 326A IPC),acid_attack,3
2023,Punjab,Attempt to Acid Attack (Sec. 326B IPC),attempt_acid_attack,0
2023,Punjab,Cruelty by Husband or his relatives (Sec. 498 A IPC),cruelty,1532
2023,Punjab,Kidnapping & Abduction of Women | Kidnapping & Abduction of Women (Total),kidnap,1430
2023,Punjab,Kidnapping & Abduction of Women | K & A of Women to compel her for marriage (Sec. 366 IPC) | b) Girls (Below 18 yrs),kidnap_marriage_girls,1278
2023,Punjab,Kidnapping & Abduction of Women | Procuration of Minor Girls (Sec. 366A IPC),procuration_minor_girls,0
2023,Punjab,Kidnapping & Abduction of Women | Importation of Girls from Foreign Country (Sec. 366B IPC),import,0
2023,Punjab,Human Trafficking (Sec. 370 & 370A IPC),trafficking,20
2023,Punjab,Selling of Minor Girls (Sec. 372 IPC),selling_minor_girls,0
2023,Punjab,Buying of Minor Girls (Sec. 373 IPC),buying_minor_girls,0
2023,Punjab,Rape (Sec.376 IPC) | Rape (Total),rape,457
2023,Punjab,Rape (Sec.376 IPC) | B) Girls (Below 18 yrs),rape_minor,0
2023,Punjab,Attempt to Commit Rape (Sec. 376/511 IPC) | Attempt to Commit Rape (Total),attempt_rape,23
2023,Punjab,Attempt to Commit Rape (Sec. 376/511 IPC) | B) Girls (Below 18 yrs),attempt_rape_minor,10
2023,Punjab,Assault on Women with Intent to Outrage her Modesty (Sec. 354 IPC) | Assault on Women with Intent to Outrage her Modesty (Total),assault,656
2023,Punjab,Assault on Women with Intent to Outrage her Modesty (Sec. 354 IPC) | B) Girls (Below 18 yrs),assault_minor,38
2023,Punjab,Insult to the Modesty of Women (Sec. 509 IPC) | Insult to the Modesty of Women (Total),insult,20
2023,Punjab,Insult to the Modesty of Women (Sec. 509 IPC) | B) Girls (Below 18 yrs),insult_minor,0
2023,Punjab,Total IPC Crimes against Women,total_ipc,4396
2023,Punjab,"Dowry Prohibition Act, 1961",dowry_act,4
2023,Punjab,"Immoral Traffic (Prevention) Act, 1956 (Women Victims cases only) | Immoral Traffic (Prevention) Act, 1956 (Total)",itpa,39
2023,Punjab,Protection of Women from Domestic Violence Act,dv_act,0
2023,Punjab,Cyber Crimes/Information Technology Act (Women Centric Crimes only) | Cyber Crimes/Information Technology Act (Women Centric Crimes only) (Total),cyber,37
2023,Punjab,Protection of Children from Sexual Offences Act (Girl Child Victims only) | Protection of Children from Sexual Offences Act (Total),pocso_girls,782
2023,Punjab,Protection of Children from Sexual Offences Act (Girl Child Victims only) | A) Child Rape (Sec.4 & 6 of POCSO Act/ Sec 376 IPC),pocso_penetrative,616
2023,Punjab,Protection of Children from Sexual Offences Act (Girl Child Victims only) | B) Sexual Assault of Children (Sec.8 & 10 of POCSO Act) / Sec.354 IPC),pocso_sexual_assault,152
2023,Punjab,Protection of Children from Sexual Offences Act (Girl Child Victims only) | C) Sexual Harassment (Sec. 12 of POCSO Act) / Sec. 509 IPC),pocso_harassment,2
2023,Punjab,Protection of Children from Sexual Offences Act (Girl Child Victims only) | D) Use of Child for Pornography/ Storing Child Pornography Material (Sec.14 & 15 of POCSO Act),pocso_pornography,11
2023,Punjab,"Indecent Representation of Women (Prohibition) Act, 1986",indecent_rep,0
2023,Punjab,Total SLL Crimes against Women,total_sll,862
2023,Punjab,Total Crime against Women (IPC+SLL),total,5258
2023,Rajasthan,Murder with Rape/Gang Rape,murder_rape,20
2023,Rajasthan,Dowry Deaths (Sec. 304B IPC),dowry,428
2023,Rajasthan,Abetment to Suicide of Women (Sec. 305/306 IPC),abetment_suicide,165
2023,Rajasthan,Acid Attack (Sec. 326A IPC),acid_attack,4
2023,Rajasthan,Attempt to Acid Attack (Sec. 326B IPC),attempt_acid_attack,1
2023,Rajasthan,Cruelty by Husband or his relatives (Sec. 498 A IPC),cruelty,18033
2023,Rajasthan,Kidnapping & Abduction of Women | Kidnapping & Abduction of Women (Total),kidnap,7522
2023,Rajasthan,Kidnapping & Abduction of Women | K & A of Women to compel her for marriage (Sec. 366 IPC) | b) Girls (Below 18 yrs),kidnap_marriage_girls,662
2023,Rajasthan,Kidnapping & Abduction of Women | Procuration of Minor Girls (Sec. 366A IPC),procuration_minor_girls,10
2023,Rajasthan,Kidnapping & Abduction of Women | Importation of Girls from Foreign Country (Sec. 366B IPC),import,0
2023,Rajasthan,Human Trafficking (Sec. 370 & 370A IPC),trafficking,8
2023,Rajasthan,Selling of Minor Girls (Sec. 372 IPC),selling_minor_girls,0
2023,Rajasthan,Buying of Minor Girls (Sec. 373 IPC),buying_minor_girls,0
2023,Rajasthan,Rape (Sec.376 IPC) | Rape (Total),rape,5078
2023,Rajasthan,Rape (Sec.376 IPC) | B) Girls (Below 18 yrs),rape_minor,0
2023,Rajasthan,Attempt to Commit Rape (Sec. 376/511 IPC) | Attempt to Commit Rape (Total),attempt_rape,845
2023,Rajasthan,Attempt to Commit Rape (Sec. 376/511 IPC) | B) Girls (Below 18 yrs),attempt_rape_minor,0
2023,Rajasthan,Assault on Women with Intent to Outrage her Modesty (Sec. 354 IPC) | Assault on Women with Intent to Outrage her Modesty (Total),assault,9456
2023,Rajasthan,Assault on Women with Intent to Outrage her Modesty (Sec. 354 IPC) | B) Girls (Below 18 yrs),assault_minor,0
2023,Rajasthan,Insult to the Modesty of Women (Sec. 509 IPC) | Insult to the Modesty of Women (Total),insult,81
2023,Rajasthan,Insult to the Modesty of Women (Sec. 509 IPC) | B) Girls (Below 18 yrs),insult_minor,0
2023,Rajasthan,Total IPC Crimes against Women,total_ipc,41645
2023,Rajasthan,"Dowry Prohibition Act, 1961",dowry_act,1
2023,Rajasthan,"Immoral Traffic (Prevention) Act, 1956 (Women Victims cases only) | Immoral Traffic (Prevention) Act, 1956 (Total)",itpa,16
2023,Rajasthan,Protection of Women from Domestic Violence Act,dv_act,1
2023,Rajasthan,Cyber Crimes/Information Technology Act (Women Centric Crimes only) | Cyber Crimes/Information Technology Act (Women Centric Crimes only) (Total),cyber,225
2023,Rajasthan,Protection of Children from Sexual Offences Act (Girl Child Victims only) | Protection of Children from Sexual Offences Act (Total),pocso_girls,3556
2023,Rajasthan,Protection of Children from Sexual Offences Act (Girl Child Victims only) | A) Child Rape (Sec.4 & 6 of POCSO Act/ Sec 376 IPC),pocso_penetrative,1865
2023,Rajasthan,Protection of Children from Sexual Offences Act (Girl Child Victims only) | B) Sexual Assault of Children (Sec.8 & 10 of POCSO Act) / Sec.354 IPC),pocso_sexual_assault,1372
2023,Rajasthan,Protection of Children from Sexual Offences Act (Girl Child Victims only) | C) Sexual Harassment (Sec. 12 of POCSO Act) / Sec. 509 IPC),pocso_harassment,67
2023,Rajasthan,Protection of Children from Sexual Offences Act (Girl Child Victims only) | D) Use of Child for Pornography/ Storing Child Pornography Material (Sec.14 & 15 of POCSO Act),pocso_pornography,68
2023,Rajasthan,"Indecent Representation of Women (Prohibition) Act, 1986",indecent_rep,6
2023,Rajasthan,Total SLL Crimes against Women,total_sll,3805
2023,Rajasthan,Total Crime against Women (IPC+SLL),total,45450
2023,Sikkim,Murder with Rape/Gang Rape,murder_rape,1
2023,Sikkim,Dowry Deaths (Sec. 304B IPC),dowry,0
2023,Sikkim,Abetment to Suicide of Women (Sec. 305/306 IPC),abetment_suicide,2
2023,Sikkim,Acid Attack (Sec. 326A IPC),acid_attack,0
2023,Sikkim,Attempt to Acid Attack (Sec. 326B IPC),attempt_acid_attack,0
2023,Sikkim,Cruelty by Husband or his relatives (Sec. 498 A IPC),cruelty,1
2023,Sikkim,Kidnapping & Abduction of Women | Kidnapping & Abduction of Women (Total),kidnap,15
2023,Sikkim,Kidnapping & Abduction of Women | K & A of Women to compel her for marriage (Sec. 366 IPC) | b) Girls (Below 18 yrs),kidnap_marriage_girls,1
2023,Sikkim,Kidnapping & Abduction of Women | Procuration of Minor Girls (Sec. 366A IPC),procuration_minor_girls,0
2023,Sikkim,Kidnapping & Abduction of Women | Importation of Girls from Foreign Country (Sec. 366B IPC),import,0
2023,Sikkim,Human Trafficking (Sec. 370 & 370A IPC),trafficking,0
2023,Sikkim,Selling of Minor Girls (Sec. 372 IPC),selling_minor_girls,0
2023,Sikkim,Buying of Minor Girls (Sec. 373 IPC),buying_minor_girls,0
2023,Sikkim,Rape (Sec.376 IPC) | Rape (Total),rape,9
2023,Sikkim,Rape (Sec.376 IPC) | B) Girls (Below 18 yrs),rape_minor,0
2023,Sikkim,Attempt to Commit Rape (Sec. 376/511 IPC) | Attempt to Commit Rape (Total),attempt_rape,0
2023,Sikkim,Attempt to Commit Rape (Sec. 376/511 IPC) | B) Girls (Below 18 yrs),attempt_rape_minor,0
2023,Sikkim,Assault on Women with Intent to Outrage her Modesty (Sec. 354 IPC) | Assault on Women with Intent to Outrage her Modesty (Total),assault,16
2023,Sikkim,Assault on Women with Intent to Outrage her Modesty (Sec. 354 IPC) | B) Girls (Below 18 yrs),assault_minor,0
2023,Sikkim,Insult to the Modesty of Women (Sec. 509 IPC) | Insult to the Modesty of Women (Total),insult,0
2023,Sikkim,Insult to the Modesty of Women (Sec. 509 IPC) | B) Girls (Below 18 yrs),insult_minor,0
2023,Sikkim,Total IPC Crimes against Women,total_ipc,44
2023,Sikkim,"Dowry Prohibition Act, 1961",dowry_act,0
2023,Sikkim,"Immoral Traffic (Prevention) Act, 1956 (Women Victims cases only) | Immoral Traffic (Prevention) Act, 1956 (Total)",itpa,0
2023,Sikkim,Protection of Women from Domestic Violence Act,dv_act,0
2023,Sikkim,Cyber Crimes/Information Technology Act (Women Centric Crimes only) | Cyber Crimes/Information Technology Act (Women Centric Crimes only) (Total),cyber,4
2023,Sikkim,Protection of Children from Sexual Offences Act (Girl Child Victims only) | Protection of Children from Sexual Offences Act (Total),pocso_girls,86
2023,Sikkim,Protection of Children from Sexual Offences Act (Girl Child Victims only) | A) Child Rape (Sec.4 & 6 of POCSO Act/ Sec 376 IPC),pocso_penetrative,65
2023,Sikkim,Protection of Children from Sexual Offences Act (Girl Child Victims only) | B) Sexual Assault of Children (Sec.8 & 10 of POCSO Act) / Sec.354 IPC),pocso_sexual_assault,18
2023,Sikkim,Protection of Children from Sexual Offences Act (Girl Child Victims only) | C) Sexual Harassment (Sec. 12 of POCSO Act) / Sec. 509 IPC),pocso_harassment,3
2023,Sikkim,Protection of Children from Sexual Offences Act (Girl Child Victims only) | D) Use of Child for Pornography/ Storing Child Pornography Material (Sec.14 & 15 of POCSO Act),pocso_pornography,0
2023,Sikkim,"Indecent Representation of Women (Prohibition) Act, 1986",indecent_rep,0
2023,Sikkim,Total SLL Crimes against Women,total_sll,90
2023,Sikkim,Total Crime against Women (IPC+SLL),total,134
2023,Tamil Nadu,Murder with Rape/Gang Rape,murder_rape,9
2023,Tamil Nadu,Dowry Deaths (Sec. 304B IPC),dowry,11
2023,Tamil Nadu,Abetment to Suicide of Women (Sec. 305/306 IPC),abetment_suicide,143
2023,Tamil Nadu,Acid Attack (Sec. 326A IPC),acid_attack,3
2023,Tamil Nadu,Attempt to Acid Attack (Sec. 326B IPC),attempt_acid_attack,0
2023,Tamil Nadu,Cruelty by Husband or his relatives (Sec. 498 A IPC),cruelty,1017
2023,Tamil Nadu,Kidnapping & Abduction of Women | Kidnapping & Abduction of Women (Total),kidnap,290
2023,Tamil Nadu,Kidnapping & Abduction of Women | K & A of Women to compel her for marriage (Sec. 366 IPC) | b) Girls (Below 18 yrs),kidnap_marriage_girls,101
2023,Tamil Nadu,Kidnapping & Abduction of Women | Procuration of Minor Girls (Sec. 366A IPC),procuration_minor_girls,28
2023,Tamil Nadu,Kidnapping & Abduction of Women | Importation of Girls from Foreign Country (Sec. 366B IPC),import,0
2023,Tamil Nadu,Human Trafficking (Sec. 370 & 370A IPC),trafficking,2
2023,Tamil Nadu,Selling of Minor Girls (Sec. 372 IPC),selling_minor_girls,0
2023,Tamil Nadu,Buying of Minor Girls (Sec. 373 IPC),buying_minor_girls,0
2023,Tamil Nadu,Rape (Sec.376 IPC) | Rape (Total),rape,365
2023,Tamil Nadu,Rape (Sec.376 IPC) | B) Girls (Below 18 yrs),rape_minor,0
2023,Tamil Nadu,Attempt to Commit Rape (Sec. 376/511 IPC) | Attempt to Commit Rape (Total),attempt_rape,41
2023,Tamil Nadu,Attempt to Commit Rape (Sec. 376/511 IPC) | B) Girls (Below 18 yrs),attempt_rape_minor,0
2023,Tamil Nadu,Assault on Women with Intent to Outrage her Modesty (Sec. 354 IPC) | Assault on Women with Intent to Outrage her Modesty (Total),assault,1650
2023,Tamil Nadu,Assault on Women with Intent to Outrage her Modesty (Sec. 354 IPC) | B) Girls (Below 18 yrs),assault_minor,9
2023,Tamil Nadu,Insult to the Modesty of Women (Sec. 509 IPC) | Insult to the Modesty of Women (Total),insult,46
2023,Tamil Nadu,Insult to the Modesty of Women (Sec. 509 IPC) | B) Girls (Below 18 yrs),insult_minor,0
2023,Tamil Nadu,Total IPC Crimes against Women,total_ipc,3579
2023,Tamil Nadu,"Dowry Prohibition Act, 1961",dowry_act,144
2023,Tamil Nadu,"Immoral Traffic (Prevention) Act, 1956 (Women Victims cases only) | Immoral Traffic (Prevention) Act, 1956 (Total)",itpa,619
2023,Tamil Nadu,Protection of Women from Domestic Violence Act,dv_act,4
2023,Tamil Nadu,Cyber Crimes/Information Technology Act (Women Centric Crimes only) | Cyber Crimes/Information Technology Act (Women Centric Crimes only) (Total),cyber,91
2023,Tamil Nadu,Protection of Children from Sexual Offences Act (Girl Child Victims only) | Protection of Children from Sexual Offences Act (Total),pocso_girls,4505
2023,Tamil Nadu,Protection of Children from Sexual Offences Act (Girl Child Victims only) | A) Child Rape (Sec.4 & 6 of POCSO Act/ Sec 376 IPC),pocso_penetrative,3347
2023,Tamil Nadu,Protection of Children from Sexual Offences Act (Girl Child Victims only) | B) Sexual Assault of Children (Sec.8 & 10 of POCSO Act) / Sec.354 IPC),pocso_sexual_assault,857
2023,Tamil Nadu,Protection of Children from Sexual Offences Act (Girl Child Victims only) | C) Sexual Harassment (Sec. 12 of POCSO Act) / Sec. 509 IPC),pocso_harassment,289
2023,Tamil Nadu,Protection of Children from Sexual Offences Act (Girl Child Victims only) | D) Use of Child for Pornography/ Storing Child Pornography Material (Sec.14 & 15 of POCSO Act),pocso_pornography,9
2023,Tamil Nadu,"Indecent Representation of Women (Prohibition) Act, 1986",indecent_rep,1
2023,Tamil Nadu,Total SLL Crimes against Women,total_sll,5364
2023,Tamil Nadu,Total Crime against Women (IPC+SLL),total,8943
2023,Telangana,Murder with Rape/Gang Rape,murder_rape,14
2023,Telangana,Dowry Deaths (Sec. 304B IPC),dowry,145
2023,Telangana,Abetment to Suicide of Women (Sec. 305/306 IPC),abetment_suicide,401
2023,Telangana,Acid Attack (Sec. 326A IPC),acid_attack,1
2023,Telangana,Attempt to Acid Attack (Sec. 326B IPC),attempt_acid_attack,1
2023,Telangana,Cruelty by Husband or his relatives (Sec. 498 A IPC),cruelty,10518
2023,Telangana,Kidnapping & Abduction of Women | Kidnapping & Abduction of Women (Total),kidnap,2152
2023,Telangana,Kidnapping & Abduction of Women | K & A of Women to compel her for marriage (Sec. 366 IPC) | b) Girls (Below 18 yrs),kidnap_marriage_girls,123
2023,Telangana,Kidnapping & Abduction of Women | Procuration of Minor Girls (Sec. 366A IPC),procuration_minor_girls,76
2023,Telangana,Kidnapping & Abduction of Women | Importation of Girls from Foreign Country (Sec. 366B IPC),import,0
2023,Telangana,Human Trafficking (Sec. 370 & 370A IPC),trafficking,298
2023,Telangana,Selling of Minor Girls (Sec. 372 IPC),selling_minor_girls,0
2023,Telangana,Buying of Minor Girls (Sec. 373 IPC),buying_minor_girls,0
2023,Telangana,Rape (Sec.376 IPC) | Rape (Total),rape,817
2023,Telangana,Rape (Sec.376 IPC) | B) Girls (Below 18 yrs),rape_minor,3
2023,Telangana,Attempt to Commit Rape (Sec. 376/511 IPC) | Attempt to Commit Rape (Total),attempt_rape,41
2023,Telangana,Attempt to Commit Rape (Sec. 376/511 IPC) | B) Girls (Below 18 yrs),attempt_rape_minor,9
2023,Telangana,Assault on Women with Intent to Outrage her Modesty (Sec. 354 IPC) | Assault on Women with Intent to Outrage her Modesty (Total),assault,5024
2023,Telangana,Assault on Women with Intent to Outrage her Modesty (Sec. 354 IPC) | B) Girls (Below 18 yrs),assault_minor,15
2023,Telangana,Insult to the Modesty of Women (Sec. 509 IPC) | Insult to the Modesty of Women (Total),insult,957
2023,Telangana,Insult to the Modesty of Women (Sec. 509 IPC) | B) Girls (Below 18 yrs),insult_minor,0
2023,Telangana,Total IPC Crimes against Women,total_ipc,20369
2023,Telangana,"Dowry Prohibition Act, 1961",dowry_act,4
2023,Telangana,"Immoral Traffic (Prevention) Act, 1956 (Women Victims cases only) | Immoral Traffic (Prevention) Act, 1956 (Total)",itpa,57
2023,Telangana,Protection of Women from Domestic Violence Act,dv_act,0
2023,Telangana,Cyber Crimes/Information Technology Act (Women Centric Crimes only) | Cyber Crimes/Information Technology Act (Women Centric Crimes only) (Total),cyber,120
2023,Telangana,Protection of Children from Sexual Offences Act (Girl Child Victims only) | Protection of Children from Sexual Offences Act (Total),pocso_girls,3128
2023,Telangana,Protection of Children from Sexual Offences Act (Girl Child Victims only) | A) Child Rape (Sec.4 & 6 of POCSO Act/ Sec 376 IPC),pocso_penetrative,1758
2023,Telangana,Protection of Children from Sexual Offences Act (Girl Child Victims only) | B) Sexual Assault of Children (Sec.8 & 10 of POCSO Act) / Sec.354 IPC),pocso_sexual_assault,1232
2023,Telangana,Protection of Children from Sexual Offences Act (Girl Child Victims only) | C) Sexual Harassment (Sec. 12 of POCSO Act) / Sec. 509 IPC),pocso_harassment,98
2023,Telangana,Protection of Children from Sexual Offences Act (Girl Child Victims only) | D) Use of Child for Pornography/ Storing Child Pornography Material (Sec.14 & 15 of POCSO Act),pocso_pornography,28
2023,Telangana,"Indecent Representation of Women (Prohibition) Act, 1986",indecent_rep,0
2023,Telangana,Total SLL Crimes against Women,total_sll,3309
2023,Telangana,Total Crime against Women (IPC+SLL),total,23678
2023,Tripura,Murder with Rape/Gang Rape,murder_rape,0
2023,Tripura,Dowry Deaths (Sec. 304B IPC),dowry,21
2023,Tripura,Abetment to Suicide of Women (Sec. 305/306 IPC),abetment_suicide,14
2023,Tripura,Acid Attack (Sec. 326A IPC),acid_attack,0
2023,Tripura,Attempt to Acid Attack (Sec. 326B IPC),attempt_acid_attack,0
2023,Tripura,Cruelty by Husband or his relatives (Sec. 498 A IPC),cruelty,319
2023,Tripura,Kidnapping & Abduction of Women | Kidnapping & Abduction of Women (Total),kidnap,111
2023,Tripura,Kidnapping & Abduction of Women | K & A of Women to compel her for marriage (Sec. 366 IPC) | b) Girls (Below 18 yrs),kidnap_marriage_girls,21
2023,Tripura,Kidnapping & Abduction of Women | Procuration of Minor Girls (Sec. 366A IPC),procuration_minor_girls,44
2023,Tripura,Kidnapping & Abduction of Women | Importation of Girls from Foreign Country (Sec. 366B IPC),import,0
2023,Tripura,Human Trafficking (Sec. 370 & 370A IPC),trafficking,5
2023,Tripura,Selling of Minor Girls (Sec. 372 IPC),selling_minor_girls,0
2023,Tripura,Buying of Minor Girls (Sec. 373 IPC),buying_minor_girls,0
2023,Tripura,Rape (Sec.376 IPC) | Rape (Total),rape,57
2023,Tripura,Rape (Sec.376 IPC) | B) Girls (Below 18 yrs),rape_minor,0
2023,Tripura,Attempt to Commit Rape (Sec. 376/511 IPC) | Attempt to Commit Rape (Total),attempt_rape,5
2023,Tripura,Attempt to Commit Rape (Sec. 376/511 IPC) | B) Girls (Below 18 yrs),attempt_rape_minor,0
2023,Tripura,Assault on Women with Intent to Outrage her Modesty (Sec. 354 IPC) | Assault on Women with Intent to Outrage her Modesty (Total),assault,110
2023,Tripura,Assault on Women with Intent to Outrage her Modesty (Sec. 354 IPC) | B) Girls (Below 18 yrs),assault_minor,1
2023,Tripura,Insult to the Modesty of Women (Sec. 509 IPC) | Insult to the Modesty of Women (Total),insult,3
2023,Tripura,Insult to the Modesty of Women (Sec. 509 IPC) | B) Girls (Below 18 yrs),insult_minor,0
2023,Tripura,Total IPC Crimes against Women,total_ipc,645
2023,Tripura,"Dowry Prohibition Act, 1961",dowry_act,0
2023,Tripura,"Immoral Traffic (Prevention) Act, 1956 (Women Victims cases only) | Immoral Traffic (Prevention) Act, 1956 (Total)",itpa,0
2023,Tripura,Protection of Women from Domestic Violence Act,dv_act,1
2023,Tripura,Cyber Crimes/Information Technology Act (Women Centric Crimes only) | Cyber Crimes/Information Technology Act (Women Centric Crimes only) (Total),cyber,13
2023,Tripura,Protection of Children from Sexual Offences Act (Girl Child Victims only) | Protection of Children from Sexual Offences Act (Total),pocso_girls,132
2023,Tripura,Protection of Children from Sexual Offences Act (Girl Child Victims only) | A) Child Rape (Sec.4 & 6 of POCSO Act/ Sec 376 IPC),pocso_penetrative,82
2023,Tripura,Protection of Children from Sexual Offences Act (Girl Child Victims only) | B) Sexual Assault of Children (Sec.8 & 10 of POCSO Act) / Sec.354 IPC),pocso_sexual_assault,41
2023,Tripura,Protection of Children from Sexual Offences Act (Girl Child Victims only) | C) Sexual Harassment (Sec. 12 of POCSO Act) / Sec. 509 IPC),pocso_harassment,8
2023,Tripura,Protection of Children from Sexual Offences Act (Girl Child Victims only) | D) Use of Child for Pornography/ Storing Child Pornography Material (Sec.14 & 15 of POCSO Act),pocso_pornography,1
2023,Tripura,"Indecent Representation of Women (Prohibition) Act, 1986",indecent_rep,0
2023,Tripura,Total SLL Crimes against Women,total_sll,146
2023,Tripura,Total Crime against Women (IPC+SLL),total,791
2023,Uttar Pradesh,Murder with Rape/Gang Rape,murder_rape,33
2023,Uttar Pradesh,Dowry Deaths (Sec. 304B IPC),dowry,2122
2023,Uttar Pradesh,Abetment to Suicide of Women (Sec. 305/306 IPC),abetment_suicide,395
2023,Uttar Pradesh,Acid Attack (Sec. 326A IPC),acid_attack,28
2023,Uttar Pradesh,Attempt to Acid Attack (Sec. 326B IPC),attempt_acid_attack,4
2023,Uttar Pradesh,Cruelty by Husband or his relatives (Sec. 498 A IPC),cruelty,19889
2023,Uttar Pradesh,Kidnapping & Abduction of Women | Kidnapping & Abduction of Women (Total),kidnap,14272
2023,Uttar Pradesh,Kidnapping & Abduction of Women | K & A of Women to compel her for marriage (Sec. 366 IPC) | b) Girls (Below 18 yrs),kidnap_marriage_girls,3649
2023,Uttar Pradesh,Kidnapping & Abduction of Women | Procuration of Minor Girls (Sec. 366A IPC),procuration_minor_girls,0
2023,Uttar Pradesh,Kidnapping & Abduction of Women | Importation of Girls from Foreign Country (Sec. 366B IPC),import,0
2023,Uttar Pradesh,Human Trafficking (Sec. 370 & 370A IPC),trafficking,7
2023,Uttar Pradesh,Selling of Minor Girls (Sec. 372 IPC),selling_minor_girls,1
2023,Uttar Pradesh,Buying of Minor Girls (Sec. 373 IPC),buying_minor_girls,0
2023,Uttar Pradesh,Rape (Sec.376 IPC) | Rape (Total),rape,3516
2023,Uttar Pradesh,Rape (Sec.376 IPC) | B) Girls (Below 18 yrs),rape_minor,301
2023,Uttar Pradesh,Attempt to Commit Rape (Sec. 376/511 IPC) | Attempt to Commit Rape (Total),attempt_rape,140
2023,Uttar Pradesh,Attempt to Commit Rape (Sec. 376/511 IPC) | B) Girls (Below 18 yrs),attempt_rape_minor,13
2023,Uttar Pradesh,Assault on Women with Intent to Outrage her Modesty (Sec. 354 IPC) | Assault on Women with Intent to Outrage her Modesty (Total),assault,9453
2023,Uttar Pradesh,Assault on Women with Intent to Outrage her Modesty (Sec. 354 IPC) | B) Girls (Below 18 yrs),assault_minor,797
2023,Uttar Pradesh,Insult to the Modesty of Women (Sec. 509 IPC) | Insult to the Modesty of Women (Total),insult,145
2023,Uttar Pradesh,Insult to the Modesty of Women (Sec. 509 IPC) | B) Girls (Below 18 yrs),insult_minor,0
2023,Uttar Pradesh,Total IPC Crimes against Women,total_ipc,50111
2023,Uttar Pradesh,"Dowry Prohibition Act, 1961",dowry_act,7151
2023,Uttar Pradesh,"Immoral Traffic (Prevention) Act, 1956 (Women Victims cases only) | Immoral Traffic (Prevention) Act, 1956 (Total)",itpa,53
2023,Uttar Pradesh,Protection of Women from Domestic Violence Act,dv_act,3
2023,Uttar Pradesh,Cyber Crimes/Information Technology Act (Women Centric Crimes only) | Cyber Crimes/Information Technology Act (Women Centric Crimes only) (Total),cyber,485
2023,Uttar Pradesh,Protection of Children from Sexual Offences Act (Girl Child Victims only) | Protection of Children from Sexual Offences Act (Total),pocso_girls,8574
2023,Uttar Pradesh,Protection of Children from Sexual Offences Act (Girl Child Victims only) | A) Child Rape (Sec.4 & 6 of POCSO Act/ Sec 376 IPC),pocso_penetrative,3645
2023,Uttar Pradesh,Protection of Children from Sexual Offences Act (Girl Child Victims only) | B) Sexual Assault of Children (Sec.8 & 10 of POCSO Act) / Sec.354 IPC),pocso_sexual_assault,4728
2023,Uttar Pradesh,Protection of Children from Sexual Offences Act (Girl Child Victims only) | C) Sexual Harassment (Sec. 12 of POCSO Act) / Sec. 509 IPC),pocso_harassment,129
2023,Uttar Pradesh,Protection of Children from Sexual Offences Act (Girl Child Victims only) | D) Use of Child for Pornography/ Storing Child Pornography Material (Sec.14 & 15 of POCSO Act),pocso_pornography,7
2023,Uttar Pradesh,"Indecent Representation of Women (Prohibition) Act, 1986",indecent_rep,4
2023,Uttar Pradesh,Total SLL Crimes against Women,total_sll,16270
2023,Uttar Pradesh,Total Crime against Women (IPC+SLL),total,66381
2023,Uttarakhand,Murder with Rape/Gang Rape,murder_rape,0
2023,Uttarakhand,Dowry Deaths (Sec. 304B IPC),dowry,48
2023,Uttarakhand,Abetment to Suicide of Women (Sec. 305/306 IPC),abetment_suicide,19
2023,Uttarakhand,Acid Attack (Sec. 326A IPC),acid_attack,1
2023,Uttarakhand,Attempt to Acid Attack (Sec. 326B IPC),attempt_acid_attack,2
2023,Uttarakhand,Cruelty by Husband or his relatives (Sec. 498 A IPC),cruelty,1016
2023,Uttarakhand,Kidnapping & Abduction of Women | Kidnapping & Abduction of Women (Total),kidnap,698
2023,Uttarakhand,Kidnapping & Abduction of Women | K & A of Women to compel her for marriage (Sec. 366 IPC) | b) Girls (Below 18 yrs),kidnap_marriage_girls,3
2023,Uttarakhand,Kidnapping & Abduction of Women | Procuration of Minor Girls (Sec. 366A IPC),procuration_minor_girls,0
2023,Uttarakhand,Kidnapping & Abduction of Women | Importation of Girls from Foreign Country (Sec. 366B IPC),import,0
2023,Uttarakhand,Human Trafficking (Sec. 370 & 370A IPC),trafficking,4
2023,Uttarakhand,Selling of Minor Girls (Sec. 372 IPC),selling_minor_girls,0
2023,Uttarakhand,Buying of Minor Girls (Sec. 373 IPC),buying_minor_girls,0
2023,Uttarakhand,Rape (Sec.376 IPC) | Rape (Total),rape,421
2023,Uttarakhand,Rape (Sec.376 IPC) | B) Girls (Below 18 yrs),rape_minor,0
2023,Uttarakhand,Attempt to Commit Rape (Sec. 376/511 IPC) | Attempt to Commit Rape (Total),attempt_rape,20
2023,Uttarakhand,Attempt to Commit Rape (Sec. 376/511 IPC) | B) Girls (Below 18 yrs),attempt_rape_minor,2
2023,Uttarakhand,Assault on Women with Intent to Outrage her Modesty (Sec. 354 IPC) | Assault on Women with Intent to Outrage her Modesty (Total),assault,624
2023,Uttarakhand,Assault on Women with Intent to Outrage her Modesty (Sec. 354 IPC) | B) Girls (Below 18 yrs),assault_minor,34
2023,Uttarakhand,Insult to the Modesty of Women (Sec. 509 IPC) | Insult to the Modesty of Women (Total),insult,26
2023,Uttarakhand,Insult to the Modesty of Women (Sec. 509 IPC) | B) Girls (Below 18 yrs),insult_minor,0
2023,Uttarakhand,Total IPC Crimes against Women,total_ipc,2883
2023,Uttarakhand,"Dowry Prohibition Act, 1961",dowry_act,14
2023,Uttarakhand,"Immoral Traffic (Prevention) Act, 1956 (Women Victims cases only) | Immoral Traffic (Prevention) Act, 1956 (Total)",itpa,26
2023,Uttarakhand,Protection of Women from Domestic Violence Act,dv_act,0
2023,Uttarakhand,Cyber Crimes/Information Technology Act (Women Centric Crimes only) | Cyber Crimes/Information Technology Act (Women Centric Crimes only) (Total),cyber,77
2023,Uttarakhand,Protection of Children from Sexual Offences Act (Girl Child Victims only) | Protection of Children from Sexual Offences Act (Total),pocso_girls,808
2023,Uttarakhand,Protection of Children from Sexual Offences Act (Girl Child Victims only) | A) Child Rape (Sec.4 & 6 of POCSO Act/ Sec 376 IPC),pocso_penetrative,635
2023,Uttarakhand,Protection of Children from Sexual Offences Act (Girl Child Victims only) | B) Sexual Assault of Children (Sec.8 & 10 of POCSO Act) / Sec.354 IPC),pocso_sexual_assault,121
2023,Uttarakhand,Protection of Children from Sexual Offences Act (Girl Child Victims only) | C) Sexual Harassment (Sec. 12 of POCSO Act) / Sec. 509 IPC),pocso_harassment,27
2023,Uttarakhand,Protection of Children from Sexual Offences Act (Girl Child Victims only) | D) Use of Child for Pornography/ Storing Child Pornography Material (Sec.14 & 15 of POCSO Act),pocso_pornography,9
2023,Uttarakhand,"Indecent Representation of Women (Prohibition) Act, 1986",indecent_rep,0
2023,Uttarakhand,Total SLL Crimes against Women,total_sll,925
2023,Uttarakhand,Total Crime against Women (IPC+SLL),total,3808
2023,West Bengal,Murder with Rape/Gang Rape,murder_rape,7
2023,West Bengal,Dowry Deaths (Sec. 304B IPC),dowry,350
2023,West Bengal,Abetment to Suicide of Women (Sec. 305/306 IPC),abetment_suicide,419
2023,West Bengal,Acid Attack (Sec. 326A IPC),acid_attack,31
2023,West Bengal,Attempt to Acid Attack (Sec. 326B IPC),attempt_acid_attack,6
2023,West Bengal,Cruelty by Husband or his relatives (Sec. 498 A IPC),cruelty,19698
2023,West Bengal,Kidnapping & Abduction of Women | Kidnapping & Abduction of Women (Total),kidnap,6544
2023,West Bengal,Kidnapping & Abduction of Women | K & A of Women to compel her for marriage (Sec. 366 IPC) | b) Girls (Below 18 yrs),kidnap_marriage_girls,390
2023,West Bengal,Kidnapping & Abduction of Women | Procuration of Minor Girls (Sec. 366A IPC),procuration_minor_girls,16
2023,West Bengal,Kidnapping & Abduction of Women | Importation of Girls from Foreign Country (Sec. 366B IPC),import,1
2023,West Bengal,Human Trafficking (Sec. 370 & 370A IPC),trafficking,29
2023,West Bengal,Selling of Minor Girls (Sec. 372 IPC),selling_minor_girls,2
2023,West Bengal,Buying of Minor Girls (Sec. 373 IPC),buying_minor_girls,0
2023,West Bengal,Rape (Sec.376 IPC) | Rape (Total),rape,1110
2023,West Bengal,Rape (Sec.376 IPC) | B) Girls (Below 18 yrs),rape_minor,0
2023,West Bengal,Attempt to Commit Rape (Sec. 376/511 IPC) | Attempt to Commit Rape (Total),attempt_rape,825
2023,West Bengal,Attempt to Commit Rape (Sec. 376/511 IPC) | B) Girls (Below 18 yrs),attempt_rape_minor,0
2023,West Bengal,Assault on Women with Intent to Outrage her Modesty (Sec. 354 IPC) | Assault on Women with Intent to Outrage her Modesty (Total),assault,2479
2023,West Bengal,Assault on Women with Intent to Outrage her Modesty (Sec. 354 IPC) | B) Girls (Below 18 yrs),assault_minor,0
2023,West Bengal,Insult to the Modesty of Women (Sec. 509 IPC) | Insult to the Modesty of Women (Total),insult,412
2023,West Bengal,Insult to the Modesty of Women (Sec. 509 IPC) | B) Girls (Below 18 yrs),insult_minor,0
2023,West Bengal,Total IPC Crimes against Women,total_ipc,31928
2023,West Bengal,"Dowry Prohibition Act, 1961",dowry_act,0
2023,West Bengal,"Immoral Traffic (Prevention) Act, 1956 (Women Victims cases only) | Immoral Traffic (Prevention) Act, 1956 (Total)",itpa,32
2023,West Bengal,Protection of Women from Domestic Violence Act,dv_act,0
2023,West Bengal,Cyber Crimes/Information Technology Act (Women Centric Crimes only) | Cyber Crimes/Information Technology Act (Women Centric Crimes only) (Total),cyber,9
2023,West Bengal,Protection of Children from Sexual Offences Act (Girl Child Victims only) | Protection of Children from Sexual Offences Act (Total),pocso_girls,2721
2023,West Bengal,Protection of Children from Sexual Offences Act (Girl Child Victims only) | A) Child Rape (Sec.4 & 6 of POCSO Act/ Sec 376 IPC),pocso_penetrative,1798
2023,West Bengal,Protection of Children from Sexual Offences Act (Girl Child Victims only) | B) Sexual Assault of Children (Sec.8 & 10 of POCSO Act) / Sec.354 IPC),pocso_sexual_assault,644
2023,West Bengal,Protection of Children from Sexual Offences Act (Girl Child Victims only) | C) Sexual Harassment (Sec. 12 of POCSO Act) / Sec. 509 IPC),pocso_harassment,244
2023,West Bengal,Protection of Children from Sexual Offences Act (Girl Child Victims only) | D) Use of Child for Pornography/ Storing Child Pornography Material (Sec.14 & 15 of POCSO Act),pocso_pornography,29
2023,West Bengal,"Indecent Representation of Women (Prohibition) Act, 1986",indecent_rep,1
2023,West Bengal,Total SLL Crimes against Women,total_sll,2763
2023,West Bengal,Total Crime against Women (IPC+SLL),total,34691
2024,All India,"Rape (Sec 64-68,70-71 BNS/Sec.376 IPC) | Rape (Total a+b)",rape,29536
2024,All India,"Rape (Sec 64-68,70-71 BNS/Sec.376 IPC) | b) Girls (Below 18 Years)",rape_minor,784
2024,All India,"Murder with Rape/Gang Rape (Sec 103 r/w Sec 64-68,70-71 BNS/ Sec 302 r/w 376 IPC)",murder_rape,266
2024,All India,Attempt to commit Rape (Sec. 64 r/w 62 BNS/Sec.376 r/w 511 IPC) | Attempt to commit Rape (Total a+b),attempt_rape,2561
2024,All India,Attempt to commit Rape (Sec 64 r/w 62 BNS/Sec.376 r/w 511 IPC) | b) Girls (Below 18 Years),attempt_rape_minor,64
2024,All India,"Assault on women to outrage modesty, incl. 354A-D (BNS 74-78, summed)",assault,83908
2024,All India,Assault on Women with intent to outrage her Modesty (Sec 74 BNS/Sec.354 IPC) | b) Girls (Below 18 Years),assault_minor,382
2024,All India,Sexual Harassment (Sec. 75 BNS/Sec.354A IPC) | Sexual Harassment (Total a+b),sexual_harassment,15609
2024,All India,Assault or Use of Criminal Force with intent to disrobe (Sec. 76 BNS/Sec. 354B IPC) | Assault or Use of Criminal Force with intent to disrobe (Total a+b),disrobe,8409
2024,All India,Voyeurism (Sec. 77 BNS/Sec. 354C IPC) | Voyeurism (Total a+b),voyeurism,1722
2024,All India,Stalking (Sec. 78 BNS/Sec. 354D IPC) | Stalking (Total a+b),stalking,9865
2024,All India,Insult to the Modesty of Women (Sec. 79 BNS/Sec. 509 IPC) | Insult to the Modesty of Women (Total a+b),insult,9338
2024,All India,Insult to the Modesty of Women (Sec 79 BNS/Sec 509 IPC) | b) Girls (Below 18 Years),insult_minor,28
2024,All India,Dowry Deaths (Sec 80 BNS /Sec 304B IPC),dowry,5737
2024,All India,Cruelty by Husband or his relatives (Sec 85 BNS/Sec 498-A IPC),cruelty,120227
2024,All India,Kidnapping or abducting or inducing Women to compel her for marriage (Sec. 87 BNS/Sec. 366 IPC) | b) Girls (Below 18 Years,kidnap_marriage_girls,13192
2024,All India,Procuration of Minor Girls (Sec 96 BNS//Sec 366A IPC),procuration_minor_girls,1661
2024,All India,Selling of Girls for Prostitution (Sec 98 BNS/Sec 372 IPC),selling_minor_girls,11
2024,All India,Buying of Girls for Prostitution (Sec 99 BNS/Sec 373 IPC),buying_minor_girls,4
2024,All India,Abetment to suicides of women (u/s 107/108 BNS/Sec 305/306 IPC),abetment_suicide,4220
2024,All India,Acid Attack (Sec 124(1) BNS/Sec 326A IPC),acid_attack,118
2024,All India,Attempt to Acid Attack (Sec 124(2) BNS/Sec 326B IPC),attempt_acid_attack,32
2024,All India,Kidnapping & Abduction of Women | Kidnapping & Abduction of Women (Total a+b+c+d+e),kidnap,67829
2024,All India,Kidnapping & Abduction of Women | d) Importation of Girls from Foreign Country (Sec. 141 BNS/Sec. 366-B IPC),import,2
2024,All India,Total IPC/BNS Crimes against Women,total_ipc,356021
2024,All India,"Dowry Prohibition Act, 1961",dowry_act,12343
2024,All India,Immoral Traffic (Prevention) Act 1956 (Women Victim Cases only) | Immoral Traffic (Prevention) Act (Total a+b+c+d+e),itpa,1436
2024,All India,"Protection of Women from Domestic Violence Act, 2005",dv_act,616
2024,All India,Cyber Crimes/Information Technology Act (Women Centric Crimes Only) | Cyber Crimes/Information Technology Act (Total a+b),cyber,3288
2024,All India,Protection of Children from Sexual Violence Act (Girl Child Victims Only) | POCSO Act (Total a+b+c+d+e),pocso_girls,67809
2024,All India,Protection of Children from Sexual Violence Act (Girl Child Victims Only) | a) POCSO Act Sec. 4 & 6,pocso_penetrative,43313
2024,All India,Protection of Children from Sexual Violence Act (Girl Child Victims Only) | b) POCSO Act Sec. 8 & 10,pocso_sexual_assault,20435
2024,All India,Protection of Children from Sexual Violence Act (Girl Child Victims Only) | c) POCSO Act Sec. 12,pocso_harassment,3410
2024,All India,Protection of Children from Sexual Violence Act (Girl Child Victims Only) | d) POCSO Act Sec. 14 & 15,pocso_pornography,452
2024,All India,"Indecent Representation of Women (Prohibition) Act, 1986",indecent_rep,21
2024,All India,Total SLL Crimes against Women,total_sll,85513
2024,All India,Total Crime against Women (IPC/BNS + SLL Crimes),total,441534
2024,Andaman & Nicobar Islands,"Rape (Sec 64-68,70-71 BNS/Sec.376 IPC) | Rape (Total a+b)",rape,7
2024,Andaman & Nicobar Islands,"Rape (Sec 64-68,70-71 BNS/Sec.376 IPC) | b) Girls (Below 18 Years)",rape_minor,0
2024,Andaman & Nicobar Islands,"Murder with Rape/Gang Rape (Sec 103 r/w Sec 64-68,70-71 BNS/ Sec 302 r/w 376 IPC)",murder_rape,1
2024,Andaman & Nicobar Islands,Attempt to commit Rape (Sec. 64 r/w 62 BNS/Sec.376 r/w 511 IPC) | Attempt to commit Rape (Total a+b),attempt_rape,0
2024,Andaman & Nicobar Islands,Attempt to commit Rape (Sec 64 r/w 62 BNS/Sec.376 r/w 511 IPC) | b) Girls (Below 18 Years),attempt_rape_minor,0
2024,Andaman & Nicobar Islands,"Assault on women to outrage modesty, incl. 354A-D (BNS 74-78, summed)",assault,33
2024,Andaman & Nicobar Islands,Assault on Women with intent to outrage her Modesty (Sec 74 BNS/Sec.354 IPC) | b) Girls (Below 18 Years),assault_minor,1
2024,Andaman & Nicobar Islands,Sexual Harassment (Sec. 75 BNS/Sec.354A IPC) | Sexual Harassment (Total a+b),sexual_harassment,11
2024,Andaman & Nicobar Islands,Assault or Use of Criminal Force with intent to disrobe (Sec. 76 BNS/Sec. 354B IPC) | Assault or Use of Criminal Force with intent to disrobe (Total a+b),disrobe,0
2024,Andaman & Nicobar Islands,Voyeurism (Sec. 77 BNS/Sec. 354C IPC) | Voyeurism (Total a+b),voyeurism,4
2024,Andaman & Nicobar Islands,Stalking (Sec. 78 BNS/Sec. 354D IPC) | Stalking (Total a+b),stalking,3
2024,Andaman & Nicobar Islands,Insult to the Modesty of Women (Sec. 79 BNS/Sec. 509 IPC) | Insult to the Modesty of Women (Total a+b),insult,6
2024,Andaman & Nicobar Islands,Insult to the Modesty of Women (Sec 79 BNS/Sec 509 IPC) | b) Girls (Below 18 Years),insult_minor,0
2024,Andaman & Nicobar Islands,Dowry Deaths (Sec 80 BNS /Sec 304B IPC),dowry,0
2024,Andaman & Nicobar Islands,Cruelty by Husband or his relatives (Sec 85 BNS/Sec 498-A IPC),cruelty,2
2024,Andaman & Nicobar Islands,Kidnapping or abducting or inducing Women to compel her for marriage (Sec. 87 BNS/Sec. 366 IPC) | b) Girls (Below 18 Years,kidnap_marriage_girls,0
2024,Andaman & Nicobar Islands,Procuration of Minor Girls (Sec 96 BNS//Sec 366A IPC),procuration_minor_girls,0
2024,Andaman & Nicobar Islands,Selling of Girls for Prostitution (Sec 98 BNS/Sec 372 IPC),selling_minor_girls,0
2024,Andaman & Nicobar Islands,Buying of Girls for Prostitution (Sec 99 BNS/Sec 373 IPC),buying_minor_girls,0
2024,Andaman & Nicobar Islands,Abetment to suicides of women (u/s 107/108 BNS/Sec 305/306 IPC),abetment_suicide,0
2024,Andaman & Nicobar Islands,Acid Attack (Sec 124(1) BNS/Sec 326A IPC),acid_attack,0
2024,Andaman & Nicobar Islands,Attempt to Acid Attack (Sec 124(2) BNS/Sec 326B IPC),attempt_acid_attack,0
2024,Andaman & Nicobar Islands,Kidnapping & Abduction of Women | Kidnapping & Abduction of Women (Total a+b+c+d+e),kidnap,12
2024,Andaman & Nicobar Islands,Kidnapping & Abduction of Women | d) Importation of Girls from Foreign Country (Sec. 141 BNS/Sec. 366-B IPC),import,0
2024,Andaman & Nicobar Islands,Total IPC/BNS Crimes against Women,total_ipc,61
2024,Andaman & Nicobar Islands,"Dowry Prohibition Act, 1961",dowry_act,0
2024,Andaman & Nicobar Islands,Immoral Traffic (Prevention) Act 1956 (Women Victim Cases only) | Immoral Traffic (Prevention) Act (Total a+b+c+d+e),itpa,0
2024,Andaman & Nicobar Islands,"Protection of Women from Domestic Violence Act, 2005",dv_act,0
2024,Andaman & Nicobar Islands,Cyber Crimes/Information Technology Act (Women Centric Crimes Only) | Cyber Crimes/Information Technology Act (Total a+b),cyber,7
2024,Andaman & Nicobar Islands,Protection of Children from Sexual Violence Act (Girl Child Victims Only) | POCSO Act (Total a+b+c+d+e),pocso_girls,88
2024,Andaman & Nicobar Islands,Protection of Children from Sexual Violence Act (Girl Child Victims Only) | a) POCSO Act Sec. 4 & 6,pocso_penetrative,75
2024,Andaman & Nicobar Islands,Protection of Children from Sexual Violence Act (Girl Child Victims Only) | b) POCSO Act Sec. 8 & 10,pocso_sexual_assault,11
2024,Andaman & Nicobar Islands,Protection of Children from Sexual Violence Act (Girl Child Victims Only) | c) POCSO Act Sec. 12,pocso_harassment,2
2024,Andaman & Nicobar Islands,Protection of Children from Sexual Violence Act (Girl Child Victims Only) | d) POCSO Act Sec. 14 & 15,pocso_pornography,0
2024,Andaman & Nicobar Islands,"Indecent Representation of Women (Prohibition) Act, 1986",indecent_rep,0
2024,Andaman & Nicobar Islands,Total SLL Crimes against Women,total_sll,95
2024,Andaman & Nicobar Islands,Total Crime against Women (IPC/BNS + SLL Crimes),total,156
2024,Andhra Pradesh,"Rape (Sec 64-68,70-71 BNS/Sec.376 IPC) | Rape (Total a+b)",rape,441
2024,Andhra Pradesh,"Rape (Sec 64-68,70-71 BNS/Sec.376 IPC) | b) Girls (Below 18 Years)",rape_minor,0
2024,Andhra Pradesh,"Murder with Rape/Gang Rape (Sec 103 r/w Sec 64-68,70-71 BNS/ Sec 302 r/w 376 IPC)",murder_rape,7
2024,Andhra Pradesh,Attempt to commit Rape (Sec. 64 r/w 62 BNS/Sec.376 r/w 511 IPC) | Attempt to commit Rape (Total a+b),attempt_rape,102
2024,Andhra Pradesh,Attempt to commit Rape (Sec 64 r/w 62 BNS/Sec.376 r/w 511 IPC) | b) Girls (Below 18 Years),attempt_rape_minor,13
2024,Andhra Pradesh,"Assault on women to outrage modesty, incl. 354A-D (BNS 74-78, summed)",assault,4532
2024,Andhra Pradesh,Assault on Women with intent to outrage her Modesty (Sec 74 BNS/Sec.354 IPC) | b) Girls (Below 18 Years),assault_minor,0
2024,Andhra Pradesh,Sexual Harassment (Sec. 75 BNS/Sec.354A IPC) | Sexual Harassment (Total a+b),sexual_harassment,843
2024,Andhra Pradesh,Assault or Use of Criminal Force with intent to disrobe (Sec. 76 BNS/Sec. 354B IPC) | Assault or Use of Criminal Force with intent to disrobe (Total a+b),disrobe,189
2024,Andhra Pradesh,Voyeurism (Sec. 77 BNS/Sec. 354C IPC) | Voyeurism (Total a+b),voyeurism,134
2024,Andhra Pradesh,Stalking (Sec. 78 BNS/Sec. 354D IPC) | Stalking (Total a+b),stalking,977
2024,Andhra Pradesh,Insult to the Modesty of Women (Sec. 79 BNS/Sec. 509 IPC) | Insult to the Modesty of Women (Total a+b),insult,2956
2024,Andhra Pradesh,Insult to the Modesty of Women (Sec 79 BNS/Sec 509 IPC) | b) Girls (Below 18 Years),insult_minor,0
2024,Andhra Pradesh,Dowry Deaths (Sec 80 BNS /Sec 304B IPC),dowry,72
2024,Andhra Pradesh,Cruelty by Husband or his relatives (Sec 85 BNS/Sec 498-A IPC),cruelty,9165
2024,Andhra Pradesh,Kidnapping or abducting or inducing Women to compel her for marriage (Sec. 87 BNS/Sec. 366 IPC) | b) Girls (Below 18 Years,kidnap_marriage_girls,80
2024,Andhra Pradesh,Procuration of Minor Girls (Sec 96 BNS//Sec 366A IPC),procuration_minor_girls,27
2024,Andhra Pradesh,Selling of Girls for Prostitution (Sec 98 BNS/Sec 372 IPC),selling_minor_girls,0
2024,Andhra Pradesh,Buying of Girls for Prostitution (Sec 99 BNS/Sec 373 IPC),buying_minor_girls,0
2024,Andhra Pradesh,Abetment to suicides of women (u/s 107/108 BNS/Sec 305/306 IPC),abetment_suicide,280
2024,Andhra Pradesh,Acid Attack (Sec 124(1) BNS/Sec 326A IPC),acid_attack,1
2024,Andhra Pradesh,Attempt to Acid Attack (Sec 124(2) BNS/Sec 326B IPC),attempt_acid_attack,2
2024,Andhra Pradesh,Kidnapping & Abduction of Women | Kidnapping & Abduction of Women (Total a+b+c+d+e),kidnap,289
2024,Andhra Pradesh,Kidnapping & Abduction of Women | d) Importation of Girls from Foreign Country (Sec. 141 BNS/Sec. 366-B IPC),import,0
2024,Andhra Pradesh,Total IPC/BNS Crimes against Women,total_ipc,18038
2024,Andhra Pradesh,"Dowry Prohibition Act, 1961",dowry_act,14
2024,Andhra Pradesh,Immoral Traffic (Prevention) Act 1956 (Women Victim Cases only) | Immoral Traffic (Prevention) Act (Total a+b+c+d+e),itpa,79
2024,Andhra Pradesh,"Protection of Women from Domestic Violence Act, 2005",dv_act,0
2024,Andhra Pradesh,Cyber Crimes/Information Technology Act (Women Centric Crimes Only) | Cyber Crimes/Information Technology Act (Total a+b),cyber,43
2024,Andhra Pradesh,Protection of Children from Sexual Violence Act (Girl Child Victims Only) | POCSO Act (Total a+b+c+d+e),pocso_girls,1778
2024,Andhra Pradesh,Protection of Children from Sexual Violence Act (Girl Child Victims Only) | a) POCSO Act Sec. 4 & 6,pocso_penetrative,939
2024,Andhra Pradesh,Protection of Children from Sexual Violence Act (Girl Child Victims Only) | b) POCSO Act Sec. 8 & 10,pocso_sexual_assault,395
2024,Andhra Pradesh,Protection of Children from Sexual Violence Act (Girl Child Victims Only) | c) POCSO Act Sec. 12,pocso_harassment,420
2024,Andhra Pradesh,Protection of Children from Sexual Violence Act (Girl Child Victims Only) | d) POCSO Act Sec. 14 & 15,pocso_pornography,17
2024,Andhra Pradesh,"Indecent Representation of Women (Prohibition) Act, 1986",indecent_rep,0
2024,Andhra Pradesh,Total SLL Crimes against Women,total_sll,1914
2024,Andhra Pradesh,Total Crime against Women (IPC/BNS + SLL Crimes),total,19952
2024,Arunachal Pradesh,"Rape (Sec 64-68,70-71 BNS/Sec.376 IPC) | Rape (Total a+b)",rape,76
2024,Arunachal Pradesh,"Rape (Sec 64-68,70-71 BNS/Sec.376 IPC) | b) Girls (Below 18 Years)",rape_minor,48
2024,Arunachal Pradesh,"Murder with Rape/Gang Rape (Sec 103 r/w Sec 64-68,70-71 BNS/ Sec 302 r/w 376 IPC)",murder_rape,1
2024,Arunachal Pradesh,Attempt to commit Rape (Sec. 64 r/w 62 BNS/Sec.376 r/w 511 IPC) | Attempt to commit Rape (Total a+b),attempt_rape,8
2024,Arunachal Pradesh,Attempt to commit Rape (Sec 64 r/w 62 BNS/Sec.376 r/w 511 IPC) | b) Girls (Below 18 Years),attempt_rape_minor,2
2024,Arunachal Pradesh,"Assault on women to outrage modesty, incl. 354A-D (BNS 74-78, summed)",assault,75
2024,Arunachal Pradesh,Assault on Women with intent to outrage her Modesty (Sec 74 BNS/Sec.354 IPC) | b) Girls (Below 18 Years),assault_minor,0
2024,Arunachal Pradesh,Sexual Harassment (Sec. 75 BNS/Sec.354A IPC) | Sexual Harassment (Total a+b),sexual_harassment,17
2024,Arunachal Pradesh,Assault or Use of Criminal Force with intent to disrobe (Sec. 76 BNS/Sec. 354B IPC) | Assault or Use of Criminal Force with intent to disrobe (Total a+b),disrobe,3
2024,Arunachal Pradesh,Voyeurism (Sec. 77 BNS/Sec. 354C IPC) | Voyeurism (Total a+b),voyeurism,4
2024,Arunachal Pradesh,Stalking (Sec. 78 BNS/Sec. 354D IPC) | Stalking (Total a+b),stalking,3
2024,Arunachal Pradesh,Insult to the Modesty of Women (Sec. 79 BNS/Sec. 509 IPC) | Insult to the Modesty of Women (Total a+b),insult,24
2024,Arunachal Pradesh,Insult to the Modesty of Women (Sec 79 BNS/Sec 509 IPC) | b) Girls (Below 18 Years),insult_minor,4
2024,Arunachal Pradesh,Dowry Deaths (Sec 80 BNS /Sec 304B IPC),dowry,1
2024,Arunachal Pradesh,Cruelty by Husband or his relatives (Sec 85 BNS/Sec 498-A IPC),cruelty,54
2024,Arunachal Pradesh,Kidnapping or abducting or inducing Women to compel her for marriage (Sec. 87 BNS/Sec. 366 IPC) | b) Girls (Below 18 Years,kidnap_marriage_girls,0
2024,Arunachal Pradesh,Procuration of Minor Girls (Sec 96 BNS//Sec 366A IPC),procuration_minor_girls,0
2024,Arunachal Pradesh,Selling of Girls for Prostitution (Sec 98 BNS/Sec 372 IPC),selling_minor_girls,1
2024,Arunachal Pradesh,Buying of Girls for Prostitution (Sec 99 BNS/Sec 373 IPC),buying_minor_girls,0
2024,Arunachal Pradesh,Abetment to suicides of women (u/s 107/108 BNS/Sec 305/306 IPC),abetment_suicide,4
2024,Arunachal Pradesh,Acid Attack (Sec 124(1) BNS/Sec 326A IPC),acid_attack,0
2024,Arunachal Pradesh,Attempt to Acid Attack (Sec 124(2) BNS/Sec 326B IPC),attempt_acid_attack,0
2024,Arunachal Pradesh,Kidnapping & Abduction of Women | Kidnapping & Abduction of Women (Total a+b+c+d+e),kidnap,34
2024,Arunachal Pradesh,Kidnapping & Abduction of Women | d) Importation of Girls from Foreign Country (Sec. 141 BNS/Sec. 366-B IPC),import,0
2024,Arunachal Pradesh,Total IPC/BNS Crimes against Women,total_ipc,285
2024,Arunachal Pradesh,"Dowry Prohibition Act, 1961",dowry_act,0
2024,Arunachal Pradesh,Immoral Traffic (Prevention) Act 1956 (Women Victim Cases only) | Immoral Traffic (Prevention) Act (Total a+b+c+d+e),itpa,0
2024,Arunachal Pradesh,"Protection of Women from Domestic Violence Act, 2005",dv_act,0
2024,Arunachal Pradesh,Cyber Crimes/Information Technology Act (Women Centric Crimes Only) | Cyber Crimes/Information Technology Act (Total a+b),cyber,5
2024,Arunachal Pradesh,Protection of Children from Sexual Violence Act (Girl Child Victims Only) | POCSO Act (Total a+b+c+d+e),pocso_girls,30
2024,Arunachal Pradesh,Protection of Children from Sexual Violence Act (Girl Child Victims Only) | a) POCSO Act Sec. 4 & 6,pocso_penetrative,23
2024,Arunachal Pradesh,Protection of Children from Sexual Violence Act (Girl Child Victims Only) | b) POCSO Act Sec. 8 & 10,pocso_sexual_assault,6
2024,Arunachal Pradesh,Protection of Children from Sexual Violence Act (Girl Child Victims Only) | c) POCSO Act Sec. 12,pocso_harassment,1
2024,Arunachal Pradesh,Protection of Children from Sexual Violence Act (Girl Child Victims Only) | d) POCSO Act Sec. 14 & 15,pocso_pornography,0
2024,Arunachal Pradesh,"Indecent Representation of Women (Prohibition) Act, 1986",indecent_rep,1
2024,Arunachal Pradesh,Total SLL Crimes against Women,total_sll,36
2024,Arunachal Pradesh,Total Crime against Women (IPC/BNS + SLL Crimes),total,321
2024,Assam,"Rape (Sec 64-68,70-71 BNS/Sec.376 IPC) | Rape (Total a+b)",rape,927
2024,Assam,"Rape (Sec 64-68,70-71 BNS/Sec.376 IPC) | b) Girls (Below 18 Years)",rape_minor,17
2024,Assam,"Murder with Rape/Gang Rape (Sec 103 r/w Sec 64-68,70-71 BNS/ Sec 302 r/w 376 IPC)",murder_rape,7
2024,Assam,Attempt to commit Rape (Sec. 64 r/w 62 BNS/Sec.376 r/w 511 IPC) | Attempt to commit Rape (Total a+b),attempt_rape,155
2024,Assam,Attempt to commit Rape (Sec 64 r/w 62 BNS/Sec.376 r/w 511 IPC) | b) Girls (Below 18 Years),attempt_rape_minor,0
2024,Assam,"Assault on women to outrage modesty, incl. 354A-D (BNS 74-78, summed)",assault,1366
2024,Assam,Assault on Women with intent to outrage her Modesty (Sec 74 BNS/Sec.354 IPC) | b) Girls (Below 18 Years),assault_minor,3
2024,Assam,Sexual Harassment (Sec. 75 BNS/Sec.354A IPC) | Sexual Harassment (Total a+b),sexual_harassment,262
2024,Assam,Assault or Use of Criminal Force with intent to disrobe (Sec. 76 BNS/Sec. 354B IPC) | Assault or Use of Criminal Force with intent to disrobe (Total a+b),disrobe,261
2024,Assam,Voyeurism (Sec. 77 BNS/Sec. 354C IPC) | Voyeurism (Total a+b),voyeurism,28
2024,Assam,Stalking (Sec. 78 BNS/Sec. 354D IPC) | Stalking (Total a+b),stalking,72
2024,Assam,Insult to the Modesty of Women (Sec. 79 BNS/Sec. 509 IPC) | Insult to the Modesty of Women (Total a+b),insult,51
2024,Assam,Insult to the Modesty of Women (Sec 79 BNS/Sec 509 IPC) | b) Girls (Below 18 Years),insult_minor,0
2024,Assam,Dowry Deaths (Sec 80 BNS /Sec 304B IPC),dowry,94
2024,Assam,Cruelty by Husband or his relatives (Sec 85 BNS/Sec 498-A IPC),cruelty,1441
2024,Assam,Kidnapping or abducting or inducing Women to compel her for marriage (Sec. 87 BNS/Sec. 366 IPC) | b) Girls (Below 18 Years,kidnap_marriage_girls,520
2024,Assam,Procuration of Minor Girls (Sec 96 BNS//Sec 366A IPC),procuration_minor_girls,329
2024,Assam,Selling of Girls for Prostitution (Sec 98 BNS/Sec 372 IPC),selling_minor_girls,0
2024,Assam,Buying of Girls for Prostitution (Sec 99 BNS/Sec 373 IPC),buying_minor_girls,0
2024,Assam,Abetment to suicides of women (u/s 107/108 BNS/Sec 305/306 IPC),abetment_suicide,82
2024,Assam,Acid Attack (Sec 124(1) BNS/Sec 326A IPC),acid_attack,4
2024,Assam,Attempt to Acid Attack (Sec 124(2) BNS/Sec 326B IPC),attempt_acid_attack,1
2024,Assam,Kidnapping & Abduction of Women | Kidnapping & Abduction of Women (Total a+b+c+d+e),kidnap,1524
2024,Assam,Kidnapping & Abduction of Women | d) Importation of Girls from Foreign Country (Sec. 141 BNS/Sec. 366-B IPC),import,0
2024,Assam,Total IPC/BNS Crimes against Women,total_ipc,7420
2024,Assam,"Dowry Prohibition Act, 1961",dowry_act,120
2024,Assam,Immoral Traffic (Prevention) Act 1956 (Women Victim Cases only) | Immoral Traffic (Prevention) Act (Total a+b+c+d+e),itpa,18
2024,Assam,"Protection of Women from Domestic Violence Act, 2005",dv_act,0
2024,Assam,Cyber Crimes/Information Technology Act (Women Centric Crimes Only) | Cyber Crimes/Information Technology Act (Total a+b),cyber,81
2024,Assam,Protection of Children from Sexual Violence Act (Girl Child Victims Only) | POCSO Act (Total a+b+c+d+e),pocso_girls,2907
2024,Assam,Protection of Children from Sexual Violence Act (Girl Child Victims Only) | a) POCSO Act Sec. 4 & 6,pocso_penetrative,2187
2024,Assam,Protection of Children from Sexual Violence Act (Girl Child Victims Only) | b) POCSO Act Sec. 8 & 10,pocso_sexual_assault,506
2024,Assam,Protection of Children from Sexual Violence Act (Girl Child Victims Only) | c) POCSO Act Sec. 12,pocso_harassment,177
2024,Assam,Protection of Children from Sexual Violence Act (Girl Child Victims Only) | d) POCSO Act Sec. 14 & 15,pocso_pornography,18
2024,Assam,"Indecent Representation of Women (Prohibition) Act, 1986",indecent_rep,0
2024,Assam,Total SLL Crimes against Women,total_sll,3126
2024,Assam,Total Crime against Women (IPC/BNS + SLL Crimes),total,10546
2024,Bihar,"Rape (Sec 64-68,70-71 BNS/Sec.376 IPC) | Rape (Total a+b)",rape,1165
2024,Bihar,"Rape (Sec 64-68,70-71 BNS/Sec.376 IPC) | b) Girls (Below 18 Years)",rape_minor,1
2024,Bihar,"Murder with Rape/Gang Rape (Sec 103 r/w Sec 64-68,70-71 BNS/ Sec 302 r/w 376 IPC)",murder_rape,9
2024,Bihar,Attempt to commit Rape (Sec. 64 r/w 62 BNS/Sec.376 r/w 511 IPC) | Attempt to commit Rape (Total a+b),attempt_rape,45
2024,Bihar,Attempt to commit Rape (Sec 64 r/w 62 BNS/Sec.376 r/w 511 IPC) | b) Girls (Below 18 Years),attempt_rape_minor,1
2024,Bihar,"Assault on women to outrage modesty, incl. 354A-D (BNS 74-78, summed)",assault,418
2024,Bihar,Assault on Women with intent to outrage her Modesty (Sec 74 BNS/Sec.354 IPC) | b) Girls (Below 18 Years),assault_minor,0
2024,Bihar,Sexual Harassment (Sec. 75 BNS/Sec.354A IPC) | Sexual Harassment (Total a+b),sexual_harassment,62
2024,Bihar,Assault or Use of Criminal Force with intent to disrobe (Sec. 76 BNS/Sec. 354B IPC) | Assault or Use of Criminal Force with intent to disrobe (Total a+b),disrobe,70
2024,Bihar,Voyeurism (Sec. 77 BNS/Sec. 354C IPC) | Voyeurism (Total a+b),voyeurism,4
2024,Bihar,Stalking (Sec. 78 BNS/Sec. 354D IPC) | Stalking (Total a+b),stalking,57
2024,Bihar,Insult to the Modesty of Women (Sec. 79 BNS/Sec. 509 IPC) | Insult to the Modesty of Women (Total a+b),insult,20
2024,Bihar,Insult to the Modesty of Women (Sec 79 BNS/Sec 509 IPC) | b) Girls (Below 18 Years),insult_minor,3
2024,Bihar,Dowry Deaths (Sec 80 BNS /Sec 304B IPC),dowry,1078
2024,Bihar,Cruelty by Husband or his relatives (Sec 85 BNS/Sec 498-A IPC),cruelty,1841
2024,Bihar,Kidnapping or abducting or inducing Women to compel her for marriage (Sec. 87 BNS/Sec. 366 IPC) | b) Girls (Below 18 Years,kidnap_marriage_girls,6214
2024,Bihar,Procuration of Minor Girls (Sec 96 BNS//Sec 366A IPC),procuration_minor_girls,5
2024,Bihar,Selling of Girls for Prostitution (Sec 98 BNS/Sec 372 IPC),selling_minor_girls,3
2024,Bihar,Buying of Girls for Prostitution (Sec 99 BNS/Sec 373 IPC),buying_minor_girls,2
2024,Bihar,Abetment to suicides of women (u/s 107/108 BNS/Sec 305/306 IPC),abetment_suicide,6
2024,Bihar,Acid Attack (Sec 124(1) BNS/Sec 326A IPC),acid_attack,10
2024,Bihar,Attempt to Acid Attack (Sec 124(2) BNS/Sec 326B IPC),attempt_acid_attack,0
2024,Bihar,Kidnapping & Abduction of Women | Kidnapping & Abduction of Women (Total a+b+c+d+e),kidnap,3902
2024,Bihar,Kidnapping & Abduction of Women | d) Importation of Girls from Foreign Country (Sec. 141 BNS/Sec. 366-B IPC),import,0
2024,Bihar,Total IPC/BNS Crimes against Women,total_ipc,20951
2024,Bihar,"Dowry Prohibition Act, 1961",dowry_act,3780
2024,Bihar,Immoral Traffic (Prevention) Act 1956 (Women Victim Cases only) | Immoral Traffic (Prevention) Act (Total a+b+c+d+e),itpa,42
2024,Bihar,"Protection of Women from Domestic Violence Act, 2005",dv_act,0
2024,Bihar,Cyber Crimes/Information Technology Act (Women Centric Crimes Only) | Cyber Crimes/Information Technology Act (Total a+b),cyber,122
2024,Bihar,Protection of Children from Sexual Violence Act (Girl Child Victims Only) | POCSO Act (Total a+b+c+d+e),pocso_girls,2464
2024,Bihar,Protection of Children from Sexual Violence Act (Girl Child Victims Only) | a) POCSO Act Sec. 4 & 6,pocso_penetrative,1028
2024,Bihar,Protection of Children from Sexual Violence Act (Girl Child Victims Only) | b) POCSO Act Sec. 8 & 10,pocso_sexual_assault,1064
2024,Bihar,Protection of Children from Sexual Violence Act (Girl Child Victims Only) | c) POCSO Act Sec. 12,pocso_harassment,190
2024,Bihar,Protection of Children from Sexual Violence Act (Girl Child Victims Only) | d) POCSO Act Sec. 14 & 15,pocso_pornography,178
2024,Bihar,"Indecent Representation of Women (Prohibition) Act, 1986",indecent_rep,0
2024,Bihar,Total SLL Crimes against Women,total_sll,6408
2024,Bihar,Total Crime against Women (IPC/BNS + SLL Crimes),total,27359
2024,Chandigarh,"Rape (Sec 64-68,70-71 BNS/Sec.376 IPC) | Rape (Total a+b)",rape,96
2024,Chandigarh,"Rape (Sec 64-68,70-71 BNS/Sec.376 IPC) | b) Girls (Below 18 Years)",rape_minor,47
2024,Chandigarh,"Murder with Rape/Gang Rape (Sec 103 r/w Sec 64-68,70-71 BNS/ Sec 302 r/w 376 IPC)",murder_rape,1
2024,Chandigarh,Attempt to commit Rape (Sec. 64 r/w 62 BNS/Sec.376 r/w 511 IPC) | Attempt to commit Rape (Total a+b),attempt_rape,2
2024,Chandigarh,Attempt to commit Rape (Sec 64 r/w 62 BNS/Sec.376 r/w 511 IPC) | b) Girls (Below 18 Years),attempt_rape_minor,1
2024,Chandigarh,"Assault on women to outrage modesty, incl. 354A-D (BNS 74-78, summed)",assault,31
2024,Chandigarh,Assault on Women with intent to outrage her Modesty (Sec 74 BNS/Sec.354 IPC) | b) Girls (Below 18 Years),assault_minor,0
2024,Chandigarh,Sexual Harassment (Sec. 75 BNS/Sec.354A IPC) | Sexual Harassment (Total a+b),sexual_harassment,12
2024,Chandigarh,Assault or Use of Criminal Force with intent to disrobe (Sec. 76 BNS/Sec. 354B IPC) | Assault or Use of Criminal Force with intent to disrobe (Total a+b),disrobe,1
2024,Chandigarh,Voyeurism (Sec. 77 BNS/Sec. 354C IPC) | Voyeurism (Total a+b),voyeurism,6
2024,Chandigarh,Stalking (Sec. 78 BNS/Sec. 354D IPC) | Stalking (Total a+b),stalking,5
2024,Chandigarh,Insult to the Modesty of Women (Sec. 79 BNS/Sec. 509 IPC) | Insult to the Modesty of Women (Total a+b),insult,7
2024,Chandigarh,Insult to the Modesty of Women (Sec 79 BNS/Sec 509 IPC) | b) Girls (Below 18 Years),insult_minor,0
2024,Chandigarh,Dowry Deaths (Sec 80 BNS /Sec 304B IPC),dowry,3
2024,Chandigarh,Cruelty by Husband or his relatives (Sec 85 BNS/Sec 498-A IPC),cruelty,162
2024,Chandigarh,Kidnapping or abducting or inducing Women to compel her for marriage (Sec. 87 BNS/Sec. 366 IPC) | b) Girls (Below 18 Years,kidnap_marriage_girls,3
2024,Chandigarh,Procuration of Minor Girls (Sec 96 BNS//Sec 366A IPC),procuration_minor_girls,1
2024,Chandigarh,Selling of Girls for Prostitution (Sec 98 BNS/Sec 372 IPC),selling_minor_girls,0
2024,Chandigarh,Buying of Girls for Prostitution (Sec 99 BNS/Sec 373 IPC),buying_minor_girls,0
2024,Chandigarh,Abetment to suicides of women (u/s 107/108 BNS/Sec 305/306 IPC),abetment_suicide,0
2024,Chandigarh,Acid Attack (Sec 124(1) BNS/Sec 326A IPC),acid_attack,0
2024,Chandigarh,Attempt to Acid Attack (Sec 124(2) BNS/Sec 326B IPC),attempt_acid_attack,0
2024,Chandigarh,Kidnapping & Abduction of Women | Kidnapping & Abduction of Women (Total a+b+c+d+e),kidnap,138
2024,Chandigarh,Kidnapping & Abduction of Women | d) Importation of Girls from Foreign Country (Sec. 141 BNS/Sec. 366-B IPC),import,0
2024,Chandigarh,Total IPC/BNS Crimes against Women,total_ipc,444
2024,Chandigarh,"Dowry Prohibition Act, 1961",dowry_act,0
2024,Chandigarh,Immoral Traffic (Prevention) Act 1956 (Women Victim Cases only) | Immoral Traffic (Prevention) Act (Total a+b+c+d+e),itpa,2
2024,Chandigarh,"Protection of Women from Domestic Violence Act, 2005",dv_act,0
2024,Chandigarh,Cyber Crimes/Information Technology Act (Women Centric Crimes Only) | Cyber Crimes/Information Technology Act (Total a+b),cyber,4
2024,Chandigarh,Protection of Children from Sexual Violence Act (Girl Child Victims Only) | POCSO Act (Total a+b+c+d+e),pocso_girls,2
2024,Chandigarh,Protection of Children from Sexual Violence Act (Girl Child Victims Only) | a) POCSO Act Sec. 4 & 6,pocso_penetrative,0
2024,Chandigarh,Protection of Children from Sexual Violence Act (Girl Child Victims Only) | b) POCSO Act Sec. 8 & 10,pocso_sexual_assault,2
2024,Chandigarh,Protection of Children from Sexual Violence Act (Girl Child Victims Only) | c) POCSO Act Sec. 12,pocso_harassment,0
2024,Chandigarh,Protection of Children from Sexual Violence Act (Girl Child Victims Only) | d) POCSO Act Sec. 14 & 15,pocso_pornography,0
2024,Chandigarh,"Indecent Representation of Women (Prohibition) Act, 1986",indecent_rep,0
2024,Chandigarh,Total SLL Crimes against Women,total_sll,8
2024,Chandigarh,Total Crime against Women (IPC/BNS + SLL Crimes),total,452
2024,Chhattisgarh,"Rape (Sec 64-68,70-71 BNS/Sec.376 IPC) | Rape (Total a+b)",rape,1171
2024,Chhattisgarh,"Rape (Sec 64-68,70-71 BNS/Sec.376 IPC) | b) Girls (Below 18 Years)",rape_minor,0
2024,Chhattisgarh,"Murder with Rape/Gang Rape (Sec 103 r/w Sec 64-68,70-71 BNS/ Sec 302 r/w 376 IPC)",murder_rape,5
2024,Chhattisgarh,Attempt to commit Rape (Sec. 64 r/w 62 BNS/Sec.376 r/w 511 IPC) | Attempt to commit Rape (Total a+b),attempt_rape,5
2024,Chhattisgarh,Attempt to commit Rape (Sec 64 r/w 62 BNS/Sec.376 r/w 511 IPC) | b) Girls (Below 18 Years),attempt_rape_minor,0
2024,Chhattisgarh,"Assault on women to outrage modesty, incl. 354A-D (BNS 74-78, summed)",assault,1000
2024,Chhattisgarh,Assault on Women with intent to outrage her Modesty (Sec 74 BNS/Sec.354 IPC) | b) Girls (Below 18 Years),assault_minor,8
2024,Chhattisgarh,Sexual Harassment (Sec. 75 BNS/Sec.354A IPC) | Sexual Harassment (Total a+b),sexual_harassment,115
2024,Chhattisgarh,Assault or Use of Criminal Force with intent to disrobe (Sec. 76 BNS/Sec. 354B IPC) | Assault or Use of Criminal Force with intent to disrobe (Total a+b),disrobe,38
2024,Chhattisgarh,Voyeurism (Sec. 77 BNS/Sec. 354C IPC) | Voyeurism (Total a+b),voyeurism,6
2024,Chhattisgarh,Stalking (Sec. 78 BNS/Sec. 354D IPC) | Stalking (Total a+b),stalking,60
2024,Chhattisgarh,Insult to the Modesty of Women (Sec. 79 BNS/Sec. 509 IPC) | Insult to the Modesty of Women (Total a+b),insult,249
2024,Chhattisgarh,Insult to the Modesty of Women (Sec 79 BNS/Sec 509 IPC) | b) Girls (Below 18 Years),insult_minor,4
2024,Chhattisgarh,Dowry Deaths (Sec 80 BNS /Sec 304B IPC),dowry,54
2024,Chhattisgarh,Cruelty by Husband or his relatives (Sec 85 BNS/Sec 498-A IPC),cruelty,623
2024,Chhattisgarh,Kidnapping or abducting or inducing Women to compel her for marriage (Sec. 87 BNS/Sec. 366 IPC) | b) Girls (Below 18 Years,kidnap_marriage_girls,11
2024,Chhattisgarh,Procuration of Minor Girls (Sec 96 BNS//Sec 366A IPC),procuration_minor_girls,2
2024,Chhattisgarh,Selling of Girls for Prostitution (Sec 98 BNS/Sec 372 IPC),selling_minor_girls,0
2024,Chhattisgarh,Buying of Girls for Prostitution (Sec 99 BNS/Sec 373 IPC),buying_minor_girls,0
2024,Chhattisgarh,Abetment to suicides of women (u/s 107/108 BNS/Sec 305/306 IPC),abetment_suicide,118
2024,Chhattisgarh,Acid Attack (Sec 124(1) BNS/Sec 326A IPC),acid_attack,1
2024,Chhattisgarh,Attempt to Acid Attack (Sec 124(2) BNS/Sec 326B IPC),attempt_acid_attack,0
2024,Chhattisgarh,Kidnapping & Abduction of Women | Kidnapping & Abduction of Women (Total a+b+c+d+e),kidnap,2822
2024,Chhattisgarh,Kidnapping & Abduction of Women | d) Importation of Girls from Foreign Country (Sec. 141 BNS/Sec. 366-B IPC),import,0
2024,Chhattisgarh,Total IPC/BNS Crimes against Women,total_ipc,6100
2024,Chhattisgarh,"Dowry Prohibition Act, 1961",dowry_act,1
2024,Chhattisgarh,Immoral Traffic (Prevention) Act 1956 (Women Victim Cases only) | Immoral Traffic (Prevention) Act (Total a+b+c+d+e),itpa,3
2024,Chhattisgarh,"Protection of Women from Domestic Violence Act, 2005",dv_act,0
2024,Chhattisgarh,Cyber Crimes/Information Technology Act (Women Centric Crimes Only) | Cyber Crimes/Information Technology Act (Total a+b),cyber,292
2024,Chhattisgarh,Protection of Children from Sexual Violence Act (Girl Child Victims Only) | POCSO Act (Total a+b+c+d+e),pocso_girls,2205
2024,Chhattisgarh,Protection of Children from Sexual Violence Act (Girl Child Victims Only) | a) POCSO Act Sec. 4 & 6,pocso_penetrative,1764
2024,Chhattisgarh,Protection of Children from Sexual Violence Act (Girl Child Victims Only) | b) POCSO Act Sec. 8 & 10,pocso_sexual_assault,404
2024,Chhattisgarh,Protection of Children from Sexual Violence Act (Girl Child Victims Only) | c) POCSO Act Sec. 12,pocso_harassment,34
2024,Chhattisgarh,Protection of Children from Sexual Violence Act (Girl Child Victims Only) | d) POCSO Act Sec. 14 & 15,pocso_pornography,0
2024,Chhattisgarh,"Indecent Representation of Women (Prohibition) Act, 1986",indecent_rep,0
2024,Chhattisgarh,Total SLL Crimes against Women,total_sll,2501
2024,Chhattisgarh,Total Crime against Women (IPC/BNS + SLL Crimes),total,8601
2024,Dadra & Nagar Haveli and Daman & Diu,"Rape (Sec 64-68,70-71 BNS/Sec.376 IPC) | Rape (Total a+b)",rape,11
2024,Dadra & Nagar Haveli and Daman & Diu,"Rape (Sec 64-68,70-71 BNS/Sec.376 IPC) | b) Girls (Below 18 Years)",rape_minor,6
2024,Dadra & Nagar Haveli and Daman & Diu,"Murder with Rape/Gang Rape (Sec 103 r/w Sec 64-68,70-71 BNS/ Sec 302 r/w 376 IPC)",murder_rape,0
2024,Dadra & Nagar Haveli and Daman & Diu,Attempt to commit Rape (Sec. 64 r/w 62 BNS/Sec.376 r/w 511 IPC) | Attempt to commit Rape (Total a+b),attempt_rape,0
2024,Dadra & Nagar Haveli and Daman & Diu,Attempt to commit Rape (Sec 64 r/w 62 BNS/Sec.376 r/w 511 IPC) | b) Girls (Below 18 Years),attempt_rape_minor,0
2024,Dadra & Nagar Haveli and Daman & Diu,"Assault on women to outrage modesty, incl. 354A-D (BNS 74-78, summed)",assault,6
2024,Dadra & Nagar Haveli and Daman & Diu,Assault on Women with intent to outrage her Modesty (Sec 74 BNS/Sec.354 IPC) | b) Girls (Below 18 Years),assault_minor,1
2024,Dadra & Nagar Haveli and Daman & Diu,Sexual Harassment (Sec. 75 BNS/Sec.354A IPC) | Sexual Harassment (Total a+b),sexual_harassment,3
2024,Dadra & Nagar Haveli and Daman & Diu,Assault or Use of Criminal Force with intent to disrobe (Sec. 76 BNS/Sec. 354B IPC) | Assault or Use of Criminal Force with intent to disrobe (Total a+b),disrobe,0
2024,Dadra & Nagar Haveli and Daman & Diu,Voyeurism (Sec. 77 BNS/Sec. 354C IPC) | Voyeurism (Total a+b),voyeurism,0
2024,Dadra & Nagar Haveli and Daman & Diu,Stalking (Sec. 78 BNS/Sec. 354D IPC) | Stalking (Total a+b),stalking,0
2024,Dadra & Nagar Haveli and Daman & Diu,Insult to the Modesty of Women (Sec. 79 BNS/Sec. 509 IPC) | Insult to the Modesty of Women (Total a+b),insult,3
2024,Dadra & Nagar Haveli and Daman & Diu,Insult to the Modesty of Women (Sec 79 BNS/Sec 509 IPC) | b) Girls (Below 18 Years),insult_minor,0
2024,Dadra & Nagar Haveli and Daman & Diu,Dowry Deaths (Sec 80 BNS /Sec 304B IPC),dowry,0
2024,Dadra & Nagar Haveli and Daman & Diu,Cruelty by Husband or his relatives (Sec 85 BNS/Sec 498-A IPC),cruelty,3
2024,Dadra & Nagar Haveli and Daman & Diu,Kidnapping or abducting or inducing Women to compel her for marriage (Sec. 87 BNS/Sec. 366 IPC) | b) Girls (Below 18 Years,kidnap_marriage_girls,0
2024,Dadra & Nagar Haveli and Daman & Diu,Procuration of Minor Girls (Sec 96 BNS//Sec 366A IPC),procuration_minor_girls,0
2024,Dadra & Nagar Haveli and Daman & Diu,Selling of Girls for Prostitution (Sec 98 BNS/Sec 372 IPC),selling_minor_girls,0
2024,Dadra & Nagar Haveli and Daman & Diu,Buying of Girls for Prostitution (Sec 99 BNS/Sec 373 IPC),buying_minor_girls,0
2024,Dadra & Nagar Haveli and Daman & Diu,Abetment to suicides of women (u/s 107/108 BNS/Sec 305/306 IPC),abetment_suicide,1
2024,Dadra & Nagar Haveli and Daman & Diu,Acid Attack (Sec 124(1) BNS/Sec 326A IPC),acid_attack,0
2024,Dadra & Nagar Haveli and Daman & Diu,Attempt to Acid Attack (Sec 124(2) BNS/Sec 326B IPC),attempt_acid_attack,0
2024,Dadra & Nagar Haveli and Daman & Diu,Kidnapping & Abduction of Women | Kidnapping & Abduction of Women (Total a+b+c+d+e),kidnap,32
2024,Dadra & Nagar Haveli and Daman & Diu,Kidnapping & Abduction of Women | d) Importation of Girls from Foreign Country (Sec. 141 BNS/Sec. 366-B IPC),import,0
2024,Dadra & Nagar Haveli and Daman & Diu,Total IPC/BNS Crimes against Women,total_ipc,57
2024,Dadra & Nagar Haveli and Daman & Diu,"Dowry Prohibition Act, 1961",dowry_act,0
2024,Dadra & Nagar Haveli and Daman & Diu,Immoral Traffic (Prevention) Act 1956 (Women Victim Cases only) | Immoral Traffic (Prevention) Act (Total a+b+c+d+e),itpa,0
2024,Dadra & Nagar Haveli and Daman & Diu,"Protection of Women from Domestic Violence Act, 2005",dv_act,0
2024,Dadra & Nagar Haveli and Daman & Diu,Cyber Crimes/Information Technology Act (Women Centric Crimes Only) | Cyber Crimes/Information Technology Act (Total a+b),cyber,1
2024,Dadra & Nagar Haveli and Daman & Diu,Protection of Children from Sexual Violence Act (Girl Child Victims Only) | POCSO Act (Total a+b+c+d+e),pocso_girls,28
2024,Dadra & Nagar Haveli and Daman & Diu,Protection of Children from Sexual Violence Act (Girl Child Victims Only) | a) POCSO Act Sec. 4 & 6,pocso_penetrative,22
2024,Dadra & Nagar Haveli and Daman & Diu,Protection of Children from Sexual Violence Act (Girl Child Victims Only) | b) POCSO Act Sec. 8 & 10,pocso_sexual_assault,3
2024,Dadra & Nagar Haveli and Daman & Diu,Protection of Children from Sexual Violence Act (Girl Child Victims Only) | c) POCSO Act Sec. 12,pocso_harassment,2
2024,Dadra & Nagar Haveli and Daman & Diu,Protection of Children from Sexual Violence Act (Girl Child Victims Only) | d) POCSO Act Sec. 14 & 15,pocso_pornography,1
2024,Dadra & Nagar Haveli and Daman & Diu,"Indecent Representation of Women (Prohibition) Act, 1986",indecent_rep,0
2024,Dadra & Nagar Haveli and Daman & Diu,Total SLL Crimes against Women,total_sll,29
2024,Dadra & Nagar Haveli and Daman & Diu,Total Crime against Women (IPC/BNS + SLL Crimes),total,86
2024,Delhi,"Rape (Sec 64-68,70-71 BNS/Sec.376 IPC) | Rape (Total a+b)",rape,1058
2024,Delhi,"Rape (Sec 64-68,70-71 BNS/Sec.376 IPC) | b) Girls (Below 18 Years)",rape_minor,0
2024,Delhi,"Murder with Rape/Gang Rape (Sec 103 r/w Sec 64-68,70-71 BNS/ Sec 302 r/w 376 IPC)",murder_rape,6
2024,Delhi,Attempt to commit Rape (Sec. 64 r/w 62 BNS/Sec.376 r/w 511 IPC) | Attempt to commit Rape (Total a+b),attempt_rape,1
2024,Delhi,Attempt to commit Rape (Sec 64 r/w 62 BNS/Sec.376 r/w 511 IPC) | b) Girls (Below 18 Years),attempt_rape_minor,0
2024,Delhi,"Assault on women to outrage modesty, incl. 354A-D (BNS 74-78, summed)",assault,1566
2024,Delhi,Assault on Women with intent to outrage her Modesty (Sec 74 BNS/Sec.354 IPC) | b) Girls (Below 18 Years),assault_minor,0
2024,Delhi,Sexual Harassment (Sec. 75 BNS/Sec.354A IPC) | Sexual Harassment (Total a+b),sexual_harassment,316
2024,Delhi,Assault or Use of Criminal Force with intent to disrobe (Sec. 76 BNS/Sec. 354B IPC) | Assault or Use of Criminal Force with intent to disrobe (Total a+b),disrobe,279
2024,Delhi,Voyeurism (Sec. 77 BNS/Sec. 354C IPC) | Voyeurism (Total a+b),voyeurism,38
2024,Delhi,Stalking (Sec. 78 BNS/Sec. 354D IPC) | Stalking (Total a+b),stalking,178
2024,Delhi,Insult to the Modesty of Women (Sec. 79 BNS/Sec. 509 IPC) | Insult to the Modesty of Women (Total a+b),insult,350
2024,Delhi,Insult to the Modesty of Women (Sec 79 BNS/Sec 509 IPC) | b) Girls (Below 18 Years),insult_minor,0
2024,Delhi,Dowry Deaths (Sec 80 BNS /Sec 304B IPC),dowry,109
2024,Delhi,Cruelty by Husband or his relatives (Sec 85 BNS/Sec 498-A IPC),cruelty,4647
2024,Delhi,Kidnapping or abducting or inducing Women to compel her for marriage (Sec. 87 BNS/Sec. 366 IPC) | b) Girls (Below 18 Years,kidnap_marriage_girls,4
2024,Delhi,Procuration of Minor Girls (Sec 96 BNS//Sec 366A IPC),procuration_minor_girls,1
2024,Delhi,Selling of Girls for Prostitution (Sec 98 BNS/Sec 372 IPC),selling_minor_girls,0
2024,Delhi,Buying of Girls for Prostitution (Sec 99 BNS/Sec 373 IPC),buying_minor_girls,0
2024,Delhi,Abetment to suicides of women (u/s 107/108 BNS/Sec 305/306 IPC),abetment_suicide,34
2024,Delhi,Acid Attack (Sec 124(1) BNS/Sec 326A IPC),acid_attack,1
2024,Delhi,Attempt to Acid Attack (Sec 124(2) BNS/Sec 326B IPC),attempt_acid_attack,5
2024,Delhi,Kidnapping & Abduction of Women | Kidnapping & Abduction of Women (Total a+b+c+d+e),kidnap,3974
2024,Delhi,Kidnapping & Abduction of Women | d) Importation of Girls from Foreign Country (Sec. 141 BNS/Sec. 366-B IPC),import,0
2024,Delhi,Total IPC/BNS Crimes against Women,total_ipc,11795
2024,Delhi,"Dowry Prohibition Act, 1961",dowry_act,16
2024,Delhi,Immoral Traffic (Prevention) Act 1956 (Women Victim Cases only) | Immoral Traffic (Prevention) Act (Total a+b+c+d+e),itpa,17
2024,Delhi,"Protection of Women from Domestic Violence Act, 2005",dv_act,1
2024,Delhi,Cyber Crimes/Information Technology Act (Women Centric Crimes Only) | Cyber Crimes/Information Technology Act (Total a+b),cyber,78
2024,Delhi,Protection of Children from Sexual Violence Act (Girl Child Victims Only) | POCSO Act (Total a+b+c+d+e),pocso_girls,1489
2024,Delhi,Protection of Children from Sexual Violence Act (Girl Child Victims Only) | a) POCSO Act Sec. 4 & 6,pocso_penetrative,992
2024,Delhi,Protection of Children from Sexual Violence Act (Girl Child Victims Only) | b) POCSO Act Sec. 8 & 10,pocso_sexual_assault,478
2024,Delhi,Protection of Children from Sexual Violence Act (Girl Child Victims Only) | c) POCSO Act Sec. 12,pocso_harassment,18
2024,Delhi,Protection of Children from Sexual Violence Act (Girl Child Victims Only) | d) POCSO Act Sec. 14 & 15,pocso_pornography,1
2024,Delhi,"Indecent Representation of Women (Prohibition) Act, 1986",indecent_rep,0
2024,Delhi,Total SLL Crimes against Women,total_sll,1601
2024,Delhi,Total Crime against Women (IPC/BNS + SLL Crimes),total,13396
2024,Goa,"Rape (Sec 64-68,70-71 BNS/Sec.376 IPC) | Rape (Total a+b)",rape,105
2024,Goa,"Rape (Sec 64-68,70-71 BNS/Sec.376 IPC) | b) Girls (Below 18 Years)",rape_minor,64
2024,Goa,"Murder with Rape/Gang Rape (Sec 103 r/w Sec 64-68,70-71 BNS/ Sec 302 r/w 376 IPC)",murder_rape,1
2024,Goa,Attempt to commit Rape (Sec. 64 r/w 62 BNS/Sec.376 r/w 511 IPC) | Attempt to commit Rape (Total a+b),attempt_rape,1
2024,Goa,Attempt to commit Rape (Sec 64 r/w 62 BNS/Sec.376 r/w 511 IPC) | b) Girls (Below 18 Years),attempt_rape_minor,1
2024,Goa,"Assault on women to outrage modesty, incl. 354A-D (BNS 74-78, summed)",assault,113
2024,Goa,Assault on Women with intent to outrage her Modesty (Sec 74 BNS/Sec.354 IPC) | b) Girls (Below 18 Years),assault_minor,4
2024,Goa,Sexual Harassment (Sec. 75 BNS/Sec.354A IPC) | Sexual Harassment (Total a+b),sexual_harassment,41
2024,Goa,Assault or Use of Criminal Force with intent to disrobe (Sec. 76 BNS/Sec. 354B IPC) | Assault or Use of Criminal Force with intent to disrobe (Total a+b),disrobe,4
2024,Goa,Voyeurism (Sec. 77 BNS/Sec. 354C IPC) | Voyeurism (Total a+b),voyeurism,7
2024,Goa,Stalking (Sec. 78 BNS/Sec. 354D IPC) | Stalking (Total a+b),stalking,19
2024,Goa,Insult to the Modesty of Women (Sec. 79 BNS/Sec. 509 IPC) | Insult to the Modesty of Women (Total a+b),insult,47
2024,Goa,Insult to the Modesty of Women (Sec 79 BNS/Sec 509 IPC) | b) Girls (Below 18 Years),insult_minor,3
2024,Goa,Dowry Deaths (Sec 80 BNS /Sec 304B IPC),dowry,2
2024,Goa,Cruelty by Husband or his relatives (Sec 85 BNS/Sec 498-A IPC),cruelty,3
2024,Goa,Kidnapping or abducting or inducing Women to compel her for marriage (Sec. 87 BNS/Sec. 366 IPC) | b) Girls (Below 18 Years,kidnap_marriage_girls,0
2024,Goa,Procuration of Minor Girls (Sec 96 BNS//Sec 366A IPC),procuration_minor_girls,0
2024,Goa,Selling of Girls for Prostitution (Sec 98 BNS/Sec 372 IPC),selling_minor_girls,0
2024,Goa,Buying of Girls for Prostitution (Sec 99 BNS/Sec 373 IPC),buying_minor_girls,0
2024,Goa,Abetment to suicides of women (u/s 107/108 BNS/Sec 305/306 IPC),abetment_suicide,2
2024,Goa,Acid Attack (Sec 124(1) BNS/Sec 326A IPC),acid_attack,0
2024,Goa,Attempt to Acid Attack (Sec 124(2) BNS/Sec 326B IPC),attempt_acid_attack,0
2024,Goa,Kidnapping & Abduction of Women | Kidnapping & Abduction of Women (Total a+b+c+d+e),kidnap,71
2024,Goa,Kidnapping & Abduction of Women | d) Importation of Girls from Foreign Country (Sec. 141 BNS/Sec. 366-B IPC),import,0
2024,Goa,Total IPC/BNS Crimes against Women,total_ipc,348
2024,Goa,"Dowry Prohibition Act, 1961",dowry_act,0
2024,Goa,Immoral Traffic (Prevention) Act 1956 (Women Victim Cases only) | Immoral Traffic (Prevention) Act (Total a+b+c+d+e),itpa,2
2024,Goa,"Protection of Women from Domestic Violence Act, 2005",dv_act,0
2024,Goa,Cyber Crimes/Information Technology Act (Women Centric Crimes Only) | Cyber Crimes/Information Technology Act (Total a+b),cyber,6
2024,Goa,Protection of Children from Sexual Violence Act (Girl Child Victims Only) | POCSO Act (Total a+b+c+d+e),pocso_girls,0
2024,Goa,Protection of Children from Sexual Violence Act (Girl Child Victims Only) | a) POCSO Act Sec. 4 & 6,pocso_penetrative,0
2024,Goa,Protection of Children from Sexual Violence Act (Girl Child Victims Only) | b) POCSO Act Sec. 8 & 10,pocso_sexual_assault,0
2024,Goa,Protection of Children from Sexual Violence Act (Girl Child Victims Only) | c) POCSO Act Sec. 12,pocso_harassment,0
2024,Goa,Protection of Children from Sexual Violence Act (Girl Child Victims Only) | d) POCSO Act Sec. 14 & 15,pocso_pornography,0
2024,Goa,"Indecent Representation of Women (Prohibition) Act, 1986",indecent_rep,0
2024,Goa,Total SLL Crimes against Women,total_sll,8
2024,Goa,Total Crime against Women (IPC/BNS + SLL Crimes),total,356
2024,Gujarat,"Rape (Sec 64-68,70-71 BNS/Sec.376 IPC) | Rape (Total a+b)",rape,661
2024,Gujarat,"Rape (Sec 64-68,70-71 BNS/Sec.376 IPC) | b) Girls (Below 18 Years)",rape_minor,6
2024,Gujarat,"Murder with Rape/Gang Rape (Sec 103 r/w Sec 64-68,70-71 BNS/ Sec 302 r/w 376 IPC)",murder_rape,5
2024,Gujarat,Attempt to commit Rape (Sec. 64 r/w 62 BNS/Sec.376 r/w 511 IPC) | Attempt to commit Rape (Total a+b),attempt_rape,0
2024,Gujarat,Attempt to commit Rape (Sec 64 r/w 62 BNS/Sec.376 r/w 511 IPC) | b) Girls (Below 18 Years),attempt_rape_minor,0
2024,Gujarat,"Assault on women to outrage modesty, incl. 354A-D (BNS 74-78, summed)",assault,721
2024,Gujarat,Assault on Women with intent to outrage her Modesty (Sec 74 BNS/Sec.354 IPC) | b) Girls (Below 18 Years),assault_minor,5
2024,Gujarat,Sexual Harassment (Sec. 75 BNS/Sec.354A IPC) | Sexual Harassment (Total a+b),sexual_harassment,311
2024,Gujarat,Assault or Use of Criminal Force with intent to disrobe (Sec. 76 BNS/Sec. 354B IPC) | Assault or Use of Criminal Force with intent to disrobe (Total a+b),disrobe,51
2024,Gujarat,Voyeurism (Sec. 77 BNS/Sec. 354C IPC) | Voyeurism (Total a+b),voyeurism,24
2024,Gujarat,Stalking (Sec. 78 BNS/Sec. 354D IPC) | Stalking (Total a+b),stalking,108
2024,Gujarat,Insult to the Modesty of Women (Sec. 79 BNS/Sec. 509 IPC) | Insult to the Modesty of Women (Total a+b),insult,16
2024,Gujarat,Insult to the Modesty of Women (Sec 79 BNS/Sec 509 IPC) | b) Girls (Below 18 Years),insult_minor,1
2024,Gujarat,Dowry Deaths (Sec 80 BNS /Sec 304B IPC),dowry,16
2024,Gujarat,Cruelty by Husband or his relatives (Sec 85 BNS/Sec 498-A IPC),cruelty,1926
2024,Gujarat,Kidnapping or abducting or inducing Women to compel her for marriage (Sec. 87 BNS/Sec. 366 IPC) | b) Girls (Below 18 Years,kidnap_marriage_girls,422
2024,Gujarat,Procuration of Minor Girls (Sec 96 BNS//Sec 366A IPC),procuration_minor_girls,0
2024,Gujarat,Selling of Girls for Prostitution (Sec 98 BNS/Sec 372 IPC),selling_minor_girls,0
2024,Gujarat,Buying of Girls for Prostitution (Sec 99 BNS/Sec 373 IPC),buying_minor_girls,0
2024,Gujarat,Abetment to suicides of women (u/s 107/108 BNS/Sec 305/306 IPC),abetment_suicide,248
2024,Gujarat,Acid Attack (Sec 124(1) BNS/Sec 326A IPC),acid_attack,5
2024,Gujarat,Attempt to Acid Attack (Sec 124(2) BNS/Sec 326B IPC),attempt_acid_attack,1
2024,Gujarat,Kidnapping & Abduction of Women | Kidnapping & Abduction of Women (Total a+b+c+d+e),kidnap,715
2024,Gujarat,Kidnapping & Abduction of Women | d) Importation of Girls from Foreign Country (Sec. 141 BNS/Sec. 366-B IPC),import,0
2024,Gujarat,Total IPC/BNS Crimes against Women,total_ipc,4820
2024,Gujarat,"Dowry Prohibition Act, 1961",dowry_act,1
2024,Gujarat,Immoral Traffic (Prevention) Act 1956 (Women Victim Cases only) | Immoral Traffic (Prevention) Act (Total a+b+c+d+e),itpa,36
2024,Gujarat,"Protection of Women from Domestic Violence Act, 2005",dv_act,1
2024,Gujarat,Cyber Crimes/Information Technology Act (Women Centric Crimes Only) | Cyber Crimes/Information Technology Act (Total a+b),cyber,74
2024,Gujarat,Protection of Children from Sexual Violence Act (Girl Child Victims Only) | POCSO Act (Total a+b+c+d+e),pocso_girls,2673
2024,Gujarat,Protection of Children from Sexual Violence Act (Girl Child Victims Only) | a) POCSO Act Sec. 4 & 6,pocso_penetrative,2436
2024,Gujarat,Protection of Children from Sexual Violence Act (Girl Child Victims Only) | b) POCSO Act Sec. 8 & 10,pocso_sexual_assault,202
2024,Gujarat,Protection of Children from Sexual Violence Act (Girl Child Victims Only) | c) POCSO Act Sec. 12,pocso_harassment,31
2024,Gujarat,Protection of Children from Sexual Violence Act (Girl Child Victims Only) | d) POCSO Act Sec. 14 & 15,pocso_pornography,2
2024,Gujarat,"Indecent Representation of Women (Prohibition) Act, 1986",indecent_rep,1
2024,Gujarat,Total SLL Crimes against Women,total_sll,2786
2024,Gujarat,Total Crime against Women (IPC/BNS + SLL Crimes),total,7606
2024,Haryana,"Rape (Sec 64-68,70-71 BNS/Sec.376 IPC) | Rape (Total a+b)",rape,1391
2024,Haryana,"Rape (Sec 64-68,70-71 BNS/Sec.376 IPC) | b) Girls (Below 18 Years)",rape_minor,3
2024,Haryana,"Murder with Rape/Gang Rape (Sec 103 r/w Sec 64-68,70-71 BNS/ Sec 302 r/w 376 IPC)",murder_rape,12
2024,Haryana,Attempt to commit Rape (Sec. 64 r/w 62 BNS/Sec.376 r/w 511 IPC) | Attempt to commit Rape (Total a+b),attempt_rape,110
2024,Haryana,Attempt to commit Rape (Sec 64 r/w 62 BNS/Sec.376 r/w 511 IPC) | b) Girls (Below 18 Years),attempt_rape_minor,1
2024,Haryana,"Assault on women to outrage modesty, incl. 354A-D (BNS 74-78, summed)",assault,1408
2024,Haryana,Assault on Women with intent to outrage her Modesty (Sec 74 BNS/Sec.354 IPC) | b) Girls (Below 18 Years),assault_minor,7
2024,Haryana,Sexual Harassment (Sec. 75 BNS/Sec.354A IPC) | Sexual Harassment (Total a+b),sexual_harassment,282
2024,Haryana,Assault or Use of Criminal Force with intent to disrobe (Sec. 76 BNS/Sec. 354B IPC) | Assault or Use of Criminal Force with intent to disrobe (Total a+b),disrobe,267
2024,Haryana,Voyeurism (Sec. 77 BNS/Sec. 354C IPC) | Voyeurism (Total a+b),voyeurism,65
2024,Haryana,Stalking (Sec. 78 BNS/Sec. 354D IPC) | Stalking (Total a+b),stalking,354
2024,Haryana,Insult to the Modesty of Women (Sec. 79 BNS/Sec. 509 IPC) | Insult to the Modesty of Women (Total a+b),insult,390
2024,Haryana,Insult to the Modesty of Women (Sec 79 BNS/Sec 509 IPC) | b) Girls (Below 18 Years),insult_minor,3
2024,Haryana,Dowry Deaths (Sec 80 BNS /Sec 304B IPC),dowry,177
2024,Haryana,Cruelty by Husband or his relatives (Sec 85 BNS/Sec 498-A IPC),cruelty,4422
2024,Haryana,Kidnapping or abducting or inducing Women to compel her for marriage (Sec. 87 BNS/Sec. 366 IPC) | b) Girls (Below 18 Years,kidnap_marriage_girls,241
2024,Haryana,Procuration of Minor Girls (Sec 96 BNS//Sec 366A IPC),procuration_minor_girls,736
2024,Haryana,Selling of Girls for Prostitution (Sec 98 BNS/Sec 372 IPC),selling_minor_girls,0
2024,Haryana,Buying of Girls for Prostitution (Sec 99 BNS/Sec 373 IPC),buying_minor_girls,0
2024,Haryana,Abetment to suicides of women (u/s 107/108 BNS/Sec 305/306 IPC),abetment_suicide,156
2024,Haryana,Acid Attack (Sec 124(1) BNS/Sec 326A IPC),acid_attack,5
2024,Haryana,Attempt to Acid Attack (Sec 124(2) BNS/Sec 326B IPC),attempt_acid_attack,0
2024,Haryana,Kidnapping & Abduction of Women | Kidnapping & Abduction of Women (Total a+b+c+d+e),kidnap,2082
2024,Haryana,Kidnapping & Abduction of Women | d) Importation of Girls from Foreign Country (Sec. 141 BNS/Sec. 366-B IPC),import,0
2024,Haryana,Total IPC/BNS Crimes against Women,total_ipc,11789
2024,Haryana,"Dowry Prohibition Act, 1961",dowry_act,7
2024,Haryana,Immoral Traffic (Prevention) Act 1956 (Women Victim Cases only) | Immoral Traffic (Prevention) Act (Total a+b+c+d+e),itpa,22
2024,Haryana,"Protection of Women from Domestic Violence Act, 2005",dv_act,1
2024,Haryana,Cyber Crimes/Information Technology Act (Women Centric Crimes Only) | Cyber Crimes/Information Technology Act (Total a+b),cyber,99
2024,Haryana,Protection of Children from Sexual Violence Act (Girl Child Victims Only) | POCSO Act (Total a+b+c+d+e),pocso_girls,2026
2024,Haryana,Protection of Children from Sexual Violence Act (Girl Child Victims Only) | a) POCSO Act Sec. 4 & 6,pocso_penetrative,1476
2024,Haryana,Protection of Children from Sexual Violence Act (Girl Child Victims Only) | b) POCSO Act Sec. 8 & 10,pocso_sexual_assault,450
2024,Haryana,Protection of Children from Sexual Violence Act (Girl Child Victims Only) | c) POCSO Act Sec. 12,pocso_harassment,90
2024,Haryana,Protection of Children from Sexual Violence Act (Girl Child Victims Only) | d) POCSO Act Sec. 14 & 15,pocso_pornography,5
2024,Haryana,"Indecent Representation of Women (Prohibition) Act, 1986",indecent_rep,1
2024,Haryana,Total SLL Crimes against Women,total_sll,2156
2024,Haryana,Total Crime against Women (IPC/BNS + SLL Crimes),total,13945
2024,Himachal Pradesh,"Rape (Sec 64-68,70-71 BNS/Sec.376 IPC) | Rape (Total a+b)",rape,324
2024,Himachal Pradesh,"Rape (Sec 64-68,70-71 BNS/Sec.376 IPC) | b) Girls (Below 18 Years)",rape_minor,194
2024,Himachal Pradesh,"Murder with Rape/Gang Rape (Sec 103 r/w Sec 64-68,70-71 BNS/ Sec 302 r/w 376 IPC)",murder_rape,4
2024,Himachal Pradesh,Attempt to commit Rape (Sec. 64 r/w 62 BNS/Sec.376 r/w 511 IPC) | Attempt to commit Rape (Total a+b),attempt_rape,4
2024,Himachal Pradesh,Attempt to commit Rape (Sec 64 r/w 62 BNS/Sec.376 r/w 511 IPC) | b) Girls (Below 18 Years),attempt_rape_minor,1
2024,Himachal Pradesh,"Assault on women to outrage modesty, incl. 354A-D (BNS 74-78, summed)",assault,493
2024,Himachal Pradesh,Assault on Women with intent to outrage her Modesty (Sec 74 BNS/Sec.354 IPC) | b) Girls (Below 18 Years),assault_minor,9
2024,Himachal Pradesh,Sexual Harassment (Sec. 75 BNS/Sec.354A IPC) | Sexual Harassment (Total a+b),sexual_harassment,172
2024,Himachal Pradesh,Assault or Use of Criminal Force with intent to disrobe (Sec. 76 BNS/Sec. 354B IPC) | Assault or Use of Criminal Force with intent to disrobe (Total a+b),disrobe,12
2024,Himachal Pradesh,Voyeurism (Sec. 77 BNS/Sec. 354C IPC) | Voyeurism (Total a+b),voyeurism,11
2024,Himachal Pradesh,Stalking (Sec. 78 BNS/Sec. 354D IPC) | Stalking (Total a+b),stalking,84
2024,Himachal Pradesh,Insult to the Modesty of Women (Sec. 79 BNS/Sec. 509 IPC) | Insult to the Modesty of Women (Total a+b),insult,98
2024,Himachal Pradesh,Insult to the Modesty of Women (Sec 79 BNS/Sec 509 IPC) | b) Girls (Below 18 Years),insult_minor,1
2024,Himachal Pradesh,Dowry Deaths (Sec 80 BNS /Sec 304B IPC),dowry,0
2024,Himachal Pradesh,Cruelty by Husband or his relatives (Sec 85 BNS/Sec 498-A IPC),cruelty,184
2024,Himachal Pradesh,Kidnapping or abducting or inducing Women to compel her for marriage (Sec. 87 BNS/Sec. 366 IPC) | b) Girls (Below 18 Years,kidnap_marriage_girls,90
2024,Himachal Pradesh,Procuration of Minor Girls (Sec 96 BNS//Sec 366A IPC),procuration_minor_girls,0
2024,Himachal Pradesh,Selling of Girls for Prostitution (Sec 98 BNS/Sec 372 IPC),selling_minor_girls,0
2024,Himachal Pradesh,Buying of Girls for Prostitution (Sec 99 BNS/Sec 373 IPC),buying_minor_girls,0
2024,Himachal Pradesh,Abetment to suicides of women (u/s 107/108 BNS/Sec 305/306 IPC),abetment_suicide,51
2024,Himachal Pradesh,Acid Attack (Sec 124(1) BNS/Sec 326A IPC),acid_attack,0
2024,Himachal Pradesh,Attempt to Acid Attack (Sec 124(2) BNS/Sec 326B IPC),attempt_acid_attack,0
2024,Himachal Pradesh,Kidnapping & Abduction of Women | Kidnapping & Abduction of Women (Total a+b+c+d+e),kidnap,306
2024,Himachal Pradesh,Kidnapping & Abduction of Women | d) Importation of Girls from Foreign Country (Sec. 141 BNS/Sec. 366-B IPC),import,0
2024,Himachal Pradesh,Total IPC/BNS Crimes against Women,total_ipc,1567
2024,Himachal Pradesh,"Dowry Prohibition Act, 1961",dowry_act,0
2024,Himachal Pradesh,Immoral Traffic (Prevention) Act 1956 (Women Victim Cases only) | Immoral Traffic (Prevention) Act (Total a+b+c+d+e),itpa,5
2024,Himachal Pradesh,"Protection of Women from Domestic Violence Act, 2005",dv_act,1
2024,Himachal Pradesh,Cyber Crimes/Information Technology Act (Women Centric Crimes Only) | Cyber Crimes/Information Technology Act (Total a+b),cyber,16
2024,Himachal Pradesh,Protection of Children from Sexual Violence Act (Girl Child Victims Only) | POCSO Act (Total a+b+c+d+e),pocso_girls,15
2024,Himachal Pradesh,Protection of Children from Sexual Violence Act (Girl Child Victims Only) | a) POCSO Act Sec. 4 & 6,pocso_penetrative,11
2024,Himachal Pradesh,Protection of Children from Sexual Violence Act (Girl Child Victims Only) | b) POCSO Act Sec. 8 & 10,pocso_sexual_assault,2
2024,Himachal Pradesh,Protection of Children from Sexual Violence Act (Girl Child Victims Only) | c) POCSO Act Sec. 12,pocso_harassment,2
2024,Himachal Pradesh,Protection of Children from Sexual Violence Act (Girl Child Victims Only) | d) POCSO Act Sec. 14 & 15,pocso_pornography,0
2024,Himachal Pradesh,"Indecent Representation of Women (Prohibition) Act, 1986",indecent_rep,1
2024,Himachal Pradesh,Total SLL Crimes against Women,total_sll,38
2024,Himachal Pradesh,Total Crime against Women (IPC/BNS + SLL Crimes),total,1605
2024,Jammu & Kashmir,"Rape (Sec 64-68,70-71 BNS/Sec.376 IPC) | Rape (Total a+b)",rape,261
2024,Jammu & Kashmir,"Rape (Sec 64-68,70-71 BNS/Sec.376 IPC) | b) Girls (Below 18 Years)",rape_minor,9
2024,Jammu & Kashmir,"Murder with Rape/Gang Rape (Sec 103 r/w Sec 64-68,70-71 BNS/ Sec 302 r/w 376 IPC)",murder_rape,0
2024,Jammu & Kashmir,Attempt to commit Rape (Sec. 64 r/w 62 BNS/Sec.376 r/w 511 IPC) | Attempt to commit Rape (Total a+b),attempt_rape,9
2024,Jammu & Kashmir,Attempt to commit Rape (Sec 64 r/w 62 BNS/Sec.376 r/w 511 IPC) | b) Girls (Below 18 Years),attempt_rape_minor,0
2024,Jammu & Kashmir,"Assault on women to outrage modesty, incl. 354A-D (BNS 74-78, summed)",assault,1476
2024,Jammu & Kashmir,Assault on Women with intent to outrage her Modesty (Sec 74 BNS/Sec.354 IPC) | b) Girls (Below 18 Years),assault_minor,1
2024,Jammu & Kashmir,Sexual Harassment (Sec. 75 BNS/Sec.354A IPC) | Sexual Harassment (Total a+b),sexual_harassment,39
2024,Jammu & Kashmir,Assault or Use of Criminal Force with intent to disrobe (Sec. 76 BNS/Sec. 354B IPC) | Assault or Use of Criminal Force with intent to disrobe (Total a+b),disrobe,78
2024,Jammu & Kashmir,Voyeurism (Sec. 77 BNS/Sec. 354C IPC) | Voyeurism (Total a+b),voyeurism,2
2024,Jammu & Kashmir,Stalking (Sec. 78 BNS/Sec. 354D IPC) | Stalking (Total a+b),stalking,13
2024,Jammu & Kashmir,Insult to the Modesty of Women (Sec. 79 BNS/Sec. 509 IPC) | Insult to the Modesty of Women (Total a+b),insult,16
2024,Jammu & Kashmir,Insult to the Modesty of Women (Sec 79 BNS/Sec 509 IPC) | b) Girls (Below 18 Years),insult_minor,0
2024,Jammu & Kashmir,Dowry Deaths (Sec 80 BNS /Sec 304B IPC),dowry,7
2024,Jammu & Kashmir,Cruelty by Husband or his relatives (Sec 85 BNS/Sec 498-A IPC),cruelty,380
2024,Jammu & Kashmir,Kidnapping or abducting or inducing Women to compel her for marriage (Sec. 87 BNS/Sec. 366 IPC) | b) Girls (Below 18 Years,kidnap_marriage_girls,8
2024,Jammu & Kashmir,Procuration of Minor Girls (Sec 96 BNS//Sec 366A IPC),procuration_minor_girls,0
2024,Jammu & Kashmir,Selling of Girls for Prostitution (Sec 98 BNS/Sec 372 IPC),selling_minor_girls,0
2024,Jammu & Kashmir,Buying of Girls for Prostitution (Sec 99 BNS/Sec 373 IPC),buying_minor_girls,0
2024,Jammu & Kashmir,Abetment to suicides of women (u/s 107/108 BNS/Sec 305/306 IPC),abetment_suicide,18
2024,Jammu & Kashmir,Acid Attack (Sec 124(1) BNS/Sec 326A IPC),acid_attack,0
2024,Jammu & Kashmir,Attempt to Acid Attack (Sec 124(2) BNS/Sec 326B IPC),attempt_acid_attack,0
2024,Jammu & Kashmir,Kidnapping & Abduction of Women | Kidnapping & Abduction of Women (Total a+b+c+d+e),kidnap,446
2024,Jammu & Kashmir,Kidnapping & Abduction of Women | d) Importation of Girls from Foreign Country (Sec. 141 BNS/Sec. 366-B IPC),import,0
2024,Jammu & Kashmir,Total IPC/BNS Crimes against Women,total_ipc,3021
2024,Jammu & Kashmir,"Dowry Prohibition Act, 1961",dowry_act,9
2024,Jammu & Kashmir,Immoral Traffic (Prevention) Act 1956 (Women Victim Cases only) | Immoral Traffic (Prevention) Act (Total a+b+c+d+e),itpa,2
2024,Jammu & Kashmir,"Protection of Women from Domestic Violence Act, 2005",dv_act,0
2024,Jammu & Kashmir,Cyber Crimes/Information Technology Act (Women Centric Crimes Only) | Cyber Crimes/Information Technology Act (Total a+b),cyber,34
2024,Jammu & Kashmir,Protection of Children from Sexual Violence Act (Girl Child Victims Only) | POCSO Act (Total a+b+c+d+e),pocso_girls,300
2024,Jammu & Kashmir,Protection of Children from Sexual Violence Act (Girl Child Victims Only) | a) POCSO Act Sec. 4 & 6,pocso_penetrative,222
2024,Jammu & Kashmir,Protection of Children from Sexual Violence Act (Girl Child Victims Only) | b) POCSO Act Sec. 8 & 10,pocso_sexual_assault,64
2024,Jammu & Kashmir,Protection of Children from Sexual Violence Act (Girl Child Victims Only) | c) POCSO Act Sec. 12,pocso_harassment,7
2024,Jammu & Kashmir,Protection of Children from Sexual Violence Act (Girl Child Victims Only) | d) POCSO Act Sec. 14 & 15,pocso_pornography,5
2024,Jammu & Kashmir,"Indecent Representation of Women (Prohibition) Act, 1986",indecent_rep,0
2024,Jammu & Kashmir,Total SLL Crimes against Women,total_sll,345
2024,Jammu & Kashmir,Total Crime against Women (IPC/BNS + SLL Crimes),total,3366
2024,Jharkhand,"Rape (Sec 64-68,70-71 BNS/Sec.376 IPC) | Rape (Total a+b)",rape,1073
2024,Jharkhand,"Rape (Sec 64-68,70-71 BNS/Sec.376 IPC) | b) Girls (Below 18 Years)",rape_minor,81
2024,Jharkhand,"Murder with Rape/Gang Rape (Sec 103 r/w Sec 64-68,70-71 BNS/ Sec 302 r/w 376 IPC)",murder_rape,8
2024,Jharkhand,Attempt to commit Rape (Sec. 64 r/w 62 BNS/Sec.376 r/w 511 IPC) | Attempt to commit Rape (Total a+b),attempt_rape,93
2024,Jharkhand,Attempt to commit Rape (Sec 64 r/w 62 BNS/Sec.376 r/w 511 IPC) | b) Girls (Below 18 Years),attempt_rape_minor,1
2024,Jharkhand,"Assault on women to outrage modesty, incl. 354A-D (BNS 74-78, summed)",assault,1007
2024,Jharkhand,Assault on Women with intent to outrage her Modesty (Sec 74 BNS/Sec.354 IPC) | b) Girls (Below 18 Years),assault_minor,3
2024,Jharkhand,Sexual Harassment (Sec. 75 BNS/Sec.354A IPC) | Sexual Harassment (Total a+b),sexual_harassment,231
2024,Jharkhand,Assault or Use of Criminal Force with intent to disrobe (Sec. 76 BNS/Sec. 354B IPC) | Assault or Use of Criminal Force with intent to disrobe (Total a+b),disrobe,241
2024,Jharkhand,Voyeurism (Sec. 77 BNS/Sec. 354C IPC) | Voyeurism (Total a+b),voyeurism,11
2024,Jharkhand,Stalking (Sec. 78 BNS/Sec. 354D IPC) | Stalking (Total a+b),stalking,68
2024,Jharkhand,Insult to the Modesty of Women (Sec. 79 BNS/Sec. 509 IPC) | Insult to the Modesty of Women (Total a+b),insult,22
2024,Jharkhand,Insult to the Modesty of Women (Sec 79 BNS/Sec 509 IPC) | b) Girls (Below 18 Years),insult_minor,1
2024,Jharkhand,Dowry Deaths (Sec 80 BNS /Sec 304B IPC),dowry,206
2024,Jharkhand,Cruelty by Husband or his relatives (Sec 85 BNS/Sec 498-A IPC),cruelty,582
2024,Jharkhand,Kidnapping or abducting or inducing Women to compel her for marriage (Sec. 87 BNS/Sec. 366 IPC) | b) Girls (Below 18 Years,kidnap_marriage_girls,97
2024,Jharkhand,Procuration of Minor Girls (Sec 96 BNS//Sec 366A IPC),procuration_minor_girls,307
2024,Jharkhand,Selling of Girls for Prostitution (Sec 98 BNS/Sec 372 IPC),selling_minor_girls,3
2024,Jharkhand,Buying of Girls for Prostitution (Sec 99 BNS/Sec 373 IPC),buying_minor_girls,0
2024,Jharkhand,Abetment to suicides of women (u/s 107/108 BNS/Sec 305/306 IPC),abetment_suicide,35
2024,Jharkhand,Acid Attack (Sec 124(1) BNS/Sec 326A IPC),acid_attack,1
2024,Jharkhand,Attempt to Acid Attack (Sec 124(2) BNS/Sec 326B IPC),attempt_acid_attack,0
2024,Jharkhand,Kidnapping & Abduction of Women | Kidnapping & Abduction of Women (Total a+b+c+d+e),kidnap,313
2024,Jharkhand,Kidnapping & Abduction of Women | d) Importation of Girls from Foreign Country (Sec. 141 BNS/Sec. 366-B IPC),import,0
2024,Jharkhand,Total IPC/BNS Crimes against Women,total_ipc,4343
2024,Jharkhand,"Dowry Prohibition Act, 1961",dowry_act,1101
2024,Jharkhand,Immoral Traffic (Prevention) Act 1956 (Women Victim Cases only) | Immoral Traffic (Prevention) Act (Total a+b+c+d+e),itpa,2
2024,Jharkhand,"Protection of Women from Domestic Violence Act, 2005",dv_act,86
2024,Jharkhand,Cyber Crimes/Information Technology Act (Women Centric Crimes Only) | Cyber Crimes/Information Technology Act (Total a+b),cyber,11
2024,Jharkhand,Protection of Children from Sexual Violence Act (Girl Child Victims Only) | POCSO Act (Total a+b+c+d+e),pocso_girls,824
2024,Jharkhand,Protection of Children from Sexual Violence Act (Girl Child Victims Only) | a) POCSO Act Sec. 4 & 6,pocso_penetrative,562
2024,Jharkhand,Protection of Children from Sexual Violence Act (Girl Child Victims Only) | b) POCSO Act Sec. 8 & 10,pocso_sexual_assault,222
2024,Jharkhand,Protection of Children from Sexual Violence Act (Girl Child Victims Only) | c) POCSO Act Sec. 12,pocso_harassment,26
2024,Jharkhand,Protection of Children from Sexual Violence Act (Girl Child Victims Only) | d) POCSO Act Sec. 14 & 15,pocso_pornography,13
2024,Jharkhand,"Indecent Representation of Women (Prohibition) Act, 1986",indecent_rep,0
2024,Jharkhand,Total SLL Crimes against Women,total_sll,2024
2024,Jharkhand,Total Crime against Women (IPC/BNS + SLL Crimes),total,6367
2024,Karnataka,"Rape (Sec 64-68,70-71 BNS/Sec.376 IPC) | Rape (Total a+b)",rape,671
2024,Karnataka,"Rape (Sec 64-68,70-71 BNS/Sec.376 IPC) | b) Girls (Below 18 Years)",rape_minor,7
2024,Karnataka,"Murder with Rape/Gang Rape (Sec 103 r/w Sec 64-68,70-71 BNS/ Sec 302 r/w 376 IPC)",murder_rape,8
2024,Karnataka,Attempt to commit Rape (Sec. 64 r/w 62 BNS/Sec.376 r/w 511 IPC) | Attempt to commit Rape (Total a+b),attempt_rape,10
2024,Karnataka,Attempt to commit Rape (Sec 64 r/w 62 BNS/Sec.376 r/w 511 IPC) | b) Girls (Below 18 Years),attempt_rape_minor,0
2024,Karnataka,"Assault on women to outrage modesty, incl. 354A-D (BNS 74-78, summed)",assault,6602
2024,Karnataka,Assault on Women with intent to outrage her Modesty (Sec 74 BNS/Sec.354 IPC) | b) Girls (Below 18 Years),assault_minor,2
2024,Karnataka,Sexual Harassment (Sec. 75 BNS/Sec.354A IPC) | Sexual Harassment (Total a+b),sexual_harassment,538
2024,Karnataka,Assault or Use of Criminal Force with intent to disrobe (Sec. 76 BNS/Sec. 354B IPC) | Assault or Use of Criminal Force with intent to disrobe (Total a+b),disrobe,1267
2024,Karnataka,Voyeurism (Sec. 77 BNS/Sec. 354C IPC) | Voyeurism (Total a+b),voyeurism,66
2024,Karnataka,Stalking (Sec. 78 BNS/Sec. 354D IPC) | Stalking (Total a+b),stalking,304
2024,Karnataka,Insult to the Modesty of Women (Sec. 79 BNS/Sec. 509 IPC) | Insult to the Modesty of Women (Total a+b),insult,188
2024,Karnataka,Insult to the Modesty of Women (Sec 79 BNS/Sec 509 IPC) | b) Girls (Below 18 Years),insult_minor,0
2024,Karnataka,Dowry Deaths (Sec 80 BNS /Sec 304B IPC),dowry,112
2024,Karnataka,Cruelty by Husband or his relatives (Sec 85 BNS/Sec 498-A IPC),cruelty,2947
2024,Karnataka,Kidnapping or abducting or inducing Women to compel her for marriage (Sec. 87 BNS/Sec. 366 IPC) | b) Girls (Below 18 Years,kidnap_marriage_girls,4
2024,Karnataka,Procuration of Minor Girls (Sec 96 BNS//Sec 366A IPC),procuration_minor_girls,5
2024,Karnataka,Selling of Girls for Prostitution (Sec 98 BNS/Sec 372 IPC),selling_minor_girls,0
2024,Karnataka,Buying of Girls for Prostitution (Sec 99 BNS/Sec 373 IPC),buying_minor_girls,0
2024,Karnataka,Abetment to suicides of women (u/s 107/108 BNS/Sec 305/306 IPC),abetment_suicide,241
2024,Karnataka,Acid Attack (Sec 124(1) BNS/Sec 326A IPC),acid_attack,4
2024,Karnataka,Attempt to Acid Attack (Sec 124(2) BNS/Sec 326B IPC),attempt_acid_attack,1
2024,Karnataka,Kidnapping & Abduction of Women | Kidnapping & Abduction of Women (Total a+b+c+d+e),kidnap,2632
2024,Karnataka,Kidnapping & Abduction of Women | d) Importation of Girls from Foreign Country (Sec. 141 BNS/Sec. 366-B IPC),import,0
2024,Karnataka,Total IPC/BNS Crimes against Women,total_ipc,13469
2024,Karnataka,"Dowry Prohibition Act, 1961",dowry_act,1991
2024,Karnataka,Immoral Traffic (Prevention) Act 1956 (Women Victim Cases only) | Immoral Traffic (Prevention) Act (Total a+b+c+d+e),itpa,252
2024,Karnataka,"Protection of Women from Domestic Violence Act, 2005",dv_act,0
2024,Karnataka,Cyber Crimes/Information Technology Act (Women Centric Crimes Only) | Cyber Crimes/Information Technology Act (Total a+b),cyber,135
2024,Karnataka,Protection of Children from Sexual Violence Act (Girl Child Victims Only) | POCSO Act (Total a+b+c+d+e),pocso_girls,4098
2024,Karnataka,Protection of Children from Sexual Violence Act (Girl Child Victims Only) | a) POCSO Act Sec. 4 & 6,pocso_penetrative,3269
2024,Karnataka,Protection of Children from Sexual Violence Act (Girl Child Victims Only) | b) POCSO Act Sec. 8 & 10,pocso_sexual_assault,556
2024,Karnataka,Protection of Children from Sexual Violence Act (Girl Child Victims Only) | c) POCSO Act Sec. 12,pocso_harassment,255
2024,Karnataka,Protection of Children from Sexual Violence Act (Girl Child Victims Only) | d) POCSO Act Sec. 14 & 15,pocso_pornography,11
2024,Karnataka,"Indecent Representation of Women (Prohibition) Act, 1986",indecent_rep,0
2024,Karnataka,Total SLL Crimes against Women,total_sll,6476
2024,Karnataka,Total Crime against Women (IPC/BNS + SLL Crimes),total,19945
2024,Kerala,"Rape (Sec 64-68,70-71 BNS/Sec.376 IPC) | Rape (Total a+b)",rape,940
2024,Kerala,"Rape (Sec 64-68,70-71 BNS/Sec.376 IPC) | b) Girls (Below 18 Years)",rape_minor,0
2024,Kerala,"Murder with Rape/Gang Rape (Sec 103 r/w Sec 64-68,70-71 BNS/ Sec 302 r/w 376 IPC)",murder_rape,3
2024,Kerala,Attempt to commit Rape (Sec. 64 r/w 62 BNS/Sec.376 r/w 511 IPC) | Attempt to commit Rape (Total a+b),attempt_rape,47
2024,Kerala,Attempt to commit Rape (Sec 64 r/w 62 BNS/Sec.376 r/w 511 IPC) | b) Girls (Below 18 Years),attempt_rape_minor,4
2024,Kerala,"Assault on women to outrage modesty, incl. 354A-D (BNS 74-78, summed)",assault,4125
2024,Kerala,Assault on Women with intent to outrage her Modesty (Sec 74 BNS/Sec.354 IPC) | b) Girls (Below 18 Years),assault_minor,25
2024,Kerala,Sexual Harassment (Sec. 75 BNS/Sec.354A IPC) | Sexual Harassment (Total a+b),sexual_harassment,1160
2024,Kerala,Assault or Use of Criminal Force with intent to disrobe (Sec. 76 BNS/Sec. 354B IPC) | Assault or Use of Criminal Force with intent to disrobe (Total a+b),disrobe,118
2024,Kerala,Voyeurism (Sec. 77 BNS/Sec. 354C IPC) | Voyeurism (Total a+b),voyeurism,95
2024,Kerala,Stalking (Sec. 78 BNS/Sec. 354D IPC) | Stalking (Total a+b),stalking,385
2024,Kerala,Insult to the Modesty of Women (Sec. 79 BNS/Sec. 509 IPC) | Insult to the Modesty of Women (Total a+b),insult,691
2024,Kerala,Insult to the Modesty of Women (Sec 79 BNS/Sec 509 IPC) | b) Girls (Below 18 Years),insult_minor,3
2024,Kerala,Dowry Deaths (Sec 80 BNS /Sec 304B IPC),dowry,1
2024,Kerala,Cruelty by Husband or his relatives (Sec 85 BNS/Sec 498-A IPC),cruelty,4458
2024,Kerala,Kidnapping or abducting or inducing Women to compel her for marriage (Sec. 87 BNS/Sec. 366 IPC) | b) Girls (Below 18 Years,kidnap_marriage_girls,4
2024,Kerala,Procuration of Minor Girls (Sec 96 BNS//Sec 366A IPC),procuration_minor_girls,2
2024,Kerala,Selling of Girls for Prostitution (Sec 98 BNS/Sec 372 IPC),selling_minor_girls,0
2024,Kerala,Buying of Girls for Prostitution (Sec 99 BNS/Sec 373 IPC),buying_minor_girls,0
2024,Kerala,Abetment to suicides of women (u/s 107/108 BNS/Sec 305/306 IPC),abetment_suicide,48
2024,Kerala,Acid Attack (Sec 124(1) BNS/Sec 326A IPC),acid_attack,5
2024,Kerala,Attempt to Acid Attack (Sec 124(2) BNS/Sec 326B IPC),attempt_acid_attack,1
2024,Kerala,Kidnapping & Abduction of Women | Kidnapping & Abduction of Women (Total a+b+c+d+e),kidnap,103
2024,Kerala,Kidnapping & Abduction of Women | d) Importation of Girls from Foreign Country (Sec. 141 BNS/Sec. 366-B IPC),import,0
2024,Kerala,Total IPC/BNS Crimes against Women,total_ipc,10466
2024,Kerala,"Dowry Prohibition Act, 1961",dowry_act,17
2024,Kerala,Immoral Traffic (Prevention) Act 1956 (Women Victim Cases only) | Immoral Traffic (Prevention) Act (Total a+b+c+d+e),itpa,5
2024,Kerala,"Protection of Women from Domestic Violence Act, 2005",dv_act,496
2024,Kerala,Cyber Crimes/Information Technology Act (Women Centric Crimes Only) | Cyber Crimes/Information Technology Act (Total a+b),cyber,101
2024,Kerala,Protection of Children from Sexual Violence Act (Girl Child Victims Only) | POCSO Act (Total a+b+c+d+e),pocso_girls,3951
2024,Kerala,Protection of Children from Sexual Violence Act (Girl Child Victims Only) | a) POCSO Act Sec. 4 & 6,pocso_penetrative,1839
2024,Kerala,Protection of Children from Sexual Violence Act (Girl Child Victims Only) | b) POCSO Act Sec. 8 & 10,pocso_sexual_assault,1636
2024,Kerala,Protection of Children from Sexual Violence Act (Girl Child Victims Only) | c) POCSO Act Sec. 12,pocso_harassment,433
2024,Kerala,Protection of Children from Sexual Violence Act (Girl Child Victims Only) | d) POCSO Act Sec. 14 & 15,pocso_pornography,31
2024,Kerala,"Indecent Representation of Women (Prohibition) Act, 1986",indecent_rep,1
2024,Kerala,Total SLL Crimes against Women,total_sll,4571
2024,Kerala,Total Crime against Women (IPC/BNS + SLL Crimes),total,15037
2024,Ladakh,"Rape (Sec 64-68,70-71 BNS/Sec.376 IPC) | Rape (Total a+b)",rape,1
2024,Ladakh,"Rape (Sec 64-68,70-71 BNS/Sec.376 IPC) | b) Girls (Below 18 Years)",rape_minor,0
2024,Ladakh,"Murder with Rape/Gang Rape (Sec 103 r/w Sec 64-68,70-71 BNS/ Sec 302 r/w 376 IPC)",murder_rape,0
2024,Ladakh,Attempt to commit Rape (Sec. 64 r/w 62 BNS/Sec.376 r/w 511 IPC) | Attempt to commit Rape (Total a+b),attempt_rape,1
2024,Ladakh,Attempt to commit Rape (Sec 64 r/w 62 BNS/Sec.376 r/w 511 IPC) | b) Girls (Below 18 Years),attempt_rape_minor,0
2024,Ladakh,"Assault on women to outrage modesty, incl. 354A-D (BNS 74-78, summed)",assault,5
2024,Ladakh,Assault on Women with intent to outrage her Modesty (Sec 74 BNS/Sec.354 IPC) | b) Girls (Below 18 Years),assault_minor,0
2024,Ladakh,Sexual Harassment (Sec. 75 BNS/Sec.354A IPC) | Sexual Harassment (Total a+b),sexual_harassment,0
2024,Ladakh,Assault or Use of Criminal Force with intent to disrobe (Sec. 76 BNS/Sec. 354B IPC) | Assault or Use of Criminal Force with intent to disrobe (Total a+b),disrobe,0
2024,Ladakh,Voyeurism (Sec. 77 BNS/Sec. 354C IPC) | Voyeurism (Total a+b),voyeurism,0
2024,Ladakh,Stalking (Sec. 78 BNS/Sec. 354D IPC) | Stalking (Total a+b),stalking,1
2024,Ladakh,Insult to the Modesty of Women (Sec. 79 BNS/Sec. 509 IPC) | Insult to the Modesty of Women (Total a+b),insult,4
2024,Ladakh,Insult to the Modesty of Women (Sec 79 BNS/Sec 509 IPC) | b) Girls (Below 18 Years),insult_minor,0
2024,Ladakh,Dowry Deaths (Sec 80 BNS /Sec 304B IPC),dowry,0
2024,Ladakh,Cruelty by Husband or his relatives (Sec 85 BNS/Sec 498-A IPC),cruelty,9
2024,Ladakh,Kidnapping or abducting or inducing Women to compel her for marriage (Sec. 87 BNS/Sec. 366 IPC) | b) Girls (Below 18 Years,kidnap_marriage_girls,0
2024,Ladakh,Procuration of Minor Girls (Sec 96 BNS//Sec 366A IPC),procuration_minor_girls,0
2024,Ladakh,Selling of Girls for Prostitution (Sec 98 BNS/Sec 372 IPC),selling_minor_girls,0
2024,Ladakh,Buying of Girls for Prostitution (Sec 99 BNS/Sec 373 IPC),buying_minor_girls,0
2024,Ladakh,Abetment to suicides of women (u/s 107/108 BNS/Sec 305/306 IPC),abetment_suicide,0
2024,Ladakh,Acid Attack (Sec 124(1) BNS/Sec 326A IPC),acid_attack,0
2024,Ladakh,Attempt to Acid Attack (Sec 124(2) BNS/Sec 326B IPC),attempt_acid_attack,0
2024,Ladakh,Kidnapping & Abduction of Women | Kidnapping & Abduction of Women (Total a+b+c+d+e),kidnap,3
2024,Ladakh,Kidnapping & Abduction of Women | d) Importation of Girls from Foreign Country (Sec. 141 BNS/Sec. 366-B IPC),import,0
2024,Ladakh,Total IPC/BNS Crimes against Women,total_ipc,27
2024,Ladakh,"Dowry Prohibition Act, 1961",dowry_act,0
2024,Ladakh,Immoral Traffic (Prevention) Act 1956 (Women Victim Cases only) | Immoral Traffic (Prevention) Act (Total a+b+c+d+e),itpa,0
2024,Ladakh,"Protection of Women from Domestic Violence Act, 2005",dv_act,1
2024,Ladakh,Cyber Crimes/Information Technology Act (Women Centric Crimes Only) | Cyber Crimes/Information Technology Act (Total a+b),cyber,0
2024,Ladakh,Protection of Children from Sexual Violence Act (Girl Child Victims Only) | POCSO Act (Total a+b+c+d+e),pocso_girls,6
2024,Ladakh,Protection of Children from Sexual Violence Act (Girl Child Victims Only) | a) POCSO Act Sec. 4 & 6,pocso_penetrative,4
2024,Ladakh,Protection of Children from Sexual Violence Act (Girl Child Victims Only) | b) POCSO Act Sec. 8 & 10,pocso_sexual_assault,2
2024,Ladakh,Protection of Children from Sexual Violence Act (Girl Child Victims Only) | c) POCSO Act Sec. 12,pocso_harassment,0
2024,Ladakh,Protection of Children from Sexual Violence Act (Girl Child Victims Only) | d) POCSO Act Sec. 14 & 15,pocso_pornography,0
2024,Ladakh,"Indecent Representation of Women (Prohibition) Act, 1986",indecent_rep,0
2024,Ladakh,Total SLL Crimes against Women,total_sll,7
2024,Ladakh,Total Crime against Women (IPC/BNS + SLL Crimes),total,34
2024,Lakshadweep,"Rape (Sec 64-68,70-71 BNS/Sec.376 IPC) | Rape (Total a+b)",rape,2
2024,Lakshadweep,"Rape (Sec 64-68,70-71 BNS/Sec.376 IPC) | b) Girls (Below 18 Years)",rape_minor,0
2024,Lakshadweep,"Murder with Rape/Gang Rape (Sec 103 r/w Sec 64-68,70-71 BNS/ Sec 302 r/w 376 IPC)",murder_rape,0
2024,Lakshadweep,Attempt to commit Rape (Sec. 64 r/w 62 BNS/Sec.376 r/w 511 IPC) | Attempt to commit Rape (Total a+b),attempt_rape,0
2024,Lakshadweep,Attempt to commit Rape (Sec 64 r/w 62 BNS/Sec.376 r/w 511 IPC) | b) Girls (Below 18 Years),attempt_rape_minor,0
2024,Lakshadweep,Assault on Women with intent to outrage her Modesty (Sec 74 BNS/Sec 354 IPC)) | Assault on Women with intent to outrage her Modesty (Total a+b),assault,5
2024,Lakshadweep,Assault on Women with intent to outrage her Modesty (Sec 74 BNS/Sec.354 IPC) | b) Girls (Below 18 Years),assault_minor,0
2024,Lakshadweep,Sexual Harassment (Sec. 75 BNS/Sec.354A IPC) | Sexual Harassment (Total a+b),sexual_harassment,0
2024,Lakshadweep,Assault or Use of Criminal Force with intent to disrobe (Sec. 76 BNS/Sec. 354B IPC) | Assault or Use of Criminal Force with intent to disrobe (Total a+b),disrobe,0
2024,Lakshadweep,Voyeurism (Sec. 77 BNS/Sec. 354C IPC) | Voyeurism (Total a+b),voyeurism,0
2024,Lakshadweep,Stalking (Sec. 78 BNS/Sec. 354D IPC) | Stalking (Total a+b),stalking,0
2024,Lakshadweep,Insult to the Modesty of Women (Sec. 79 BNS/Sec. 509 IPC) | Insult to the Modesty of Women (Total a+b),insult,0
2024,Lakshadweep,Insult to the Modesty of Women (Sec 79 BNS/Sec 509 IPC) | b) Girls (Below 18 Years),insult_minor,0
2024,Lakshadweep,Dowry Deaths (Sec 80 BNS /Sec 304B IPC),dowry,0
2024,Lakshadweep,Cruelty by Husband or his relatives (Sec 85 BNS/Sec 498-A IPC),cruelty,1
2024,Lakshadweep,Kidnapping or abducting or inducing Women to compel her for marriage (Sec. 87 BNS/Sec. 366 IPC) | b) Girls (Below 18 Years,kidnap_marriage_girls,0
2024,Lakshadweep,Procuration of Minor Girls (Sec 96 BNS//Sec 366A IPC),procuration_minor_girls,0
2024,Lakshadweep,Selling of Girls for Prostitution (Sec 98 BNS/Sec 372 IPC),selling_minor_girls,0
2024,Lakshadweep,Buying of Girls for Prostitution (Sec 99 BNS/Sec 373 IPC),buying_minor_girls,0
2024,Lakshadweep,Abetment to suicides of women (u/s 107/108 BNS/Sec 305/306 IPC),abetment_suicide,0
2024,Lakshadweep,Acid Attack (Sec 124(1) BNS/Sec 326A IPC),acid_attack,0
2024,Lakshadweep,Attempt to Acid Attack (Sec 124(2) BNS/Sec 326B IPC),attempt_acid_attack,0
2024,Lakshadweep,Kidnapping & Abduction of Women | Kidnapping & Abduction of Women (Total a+b+c+d+e),kidnap,0
2024,Lakshadweep,Kidnapping & Abduction of Women | d) Importation of Girls from Foreign Country (Sec. 141 BNS/Sec. 366-B IPC),import,0
2024,Lakshadweep,Total IPC/BNS Crimes against Women,total_ipc,8
2024,Lakshadweep,"Dowry Prohibition Act, 1961",dowry_act,0
2024,Lakshadweep,Immoral Traffic (Prevention) Act 1956 (Women Victim Cases only) | Immoral Traffic (Prevention) Act (Total a+b+c+d+e),itpa,0
2024,Lakshadweep,"Protection of Women from Domestic Violence Act, 2005",dv_act,0
2024,Lakshadweep,Cyber Crimes/Information Technology Act (Women Centric Crimes Only) | Cyber Crimes/Information Technology Act (Total a+b),cyber,0
2024,Lakshadweep,Protection of Children from Sexual Violence Act (Girl Child Victims Only) | POCSO Act (Total a+b+c+d+e),pocso_girls,5
2024,Lakshadweep,Protection of Children from Sexual Violence Act (Girl Child Victims Only) | a) POCSO Act Sec. 4 & 6,pocso_penetrative,1
2024,Lakshadweep,Protection of Children from Sexual Violence Act (Girl Child Victims Only) | b) POCSO Act Sec. 8 & 10,pocso_sexual_assault,3
2024,Lakshadweep,Protection of Children from Sexual Violence Act (Girl Child Victims Only) | c) POCSO Act Sec. 12,pocso_harassment,0
2024,Lakshadweep,Protection of Children from Sexual Violence Act (Girl Child Victims Only) | d) POCSO Act Sec. 14 & 15,pocso_pornography,1
2024,Lakshadweep,"Indecent Representation of Women (Prohibition) Act, 1986",indecent_rep,0
2024,Lakshadweep,Total SLL Crimes against Women,total_sll,5
2024,Lakshadweep,Total Crime against Women (IPC/BNS + SLL Crimes),total,13
2024,Madhya Pradesh,"Rape (Sec 64-68,70-71 BNS/Sec.376 IPC) | Rape (Total a+b)",rape,3061
2024,Madhya Pradesh,"Rape (Sec 64-68,70-71 BNS/Sec.376 IPC) | b) Girls (Below 18 Years)",rape_minor,0
2024,Madhya Pradesh,"Murder with Rape/Gang Rape (Sec 103 r/w Sec 64-68,70-71 BNS/ Sec 302 r/w 376 IPC)",murder_rape,50
2024,Madhya Pradesh,Attempt to commit Rape (Sec. 64 r/w 62 BNS/Sec.376 r/w 511 IPC) | Attempt to commit Rape (Total a+b),attempt_rape,26
2024,Madhya Pradesh,Attempt to commit Rape (Sec 64 r/w 62 BNS/Sec.376 r/w 511 IPC) | b) Girls (Below 18 Years),attempt_rape_minor,6
2024,Madhya Pradesh,"Assault on women to outrage modesty, incl. 354A-D (BNS 74-78, summed)",assault,4967
2024,Madhya Pradesh,Assault on Women with intent to outrage her Modesty (Sec 74 BNS/Sec.354 IPC) | b) Girls (Below 18 Years),assault_minor,15
2024,Madhya Pradesh,Sexual Harassment (Sec. 75 BNS/Sec.354A IPC) | Sexual Harassment (Total a+b),sexual_harassment,1238
2024,Madhya Pradesh,Assault or Use of Criminal Force with intent to disrobe (Sec. 76 BNS/Sec. 354B IPC) | Assault or Use of Criminal Force with intent to disrobe (Total a+b),disrobe,58
2024,Madhya Pradesh,Voyeurism (Sec. 77 BNS/Sec. 354C IPC) | Voyeurism (Total a+b),voyeurism,113
2024,Madhya Pradesh,Stalking (Sec. 78 BNS/Sec. 354D IPC) | Stalking (Total a+b),stalking,844
2024,Madhya Pradesh,Insult to the Modesty of Women (Sec. 79 BNS/Sec. 509 IPC) | Insult to the Modesty of Women (Total a+b),insult,264
2024,Madhya Pradesh,Insult to the Modesty of Women (Sec 79 BNS/Sec 509 IPC) | b) Girls (Below 18 Years),insult_minor,2
2024,Madhya Pradesh,Dowry Deaths (Sec 80 BNS /Sec 304B IPC),dowry,450
2024,Madhya Pradesh,Cruelty by Husband or his relatives (Sec 85 BNS/Sec 498-A IPC),cruelty,7514
2024,Madhya Pradesh,Kidnapping or abducting or inducing Women to compel her for marriage (Sec. 87 BNS/Sec. 366 IPC) | b) Girls (Below 18 Years,kidnap_marriage_girls,728
2024,Madhya Pradesh,Procuration of Minor Girls (Sec 96 BNS//Sec 366A IPC),procuration_minor_girls,13
2024,Madhya Pradesh,Selling of Girls for Prostitution (Sec 98 BNS/Sec 372 IPC),selling_minor_girls,2
2024,Madhya Pradesh,Buying of Girls for Prostitution (Sec 99 BNS/Sec 373 IPC),buying_minor_girls,1
2024,Madhya Pradesh,Abetment to suicides of women (u/s 107/108 BNS/Sec 305/306 IPC),abetment_suicide,646
2024,Madhya Pradesh,Acid Attack (Sec 124(1) BNS/Sec 326A IPC),acid_attack,9
2024,Madhya Pradesh,Attempt to Acid Attack (Sec 124(2) BNS/Sec 326B IPC),attempt_acid_attack,3
2024,Madhya Pradesh,Kidnapping & Abduction of Women | Kidnapping & Abduction of Women (Total a+b+c+d+e),kidnap,8944
2024,Madhya Pradesh,Kidnapping & Abduction of Women | d) Importation of Girls from Foreign Country (Sec. 141 BNS/Sec. 366-B IPC),import,0
2024,Madhya Pradesh,Total IPC/BNS Crimes against Women,total_ipc,26847
2024,Madhya Pradesh,"Dowry Prohibition Act, 1961",dowry_act,23
2024,Madhya Pradesh,Immoral Traffic (Prevention) Act 1956 (Women Victim Cases only) | Immoral Traffic (Prevention) Act (Total a+b+c+d+e),itpa,7
2024,Madhya Pradesh,"Protection of Women from Domestic Violence Act, 2005",dv_act,12
2024,Madhya Pradesh,Cyber Crimes/Information Technology Act (Women Centric Crimes Only) | Cyber Crimes/Information Technology Act (Total a+b),cyber,118
2024,Madhya Pradesh,Protection of Children from Sexual Violence Act (Girl Child Victims Only) | POCSO Act (Total a+b+c+d+e),pocso_girls,5825
2024,Madhya Pradesh,Protection of Children from Sexual Violence Act (Girl Child Victims Only) | a) POCSO Act Sec. 4 & 6,pocso_penetrative,3698
2024,Madhya Pradesh,Protection of Children from Sexual Violence Act (Girl Child Victims Only) | b) POCSO Act Sec. 8 & 10,pocso_sexual_assault,1936
2024,Madhya Pradesh,Protection of Children from Sexual Violence Act (Girl Child Victims Only) | c) POCSO Act Sec. 12,pocso_harassment,133
2024,Madhya Pradesh,Protection of Children from Sexual Violence Act (Girl Child Victims Only) | d) POCSO Act Sec. 14 & 15,pocso_pornography,29
2024,Madhya Pradesh,"Indecent Representation of Women (Prohibition) Act, 1986",indecent_rep,0
2024,Madhya Pradesh,Total SLL Crimes against Women,total_sll,5985
2024,Madhya Pradesh,Total Crime against Women (IPC/BNS + SLL Crimes),total,32832
2024,Maharashtra,"Rape (Sec 64-68,70-71 BNS/Sec.376 IPC) | Rape (Total a+b)",rape,3091
2024,Maharashtra,"Rape (Sec 64-68,70-71 BNS/Sec.376 IPC) | b) Girls (Below 18 Years)",rape_minor,15
2024,Maharashtra,"Murder with Rape/Gang Rape (Sec 103 r/w Sec 64-68,70-71 BNS/ Sec 302 r/w 376 IPC)",murder_rape,24
2024,Maharashtra,Attempt to commit Rape (Sec. 64 r/w 62 BNS/Sec.376 r/w 511 IPC) | Attempt to commit Rape (Total a+b),attempt_rape,0
2024,Maharashtra,Attempt to commit Rape (Sec 64 r/w 62 BNS/Sec.376 r/w 511 IPC) | b) Girls (Below 18 Years),attempt_rape_minor,0
2024,Maharashtra,"Assault on women to outrage modesty, incl. 354A-D (BNS 74-78, summed)",assault,11676
2024,Maharashtra,Assault on Women with intent to outrage her Modesty (Sec 74 BNS/Sec.354 IPC) | b) Girls (Below 18 Years),assault_minor,33
2024,Maharashtra,Sexual Harassment (Sec. 75 BNS/Sec.354A IPC) | Sexual Harassment (Total a+b),sexual_harassment,2641
2024,Maharashtra,Assault or Use of Criminal Force with intent to disrobe (Sec. 76 BNS/Sec. 354B IPC) | Assault or Use of Criminal Force with intent to disrobe (Total a+b),disrobe,568
2024,Maharashtra,Voyeurism (Sec. 77 BNS/Sec. 354C IPC) | Voyeurism (Total a+b),voyeurism,248
2024,Maharashtra,Stalking (Sec. 78 BNS/Sec. 354D IPC) | Stalking (Total a+b),stalking,2362
2024,Maharashtra,Insult to the Modesty of Women (Sec. 79 BNS/Sec. 509 IPC) | Insult to the Modesty of Women (Total a+b),insult,1465
2024,Maharashtra,Insult to the Modesty of Women (Sec 79 BNS/Sec 509 IPC) | b) Girls (Below 18 Years),insult_minor,0
2024,Maharashtra,Dowry Deaths (Sec 80 BNS /Sec 304B IPC),dowry,143
2024,Maharashtra,Cruelty by Husband or his relatives (Sec 85 BNS/Sec 498-A IPC),cruelty,10538
2024,Maharashtra,Kidnapping or abducting or inducing Women to compel her for marriage (Sec. 87 BNS/Sec. 366 IPC) | b) Girls (Below 18 Years,kidnap_marriage_girls,44
2024,Maharashtra,Procuration of Minor Girls (Sec 96 BNS//Sec 366A IPC),procuration_minor_girls,22
2024,Maharashtra,Selling of Girls for Prostitution (Sec 98 BNS/Sec 372 IPC),selling_minor_girls,1
2024,Maharashtra,Buying of Girls for Prostitution (Sec 99 BNS/Sec 373 IPC),buying_minor_girls,0
2024,Maharashtra,Abetment to suicides of women (u/s 107/108 BNS/Sec 305/306 IPC),abetment_suicide,670
2024,Maharashtra,Acid Attack (Sec 124(1) BNS/Sec 326A IPC),acid_attack,11
2024,Maharashtra,Attempt to Acid Attack (Sec 124(2) BNS/Sec 326B IPC),attempt_acid_attack,3
2024,Maharashtra,Kidnapping & Abduction of Women | Kidnapping & Abduction of Women (Total a+b+c+d+e),kidnap,10427
2024,Maharashtra,Kidnapping & Abduction of Women | d) Importation of Girls from Foreign Country (Sec. 141 BNS/Sec. 366-B IPC),import,0
2024,Maharashtra,Total IPC/BNS Crimes against Women,total_ipc,38412
2024,Maharashtra,"Dowry Prohibition Act, 1961",dowry_act,12
2024,Maharashtra,Immoral Traffic (Prevention) Act 1956 (Women Victim Cases only) | Immoral Traffic (Prevention) Act (Total a+b+c+d+e),itpa,189
2024,Maharashtra,"Protection of Women from Domestic Violence Act, 2005",dv_act,7
2024,Maharashtra,Cyber Crimes/Information Technology Act (Women Centric Crimes Only) | Cyber Crimes/Information Technology Act (Total a+b),cyber,89
2024,Maharashtra,Protection of Children from Sexual Violence Act (Girl Child Victims Only) | POCSO Act (Total a+b+c+d+e),pocso_girls,9245
2024,Maharashtra,Protection of Children from Sexual Violence Act (Girl Child Victims Only) | a) POCSO Act Sec. 4 & 6,pocso_penetrative,4722
2024,Maharashtra,Protection of Children from Sexual Violence Act (Girl Child Victims Only) | b) POCSO Act Sec. 8 & 10,pocso_sexual_assault,3757
2024,Maharashtra,Protection of Children from Sexual Violence Act (Girl Child Victims Only) | c) POCSO Act Sec. 12,pocso_harassment,741
2024,Maharashtra,Protection of Children from Sexual Violence Act (Girl Child Victims Only) | d) POCSO Act Sec. 14 & 15,pocso_pornography,15
2024,Maharashtra,"Indecent Representation of Women (Prohibition) Act, 1986",indecent_rep,0
2024,Maharashtra,Total SLL Crimes against Women,total_sll,9542
2024,Maharashtra,Total Crime against Women (IPC/BNS + SLL Crimes),total,47954
2024,Manipur,"Rape (Sec 64-68,70-71 BNS/Sec.376 IPC) | Rape (Total a+b)",rape,19
2024,Manipur,"Rape (Sec 64-68,70-71 BNS/Sec.376 IPC) | b) Girls (Below 18 Years)",rape_minor,0
2024,Manipur,"Murder with Rape/Gang Rape (Sec 103 r/w Sec 64-68,70-71 BNS/ Sec 302 r/w 376 IPC)",murder_rape,0
2024,Manipur,Attempt to commit Rape (Sec. 64 r/w 62 BNS/Sec.376 r/w 511 IPC) | Attempt to commit Rape (Total a+b),attempt_rape,0
2024,Manipur,Attempt to commit Rape (Sec 64 r/w 62 BNS/Sec.376 r/w 511 IPC) | b) Girls (Below 18 Years),attempt_rape_minor,0
2024,Manipur,"Assault on women to outrage modesty, incl. 354A-D (BNS 74-78, summed)",assault,60
2024,Manipur,Assault on Women with intent to outrage her Modesty (Sec 74 BNS/Sec.354 IPC) | b) Girls (Below 18 Years),assault_minor,2
2024,Manipur,Sexual Harassment (Sec. 75 BNS/Sec.354A IPC) | Sexual Harassment (Total a+b),sexual_harassment,0
2024,Manipur,Assault or Use of Criminal Force with intent to disrobe (Sec. 76 BNS/Sec. 354B IPC) | Assault or Use of Criminal Force with intent to disrobe (Total a+b),disrobe,2
2024,Manipur,Voyeurism (Sec. 77 BNS/Sec. 354C IPC) | Voyeurism (Total a+b),voyeurism,5
2024,Manipur,Stalking (Sec. 78 BNS/Sec. 354D IPC) | Stalking (Total a+b),stalking,1
2024,Manipur,Insult to the Modesty of Women (Sec. 79 BNS/Sec. 509 IPC) | Insult to the Modesty of Women (Total a+b),insult,4
2024,Manipur,Insult to the Modesty of Women (Sec 79 BNS/Sec 509 IPC) | b) Girls (Below 18 Years),insult_minor,0
2024,Manipur,Dowry Deaths (Sec 80 BNS /Sec 304B IPC),dowry,0
2024,Manipur,Cruelty by Husband or his relatives (Sec 85 BNS/Sec 498-A IPC),cruelty,12
2024,Manipur,Kidnapping or abducting or inducing Women to compel her for marriage (Sec. 87 BNS/Sec. 366 IPC) | b) Girls (Below 18 Years,kidnap_marriage_girls,0
2024,Manipur,Procuration of Minor Girls (Sec 96 BNS//Sec 366A IPC),procuration_minor_girls,12
2024,Manipur,Selling of Girls for Prostitution (Sec 98 BNS/Sec 372 IPC),selling_minor_girls,0
2024,Manipur,Buying of Girls for Prostitution (Sec 99 BNS/Sec 373 IPC),buying_minor_girls,0
2024,Manipur,Abetment to suicides of women (u/s 107/108 BNS/Sec 305/306 IPC),abetment_suicide,4
2024,Manipur,Acid Attack (Sec 124(1) BNS/Sec 326A IPC),acid_attack,1
2024,Manipur,Attempt to Acid Attack (Sec 124(2) BNS/Sec 326B IPC),attempt_acid_attack,0
2024,Manipur,Kidnapping & Abduction of Women | Kidnapping & Abduction of Women (Total a+b+c+d+e),kidnap,7
2024,Manipur,Kidnapping & Abduction of Women | d) Importation of Girls from Foreign Country (Sec. 141 BNS/Sec. 366-B IPC),import,1
2024,Manipur,Total IPC/BNS Crimes against Women,total_ipc,127
2024,Manipur,"Dowry Prohibition Act, 1961",dowry_act,0
2024,Manipur,Immoral Traffic (Prevention) Act 1956 (Women Victim Cases only) | Immoral Traffic (Prevention) Act (Total a+b+c+d+e),itpa,0
2024,Manipur,"Protection of Women from Domestic Violence Act, 2005",dv_act,0
2024,Manipur,Cyber Crimes/Information Technology Act (Women Centric Crimes Only) | Cyber Crimes/Information Technology Act (Total a+b),cyber,5
2024,Manipur,Protection of Children from Sexual Violence Act (Girl Child Victims Only) | POCSO Act (Total a+b+c+d+e),pocso_girls,63
2024,Manipur,Protection of Children from Sexual Violence Act (Girl Child Victims Only) | a) POCSO Act Sec. 4 & 6,pocso_penetrative,50
2024,Manipur,Protection of Children from Sexual Violence Act (Girl Child Victims Only) | b) POCSO Act Sec. 8 & 10,pocso_sexual_assault,13
2024,Manipur,Protection of Children from Sexual Violence Act (Girl Child Victims Only) | c) POCSO Act Sec. 12,pocso_harassment,0
2024,Manipur,Protection of Children from Sexual Violence Act (Girl Child Victims Only) | d) POCSO Act Sec. 14 & 15,pocso_pornography,0
2024,Manipur,"Indecent Representation of Women (Prohibition) Act, 1986",indecent_rep,0
2024,Manipur,Total SLL Crimes against Women,total_sll,68
2024,Manipur,Total Crime against Women (IPC/BNS + SLL Crimes),total,195
2024,Meghalaya,"Rape (Sec 64-68,70-71 BNS/Sec.376 IPC) | Rape (Total a+b)",rape,57
2024,Meghalaya,"Rape (Sec 64-68,70-71 BNS/Sec.376 IPC) | b) Girls (Below 18 Years)",rape_minor,6
2024,Meghalaya,"Murder with Rape/Gang Rape (Sec 103 r/w Sec 64-68,70-71 BNS/ Sec 302 r/w 376 IPC)",murder_rape,0
2024,Meghalaya,Attempt to commit Rape (Sec. 64 r/w 62 BNS/Sec.376 r/w 511 IPC) | Attempt to commit Rape (Total a+b),attempt_rape,3
2024,Meghalaya,Attempt to commit Rape (Sec 64 r/w 62 BNS/Sec.376 r/w 511 IPC) | b) Girls (Below 18 Years),attempt_rape_minor,0
2024,Meghalaya,"Assault on women to outrage modesty, incl. 354A-D (BNS 74-78, summed)",assault,52
2024,Meghalaya,Assault on Women with intent to outrage her Modesty (Sec 74 BNS/Sec.354 IPC) | b) Girls (Below 18 Years),assault_minor,0
2024,Meghalaya,Sexual Harassment (Sec. 75 BNS/Sec.354A IPC) | Sexual Harassment (Total a+b),sexual_harassment,16
2024,Meghalaya,Assault or Use of Criminal Force with intent to disrobe (Sec. 76 BNS/Sec. 354B IPC) | Assault or Use of Criminal Force with intent to disrobe (Total a+b),disrobe,2
2024,Meghalaya,Voyeurism (Sec. 77 BNS/Sec. 354C IPC) | Voyeurism (Total a+b),voyeurism,0
2024,Meghalaya,Stalking (Sec. 78 BNS/Sec. 354D IPC) | Stalking (Total a+b),stalking,3
2024,Meghalaya,Insult to the Modesty of Women (Sec. 79 BNS/Sec. 509 IPC) | Insult to the Modesty of Women (Total a+b),insult,23
2024,Meghalaya,Insult to the Modesty of Women (Sec 79 BNS/Sec 509 IPC) | b) Girls (Below 18 Years),insult_minor,0
2024,Meghalaya,Dowry Deaths (Sec 80 BNS /Sec 304B IPC),dowry,0
2024,Meghalaya,Cruelty by Husband or his relatives (Sec 85 BNS/Sec 498-A IPC),cruelty,10
2024,Meghalaya,Kidnapping or abducting or inducing Women to compel her for marriage (Sec. 87 BNS/Sec. 366 IPC) | b) Girls (Below 18 Years,kidnap_marriage_girls,2
2024,Meghalaya,Procuration of Minor Girls (Sec 96 BNS//Sec 366A IPC),procuration_minor_girls,3
2024,Meghalaya,Selling of Girls for Prostitution (Sec 98 BNS/Sec 372 IPC),selling_minor_girls,0
2024,Meghalaya,Buying of Girls for Prostitution (Sec 99 BNS/Sec 373 IPC),buying_minor_girls,0
2024,Meghalaya,Abetment to suicides of women (u/s 107/108 BNS/Sec 305/306 IPC),abetment_suicide,2
2024,Meghalaya,Acid Attack (Sec 124(1) BNS/Sec 326A IPC),acid_attack,0
2024,Meghalaya,Attempt to Acid Attack (Sec 124(2) BNS/Sec 326B IPC),attempt_acid_attack,0
2024,Meghalaya,Kidnapping & Abduction of Women | Kidnapping & Abduction of Women (Total a+b+c+d+e),kidnap,56
2024,Meghalaya,Kidnapping & Abduction of Women | d) Importation of Girls from Foreign Country (Sec. 141 BNS/Sec. 366-B IPC),import,0
2024,Meghalaya,Total IPC/BNS Crimes against Women,total_ipc,216
2024,Meghalaya,"Dowry Prohibition Act, 1961",dowry_act,3
2024,Meghalaya,Immoral Traffic (Prevention) Act 1956 (Women Victim Cases only) | Immoral Traffic (Prevention) Act (Total a+b+c+d+e),itpa,0
2024,Meghalaya,"Protection of Women from Domestic Violence Act, 2005",dv_act,0
2024,Meghalaya,Cyber Crimes/Information Technology Act (Women Centric Crimes Only) | Cyber Crimes/Information Technology Act (Total a+b),cyber,19
2024,Meghalaya,Protection of Children from Sexual Violence Act (Girl Child Victims Only) | POCSO Act (Total a+b+c+d+e),pocso_girls,420
2024,Meghalaya,Protection of Children from Sexual Violence Act (Girl Child Victims Only) | a) POCSO Act Sec. 4 & 6,pocso_penetrative,345
2024,Meghalaya,Protection of Children from Sexual Violence Act (Girl Child Victims Only) | b) POCSO Act Sec. 8 & 10,pocso_sexual_assault,57
2024,Meghalaya,Protection of Children from Sexual Violence Act (Girl Child Victims Only) | c) POCSO Act Sec. 12,pocso_harassment,4
2024,Meghalaya,Protection of Children from Sexual Violence Act (Girl Child Victims Only) | d) POCSO Act Sec. 14 & 15,pocso_pornography,12
2024,Meghalaya,"Indecent Representation of Women (Prohibition) Act, 1986",indecent_rep,0
2024,Meghalaya,Total SLL Crimes against Women,total_sll,442
2024,Meghalaya,Total Crime against Women (IPC/BNS + SLL Crimes),total,658
2024,Mizoram,"Rape (Sec 64-68,70-71 BNS/Sec.376 IPC) | Rape (Total a+b)",rape,20
2024,Mizoram,"Rape (Sec 64-68,70-71 BNS/Sec.376 IPC) | b) Girls (Below 18 Years)",rape_minor,0
2024,Mizoram,"Murder with Rape/Gang Rape (Sec 103 r/w Sec 64-68,70-71 BNS/ Sec 302 r/w 376 IPC)",murder_rape,0
2024,Mizoram,Attempt to commit Rape (Sec. 64 r/w 62 BNS/Sec.376 r/w 511 IPC) | Attempt to commit Rape (Total a+b),attempt_rape,1
2024,Mizoram,Attempt to commit Rape (Sec 64 r/w 62 BNS/Sec.376 r/w 511 IPC) | b) Girls (Below 18 Years),attempt_rape_minor,0
2024,Mizoram,"Assault on women to outrage modesty, incl. 354A-D (BNS 74-78, summed)",assault,62
2024,Mizoram,Assault on Women with intent to outrage her Modesty (Sec 74 BNS/Sec.354 IPC) | b) Girls (Below 18 Years),assault_minor,0
2024,Mizoram,Sexual Harassment (Sec. 75 BNS/Sec.354A IPC) | Sexual Harassment (Total a+b),sexual_harassment,26
2024,Mizoram,Assault or Use of Criminal Force with intent to disrobe (Sec. 76 BNS/Sec. 354B IPC) | Assault or Use of Criminal Force with intent to disrobe (Total a+b),disrobe,1
2024,Mizoram,Voyeurism (Sec. 77 BNS/Sec. 354C IPC) | Voyeurism (Total a+b),voyeurism,4
2024,Mizoram,Stalking (Sec. 78 BNS/Sec. 354D IPC) | Stalking (Total a+b),stalking,1
2024,Mizoram,Insult to the Modesty of Women (Sec. 79 BNS/Sec. 509 IPC) | Insult to the Modesty of Women (Total a+b),insult,1
2024,Mizoram,Insult to the Modesty of Women (Sec 79 BNS/Sec 509 IPC) | b) Girls (Below 18 Years),insult_minor,0
2024,Mizoram,Dowry Deaths (Sec 80 BNS /Sec 304B IPC),dowry,0
2024,Mizoram,Cruelty by Husband or his relatives (Sec 85 BNS/Sec 498-A IPC),cruelty,8
2024,Mizoram,Kidnapping or abducting or inducing Women to compel her for marriage (Sec. 87 BNS/Sec. 366 IPC) | b) Girls (Below 18 Years,kidnap_marriage_girls,0
2024,Mizoram,Procuration of Minor Girls (Sec 96 BNS//Sec 366A IPC),procuration_minor_girls,0
2024,Mizoram,Selling of Girls for Prostitution (Sec 98 BNS/Sec 372 IPC),selling_minor_girls,0
2024,Mizoram,Buying of Girls for Prostitution (Sec 99 BNS/Sec 373 IPC),buying_minor_girls,0
2024,Mizoram,Abetment to suicides of women (u/s 107/108 BNS/Sec 305/306 IPC),abetment_suicide,0
2024,Mizoram,Acid Attack (Sec 124(1) BNS/Sec 326A IPC),acid_attack,0
2024,Mizoram,Attempt to Acid Attack (Sec 124(2) BNS/Sec 326B IPC),attempt_acid_attack,0
2024,Mizoram,Kidnapping & Abduction of Women | Kidnapping & Abduction of Women (Total a+b+c+d+e),kidnap,0
2024,Mizoram,Kidnapping & Abduction of Women | d) Importation of Girls from Foreign Country (Sec. 141 BNS/Sec. 366-B IPC),import,0
2024,Mizoram,Total IPC/BNS Crimes against Women,total_ipc,93
2024,Mizoram,"Dowry Prohibition Act, 1961",dowry_act,0
2024,Mizoram,Immoral Traffic (Prevention) Act 1956 (Women Victim Cases only) | Immoral Traffic (Prevention) Act (Total a+b+c+d+e),itpa,0
2024,Mizoram,"Protection of Women from Domestic Violence Act, 2005",dv_act,0
2024,Mizoram,Cyber Crimes/Information Technology Act (Women Centric Crimes Only) | Cyber Crimes/Information Technology Act (Total a+b),cyber,18
2024,Mizoram,Protection of Children from Sexual Violence Act (Girl Child Victims Only) | POCSO Act (Total a+b+c+d+e),pocso_girls,148
2024,Mizoram,Protection of Children from Sexual Violence Act (Girl Child Victims Only) | a) POCSO Act Sec. 4 & 6,pocso_penetrative,100
2024,Mizoram,Protection of Children from Sexual Violence Act (Girl Child Victims Only) | b) POCSO Act Sec. 8 & 10,pocso_sexual_assault,46
2024,Mizoram,Protection of Children from Sexual Violence Act (Girl Child Victims Only) | c) POCSO Act Sec. 12,pocso_harassment,2
2024,Mizoram,Protection of Children from Sexual Violence Act (Girl Child Victims Only) | d) POCSO Act Sec. 14 & 15,pocso_pornography,0
2024,Mizoram,"Indecent Representation of Women (Prohibition) Act, 1986",indecent_rep,0
2024,Mizoram,Total SLL Crimes against Women,total_sll,166
2024,Mizoram,Total Crime against Women (IPC/BNS + SLL Crimes),total,259
2024,Nagaland,"Rape (Sec 64-68,70-71 BNS/Sec.376 IPC) | Rape (Total a+b)",rape,14
2024,Nagaland,"Rape (Sec 64-68,70-71 BNS/Sec.376 IPC) | b) Girls (Below 18 Years)",rape_minor,5
2024,Nagaland,"Murder with Rape/Gang Rape (Sec 103 r/w Sec 64-68,70-71 BNS/ Sec 302 r/w 376 IPC)",murder_rape,0
2024,Nagaland,Attempt to commit Rape (Sec. 64 r/w 62 BNS/Sec.376 r/w 511 IPC) | Attempt to commit Rape (Total a+b),attempt_rape,1
2024,Nagaland,Attempt to commit Rape (Sec 64 r/w 62 BNS/Sec.376 r/w 511 IPC) | b) Girls (Below 18 Years),attempt_rape_minor,0
2024,Nagaland,"Assault on women to outrage modesty, incl. 354A-D (BNS 74-78, summed)",assault,16
2024,Nagaland,Assault on Women with intent to outrage her Modesty (Sec 74 BNS/Sec.354 IPC) | b) Girls (Below 18 Years),assault_minor,7
2024,Nagaland,Sexual Harassment (Sec. 75 BNS/Sec.354A IPC) | Sexual Harassment (Total a+b),sexual_harassment,4
2024,Nagaland,Assault or Use of Criminal Force with intent to disrobe (Sec. 76 BNS/Sec. 354B IPC) | Assault or Use of Criminal Force with intent to disrobe (Total a+b),disrobe,3
2024,Nagaland,Voyeurism (Sec. 77 BNS/Sec. 354C IPC) | Voyeurism (Total a+b),voyeurism,0
2024,Nagaland,Stalking (Sec. 78 BNS/Sec. 354D IPC) | Stalking (Total a+b),stalking,0
2024,Nagaland,Insult to the Modesty of Women (Sec. 79 BNS/Sec. 509 IPC) | Insult to the Modesty of Women (Total a+b),insult,0
2024,Nagaland,Insult to the Modesty of Women (Sec 79 BNS/Sec 509 IPC) | b) Girls (Below 18 Years),insult_minor,0
2024,Nagaland,Dowry Deaths (Sec 80 BNS /Sec 304B IPC),dowry,0
2024,Nagaland,Cruelty by Husband or his relatives (Sec 85 BNS/Sec 498-A IPC),cruelty,4
2024,Nagaland,Kidnapping or abducting or inducing Women to compel her for marriage (Sec. 87 BNS/Sec. 366 IPC) | b) Girls (Below 18 Years,kidnap_marriage_girls,0
2024,Nagaland,Procuration of Minor Girls (Sec 96 BNS//Sec 366A IPC),procuration_minor_girls,0
2024,Nagaland,Selling of Girls for Prostitution (Sec 98 BNS/Sec 372 IPC),selling_minor_girls,0
2024,Nagaland,Buying of Girls for Prostitution (Sec 99 BNS/Sec 373 IPC),buying_minor_girls,0
2024,Nagaland,Abetment to suicides of women (u/s 107/108 BNS/Sec 305/306 IPC),abetment_suicide,0
2024,Nagaland,Acid Attack (Sec 124(1) BNS/Sec 326A IPC),acid_attack,0
2024,Nagaland,Attempt to Acid Attack (Sec 124(2) BNS/Sec 326B IPC),attempt_acid_attack,0
2024,Nagaland,Kidnapping & Abduction of Women | Kidnapping & Abduction of Women (Total a+b+c+d+e),kidnap,3
2024,Nagaland,Kidnapping & Abduction of Women | d) Importation of Girls from Foreign Country (Sec. 141 BNS/Sec. 366-B IPC),import,0
2024,Nagaland,Total IPC/BNS Crimes against Women,total_ipc,38
2024,Nagaland,"Dowry Prohibition Act, 1961",dowry_act,0
2024,Nagaland,Immoral Traffic (Prevention) Act 1956 (Women Victim Cases only) | Immoral Traffic (Prevention) Act (Total a+b+c+d+e),itpa,0
2024,Nagaland,"Protection of Women from Domestic Violence Act, 2005",dv_act,0
2024,Nagaland,Cyber Crimes/Information Technology Act (Women Centric Crimes Only) | Cyber Crimes/Information Technology Act (Total a+b),cyber,2
2024,Nagaland,Protection of Children from Sexual Violence Act (Girl Child Victims Only) | POCSO Act (Total a+b+c+d+e),pocso_girls,16
2024,Nagaland,Protection of Children from Sexual Violence Act (Girl Child Victims Only) | a) POCSO Act Sec. 4 & 6,pocso_penetrative,11
2024,Nagaland,Protection of Children from Sexual Violence Act (Girl Child Victims Only) | b) POCSO Act Sec. 8 & 10,pocso_sexual_assault,3
2024,Nagaland,Protection of Children from Sexual Violence Act (Girl Child Victims Only) | c) POCSO Act Sec. 12,pocso_harassment,2
2024,Nagaland,Protection of Children from Sexual Violence Act (Girl Child Victims Only) | d) POCSO Act Sec. 14 & 15,pocso_pornography,0
2024,Nagaland,"Indecent Representation of Women (Prohibition) Act, 1986",indecent_rep,0
2024,Nagaland,Total SLL Crimes against Women,total_sll,18
2024,Nagaland,Total Crime against Women (IPC/BNS + SLL Crimes),total,56
2024,Odisha,"Rape (Sec 64-68,70-71 BNS/Sec.376 IPC) | Rape (Total a+b)",rape,1268
2024,Odisha,"Rape (Sec 64-68,70-71 BNS/Sec.376 IPC) | b) Girls (Below 18 Years)",rape_minor,0
2024,Odisha,"Murder with Rape/Gang Rape (Sec 103 r/w Sec 64-68,70-71 BNS/ Sec 302 r/w 376 IPC)",murder_rape,17
2024,Odisha,Attempt to commit Rape (Sec. 64 r/w 62 BNS/Sec.376 r/w 511 IPC) | Attempt to commit Rape (Total a+b),attempt_rape,118
2024,Odisha,Attempt to commit Rape (Sec 64 r/w 62 BNS/Sec.376 r/w 511 IPC) | b) Girls (Below 18 Years),attempt_rape_minor,0
2024,Odisha,"Assault on women to outrage modesty, incl. 354A-D (BNS 74-78, summed)",assault,10696
2024,Odisha,Assault on Women with intent to outrage her Modesty (Sec 74 BNS/Sec.354 IPC) | b) Girls (Below 18 Years),assault_minor,0
2024,Odisha,Sexual Harassment (Sec. 75 BNS/Sec.354A IPC) | Sexual Harassment (Total a+b),sexual_harassment,1082
2024,Odisha,Assault or Use of Criminal Force with intent to disrobe (Sec. 76 BNS/Sec. 354B IPC) | Assault or Use of Criminal Force with intent to disrobe (Total a+b),disrobe,1839
2024,Odisha,Voyeurism (Sec. 77 BNS/Sec. 354C IPC) | Voyeurism (Total a+b),voyeurism,111
2024,Odisha,Stalking (Sec. 78 BNS/Sec. 354D IPC) | Stalking (Total a+b),stalking,365
2024,Odisha,Insult to the Modesty of Women (Sec. 79 BNS/Sec. 509 IPC) | Insult to the Modesty of Women (Total a+b),insult,582
2024,Odisha,Insult to the Modesty of Women (Sec 79 BNS/Sec 509 IPC) | b) Girls (Below 18 Years),insult_minor,0
2024,Odisha,Dowry Deaths (Sec 80 BNS /Sec 304B IPC),dowry,200
2024,Odisha,Cruelty by Husband or his relatives (Sec 85 BNS/Sec 498-A IPC),cruelty,5109
2024,Odisha,Kidnapping or abducting or inducing Women to compel her for marriage (Sec. 87 BNS/Sec. 366 IPC) | b) Girls (Below 18 Years,kidnap_marriage_girls,0
2024,Odisha,Procuration of Minor Girls (Sec 96 BNS//Sec 366A IPC),procuration_minor_girls,0
2024,Odisha,Selling of Girls for Prostitution (Sec 98 BNS/Sec 372 IPC),selling_minor_girls,0
2024,Odisha,Buying of Girls for Prostitution (Sec 99 BNS/Sec 373 IPC),buying_minor_girls,0
2024,Odisha,Abetment to suicides of women (u/s 107/108 BNS/Sec 305/306 IPC),abetment_suicide,0
2024,Odisha,Acid Attack (Sec 124(1) BNS/Sec 326A IPC),acid_attack,4
2024,Odisha,Attempt to Acid Attack (Sec 124(2) BNS/Sec 326B IPC),attempt_acid_attack,3
2024,Odisha,Kidnapping & Abduction of Women | Kidnapping & Abduction of Women (Total a+b+c+d+e),kidnap,6207
2024,Odisha,Kidnapping & Abduction of Women | d) Importation of Girls from Foreign Country (Sec. 141 BNS/Sec. 366-B IPC),import,0
2024,Odisha,Total IPC/BNS Crimes against Women,total_ipc,24213
2024,Odisha,"Dowry Prohibition Act, 1961",dowry_act,2
2024,Odisha,Immoral Traffic (Prevention) Act 1956 (Women Victim Cases only) | Immoral Traffic (Prevention) Act (Total a+b+c+d+e),itpa,23
2024,Odisha,"Protection of Women from Domestic Violence Act, 2005",dv_act,0
2024,Odisha,Cyber Crimes/Information Technology Act (Women Centric Crimes Only) | Cyber Crimes/Information Technology Act (Total a+b),cyber,719
2024,Odisha,Protection of Children from Sexual Violence Act (Girl Child Victims Only) | POCSO Act (Total a+b+c+d+e),pocso_girls,2483
2024,Odisha,Protection of Children from Sexual Violence Act (Girl Child Victims Only) | a) POCSO Act Sec. 4 & 6,pocso_penetrative,1786
2024,Odisha,Protection of Children from Sexual Violence Act (Girl Child Victims Only) | b) POCSO Act Sec. 8 & 10,pocso_sexual_assault,697
2024,Odisha,Protection of Children from Sexual Violence Act (Girl Child Victims Only) | c) POCSO Act Sec. 12,pocso_harassment,0
2024,Odisha,Protection of Children from Sexual Violence Act (Girl Child Victims Only) | d) POCSO Act Sec. 14 & 15,pocso_pornography,0
2024,Odisha,"Indecent Representation of Women (Prohibition) Act, 1986",indecent_rep,9
2024,Odisha,Total SLL Crimes against Women,total_sll,3236
2024,Odisha,Total Crime against Women (IPC/BNS + SLL Crimes),total,27449
2024,Puducherry,"Rape (Sec 64-68,70-71 BNS/Sec.376 IPC) | Rape (Total a+b)",rape,9
2024,Puducherry,"Rape (Sec 64-68,70-71 BNS/Sec.376 IPC) | b) Girls (Below 18 Years)",rape_minor,0
2024,Puducherry,"Murder with Rape/Gang Rape (Sec 103 r/w Sec 64-68,70-71 BNS/ Sec 302 r/w 376 IPC)",murder_rape,1
2024,Puducherry,Attempt to commit Rape (Sec. 64 r/w 62 BNS/Sec.376 r/w 511 IPC) | Attempt to commit Rape (Total a+b),attempt_rape,0
2024,Puducherry,Attempt to commit Rape (Sec 64 r/w 62 BNS/Sec.376 r/w 511 IPC) | b) Girls (Below 18 Years),attempt_rape_minor,0
2024,Puducherry,"Assault on women to outrage modesty, incl. 354A-D (BNS 74-78, summed)",assault,62
2024,Puducherry,Assault on Women with intent to outrage her Modesty (Sec 74 BNS/Sec.354 IPC) | b) Girls (Below 18 Years),assault_minor,0
2024,Puducherry,Sexual Harassment (Sec. 75 BNS/Sec.354A IPC) | Sexual Harassment (Total a+b),sexual_harassment,21
2024,Puducherry,Assault or Use of Criminal Force with intent to disrobe (Sec. 76 BNS/Sec. 354B IPC) | Assault or Use of Criminal Force with intent to disrobe (Total a+b),disrobe,11
2024,Puducherry,Voyeurism (Sec. 77 BNS/Sec. 354C IPC) | Voyeurism (Total a+b),voyeurism,3
2024,Puducherry,Stalking (Sec. 78 BNS/Sec. 354D IPC) | Stalking (Total a+b),stalking,9
2024,Puducherry,Insult to the Modesty of Women (Sec. 79 BNS/Sec. 509 IPC) | Insult to the Modesty of Women (Total a+b),insult,15
2024,Puducherry,Insult to the Modesty of Women (Sec 79 BNS/Sec 509 IPC) | b) Girls (Below 18 Years),insult_minor,0
2024,Puducherry,Dowry Deaths (Sec 80 BNS /Sec 304B IPC),dowry,0
2024,Puducherry,Cruelty by Husband or his relatives (Sec 85 BNS/Sec 498-A IPC),cruelty,15
2024,Puducherry,Kidnapping or abducting or inducing Women to compel her for marriage (Sec. 87 BNS/Sec. 366 IPC) | b) Girls (Below 18 Years,kidnap_marriage_girls,0
2024,Puducherry,Procuration of Minor Girls (Sec 96 BNS//Sec 366A IPC),procuration_minor_girls,0
2024,Puducherry,Selling of Girls for Prostitution (Sec 98 BNS/Sec 372 IPC),selling_minor_girls,0
2024,Puducherry,Buying of Girls for Prostitution (Sec 99 BNS/Sec 373 IPC),buying_minor_girls,0
2024,Puducherry,Abetment to suicides of women (u/s 107/108 BNS/Sec 305/306 IPC),abetment_suicide,3
2024,Puducherry,Acid Attack (Sec 124(1) BNS/Sec 326A IPC),acid_attack,0
2024,Puducherry,Attempt to Acid Attack (Sec 124(2) BNS/Sec 326B IPC),attempt_acid_attack,0
2024,Puducherry,Kidnapping & Abduction of Women | Kidnapping & Abduction of Women (Total a+b+c+d+e),kidnap,12
2024,Puducherry,Kidnapping & Abduction of Women | d) Importation of Girls from Foreign Country (Sec. 141 BNS/Sec. 366-B IPC),import,0
2024,Puducherry,Total IPC/BNS Crimes against Women,total_ipc,117
2024,Puducherry,"Dowry Prohibition Act, 1961",dowry_act,13
2024,Puducherry,Immoral Traffic (Prevention) Act 1956 (Women Victim Cases only) | Immoral Traffic (Prevention) Act (Total a+b+c+d+e),itpa,3
2024,Puducherry,"Protection of Women from Domestic Violence Act, 2005",dv_act,0
2024,Puducherry,Cyber Crimes/Information Technology Act (Women Centric Crimes Only) | Cyber Crimes/Information Technology Act (Total a+b),cyber,6
2024,Puducherry,Protection of Children from Sexual Violence Act (Girl Child Victims Only) | POCSO Act (Total a+b+c+d+e),pocso_girls,133
2024,Puducherry,Protection of Children from Sexual Violence Act (Girl Child Victims Only) | a) POCSO Act Sec. 4 & 6,pocso_penetrative,82
2024,Puducherry,Protection of Children from Sexual Violence Act (Girl Child Victims Only) | b) POCSO Act Sec. 8 & 10,pocso_sexual_assault,24
2024,Puducherry,Protection of Children from Sexual Violence Act (Girl Child Victims Only) | c) POCSO Act Sec. 12,pocso_harassment,27
2024,Puducherry,Protection of Children from Sexual Violence Act (Girl Child Victims Only) | d) POCSO Act Sec. 14 & 15,pocso_pornography,0
2024,Puducherry,"Indecent Representation of Women (Prohibition) Act, 1986",indecent_rep,0
2024,Puducherry,Total SLL Crimes against Women,total_sll,155
2024,Puducherry,Total Crime against Women (IPC/BNS + SLL Crimes),total,272
2024,Punjab,"Rape (Sec 64-68,70-71 BNS/Sec.376 IPC) | Rape (Total a+b)",rape,475
2024,Punjab,"Rape (Sec 64-68,70-71 BNS/Sec.376 IPC) | b) Girls (Below 18 Years)",rape_minor,0
2024,Punjab,"Murder with Rape/Gang Rape (Sec 103 r/w Sec 64-68,70-71 BNS/ Sec 302 r/w 376 IPC)",murder_rape,6
2024,Punjab,Attempt to commit Rape (Sec. 64 r/w 62 BNS/Sec.376 r/w 511 IPC) | Attempt to commit Rape (Total a+b),attempt_rape,20
2024,Punjab,Attempt to commit Rape (Sec 64 r/w 62 BNS/Sec.376 r/w 511 IPC) | b) Girls (Below 18 Years),attempt_rape_minor,5
2024,Punjab,"Assault on women to outrage modesty, incl. 354A-D (BNS 74-78, summed)",assault,635
2024,Punjab,Assault on Women with intent to outrage her Modesty (Sec 74 BNS/Sec.354 IPC) | b) Girls (Below 18 Years),assault_minor,14
2024,Punjab,Sexual Harassment (Sec. 75 BNS/Sec.354A IPC) | Sexual Harassment (Total a+b),sexual_harassment,126
2024,Punjab,Assault or Use of Criminal Force with intent to disrobe (Sec. 76 BNS/Sec. 354B IPC) | Assault or Use of Criminal Force with intent to disrobe (Total a+b),disrobe,47
2024,Punjab,Voyeurism (Sec. 77 BNS/Sec. 354C IPC) | Voyeurism (Total a+b),voyeurism,17
2024,Punjab,Stalking (Sec. 78 BNS/Sec. 354D IPC) | Stalking (Total a+b),stalking,55
2024,Punjab,Insult to the Modesty of Women (Sec. 79 BNS/Sec. 509 IPC) | Insult to the Modesty of Women (Total a+b),insult,29
2024,Punjab,Insult to the Modesty of Women (Sec 79 BNS/Sec 509 IPC) | b) Girls (Below 18 Years),insult_minor,0
2024,Punjab,Dowry Deaths (Sec 80 BNS /Sec 304B IPC),dowry,39
2024,Punjab,Cruelty by Husband or his relatives (Sec 85 BNS/Sec 498-A IPC),cruelty,1642
2024,Punjab,Kidnapping or abducting or inducing Women to compel her for marriage (Sec. 87 BNS/Sec. 366 IPC) | b) Girls (Below 18 Years,kidnap_marriage_girls,1356
2024,Punjab,Procuration of Minor Girls (Sec 96 BNS//Sec 366A IPC),procuration_minor_girls,32
2024,Punjab,Selling of Girls for Prostitution (Sec 98 BNS/Sec 372 IPC),selling_minor_girls,0
2024,Punjab,Buying of Girls for Prostitution (Sec 99 BNS/Sec 373 IPC),buying_minor_girls,0
2024,Punjab,Abetment to suicides of women (u/s 107/108 BNS/Sec 305/306 IPC),abetment_suicide,156
2024,Punjab,Acid Attack (Sec 124(1) BNS/Sec 326A IPC),acid_attack,4
2024,Punjab,Attempt to Acid Attack (Sec 124(2) BNS/Sec 326B IPC),attempt_acid_attack,0
2024,Punjab,Kidnapping & Abduction of Women | Kidnapping & Abduction of Women (Total a+b+c+d+e),kidnap,59
2024,Punjab,Kidnapping & Abduction of Women | d) Importation of Girls from Foreign Country (Sec. 141 BNS/Sec. 366-B IPC),import,0
2024,Punjab,Total IPC/BNS Crimes against Women,total_ipc,4656
2024,Punjab,"Dowry Prohibition Act, 1961",dowry_act,7
2024,Punjab,Immoral Traffic (Prevention) Act 1956 (Women Victim Cases only) | Immoral Traffic (Prevention) Act (Total a+b+c+d+e),itpa,5
2024,Punjab,"Protection of Women from Domestic Violence Act, 2005",dv_act,1
2024,Punjab,Cyber Crimes/Information Technology Act (Women Centric Crimes Only) | Cyber Crimes/Information Technology Act (Total a+b),cyber,34
2024,Punjab,Protection of Children from Sexual Violence Act (Girl Child Victims Only) | POCSO Act (Total a+b+c+d+e),pocso_girls,645
2024,Punjab,Protection of Children from Sexual Violence Act (Girl Child Victims Only) | a) POCSO Act Sec. 4 & 6,pocso_penetrative,542
2024,Punjab,Protection of Children from Sexual Violence Act (Girl Child Victims Only) | b) POCSO Act Sec. 8 & 10,pocso_sexual_assault,97
2024,Punjab,Protection of Children from Sexual Violence Act (Girl Child Victims Only) | c) POCSO Act Sec. 12,pocso_harassment,2
2024,Punjab,Protection of Children from Sexual Violence Act (Girl Child Victims Only) | d) POCSO Act Sec. 14 & 15,pocso_pornography,3
2024,Punjab,"Indecent Representation of Women (Prohibition) Act, 1986",indecent_rep,0
2024,Punjab,Total SLL Crimes against Women,total_sll,692
2024,Punjab,Total Crime against Women (IPC/BNS + SLL Crimes),total,5348
2024,Rajasthan,"Rape (Sec 64-68,70-71 BNS/Sec.376 IPC) | Rape (Total a+b)",rape,4871
2024,Rajasthan,"Rape (Sec 64-68,70-71 BNS/Sec.376 IPC) | b) Girls (Below 18 Years)",rape_minor,0
2024,Rajasthan,"Murder with Rape/Gang Rape (Sec 103 r/w Sec 64-68,70-71 BNS/ Sec 302 r/w 376 IPC)",murder_rape,38
2024,Rajasthan,Attempt to commit Rape (Sec. 64 r/w 62 BNS/Sec.376 r/w 511 IPC) | Attempt to commit Rape (Total a+b),attempt_rape,778
2024,Rajasthan,Attempt to commit Rape (Sec 64 r/w 62 BNS/Sec.376 r/w 511 IPC) | b) Girls (Below 18 Years),attempt_rape_minor,0
2024,Rajasthan,"Assault on women to outrage modesty, incl. 354A-D (BNS 74-78, summed)",assault,11280
2024,Rajasthan,Assault on Women with intent to outrage her Modesty (Sec 74 BNS/Sec.354 IPC) | b) Girls (Below 18 Years),assault_minor,0
2024,Rajasthan,Sexual Harassment (Sec. 75 BNS/Sec.354A IPC) | Sexual Harassment (Total a+b),sexual_harassment,1381
2024,Rajasthan,Assault or Use of Criminal Force with intent to disrobe (Sec. 76 BNS/Sec. 354B IPC) | Assault or Use of Criminal Force with intent to disrobe (Total a+b),disrobe,1185
2024,Rajasthan,Voyeurism (Sec. 77 BNS/Sec. 354C IPC) | Voyeurism (Total a+b),voyeurism,86
2024,Rajasthan,Stalking (Sec. 78 BNS/Sec. 354D IPC) | Stalking (Total a+b),stalking,352
2024,Rajasthan,Insult to the Modesty of Women (Sec. 79 BNS/Sec. 509 IPC) | Insult to the Modesty of Women (Total a+b),insult,287
2024,Rajasthan,Insult to the Modesty of Women (Sec 79 BNS/Sec 509 IPC) | b) Girls (Below 18 Years),insult_minor,0
2024,Rajasthan,Dowry Deaths (Sec 80 BNS /Sec 304B IPC),dowry,386
2024,Rajasthan,Cruelty by Husband or his relatives (Sec 85 BNS/Sec 498-A IPC),cruelty,10578
2024,Rajasthan,Kidnapping or abducting or inducing Women to compel her for marriage (Sec. 87 BNS/Sec. 366 IPC) | b) Girls (Below 18 Years,kidnap_marriage_girls,330
2024,Rajasthan,Procuration of Minor Girls (Sec 96 BNS//Sec 366A IPC),procuration_minor_girls,72
2024,Rajasthan,Selling of Girls for Prostitution (Sec 98 BNS/Sec 372 IPC),selling_minor_girls,0
2024,Rajasthan,Buying of Girls for Prostitution (Sec 99 BNS/Sec 373 IPC),buying_minor_girls,0
2024,Rajasthan,Abetment to suicides of women (u/s 107/108 BNS/Sec 305/306 IPC),abetment_suicide,94
2024,Rajasthan,Acid Attack (Sec 124(1) BNS/Sec 326A IPC),acid_attack,4
2024,Rajasthan,Attempt to Acid Attack (Sec 124(2) BNS/Sec 326B IPC),attempt_acid_attack,3
2024,Rajasthan,Kidnapping & Abduction of Women | Kidnapping & Abduction of Women (Total a+b+c+d+e),kidnap,4042
2024,Rajasthan,Kidnapping & Abduction of Women | d) Importation of Girls from Foreign Country (Sec. 141 BNS/Sec. 366-B IPC),import,0
2024,Rajasthan,Total IPC/BNS Crimes against Women,total_ipc,34055
2024,Rajasthan,"Dowry Prohibition Act, 1961",dowry_act,68
2024,Rajasthan,Immoral Traffic (Prevention) Act 1956 (Women Victim Cases only) | Immoral Traffic (Prevention) Act (Total a+b+c+d+e),itpa,18
2024,Rajasthan,"Protection of Women from Domestic Violence Act, 2005",dv_act,3
2024,Rajasthan,Cyber Crimes/Information Technology Act (Women Centric Crimes Only) | Cyber Crimes/Information Technology Act (Total a+b),cyber,147
2024,Rajasthan,Protection of Children from Sexual Violence Act (Girl Child Victims Only) | POCSO Act (Total a+b+c+d+e),pocso_girls,2272
2024,Rajasthan,Protection of Children from Sexual Violence Act (Girl Child Victims Only) | a) POCSO Act Sec. 4 & 6,pocso_penetrative,1612
2024,Rajasthan,Protection of Children from Sexual Violence Act (Girl Child Victims Only) | b) POCSO Act Sec. 8 & 10,pocso_sexual_assault,548
2024,Rajasthan,Protection of Children from Sexual Violence Act (Girl Child Victims Only) | c) POCSO Act Sec. 12,pocso_harassment,21
2024,Rajasthan,Protection of Children from Sexual Violence Act (Girl Child Victims Only) | d) POCSO Act Sec. 14 & 15,pocso_pornography,60
2024,Rajasthan,"Indecent Representation of Women (Prohibition) Act, 1986",indecent_rep,0
2024,Rajasthan,Total SLL Crimes against Women,total_sll,2508
2024,Rajasthan,Total Crime against Women (IPC/BNS + SLL Crimes),total,36563
2024,Sikkim,"Rape (Sec 64-68,70-71 BNS/Sec.376 IPC) | Rape (Total a+b)",rape,7
2024,Sikkim,"Rape (Sec 64-68,70-71 BNS/Sec.376 IPC) | b) Girls (Below 18 Years)",rape_minor,0
2024,Sikkim,"Murder with Rape/Gang Rape (Sec 103 r/w Sec 64-68,70-71 BNS/ Sec 302 r/w 376 IPC)",murder_rape,0
2024,Sikkim,Attempt to commit Rape (Sec. 64 r/w 62 BNS/Sec.376 r/w 511 IPC) | Attempt to commit Rape (Total a+b),attempt_rape,0
2024,Sikkim,Attempt to commit Rape (Sec 64 r/w 62 BNS/Sec.376 r/w 511 IPC) | b) Girls (Below 18 Years),attempt_rape_minor,0
2024,Sikkim,"Assault on women to outrage modesty, incl. 354A-D (BNS 74-78, summed)",assault,13
2024,Sikkim,Assault on Women with intent to outrage her Modesty (Sec 74 BNS/Sec.354 IPC) | b) Girls (Below 18 Years),assault_minor,0
2024,Sikkim,Sexual Harassment (Sec. 75 BNS/Sec.354A IPC) | Sexual Harassment (Total a+b),sexual_harassment,4
2024,Sikkim,Assault or Use of Criminal Force with intent to disrobe (Sec. 76 BNS/Sec. 354B IPC) | Assault or Use of Criminal Force with intent to disrobe (Total a+b),disrobe,0
2024,Sikkim,Voyeurism (Sec. 77 BNS/Sec. 354C IPC) | Voyeurism (Total a+b),voyeurism,0
2024,Sikkim,Stalking (Sec. 78 BNS/Sec. 354D IPC) | Stalking (Total a+b),stalking,1
2024,Sikkim,Insult to the Modesty of Women (Sec. 79 BNS/Sec. 509 IPC) | Insult to the Modesty of Women (Total a+b),insult,6
2024,Sikkim,Insult to the Modesty of Women (Sec 79 BNS/Sec 509 IPC) | b) Girls (Below 18 Years),insult_minor,0
2024,Sikkim,Dowry Deaths (Sec 80 BNS /Sec 304B IPC),dowry,0
2024,Sikkim,Cruelty by Husband or his relatives (Sec 85 BNS/Sec 498-A IPC),cruelty,2
2024,Sikkim,Kidnapping or abducting or inducing Women to compel her for marriage (Sec. 87 BNS/Sec. 366 IPC) | b) Girls (Below 18 Years,kidnap_marriage_girls,0
2024,Sikkim,Procuration of Minor Girls (Sec 96 BNS//Sec 366A IPC),procuration_minor_girls,0
2024,Sikkim,Selling of Girls for Prostitution (Sec 98 BNS/Sec 372 IPC),selling_minor_girls,0
2024,Sikkim,Buying of Girls for Prostitution (Sec 99 BNS/Sec 373 IPC),buying_minor_girls,0
2024,Sikkim,Abetment to suicides of women (u/s 107/108 BNS/Sec 305/306 IPC),abetment_suicide,0
2024,Sikkim,Acid Attack (Sec 124(1) BNS/Sec 326A IPC),acid_attack,0
2024,Sikkim,Attempt to Acid Attack (Sec 124(2) BNS/Sec 326B IPC),attempt_acid_attack,0
2024,Sikkim,Kidnapping & Abduction of Women | Kidnapping & Abduction of Women (Total a+b+c+d+e),kidnap,23
2024,Sikkim,Kidnapping & Abduction of Women | d) Importation of Girls from Foreign Country (Sec. 141 BNS/Sec. 366-B IPC),import,0
2024,Sikkim,Total IPC/BNS Crimes against Women,total_ipc,52
2024,Sikkim,"Dowry Prohibition Act, 1961",dowry_act,0
2024,Sikkim,Immoral Traffic (Prevention) Act 1956 (Women Victim Cases only) | Immoral Traffic (Prevention) Act (Total a+b+c+d+e),itpa,0
2024,Sikkim,"Protection of Women from Domestic Violence Act, 2005",dv_act,0
2024,Sikkim,Cyber Crimes/Information Technology Act (Women Centric Crimes Only) | Cyber Crimes/Information Technology Act (Total a+b),cyber,3
2024,Sikkim,Protection of Children from Sexual Violence Act (Girl Child Victims Only) | POCSO Act (Total a+b+c+d+e),pocso_girls,76
2024,Sikkim,Protection of Children from Sexual Violence Act (Girl Child Victims Only) | a) POCSO Act Sec. 4 & 6,pocso_penetrative,54
2024,Sikkim,Protection of Children from Sexual Violence Act (Girl Child Victims Only) | b) POCSO Act Sec. 8 & 10,pocso_sexual_assault,17
2024,Sikkim,Protection of Children from Sexual Violence Act (Girl Child Victims Only) | c) POCSO Act Sec. 12,pocso_harassment,5
2024,Sikkim,Protection of Children from Sexual Violence Act (Girl Child Victims Only) | d) POCSO Act Sec. 14 & 15,pocso_pornography,0
2024,Sikkim,"Indecent Representation of Women (Prohibition) Act, 1986",indecent_rep,0
2024,Sikkim,Total SLL Crimes against Women,total_sll,79
2024,Sikkim,Total Crime against Women (IPC/BNS + SLL Crimes),total,131
2024,Tamil Nadu,"Rape (Sec 64-68,70-71 BNS/Sec.376 IPC) | Rape (Total a+b)",rape,419
2024,Tamil Nadu,"Rape (Sec 64-68,70-71 BNS/Sec.376 IPC) | b) Girls (Below 18 Years)",rape_minor,0
2024,Tamil Nadu,"Murder with Rape/Gang Rape (Sec 103 r/w Sec 64-68,70-71 BNS/ Sec 302 r/w 376 IPC)",murder_rape,6
2024,Tamil Nadu,Attempt to commit Rape (Sec. 64 r/w 62 BNS/Sec.376 r/w 511 IPC) | Attempt to commit Rape (Total a+b),attempt_rape,33
2024,Tamil Nadu,Attempt to commit Rape (Sec 64 r/w 62 BNS/Sec.376 r/w 511 IPC) | b) Girls (Below 18 Years),attempt_rape_minor,0
2024,Tamil Nadu,"Assault on women to outrage modesty, incl. 354A-D (BNS 74-78, summed)",assault,1888
2024,Tamil Nadu,Assault on Women with intent to outrage her Modesty (Sec 74 BNS/Sec.354 IPC) | b) Girls (Below 18 Years),assault_minor,1
2024,Tamil Nadu,Sexual Harassment (Sec. 75 BNS/Sec.354A IPC) | Sexual Harassment (Total a+b),sexual_harassment,421
2024,Tamil Nadu,Assault or Use of Criminal Force with intent to disrobe (Sec. 76 BNS/Sec. 354B IPC) | Assault or Use of Criminal Force with intent to disrobe (Total a+b),disrobe,52
2024,Tamil Nadu,Voyeurism (Sec. 77 BNS/Sec. 354C IPC) | Voyeurism (Total a+b),voyeurism,65
2024,Tamil Nadu,Stalking (Sec. 78 BNS/Sec. 354D IPC) | Stalking (Total a+b),stalking,113
2024,Tamil Nadu,Insult to the Modesty of Women (Sec. 79 BNS/Sec. 509 IPC) | Insult to the Modesty of Women (Total a+b),insult,94
2024,Tamil Nadu,Insult to the Modesty of Women (Sec 79 BNS/Sec 509 IPC) | b) Girls (Below 18 Years),insult_minor,0
2024,Tamil Nadu,Dowry Deaths (Sec 80 BNS /Sec 304B IPC),dowry,7
2024,Tamil Nadu,Cruelty by Husband or his relatives (Sec 85 BNS/Sec 498-A IPC),cruelty,870
2024,Tamil Nadu,Kidnapping or abducting or inducing Women to compel her for marriage (Sec. 87 BNS/Sec. 366 IPC) | b) Girls (Below 18 Years,kidnap_marriage_girls,41
2024,Tamil Nadu,Procuration of Minor Girls (Sec 96 BNS//Sec 366A IPC),procuration_minor_girls,3
2024,Tamil Nadu,Selling of Girls for Prostitution (Sec 98 BNS/Sec 372 IPC),selling_minor_girls,0
2024,Tamil Nadu,Buying of Girls for Prostitution (Sec 99 BNS/Sec 373 IPC),buying_minor_girls,0
2024,Tamil Nadu,Abetment to suicides of women (u/s 107/108 BNS/Sec 305/306 IPC),abetment_suicide,155
2024,Tamil Nadu,Acid Attack (Sec 124(1) BNS/Sec 326A IPC),acid_attack,1
2024,Tamil Nadu,Attempt to Acid Attack (Sec 124(2) BNS/Sec 326B IPC),attempt_acid_attack,1
2024,Tamil Nadu,Kidnapping & Abduction of Women | Kidnapping & Abduction of Women (Total a+b+c+d+e),kidnap,81
2024,Tamil Nadu,Kidnapping & Abduction of Women | d) Importation of Girls from Foreign Country (Sec. 141 BNS/Sec. 366-B IPC),import,0
2024,Tamil Nadu,Total IPC/BNS Crimes against Women,total_ipc,3682
2024,Tamil Nadu,"Dowry Prohibition Act, 1961",dowry_act,106
2024,Tamil Nadu,Immoral Traffic (Prevention) Act 1956 (Women Victim Cases only) | Immoral Traffic (Prevention) Act (Total a+b+c+d+e),itpa,597
2024,Tamil Nadu,"Protection of Women from Domestic Violence Act, 2005",dv_act,5
2024,Tamil Nadu,Cyber Crimes/Information Technology Act (Women Centric Crimes Only) | Cyber Crimes/Information Technology Act (Total a+b),cyber,96
2024,Tamil Nadu,Protection of Children from Sexual Violence Act (Girl Child Victims Only) | POCSO Act (Total a+b+c+d+e),pocso_girls,6874
2024,Tamil Nadu,Protection of Children from Sexual Violence Act (Girl Child Victims Only) | a) POCSO Act Sec. 4 & 6,pocso_penetrative,5256
2024,Tamil Nadu,Protection of Children from Sexual Violence Act (Girl Child Victims Only) | b) POCSO Act Sec. 8 & 10,pocso_sexual_assault,1212
2024,Tamil Nadu,Protection of Children from Sexual Violence Act (Girl Child Victims Only) | c) POCSO Act Sec. 12,pocso_harassment,364
2024,Tamil Nadu,Protection of Children from Sexual Violence Act (Girl Child Victims Only) | d) POCSO Act Sec. 14 & 15,pocso_pornography,20
2024,Tamil Nadu,"Indecent Representation of Women (Prohibition) Act, 1986",indecent_rep,3
2024,Tamil Nadu,Total SLL Crimes against Women,total_sll,7681
2024,Tamil Nadu,Total Crime against Women (IPC/BNS + SLL Crimes),total,11363
2024,Telangana,"Rape (Sec 64-68,70-71 BNS/Sec.376 IPC) | Rape (Total a+b)",rape,1148
2024,Telangana,"Rape (Sec 64-68,70-71 BNS/Sec.376 IPC) | b) Girls (Below 18 Years)",rape_minor,0
2024,Telangana,"Murder with Rape/Gang Rape (Sec 103 r/w Sec 64-68,70-71 BNS/ Sec 302 r/w 376 IPC)",murder_rape,18
2024,Telangana,Attempt to commit Rape (Sec. 64 r/w 62 BNS/Sec.376 r/w 511 IPC) | Attempt to commit Rape (Total a+b),attempt_rape,59
2024,Telangana,Attempt to commit Rape (Sec 64 r/w 62 BNS/Sec.376 r/w 511 IPC) | b) Girls (Below 18 Years),attempt_rape_minor,7
2024,Telangana,"Assault on women to outrage modesty, incl. 354A-D (BNS 74-78, summed)",assault,5865
2024,Telangana,Assault on Women with intent to outrage her Modesty (Sec 74 BNS/Sec.354 IPC) | b) Girls (Below 18 Years),assault_minor,40
2024,Telangana,Sexual Harassment (Sec. 75 BNS/Sec.354A IPC) | Sexual Harassment (Total a+b),sexual_harassment,998
2024,Telangana,Assault or Use of Criminal Force with intent to disrobe (Sec. 76 BNS/Sec. 354B IPC) | Assault or Use of Criminal Force with intent to disrobe (Total a+b),disrobe,127
2024,Telangana,Voyeurism (Sec. 77 BNS/Sec. 354C IPC) | Voyeurism (Total a+b),voyeurism,229
2024,Telangana,Stalking (Sec. 78 BNS/Sec. 354D IPC) | Stalking (Total a+b),stalking,2355
2024,Telangana,Insult to the Modesty of Women (Sec. 79 BNS/Sec. 509 IPC) | Insult to the Modesty of Women (Total a+b),insult,936
2024,Telangana,Insult to the Modesty of Women (Sec 79 BNS/Sec 509 IPC) | b) Girls (Below 18 Years),insult_minor,2
2024,Telangana,Dowry Deaths (Sec 80 BNS /Sec 304B IPC),dowry,144
2024,Telangana,Cruelty by Husband or his relatives (Sec 85 BNS/Sec 498-A IPC),cruelty,10061
2024,Telangana,Kidnapping or abducting or inducing Women to compel her for marriage (Sec. 87 BNS/Sec. 366 IPC) | b) Girls (Below 18 Years,kidnap_marriage_girls,98
2024,Telangana,Procuration of Minor Girls (Sec 96 BNS//Sec 366A IPC),procuration_minor_girls,32
2024,Telangana,Selling of Girls for Prostitution (Sec 98 BNS/Sec 372 IPC),selling_minor_girls,0
2024,Telangana,Buying of Girls for Prostitution (Sec 99 BNS/Sec 373 IPC),buying_minor_girls,0
2024,Telangana,Abetment to suicides of women (u/s 107/108 BNS/Sec 305/306 IPC),abetment_suicide,424
2024,Telangana,Acid Attack (Sec 124(1) BNS/Sec 326A IPC),acid_attack,1
2024,Telangana,Attempt to Acid Attack (Sec 124(2) BNS/Sec 326B IPC),attempt_acid_attack,1
2024,Telangana,Kidnapping & Abduction of Women | Kidnapping & Abduction of Women (Total a+b+c+d+e),kidnap,2248
2024,Telangana,Kidnapping & Abduction of Women | d) Importation of Girls from Foreign Country (Sec. 141 BNS/Sec. 366-B IPC),import,0
2024,Telangana,Total IPC/BNS Crimes against Women,total_ipc,21284
2024,Telangana,"Dowry Prohibition Act, 1961",dowry_act,6
2024,Telangana,Immoral Traffic (Prevention) Act 1956 (Women Victim Cases only) | Immoral Traffic (Prevention) Act (Total a+b+c+d+e),itpa,61
2024,Telangana,"Protection of Women from Domestic Violence Act, 2005",dv_act,0
2024,Telangana,Cyber Crimes/Information Technology Act (Women Centric Crimes Only) | Cyber Crimes/Information Technology Act (Total a+b),cyber,251
2024,Telangana,Protection of Children from Sexual Violence Act (Girl Child Victims Only) | POCSO Act (Total a+b+c+d+e),pocso_girls,2893
2024,Telangana,Protection of Children from Sexual Violence Act (Girl Child Victims Only) | a) POCSO Act Sec. 4 & 6,pocso_penetrative,2076
2024,Telangana,Protection of Children from Sexual Violence Act (Girl Child Victims Only) | b) POCSO Act Sec. 8 & 10,pocso_sexual_assault,744
2024,Telangana,Protection of Children from Sexual Violence Act (Girl Child Victims Only) | c) POCSO Act Sec. 12,pocso_harassment,65
2024,Telangana,Protection of Children from Sexual Violence Act (Girl Child Victims Only) | d) POCSO Act Sec. 14 & 15,pocso_pornography,6
2024,Telangana,"Indecent Representation of Women (Prohibition) Act, 1986",indecent_rep,0
2024,Telangana,Total SLL Crimes against Women,total_sll,3211
2024,Telangana,Total Crime against Women (IPC/BNS + SLL Crimes),total,24495
2024,Tripura,"Rape (Sec 64-68,70-71 BNS/Sec.376 IPC) | Rape (Total a+b)",rape,64
2024,Tripura,"Rape (Sec 64-68,70-71 BNS/Sec.376 IPC) | b) Girls (Below 18 Years)",rape_minor,0
2024,Tripura,"Murder with Rape/Gang Rape (Sec 103 r/w Sec 64-68,70-71 BNS/ Sec 302 r/w 376 IPC)",murder_rape,0
2024,Tripura,Attempt to commit Rape (Sec. 64 r/w 62 BNS/Sec.376 r/w 511 IPC) | Attempt to commit Rape (Total a+b),attempt_rape,9
2024,Tripura,Attempt to commit Rape (Sec 64 r/w 62 BNS/Sec.376 r/w 511 IPC) | b) Girls (Below 18 Years),attempt_rape_minor,0
2024,Tripura,"Assault on women to outrage modesty, incl. 354A-D (BNS 74-78, summed)",assault,72
2024,Tripura,Assault on Women with intent to outrage her Modesty (Sec 74 BNS/Sec.354 IPC) | b) Girls (Below 18 Years),assault_minor,0
2024,Tripura,Sexual Harassment (Sec. 75 BNS/Sec.354A IPC) | Sexual Harassment (Total a+b),sexual_harassment,11
2024,Tripura,Assault or Use of Criminal Force with intent to disrobe (Sec. 76 BNS/Sec. 354B IPC) | Assault or Use of Criminal Force with intent to disrobe (Total a+b),disrobe,18
2024,Tripura,Voyeurism (Sec. 77 BNS/Sec. 354C IPC) | Voyeurism (Total a+b),voyeurism,0
2024,Tripura,Stalking (Sec. 78 BNS/Sec. 354D IPC) | Stalking (Total a+b),stalking,0
2024,Tripura,Insult to the Modesty of Women (Sec. 79 BNS/Sec. 509 IPC) | Insult to the Modesty of Women (Total a+b),insult,2
2024,Tripura,Insult to the Modesty of Women (Sec 79 BNS/Sec 509 IPC) | b) Girls (Below 18 Years),insult_minor,0
2024,Tripura,Dowry Deaths (Sec 80 BNS /Sec 304B IPC),dowry,20
2024,Tripura,Cruelty by Husband or his relatives (Sec 85 BNS/Sec 498-A IPC),cruelty,257
2024,Tripura,Kidnapping or abducting or inducing Women to compel her for marriage (Sec. 87 BNS/Sec. 366 IPC) | b) Girls (Below 18 Years,kidnap_marriage_girls,19
2024,Tripura,Procuration of Minor Girls (Sec 96 BNS//Sec 366A IPC),procuration_minor_girls,41
2024,Tripura,Selling of Girls for Prostitution (Sec 98 BNS/Sec 372 IPC),selling_minor_girls,0
2024,Tripura,Buying of Girls for Prostitution (Sec 99 BNS/Sec 373 IPC),buying_minor_girls,0
2024,Tripura,Abetment to suicides of women (u/s 107/108 BNS/Sec 305/306 IPC),abetment_suicide,18
2024,Tripura,Acid Attack (Sec 124(1) BNS/Sec 326A IPC),acid_attack,0
2024,Tripura,Attempt to Acid Attack (Sec 124(2) BNS/Sec 326B IPC),attempt_acid_attack,0
2024,Tripura,Kidnapping & Abduction of Women | Kidnapping & Abduction of Women (Total a+b+c+d+e),kidnap,35
2024,Tripura,Kidnapping & Abduction of Women | d) Importation of Girls from Foreign Country (Sec. 141 BNS/Sec. 366-B IPC),import,0
2024,Tripura,Total IPC/BNS Crimes against Women,total_ipc,545
2024,Tripura,"Dowry Prohibition Act, 1961",dowry_act,0
2024,Tripura,Immoral Traffic (Prevention) Act 1956 (Women Victim Cases only) | Immoral Traffic (Prevention) Act (Total a+b+c+d+e),itpa,0
2024,Tripura,"Protection of Women from Domestic Violence Act, 2005",dv_act,0
2024,Tripura,Cyber Crimes/Information Technology Act (Women Centric Crimes Only) | Cyber Crimes/Information Technology Act (Total a+b),cyber,7
2024,Tripura,Protection of Children from Sexual Violence Act (Girl Child Victims Only) | POCSO Act (Total a+b+c+d+e),pocso_girls,164
2024,Tripura,Protection of Children from Sexual Violence Act (Girl Child Victims Only) | a) POCSO Act Sec. 4 & 6,pocso_penetrative,115
2024,Tripura,Protection of Children from Sexual Violence Act (Girl Child Victims Only) | b) POCSO Act Sec. 8 & 10,pocso_sexual_assault,37
2024,Tripura,Protection of Children from Sexual Violence Act (Girl Child Victims Only) | c) POCSO Act Sec. 12,pocso_harassment,12
2024,Tripura,Protection of Children from Sexual Violence Act (Girl Child Victims Only) | d) POCSO Act Sec. 14 & 15,pocso_pornography,0
2024,Tripura,"Indecent Representation of Women (Prohibition) Act, 1986",indecent_rep,0
2024,Tripura,Total SLL Crimes against Women,total_sll,171
2024,Tripura,Total Crime against Women (IPC/BNS + SLL Crimes),total,716
2024,Uttar Pradesh,"Rape (Sec 64-68,70-71 BNS/Sec.376 IPC) | Rape (Total a+b)",rape,3209
2024,Uttar Pradesh,"Rape (Sec 64-68,70-71 BNS/Sec.376 IPC) | b) Girls (Below 18 Years)",rape_minor,275
2024,Uttar Pradesh,"Murder with Rape/Gang Rape (Sec 103 r/w Sec 64-68,70-71 BNS/ Sec 302 r/w 376 IPC)",murder_rape,23
2024,Uttar Pradesh,Attempt to commit Rape (Sec. 64 r/w 62 BNS/Sec.376 r/w 511 IPC) | Attempt to commit Rape (Total a+b),attempt_rape,108
2024,Uttar Pradesh,Attempt to commit Rape (Sec 64 r/w 62 BNS/Sec.376 r/w 511 IPC) | b) Girls (Below 18 Years),attempt_rape_minor,21
2024,Uttar Pradesh,"Assault on women to outrage modesty, incl. 354A-D (BNS 74-78, summed)",assault,8568
2024,Uttar Pradesh,Assault on Women with intent to outrage her Modesty (Sec 74 BNS/Sec.354 IPC) | b) Girls (Below 18 Years),assault_minor,197
2024,Uttar Pradesh,Sexual Harassment (Sec. 75 BNS/Sec.354A IPC) | Sexual Harassment (Total a+b),sexual_harassment,2641
2024,Uttar Pradesh,Assault or Use of Criminal Force with intent to disrobe (Sec. 76 BNS/Sec. 354B IPC) | Assault or Use of Criminal Force with intent to disrobe (Total a+b),disrobe,1064
2024,Uttar Pradesh,Voyeurism (Sec. 77 BNS/Sec. 354C IPC) | Voyeurism (Total a+b),voyeurism,97
2024,Uttar Pradesh,Stalking (Sec. 78 BNS/Sec. 354D IPC) | Stalking (Total a+b),stalking,348
2024,Uttar Pradesh,Insult to the Modesty of Women (Sec. 79 BNS/Sec. 509 IPC) | Insult to the Modesty of Women (Total a+b),insult,69
2024,Uttar Pradesh,Insult to the Modesty of Women (Sec 79 BNS/Sec 509 IPC) | b) Girls (Below 18 Years),insult_minor,0
2024,Uttar Pradesh,Dowry Deaths (Sec 80 BNS /Sec 304B IPC),dowry,2038
2024,Uttar Pradesh,Cruelty by Husband or his relatives (Sec 85 BNS/Sec 498-A IPC),cruelty,21266
2024,Uttar Pradesh,Kidnapping or abducting or inducing Women to compel her for marriage (Sec. 87 BNS/Sec. 366 IPC) | b) Girls (Below 18 Years,kidnap_marriage_girls,2587
2024,Uttar Pradesh,Procuration of Minor Girls (Sec 96 BNS//Sec 366A IPC),procuration_minor_girls,0
2024,Uttar Pradesh,Selling of Girls for Prostitution (Sec 98 BNS/Sec 372 IPC),selling_minor_girls,0
2024,Uttar Pradesh,Buying of Girls for Prostitution (Sec 99 BNS/Sec 373 IPC),buying_minor_girls,0
2024,Uttar Pradesh,Abetment to suicides of women (u/s 107/108 BNS/Sec 305/306 IPC),abetment_suicide,322
2024,Uttar Pradesh,Acid Attack (Sec 124(1) BNS/Sec 326A IPC),acid_attack,15
2024,Uttar Pradesh,Attempt to Acid Attack (Sec 124(2) BNS/Sec 326B IPC),attempt_acid_attack,1
2024,Uttar Pradesh,Kidnapping & Abduction of Women | Kidnapping & Abduction of Women (Total a+b+c+d+e),kidnap,9584
2024,Uttar Pradesh,Kidnapping & Abduction of Women | d) Importation of Girls from Foreign Country (Sec. 141 BNS/Sec. 366-B IPC),import,0
2024,Uttar Pradesh,Total IPC/BNS Crimes against Women,total_ipc,53366
2024,Uttar Pradesh,"Dowry Prohibition Act, 1961",dowry_act,4482
2024,Uttar Pradesh,Immoral Traffic (Prevention) Act 1956 (Women Victim Cases only) | Immoral Traffic (Prevention) Act (Total a+b+c+d+e),itpa,7
2024,Uttar Pradesh,"Protection of Women from Domestic Violence Act, 2005",dv_act,1
2024,Uttar Pradesh,Cyber Crimes/Information Technology Act (Women Centric Crimes Only) | Cyber Crimes/Information Technology Act (Total a+b),cyber,572
2024,Uttar Pradesh,Protection of Children from Sexual Violence Act (Girl Child Victims Only) | POCSO Act (Total a+b+c+d+e),pocso_girls,7969
2024,Uttar Pradesh,Protection of Children from Sexual Violence Act (Girl Child Victims Only) | a) POCSO Act Sec. 4 & 6,pocso_penetrative,3570
2024,Uttar Pradesh,Protection of Children from Sexual Violence Act (Girl Child Victims Only) | b) POCSO Act Sec. 8 & 10,pocso_sexual_assault,4277
2024,Uttar Pradesh,Protection of Children from Sexual Violence Act (Girl Child Victims Only) | c) POCSO Act Sec. 12,pocso_harassment,88
2024,Uttar Pradesh,Protection of Children from Sexual Violence Act (Girl Child Victims Only) | d) POCSO Act Sec. 14 & 15,pocso_pornography,7
2024,Uttar Pradesh,"Indecent Representation of Women (Prohibition) Act, 1986",indecent_rep,1
2024,Uttar Pradesh,Total SLL Crimes against Women,total_sll,13032
2024,Uttar Pradesh,Total Crime against Women (IPC/BNS + SLL Crimes),total,66398
2024,Uttarakhand,"Rape (Sec 64-68,70-71 BNS/Sec.376 IPC) | Rape (Total a+b)",rape,305
2024,Uttarakhand,"Rape (Sec 64-68,70-71 BNS/Sec.376 IPC) | b) Girls (Below 18 Years)",rape_minor,0
2024,Uttarakhand,"Murder with Rape/Gang Rape (Sec 103 r/w Sec 64-68,70-71 BNS/ Sec 302 r/w 376 IPC)",murder_rape,0
2024,Uttarakhand,Attempt to commit Rape (Sec. 64 r/w 62 BNS/Sec.376 r/w 511 IPC) | Attempt to commit Rape (Total a+b),attempt_rape,3
2024,Uttarakhand,Attempt to commit Rape (Sec 64 r/w 62 BNS/Sec.376 r/w 511 IPC) | b) Girls (Below 18 Years),attempt_rape_minor,0
2024,Uttarakhand,"Assault on women to outrage modesty, incl. 354A-D (BNS 74-78, summed)",assault,525
2024,Uttarakhand,Assault on Women with intent to outrage her Modesty (Sec 74 BNS/Sec.354 IPC) | b) Girls (Below 18 Years),assault_minor,4
2024,Uttarakhand,Sexual Harassment (Sec. 75 BNS/Sec.354A IPC) | Sexual Harassment (Total a+b),sexual_harassment,75
2024,Uttarakhand,Assault or Use of Criminal Force with intent to disrobe (Sec. 76 BNS/Sec. 354B IPC) | Assault or Use of Criminal Force with intent to disrobe (Total a+b),disrobe,78
2024,Uttarakhand,Voyeurism (Sec. 77 BNS/Sec. 354C IPC) | Voyeurism (Total a+b),voyeurism,11
2024,Uttarakhand,Stalking (Sec. 78 BNS/Sec. 354D IPC) | Stalking (Total a+b),stalking,45
2024,Uttarakhand,Insult to the Modesty of Women (Sec. 79 BNS/Sec. 509 IPC) | Insult to the Modesty of Women (Total a+b),insult,10
2024,Uttarakhand,Insult to the Modesty of Women (Sec 79 BNS/Sec 509 IPC) | b) Girls (Below 18 Years),insult_minor,1
2024,Uttarakhand,Dowry Deaths (Sec 80 BNS /Sec 304B IPC),dowry,41
2024,Uttarakhand,Cruelty by Husband or his relatives (Sec 85 BNS/Sec 498-A IPC),cruelty,161
2024,Uttarakhand,Kidnapping or abducting or inducing Women to compel her for marriage (Sec. 87 BNS/Sec. 366 IPC) | b) Girls (Below 18 Years,kidnap_marriage_girls,97
2024,Uttarakhand,Procuration of Minor Girls (Sec 96 BNS//Sec 366A IPC),procuration_minor_girls,0
2024,Uttarakhand,Selling of Girls for Prostitution (Sec 98 BNS/Sec 372 IPC),selling_minor_girls,1
2024,Uttarakhand,Buying of Girls for Prostitution (Sec 99 BNS/Sec 373 IPC),buying_minor_girls,1
2024,Uttarakhand,Abetment to suicides of women (u/s 107/108 BNS/Sec 305/306 IPC),abetment_suicide,7
2024,Uttarakhand,Acid Attack (Sec 124(1) BNS/Sec 326A IPC),acid_attack,1
2024,Uttarakhand,Attempt to Acid Attack (Sec 124(2) BNS/Sec 326B IPC),attempt_acid_attack,0
2024,Uttarakhand,Kidnapping & Abduction of Women | Kidnapping & Abduction of Women (Total a+b+c+d+e),kidnap,558
2024,Uttarakhand,Kidnapping & Abduction of Women | d) Importation of Girls from Foreign Country (Sec. 141 BNS/Sec. 366-B IPC),import,0
2024,Uttarakhand,Total IPC/BNS Crimes against Women,total_ipc,1757
2024,Uttarakhand,"Dowry Prohibition Act, 1961",dowry_act,564
2024,Uttarakhand,Immoral Traffic (Prevention) Act 1956 (Women Victim Cases only) | Immoral Traffic (Prevention) Act (Total a+b+c+d+e),itpa,4
2024,Uttarakhand,"Protection of Women from Domestic Violence Act, 2005",dv_act,0
2024,Uttarakhand,Cyber Crimes/Information Technology Act (Women Centric Crimes Only) | Cyber Crimes/Information Technology Act (Total a+b),cyber,83
2024,Uttarakhand,Protection of Children from Sexual Violence Act (Girl Child Victims Only) | POCSO Act (Total a+b+c+d+e),pocso_girls,933
2024,Uttarakhand,Protection of Children from Sexual Violence Act (Girl Child Victims Only) | a) POCSO Act Sec. 4 & 6,pocso_penetrative,614
2024,Uttarakhand,Protection of Children from Sexual Violence Act (Girl Child Victims Only) | b) POCSO Act Sec. 8 & 10,pocso_sexual_assault,307
2024,Uttarakhand,Protection of Children from Sexual Violence Act (Girl Child Victims Only) | c) POCSO Act Sec. 12,pocso_harassment,6
2024,Uttarakhand,Protection of Children from Sexual Violence Act (Girl Child Victims Only) | d) POCSO Act Sec. 14 & 15,pocso_pornography,3
2024,Uttarakhand,"Indecent Representation of Women (Prohibition) Act, 1986",indecent_rep,1
2024,Uttarakhand,Total SLL Crimes against Women,total_sll,1585
2024,Uttarakhand,Total Crime against Women (IPC/BNS + SLL Crimes),total,3342
2024,West Bengal,"Rape (Sec 64-68,70-71 BNS/Sec.376 IPC) | Rape (Total a+b)",rape,1118
2024,West Bengal,"Rape (Sec 64-68,70-71 BNS/Sec.376 IPC) | b) Girls (Below 18 Years)",rape_minor,0
2024,West Bengal,"Murder with Rape/Gang Rape (Sec 103 r/w Sec 64-68,70-71 BNS/ Sec 302 r/w 376 IPC)",murder_rape,5
2024,West Bengal,Attempt to commit Rape (Sec. 64 r/w 62 BNS/Sec.376 r/w 511 IPC) | Attempt to commit Rape (Total a+b),attempt_rape,809
2024,West Bengal,Attempt to commit Rape (Sec 64 r/w 62 BNS/Sec.376 r/w 511 IPC) | b) Girls (Below 18 Years),attempt_rape_minor,0
2024,West Bengal,"Assault on women to outrage modesty, incl. 354A-D (BNS 74-78, summed)",assault,2489
2024,West Bengal,Assault on Women with intent to outrage her Modesty (Sec 74 BNS/Sec.354 IPC) | b) Girls (Below 18 Years),assault_minor,0
2024,West Bengal,Sexual Harassment (Sec. 75 BNS/Sec.354A IPC) | Sexual Harassment (Total a+b),sexual_harassment,509
2024,West Bengal,Assault or Use of Criminal Force with intent to disrobe (Sec. 76 BNS/Sec. 354B IPC) | Assault or Use of Criminal Force with intent to disrobe (Total a+b),disrobe,475
2024,West Bengal,Voyeurism (Sec. 77 BNS/Sec. 354C IPC) | Voyeurism (Total a+b),voyeurism,228
2024,West Bengal,Stalking (Sec. 78 BNS/Sec. 354D IPC) | Stalking (Total a+b),stalking,320
2024,West Bengal,Insult to the Modesty of Women (Sec. 79 BNS/Sec. 509 IPC) | Insult to the Modesty of Women (Total a+b),insult,413
2024,West Bengal,Insult to the Modesty of Women (Sec 79 BNS/Sec 509 IPC) | b) Girls (Below 18 Years),insult_minor,0
2024,West Bengal,Dowry Deaths (Sec 80 BNS /Sec 304B IPC),dowry,337
2024,West Bengal,Cruelty by Husband or his relatives (Sec 85 BNS/Sec 498-A IPC),cruelty,19330
2024,West Bengal,Kidnapping or abducting or inducing Women to compel her for marriage (Sec. 87 BNS/Sec. 366 IPC) | b) Girls (Below 18 Years,kidnap_marriage_girls,192
2024,West Bengal,Procuration of Minor Girls (Sec 96 BNS//Sec 366A IPC),procuration_minor_girls,16
2024,West Bengal,Selling of Girls for Prostitution (Sec 98 BNS/Sec 372 IPC),selling_minor_girls,0
2024,West Bengal,Buying of Girls for Prostitution (Sec 99 BNS/Sec 373 IPC),buying_minor_girls,0
2024,West Bengal,Abetment to suicides of women (u/s 107/108 BNS/Sec 305/306 IPC),abetment_suicide,395
2024,West Bengal,Acid Attack (Sec 124(1) BNS/Sec 326A IPC),acid_attack,30
2024,West Bengal,Attempt to Acid Attack (Sec 124(2) BNS/Sec 326B IPC),attempt_acid_attack,6
2024,West Bengal,Kidnapping & Abduction of Women | Kidnapping & Abduction of Women (Total a+b+c+d+e),kidnap,6145
2024,West Bengal,Kidnapping & Abduction of Women | d) Importation of Girls from Foreign Country (Sec. 141 BNS/Sec. 366-B IPC),import,1
2024,West Bengal,Total IPC/BNS Crimes against Women,total_ipc,31552
2024,West Bengal,"Dowry Prohibition Act, 1961",dowry_act,0
2024,West Bengal,Immoral Traffic (Prevention) Act 1956 (Women Victim Cases only) | Immoral Traffic (Prevention) Act (Total a+b+c+d+e),itpa,35
2024,West Bengal,"Protection of Women from Domestic Violence Act, 2005",dv_act,0
2024,West Bengal,Cyber Crimes/Information Technology Act (Women Centric Crimes Only) | Cyber Crimes/Information Technology Act (Total a+b),cyber,10
2024,West Bengal,Protection of Children from Sexual Violence Act (Girl Child Victims Only) | POCSO Act (Total a+b+c+d+e),pocso_girls,2761
2024,West Bengal,Protection of Children from Sexual Violence Act (Girl Child Victims Only) | a) POCSO Act Sec. 4 & 6,pocso_penetrative,1830
2024,West Bengal,Protection of Children from Sexual Violence Act (Girl Child Victims Only) | b) POCSO Act Sec. 8 & 10,pocso_sexual_assault,657
2024,West Bengal,Protection of Children from Sexual Violence Act (Girl Child Victims Only) | c) POCSO Act Sec. 12,pocso_harassment,250
2024,West Bengal,Protection of Children from Sexual Violence Act (Girl Child Victims Only) | d) POCSO Act Sec. 14 & 15,pocso_pornography,14
2024,West Bengal,"Indecent Representation of Women (Prohibition) Act, 1986",indecent_rep,2
2024,West Bengal,Total SLL Crimes against Women,total_sll,2808
2024,West Bengal,Total Crime against Women (IPC/BNS + SLL Crimes),total,34360
