year,state_ut,crime_head,custody_type,count,source
2017,Andhra Pradesh,Punishment for Rape (Sec.376 & 376(I),,649,NCRB CII 2017 Table 3A.11 (Table-3A.11_1.xlsx)
2017,Arunachal Pradesh,Punishment for Rape (Sec.376 & 376(I),,41,NCRB CII 2017 Table 3A.11 (Table-3A.11_1.xlsx)
2017,Assam,Punishment for Rape (Sec.376 & 376(I),,1626,NCRB CII 2017 Table 3A.11 (Table-3A.11_1.xlsx)
2017,Bihar,Punishment for Rape (Sec.376 & 376(I),,588,NCRB CII 2017 Table 3A.11 (Table-3A.11_1.xlsx)
2017,Chhattisgarh,Punishment for Rape (Sec.376 & 376(I),,1172,NCRB CII 2017 Table 3A.11 (Table-3A.11_1.xlsx)
2017,Goa,Punishment for Rape (Sec.376 & 376(I),,75,NCRB CII 2017 Table 3A.11 (Table-3A.11_1.xlsx)
2017,Gujarat,Punishment for Rape (Sec.376 & 376(I),,451,NCRB CII 2017 Table 3A.11 (Table-3A.11_1.xlsx)
2017,Haryana,Punishment for Rape (Sec.376 & 376(I),,744,NCRB CII 2017 Table 3A.11 (Table-3A.11_1.xlsx)
2017,Himachal Pradesh,Punishment for Rape (Sec.376 & 376(I),,178,NCRB CII 2017 Table 3A.11 (Table-3A.11_1.xlsx)
2017,Jammu & Kashmir,Punishment for Rape (Sec.376 & 376(I),,236,NCRB CII 2017 Table 3A.11 (Table-3A.11_1.xlsx)
2017,Jharkhand,Punishment for Rape (Sec.376 & 376(I),,772,NCRB CII 2017 Table 3A.11 (Table-3A.11_1.xlsx)
2017,Karnataka,Punishment for Rape (Sec.376 & 376(I),,507,NCRB CII 2017 Table 3A.11 (Table-3A.11_1.xlsx)
2017,Kerala,Punishment for Rape (Sec.376 & 376(I),,1575,NCRB CII 2017 Table 3A.11 (Table-3A.11_1.xlsx)
2017,Madhya Pradesh,Punishment for Rape (Sec.376 & 376(I),,2953,NCRB CII 2017 Table 3A.11 (Table-3A.11_1.xlsx)
2017,Maharashtra,Punishment for Rape (Sec.376 & 376(I),,1352,NCRB CII 2017 Table 3A.11 (Table-3A.11_1.xlsx)
2017,Manipur,Punishment for Rape (Sec.376 & 376(I),,34,NCRB CII 2017 Table 3A.11 (Table-3A.11_1.xlsx)
2017,Meghalaya,Punishment for Rape (Sec.376 & 376(I),,75,NCRB CII 2017 Table 3A.11 (Table-3A.11_1.xlsx)
2017,Mizoram,Punishment for Rape (Sec.376 & 376(I),,15,NCRB CII 2017 Table 3A.11 (Table-3A.11_1.xlsx)
2017,Nagaland,Punishment for Rape (Sec.376 & 376(I),,9,NCRB CII 2017 Table 3A.11 (Table-3A.11_1.xlsx)
2017,Odisha,Punishment for Rape (Sec.376 & 376(I),,969,NCRB CII 2017 Table 3A.11 (Table-3A.11_1.xlsx)
2017,Punjab,Punishment for Rape (Sec.376 & 376(I),,484,NCRB CII 2017 Table 3A.11 (Table-3A.11_1.xlsx)
2017,Rajasthan,Punishment for Rape (Sec.376 & 376(I),,2133,NCRB CII 2017 Table 3A.11 (Table-3A.11_1.xlsx)
2017,Sikkim,Punishment for Rape (Sec.376 & 376(I),,17,NCRB CII 2017 Table 3A.11 (Table-3A.11_1.xlsx)
2017,Tamil Nadu,Punishment for Rape (Sec.376 & 376(I),,275,NCRB CII 2017 Table 3A.11 (Table-3A.11_1.xlsx)
2017,Telangana,Punishment for Rape (Sec.376 & 376(I),,438,NCRB CII 2017 Table 3A.11 (Table-3A.11_1.xlsx)
2017,Tripura,Punishment for Rape (Sec.376 & 376(I),,65,NCRB CII 2017 Table 3A.11 (Table-3A.11_1.xlsx)
2017,Uttar Pradesh,Punishment for Rape (Sec.376 & 376(I),,3414,NCRB CII 2017 Table 3A.11 (Table-3A.11_1.xlsx)
2017,Uttarakhand,Punishment for Rape (Sec.376 & 376(I),,190,NCRB CII 2017 Table 3A.11 (Table-3A.11_1.xlsx)
2017,West Bengal,Punishment for Rape (Sec.376 & 376(I),,945,NCRB CII 2017 Table 3A.11 (Table-3A.11_1.xlsx)
2017,Andaman & Nicobar Islands,Punishment for Rape (Sec.376 & 376(I),,13,NCRB CII 2017 Table 3A.11 (Table-3A.11_1.xlsx)
2017,Chandigarh,Punishment for Rape (Sec.376 & 376(I),,50,NCRB CII 2017 Table 3A.11 (Table-3A.11_1.xlsx)
2017,Dadra & Nagar Haveli and Daman & Diu,Punishment for Rape (Sec.376 & 376(I),,8,NCRB CII 2017 Table 3A.11 (Table-3A.11_1.xlsx)
2017,Delhi,Punishment for Rape (Sec.376 & 376(I),,1085,NCRB CII 2017 Table 3A.11 (Table-3A.11_1.xlsx)
2017,Lakshadweep,Punishment for Rape (Sec.376 & 376(I),,0,NCRB CII 2017 Table 3A.11 (Table-3A.11_1.xlsx)
2017,Puducherry,Punishment for Rape (Sec.376 & 376(I),,7,NCRB CII 2017 Table 3A.11 (Table-3A.11_1.xlsx)
2017,All India,Punishment for Rape (Sec.376 & 376(I),,23145,NCRB CII 2017 Table 3A.11 (Table-3A.11_1.xlsx)
2017,Andhra Pradesh,Rape in Custody (Section 376(2)) - Rape in Custody (Total),custodial_total,3,NCRB CII 2017 Table 3A.11 (Table-3A.11_1.xlsx)
2017,Arunachal Pradesh,Rape in Custody (Section 376(2)) - Rape in Custody (Total),custodial_total,0,NCRB CII 2017 Table 3A.11 (Table-3A.11_1.xlsx)
2017,Assam,Rape in Custody (Section 376(2)) - Rape in Custody (Total),custodial_total,0,NCRB CII 2017 Table 3A.11 (Table-3A.11_1.xlsx)
2017,Bihar,Rape in Custody (Section 376(2)) - Rape in Custody (Total),custodial_total,0,NCRB CII 2017 Table 3A.11 (Table-3A.11_1.xlsx)
2017,Chhattisgarh,Rape in Custody (Section 376(2)) - Rape in Custody (Total),custodial_total,2,NCRB CII 2017 Table 3A.11 (Table-3A.11_1.xlsx)
2017,Goa,Rape in Custody (Section 376(2)) - Rape in Custody (Total),custodial_total,0,NCRB CII 2017 Table 3A.11 (Table-3A.11_1.xlsx)
2017,Gujarat,Rape in Custody (Section 376(2)) - Rape in Custody (Total),custodial_total,1,NCRB CII 2017 Table 3A.11 (Table-3A.11_1.xlsx)
2017,Haryana,Rape in Custody (Section 376(2)) - Rape in Custody (Total),custodial_total,2,NCRB CII 2017 Table 3A.11 (Table-3A.11_1.xlsx)
2017,Himachal Pradesh,Rape in Custody (Section 376(2)) - Rape in Custody (Total),custodial_total,0,NCRB CII 2017 Table 3A.11 (Table-3A.11_1.xlsx)
2017,Jammu & Kashmir,Rape in Custody (Section 376(2)) - Rape in Custody (Total),custodial_total,0,NCRB CII 2017 Table 3A.11 (Table-3A.11_1.xlsx)
2017,Jharkhand,Rape in Custody (Section 376(2)) - Rape in Custody (Total),custodial_total,0,NCRB CII 2017 Table 3A.11 (Table-3A.11_1.xlsx)
2017,Karnataka,Rape in Custody (Section 376(2)) - Rape in Custody (Total),custodial_total,2,NCRB CII 2017 Table 3A.11 (Table-3A.11_1.xlsx)
2017,Kerala,Rape in Custody (Section 376(2)) - Rape in Custody (Total),custodial_total,0,NCRB CII 2017 Table 3A.11 (Table-3A.11_1.xlsx)
2017,Madhya Pradesh,Rape in Custody (Section 376(2)) - Rape in Custody (Total),custodial_total,4,NCRB CII 2017 Table 3A.11 (Table-3A.11_1.xlsx)
2017,Maharashtra,Rape in Custody (Section 376(2)) - Rape in Custody (Total),custodial_total,6,NCRB CII 2017 Table 3A.11 (Table-3A.11_1.xlsx)
2017,Manipur,Rape in Custody (Section 376(2)) - Rape in Custody (Total),custodial_total,0,NCRB CII 2017 Table 3A.11 (Table-3A.11_1.xlsx)
2017,Meghalaya,Rape in Custody (Section 376(2)) - Rape in Custody (Total),custodial_total,0,NCRB CII 2017 Table 3A.11 (Table-3A.11_1.xlsx)
2017,Mizoram,Rape in Custody (Section 376(2)) - Rape in Custody (Total),custodial_total,0,NCRB CII 2017 Table 3A.11 (Table-3A.11_1.xlsx)
2017,Nagaland,Rape in Custody (Section 376(2)) - Rape in Custody (Total),custodial_total,0,NCRB CII 2017 Table 3A.11 (Table-3A.11_1.xlsx)
2017,Odisha,Rape in Custody (Section 376(2)) - Rape in Custody (Total),custodial_total,0,NCRB CII 2017 Table 3A.11 (Table-3A.11_1.xlsx)
2017,Punjab,Rape in Custody (Section 376(2)) - Rape in Custody (Total),custodial_total,4,NCRB CII 2017 Table 3A.11 (Table-3A.11_1.xlsx)
2017,Rajasthan,Rape in Custody (Section 376(2)) - Rape in Custody (Total),custodial_total,18,NCRB CII 2017 Table 3A.11 (Table-3A.11_1.xlsx)
2017,Sikkim,Rape in Custody (Section 376(2)) - Rape in Custody (Total),custodial_total,0,NCRB CII 2017 Table 3A.11 (Table-3A.11_1.xlsx)
2017,Tamil Nadu,Rape in Custody (Section 376(2)) - Rape in Custody (Total),custodial_total,0,NCRB CII 2017 Table 3A.11 (Table-3A.11_1.xlsx)
2017,Telangana,Rape in Custody (Section 376(2)) - Rape in Custody (Total),custodial_total,1,NCRB CII 2017 Table 3A.11 (Table-3A.11_1.xlsx)
2017,Tripura,Rape in Custody (Section 376(2)) - Rape in Custody (Total),custodial_total,0,NCRB CII 2017 Table 3A.11 (Table-3A.11_1.xlsx)
2017,Uttar Pradesh,Rape in Custody (Section 376(2)) - Rape in Custody (Total),custodial_total,34,NCRB CII 2017 Table 3A.11 (Table-3A.11_1.xlsx)
2017,Uttarakhand,Rape in Custody (Section 376(2)) - Rape in Custody (Total),custodial_total,12,NCRB CII 2017 Table 3A.11 (Table-3A.11_1.xlsx)
2017,West Bengal,Rape in Custody (Section 376(2)) - Rape in Custody (Total),custodial_total,0,NCRB CII 2017 Table 3A.11 (Table-3A.11_1.xlsx)
2017,Andaman & Nicobar Islands,Rape in Custody (Section 376(2)) - Rape in Custody (Total),custodial_total,0,NCRB CII 2017 Table 3A.11 (Table-3A.11_1.xlsx)
2017,Chandigarh,Rape in Custody (Section 376(2)) - Rape in Custody (Total),custodial_total,0,NCRB CII 2017 Table 3A.11 (Table-3A.11_1.xlsx)
2017,Dadra & Nagar Haveli and Daman & Diu,Rape in Custody (Section 376(2)) - Rape in Custody (Total),custodial_total,0,NCRB CII 2017 Table 3A.11 (Table-3A.11_1.xlsx)
2017,Delhi,Rape in Custody (Section 376(2)) - Rape in Custody (Total),custodial_total,0,NCRB CII 2017 Table 3A.11 (Table-3A.11_1.xlsx)
2017,Lakshadweep,Rape in Custody (Section 376(2)) - Rape in Custody (Total),custodial_total,0,NCRB CII 2017 Table 3A.11 (Table-3A.11_1.xlsx)
2017,Puducherry,Rape in Custody (Section 376(2)) - Rape in Custody (Total),custodial_total,0,NCRB CII 2017 Table 3A.11 (Table-3A.11_1.xlsx)
2017,All India,Rape in Custody (Section 376(2)) - Rape in Custody (Total),custodial_total,89,NCRB CII 2017 Table 3A.11 (Table-3A.11_1.xlsx)
2017,Andhra Pradesh,Rape in Custody (Section 376(2)) - By Police Personnel (Sec.376(2) (a),police_personnel,2,NCRB CII 2017 Table 3A.11 (Table-3A.11_1.xlsx)
2017,Arunachal Pradesh,Rape in Custody (Section 376(2)) - By Police Personnel (Sec.376(2) (a),police_personnel,0,NCRB CII 2017 Table 3A.11 (Table-3A.11_1.xlsx)
2017,Assam,Rape in Custody (Section 376(2)) - By Police Personnel (Sec.376(2) (a),police_personnel,0,NCRB CII 2017 Table 3A.11 (Table-3A.11_1.xlsx)
2017,Bihar,Rape in Custody (Section 376(2)) - By Police Personnel (Sec.376(2) (a),police_personnel,0,NCRB CII 2017 Table 3A.11 (Table-3A.11_1.xlsx)
2017,Chhattisgarh,Rape in Custody (Section 376(2)) - By Police Personnel (Sec.376(2) (a),police_personnel,2,NCRB CII 2017 Table 3A.11 (Table-3A.11_1.xlsx)
2017,Goa,Rape in Custody (Section 376(2)) - By Police Personnel (Sec.376(2) (a),police_personnel,0,NCRB CII 2017 Table 3A.11 (Table-3A.11_1.xlsx)
2017,Gujarat,Rape in Custody (Section 376(2)) - By Police Personnel (Sec.376(2) (a),police_personnel,0,NCRB CII 2017 Table 3A.11 (Table-3A.11_1.xlsx)
2017,Haryana,Rape in Custody (Section 376(2)) - By Police Personnel (Sec.376(2) (a),police_personnel,0,NCRB CII 2017 Table 3A.11 (Table-3A.11_1.xlsx)
2017,Himachal Pradesh,Rape in Custody (Section 376(2)) - By Police Personnel (Sec.376(2) (a),police_personnel,0,NCRB CII 2017 Table 3A.11 (Table-3A.11_1.xlsx)
2017,Jammu & Kashmir,Rape in Custody (Section 376(2)) - By Police Personnel (Sec.376(2) (a),police_personnel,0,NCRB CII 2017 Table 3A.11 (Table-3A.11_1.xlsx)
2017,Jharkhand,Rape in Custody (Section 376(2)) - By Police Personnel (Sec.376(2) (a),police_personnel,0,NCRB CII 2017 Table 3A.11 (Table-3A.11_1.xlsx)
2017,Karnataka,Rape in Custody (Section 376(2)) - By Police Personnel (Sec.376(2) (a),police_personnel,0,NCRB CII 2017 Table 3A.11 (Table-3A.11_1.xlsx)
2017,Kerala,Rape in Custody (Section 376(2)) - By Police Personnel (Sec.376(2) (a),police_personnel,0,NCRB CII 2017 Table 3A.11 (Table-3A.11_1.xlsx)
2017,Madhya Pradesh,Rape in Custody (Section 376(2)) - By Police Personnel (Sec.376(2) (a),police_personnel,0,NCRB CII 2017 Table 3A.11 (Table-3A.11_1.xlsx)
2017,Maharashtra,Rape in Custody (Section 376(2)) - By Police Personnel (Sec.376(2) (a),police_personnel,4,NCRB CII 2017 Table 3A.11 (Table-3A.11_1.xlsx)
2017,Manipur,Rape in Custody (Section 376(2)) - By Police Personnel (Sec.376(2) (a),police_personnel,0,NCRB CII 2017 Table 3A.11 (Table-3A.11_1.xlsx)
2017,Meghalaya,Rape in Custody (Section 376(2)) - By Police Personnel (Sec.376(2) (a),police_personnel,0,NCRB CII 2017 Table 3A.11 (Table-3A.11_1.xlsx)
2017,Mizoram,Rape in Custody (Section 376(2)) - By Police Personnel (Sec.376(2) (a),police_personnel,0,NCRB CII 2017 Table 3A.11 (Table-3A.11_1.xlsx)
2017,Nagaland,Rape in Custody (Section 376(2)) - By Police Personnel (Sec.376(2) (a),police_personnel,0,NCRB CII 2017 Table 3A.11 (Table-3A.11_1.xlsx)
2017,Odisha,Rape in Custody (Section 376(2)) - By Police Personnel (Sec.376(2) (a),police_personnel,0,NCRB CII 2017 Table 3A.11 (Table-3A.11_1.xlsx)
2017,Punjab,Rape in Custody (Section 376(2)) - By Police Personnel (Sec.376(2) (a),police_personnel,0,NCRB CII 2017 Table 3A.11 (Table-3A.11_1.xlsx)
2017,Rajasthan,Rape in Custody (Section 376(2)) - By Police Personnel (Sec.376(2) (a),police_personnel,2,NCRB CII 2017 Table 3A.11 (Table-3A.11_1.xlsx)
2017,Sikkim,Rape in Custody (Section 376(2)) - By Police Personnel (Sec.376(2) (a),police_personnel,0,NCRB CII 2017 Table 3A.11 (Table-3A.11_1.xlsx)
2017,Tamil Nadu,Rape in Custody (Section 376(2)) - By Police Personnel (Sec.376(2) (a),police_personnel,0,NCRB CII 2017 Table 3A.11 (Table-3A.11_1.xlsx)
2017,Telangana,Rape in Custody (Section 376(2)) - By Police Personnel (Sec.376(2) (a),police_personnel,1,NCRB CII 2017 Table 3A.11 (Table-3A.11_1.xlsx)
2017,Tripura,Rape in Custody (Section 376(2)) - By Police Personnel (Sec.376(2) (a),police_personnel,0,NCRB CII 2017 Table 3A.11 (Table-3A.11_1.xlsx)
2017,Uttar Pradesh,Rape in Custody (Section 376(2)) - By Police Personnel (Sec.376(2) (a),police_personnel,4,NCRB CII 2017 Table 3A.11 (Table-3A.11_1.xlsx)
2017,Uttarakhand,Rape in Custody (Section 376(2)) - By Police Personnel (Sec.376(2) (a),police_personnel,0,NCRB CII 2017 Table 3A.11 (Table-3A.11_1.xlsx)
2017,West Bengal,Rape in Custody (Section 376(2)) - By Police Personnel (Sec.376(2) (a),police_personnel,0,NCRB CII 2017 Table 3A.11 (Table-3A.11_1.xlsx)
2017,Andaman & Nicobar Islands,Rape in Custody (Section 376(2)) - By Police Personnel (Sec.376(2) (a),police_personnel,0,NCRB CII 2017 Table 3A.11 (Table-3A.11_1.xlsx)
2017,Chandigarh,Rape in Custody (Section 376(2)) - By Police Personnel (Sec.376(2) (a),police_personnel,0,NCRB CII 2017 Table 3A.11 (Table-3A.11_1.xlsx)
2017,Dadra & Nagar Haveli and Daman & Diu,Rape in Custody (Section 376(2)) - By Police Personnel (Sec.376(2) (a),police_personnel,0,NCRB CII 2017 Table 3A.11 (Table-3A.11_1.xlsx)
2017,Delhi,Rape in Custody (Section 376(2)) - By Police Personnel (Sec.376(2) (a),police_personnel,0,NCRB CII 2017 Table 3A.11 (Table-3A.11_1.xlsx)
2017,Lakshadweep,Rape in Custody (Section 376(2)) - By Police Personnel (Sec.376(2) (a),police_personnel,0,NCRB CII 2017 Table 3A.11 (Table-3A.11_1.xlsx)
2017,Puducherry,Rape in Custody (Section 376(2)) - By Police Personnel (Sec.376(2) (a),police_personnel,0,NCRB CII 2017 Table 3A.11 (Table-3A.11_1.xlsx)
2017,All India,Rape in Custody (Section 376(2)) - By Police Personnel (Sec.376(2) (a),police_personnel,15,NCRB CII 2017 Table 3A.11 (Table-3A.11_1.xlsx)
2017,Andhra Pradesh,Rape in Custody (Section 376(2)) - By Public Servant (Sec.376(2) (b),public_servant,0,NCRB CII 2017 Table 3A.11 (Table-3A.11_1.xlsx)
2017,Arunachal Pradesh,Rape in Custody (Section 376(2)) - By Public Servant (Sec.376(2) (b),public_servant,0,NCRB CII 2017 Table 3A.11 (Table-3A.11_1.xlsx)
2017,Assam,Rape in Custody (Section 376(2)) - By Public Servant (Sec.376(2) (b),public_servant,0,NCRB CII 2017 Table 3A.11 (Table-3A.11_1.xlsx)
2017,Bihar,Rape in Custody (Section 376(2)) - By Public Servant (Sec.376(2) (b),public_servant,0,NCRB CII 2017 Table 3A.11 (Table-3A.11_1.xlsx)
2017,Chhattisgarh,Rape in Custody (Section 376(2)) - By Public Servant (Sec.376(2) (b),public_servant,0,NCRB CII 2017 Table 3A.11 (Table-3A.11_1.xlsx)
2017,Goa,Rape in Custody (Section 376(2)) - By Public Servant (Sec.376(2) (b),public_servant,0,NCRB CII 2017 Table 3A.11 (Table-3A.11_1.xlsx)
2017,Gujarat,Rape in Custody (Section 376(2)) - By Public Servant (Sec.376(2) (b),public_servant,0,NCRB CII 2017 Table 3A.11 (Table-3A.11_1.xlsx)
2017,Haryana,Rape in Custody (Section 376(2)) - By Public Servant (Sec.376(2) (b),public_servant,0,NCRB CII 2017 Table 3A.11 (Table-3A.11_1.xlsx)
2017,Himachal Pradesh,Rape in Custody (Section 376(2)) - By Public Servant (Sec.376(2) (b),public_servant,0,NCRB CII 2017 Table 3A.11 (Table-3A.11_1.xlsx)
2017,Jammu & Kashmir,Rape in Custody (Section 376(2)) - By Public Servant (Sec.376(2) (b),public_servant,0,NCRB CII 2017 Table 3A.11 (Table-3A.11_1.xlsx)
2017,Jharkhand,Rape in Custody (Section 376(2)) - By Public Servant (Sec.376(2) (b),public_servant,0,NCRB CII 2017 Table 3A.11 (Table-3A.11_1.xlsx)
2017,Karnataka,Rape in Custody (Section 376(2)) - By Public Servant (Sec.376(2) (b),public_servant,0,NCRB CII 2017 Table 3A.11 (Table-3A.11_1.xlsx)
2017,Kerala,Rape in Custody (Section 376(2)) - By Public Servant (Sec.376(2) (b),public_servant,0,NCRB CII 2017 Table 3A.11 (Table-3A.11_1.xlsx)
2017,Madhya Pradesh,Rape in Custody (Section 376(2)) - By Public Servant (Sec.376(2) (b),public_servant,0,NCRB CII 2017 Table 3A.11 (Table-3A.11_1.xlsx)
2017,Maharashtra,Rape in Custody (Section 376(2)) - By Public Servant (Sec.376(2) (b),public_servant,0,NCRB CII 2017 Table 3A.11 (Table-3A.11_1.xlsx)
2017,Manipur,Rape in Custody (Section 376(2)) - By Public Servant (Sec.376(2) (b),public_servant,0,NCRB CII 2017 Table 3A.11 (Table-3A.11_1.xlsx)
2017,Meghalaya,Rape in Custody (Section 376(2)) - By Public Servant (Sec.376(2) (b),public_servant,0,NCRB CII 2017 Table 3A.11 (Table-3A.11_1.xlsx)
2017,Mizoram,Rape in Custody (Section 376(2)) - By Public Servant (Sec.376(2) (b),public_servant,0,NCRB CII 2017 Table 3A.11 (Table-3A.11_1.xlsx)
2017,Nagaland,Rape in Custody (Section 376(2)) - By Public Servant (Sec.376(2) (b),public_servant,0,NCRB CII 2017 Table 3A.11 (Table-3A.11_1.xlsx)
2017,Odisha,Rape in Custody (Section 376(2)) - By Public Servant (Sec.376(2) (b),public_servant,0,NCRB CII 2017 Table 3A.11 (Table-3A.11_1.xlsx)
2017,Punjab,Rape in Custody (Section 376(2)) - By Public Servant (Sec.376(2) (b),public_servant,1,NCRB CII 2017 Table 3A.11 (Table-3A.11_1.xlsx)
2017,Rajasthan,Rape in Custody (Section 376(2)) - By Public Servant (Sec.376(2) (b),public_servant,1,NCRB CII 2017 Table 3A.11 (Table-3A.11_1.xlsx)
2017,Sikkim,Rape in Custody (Section 376(2)) - By Public Servant (Sec.376(2) (b),public_servant,0,NCRB CII 2017 Table 3A.11 (Table-3A.11_1.xlsx)
2017,Tamil Nadu,Rape in Custody (Section 376(2)) - By Public Servant (Sec.376(2) (b),public_servant,0,NCRB CII 2017 Table 3A.11 (Table-3A.11_1.xlsx)
2017,Telangana,Rape in Custody (Section 376(2)) - By Public Servant (Sec.376(2) (b),public_servant,0,NCRB CII 2017 Table 3A.11 (Table-3A.11_1.xlsx)
2017,Tripura,Rape in Custody (Section 376(2)) - By Public Servant (Sec.376(2) (b),public_servant,0,NCRB CII 2017 Table 3A.11 (Table-3A.11_1.xlsx)
2017,Uttar Pradesh,Rape in Custody (Section 376(2)) - By Public Servant (Sec.376(2) (b),public_servant,5,NCRB CII 2017 Table 3A.11 (Table-3A.11_1.xlsx)
2017,Uttarakhand,Rape in Custody (Section 376(2)) - By Public Servant (Sec.376(2) (b),public_servant,11,NCRB CII 2017 Table 3A.11 (Table-3A.11_1.xlsx)
2017,West Bengal,Rape in Custody (Section 376(2)) - By Public Servant (Sec.376(2) (b),public_servant,0,NCRB CII 2017 Table 3A.11 (Table-3A.11_1.xlsx)
2017,Andaman & Nicobar Islands,Rape in Custody (Section 376(2)) - By Public Servant (Sec.376(2) (b),public_servant,0,NCRB CII 2017 Table 3A.11 (Table-3A.11_1.xlsx)
2017,Chandigarh,Rape in Custody (Section 376(2)) - By Public Servant (Sec.376(2) (b),public_servant,0,NCRB CII 2017 Table 3A.11 (Table-3A.11_1.xlsx)
2017,Dadra & Nagar Haveli and Daman & Diu,Rape in Custody (Section 376(2)) - By Public Servant (Sec.376(2) (b),public_servant,0,NCRB CII 2017 Table 3A.11 (Table-3A.11_1.xlsx)
2017,Delhi,Rape in Custody (Section 376(2)) - By Public Servant (Sec.376(2) (b),public_servant,0,NCRB CII 2017 Table 3A.11 (Table-3A.11_1.xlsx)
2017,Lakshadweep,Rape in Custody (Section 376(2)) - By Public Servant (Sec.376(2) (b),public_servant,0,NCRB CII 2017 Table 3A.11 (Table-3A.11_1.xlsx)
2017,Puducherry,Rape in Custody (Section 376(2)) - By Public Servant (Sec.376(2) (b),public_servant,0,NCRB CII 2017 Table 3A.11 (Table-3A.11_1.xlsx)
2017,All India,Rape in Custody (Section 376(2)) - By Public Servant (Sec.376(2) (b),public_servant,18,NCRB CII 2017 Table 3A.11 (Table-3A.11_1.xlsx)
2017,Andhra Pradesh,Rape in Custody (Section 376(2)) - By Member of Armed Forces (Sec.376(2) (c),armed_forces,0,NCRB CII 2017 Table 3A.11 (Table-3A.11_1.xlsx)
2017,Arunachal Pradesh,Rape in Custody (Section 376(2)) - By Member of Armed Forces (Sec.376(2) (c),armed_forces,0,NCRB CII 2017 Table 3A.11 (Table-3A.11_1.xlsx)
2017,Assam,Rape in Custody (Section 376(2)) - By Member of Armed Forces (Sec.376(2) (c),armed_forces,0,NCRB CII 2017 Table 3A.11 (Table-3A.11_1.xlsx)
2017,Bihar,Rape in Custody (Section 376(2)) - By Member of Armed Forces (Sec.376(2) (c),armed_forces,0,NCRB CII 2017 Table 3A.11 (Table-3A.11_1.xlsx)
2017,Chhattisgarh,Rape in Custody (Section 376(2)) - By Member of Armed Forces (Sec.376(2) (c),armed_forces,0,NCRB CII 2017 Table 3A.11 (Table-3A.11_1.xlsx)
2017,Goa,Rape in Custody (Section 376(2)) - By Member of Armed Forces (Sec.376(2) (c),armed_forces,0,NCRB CII 2017 Table 3A.11 (Table-3A.11_1.xlsx)
2017,Gujarat,Rape in Custody (Section 376(2)) - By Member of Armed Forces (Sec.376(2) (c),armed_forces,0,NCRB CII 2017 Table 3A.11 (Table-3A.11_1.xlsx)
2017,Haryana,Rape in Custody (Section 376(2)) - By Member of Armed Forces (Sec.376(2) (c),armed_forces,0,NCRB CII 2017 Table 3A.11 (Table-3A.11_1.xlsx)
2017,Himachal Pradesh,Rape in Custody (Section 376(2)) - By Member of Armed Forces (Sec.376(2) (c),armed_forces,0,NCRB CII 2017 Table 3A.11 (Table-3A.11_1.xlsx)
2017,Jammu & Kashmir,Rape in Custody (Section 376(2)) - By Member of Armed Forces (Sec.376(2) (c),armed_forces,0,NCRB CII 2017 Table 3A.11 (Table-3A.11_1.xlsx)
2017,Jharkhand,Rape in Custody (Section 376(2)) - By Member of Armed Forces (Sec.376(2) (c),armed_forces,0,NCRB CII 2017 Table 3A.11 (Table-3A.11_1.xlsx)
2017,Karnataka,Rape in Custody (Section 376(2)) - By Member of Armed Forces (Sec.376(2) (c),armed_forces,0,NCRB CII 2017 Table 3A.11 (Table-3A.11_1.xlsx)
2017,Kerala,Rape in Custody (Section 376(2)) - By Member of Armed Forces (Sec.376(2) (c),armed_forces,0,NCRB CII 2017 Table 3A.11 (Table-3A.11_1.xlsx)
2017,Madhya Pradesh,Rape in Custody (Section 376(2)) - By Member of Armed Forces (Sec.376(2) (c),armed_forces,0,NCRB CII 2017 Table 3A.11 (Table-3A.11_1.xlsx)
2017,Maharashtra,Rape in Custody (Section 376(2)) - By Member of Armed Forces (Sec.376(2) (c),armed_forces,1,NCRB CII 2017 Table 3A.11 (Table-3A.11_1.xlsx)
2017,Manipur,Rape in Custody (Section 376(2)) - By Member of Armed Forces (Sec.376(2) (c),armed_forces,0,NCRB CII 2017 Table 3A.11 (Table-3A.11_1.xlsx)
2017,Meghalaya,Rape in Custody (Section 376(2)) - By Member of Armed Forces (Sec.376(2) (c),armed_forces,0,NCRB CII 2017 Table 3A.11 (Table-3A.11_1.xlsx)
2017,Mizoram,Rape in Custody (Section 376(2)) - By Member of Armed Forces (Sec.376(2) (c),armed_forces,0,NCRB CII 2017 Table 3A.11 (Table-3A.11_1.xlsx)
2017,Nagaland,Rape in Custody (Section 376(2)) - By Member of Armed Forces (Sec.376(2) (c),armed_forces,0,NCRB CII 2017 Table 3A.11 (Table-3A.11_1.xlsx)
2017,Odisha,Rape in Custody (Section 376(2)) - By Member of Armed Forces (Sec.376(2) (c),armed_forces,0,NCRB CII 2017 Table 3A.11 (Table-3A.11_1.xlsx)
2017,Punjab,Rape in Custody (Section 376(2)) - By Member of Armed Forces (Sec.376(2) (c),armed_forces,0,NCRB CII 2017 Table 3A.11 (Table-3A.11_1.xlsx)
2017,Rajasthan,Rape in Custody (Section 376(2)) - By Member of Armed Forces (Sec.376(2) (c),armed_forces,0,NCRB CII 2017 Table 3A.11 (Table-3A.11_1.xlsx)
2017,Sikkim,Rape in Custody (Section 376(2)) - By Member of Armed Forces (Sec.376(2) (c),armed_forces,0,NCRB CII 2017 Table 3A.11 (Table-3A.11_1.xlsx)
2017,Tamil Nadu,Rape in Custody (Section 376(2)) - By Member of Armed Forces (Sec.376(2) (c),armed_forces,0,NCRB CII 2017 Table 3A.11 (Table-3A.11_1.xlsx)
2017,Telangana,Rape in Custody (Section 376(2)) - By Member of Armed Forces (Sec.376(2) (c),armed_forces,0,NCRB CII 2017 Table 3A.11 (Table-3A.11_1.xlsx)
2017,Tripura,Rape in Custody (Section 376(2)) - By Member of Armed Forces (Sec.376(2) (c),armed_forces,0,NCRB CII 2017 Table 3A.11 (Table-3A.11_1.xlsx)
2017,Uttar Pradesh,Rape in Custody (Section 376(2)) - By Member of Armed Forces (Sec.376(2) (c),armed_forces,0,NCRB CII 2017 Table 3A.11 (Table-3A.11_1.xlsx)
2017,Uttarakhand,Rape in Custody (Section 376(2)) - By Member of Armed Forces (Sec.376(2) (c),armed_forces,0,NCRB CII 2017 Table 3A.11 (Table-3A.11_1.xlsx)
2017,West Bengal,Rape in Custody (Section 376(2)) - By Member of Armed Forces (Sec.376(2) (c),armed_forces,0,NCRB CII 2017 Table 3A.11 (Table-3A.11_1.xlsx)
2017,Andaman & Nicobar Islands,Rape in Custody (Section 376(2)) - By Member of Armed Forces (Sec.376(2) (c),armed_forces,0,NCRB CII 2017 Table 3A.11 (Table-3A.11_1.xlsx)
2017,Chandigarh,Rape in Custody (Section 376(2)) - By Member of Armed Forces (Sec.376(2) (c),armed_forces,0,NCRB CII 2017 Table 3A.11 (Table-3A.11_1.xlsx)
2017,Dadra & Nagar Haveli and Daman & Diu,Rape in Custody (Section 376(2)) - By Member of Armed Forces (Sec.376(2) (c),armed_forces,0,NCRB CII 2017 Table 3A.11 (Table-3A.11_1.xlsx)
2017,Delhi,Rape in Custody (Section 376(2)) - By Member of Armed Forces (Sec.376(2) (c),armed_forces,0,NCRB CII 2017 Table 3A.11 (Table-3A.11_1.xlsx)
2017,Lakshadweep,Rape in Custody (Section 376(2)) - By Member of Armed Forces (Sec.376(2) (c),armed_forces,0,NCRB CII 2017 Table 3A.11 (Table-3A.11_1.xlsx)
2017,Puducherry,Rape in Custody (Section 376(2)) - By Member of Armed Forces (Sec.376(2) (c),armed_forces,0,NCRB CII 2017 Table 3A.11 (Table-3A.11_1.xlsx)
2017,All India,Rape in Custody (Section 376(2)) - By Member of Armed Forces (Sec.376(2) (c),armed_forces,1,NCRB CII 2017 Table 3A.11 (Table-3A.11_1.xlsx)
2017,Andhra Pradesh,Rape in Custody (Section 376(2)) - By Management/Staff of Jail/Remand Home/Place of Custody (Sec.376(2)(d),jail_remand_home_place_of_custody,0,NCRB CII 2017 Table 3A.11 (Table-3A.11_1.xlsx)
2017,Arunachal Pradesh,Rape in Custody (Section 376(2)) - By Management/Staff of Jail/Remand Home/Place of Custody (Sec.376(2)(d),jail_remand_home_place_of_custody,0,NCRB CII 2017 Table 3A.11 (Table-3A.11_1.xlsx)
2017,Assam,Rape in Custody (Section 376(2)) - By Management/Staff of Jail/Remand Home/Place of Custody (Sec.376(2)(d),jail_remand_home_place_of_custody,0,NCRB CII 2017 Table 3A.11 (Table-3A.11_1.xlsx)
2017,Bihar,Rape in Custody (Section 376(2)) - By Management/Staff of Jail/Remand Home/Place of Custody (Sec.376(2)(d),jail_remand_home_place_of_custody,0,NCRB CII 2017 Table 3A.11 (Table-3A.11_1.xlsx)
2017,Chhattisgarh,Rape in Custody (Section 376(2)) - By Management/Staff of Jail/Remand Home/Place of Custody (Sec.376(2)(d),jail_remand_home_place_of_custody,0,NCRB CII 2017 Table 3A.11 (Table-3A.11_1.xlsx)
2017,Goa,Rape in Custody (Section 376(2)) - By Management/Staff of Jail/Remand Home/Place of Custody (Sec.376(2)(d),jail_remand_home_place_of_custody,0,NCRB CII 2017 Table 3A.11 (Table-3A.11_1.xlsx)
2017,Gujarat,Rape in Custody (Section 376(2)) - By Management/Staff of Jail/Remand Home/Place of Custody (Sec.376(2)(d),jail_remand_home_place_of_custody,0,NCRB CII 2017 Table 3A.11 (Table-3A.11_1.xlsx)
2017,Haryana,Rape in Custody (Section 376(2)) - By Management/Staff of Jail/Remand Home/Place of Custody (Sec.376(2)(d),jail_remand_home_place_of_custody,0,NCRB CII 2017 Table 3A.11 (Table-3A.11_1.xlsx)
2017,Himachal Pradesh,Rape in Custody (Section 376(2)) - By Management/Staff of Jail/Remand Home/Place of Custody (Sec.376(2)(d),jail_remand_home_place_of_custody,0,NCRB CII 2017 Table 3A.11 (Table-3A.11_1.xlsx)
2017,Jammu & Kashmir,Rape in Custody (Section 376(2)) - By Management/Staff of Jail/Remand Home/Place of Custody (Sec.376(2)(d),jail_remand_home_place_of_custody,0,NCRB CII 2017 Table 3A.11 (Table-3A.11_1.xlsx)
2017,Jharkhand,Rape in Custody (Section 376(2)) - By Management/Staff of Jail/Remand Home/Place of Custody (Sec.376(2)(d),jail_remand_home_place_of_custody,0,NCRB CII 2017 Table 3A.11 (Table-3A.11_1.xlsx)
2017,Karnataka,Rape in Custody (Section 376(2)) - By Management/Staff of Jail/Remand Home/Place of Custody (Sec.376(2)(d),jail_remand_home_place_of_custody,1,NCRB CII 2017 Table 3A.11 (Table-3A.11_1.xlsx)
2017,Kerala,Rape in Custody (Section 376(2)) - By Management/Staff of Jail/Remand Home/Place of Custody (Sec.376(2)(d),jail_remand_home_place_of_custody,0,NCRB CII 2017 Table 3A.11 (Table-3A.11_1.xlsx)
2017,Madhya Pradesh,Rape in Custody (Section 376(2)) - By Management/Staff of Jail/Remand Home/Place of Custody (Sec.376(2)(d),jail_remand_home_place_of_custody,4,NCRB CII 2017 Table 3A.11 (Table-3A.11_1.xlsx)
2017,Maharashtra,Rape in Custody (Section 376(2)) - By Management/Staff of Jail/Remand Home/Place of Custody (Sec.376(2)(d),jail_remand_home_place_of_custody,1,NCRB CII 2017 Table 3A.11 (Table-3A.11_1.xlsx)
2017,Manipur,Rape in Custody (Section 376(2)) - By Management/Staff of Jail/Remand Home/Place of Custody (Sec.376(2)(d),jail_remand_home_place_of_custody,0,NCRB CII 2017 Table 3A.11 (Table-3A.11_1.xlsx)
2017,Meghalaya,Rape in Custody (Section 376(2)) - By Management/Staff of Jail/Remand Home/Place of Custody (Sec.376(2)(d),jail_remand_home_place_of_custody,0,NCRB CII 2017 Table 3A.11 (Table-3A.11_1.xlsx)
2017,Mizoram,Rape in Custody (Section 376(2)) - By Management/Staff of Jail/Remand Home/Place of Custody (Sec.376(2)(d),jail_remand_home_place_of_custody,0,NCRB CII 2017 Table 3A.11 (Table-3A.11_1.xlsx)
2017,Nagaland,Rape in Custody (Section 376(2)) - By Management/Staff of Jail/Remand Home/Place of Custody (Sec.376(2)(d),jail_remand_home_place_of_custody,0,NCRB CII 2017 Table 3A.11 (Table-3A.11_1.xlsx)
2017,Odisha,Rape in Custody (Section 376(2)) - By Management/Staff of Jail/Remand Home/Place of Custody (Sec.376(2)(d),jail_remand_home_place_of_custody,0,NCRB CII 2017 Table 3A.11 (Table-3A.11_1.xlsx)
2017,Punjab,Rape in Custody (Section 376(2)) - By Management/Staff of Jail/Remand Home/Place of Custody (Sec.376(2)(d),jail_remand_home_place_of_custody,2,NCRB CII 2017 Table 3A.11 (Table-3A.11_1.xlsx)
2017,Rajasthan,Rape in Custody (Section 376(2)) - By Management/Staff of Jail/Remand Home/Place of Custody (Sec.376(2)(d),jail_remand_home_place_of_custody,15,NCRB CII 2017 Table 3A.11 (Table-3A.11_1.xlsx)
2017,Sikkim,Rape in Custody (Section 376(2)) - By Management/Staff of Jail/Remand Home/Place of Custody (Sec.376(2)(d),jail_remand_home_place_of_custody,0,NCRB CII 2017 Table 3A.11 (Table-3A.11_1.xlsx)
2017,Tamil Nadu,Rape in Custody (Section 376(2)) - By Management/Staff of Jail/Remand Home/Place of Custody (Sec.376(2)(d),jail_remand_home_place_of_custody,0,NCRB CII 2017 Table 3A.11 (Table-3A.11_1.xlsx)
2017,Telangana,Rape in Custody (Section 376(2)) - By Management/Staff of Jail/Remand Home/Place of Custody (Sec.376(2)(d),jail_remand_home_place_of_custody,0,NCRB CII 2017 Table 3A.11 (Table-3A.11_1.xlsx)
2017,Tripura,Rape in Custody (Section 376(2)) - By Management/Staff of Jail/Remand Home/Place of Custody (Sec.376(2)(d),jail_remand_home_place_of_custody,0,NCRB CII 2017 Table 3A.11 (Table-3A.11_1.xlsx)
2017,Uttar Pradesh,Rape in Custody (Section 376(2)) - By Management/Staff of Jail/Remand Home/Place of Custody (Sec.376(2)(d),jail_remand_home_place_of_custody,19,NCRB CII 2017 Table 3A.11 (Table-3A.11_1.xlsx)
2017,Uttarakhand,Rape in Custody (Section 376(2)) - By Management/Staff of Jail/Remand Home/Place of Custody (Sec.376(2)(d),jail_remand_home_place_of_custody,1,NCRB CII 2017 Table 3A.11 (Table-3A.11_1.xlsx)
2017,West Bengal,Rape in Custody (Section 376(2)) - By Management/Staff of Jail/Remand Home/Place of Custody (Sec.376(2)(d),jail_remand_home_place_of_custody,0,NCRB CII 2017 Table 3A.11 (Table-3A.11_1.xlsx)
2017,Andaman & Nicobar Islands,Rape in Custody (Section 376(2)) - By Management/Staff of Jail/Remand Home/Place of Custody (Sec.376(2)(d),jail_remand_home_place_of_custody,0,NCRB CII 2017 Table 3A.11 (Table-3A.11_1.xlsx)
2017,Chandigarh,Rape in Custody (Section 376(2)) - By Management/Staff of Jail/Remand Home/Place of Custody (Sec.376(2)(d),jail_remand_home_place_of_custody,0,NCRB CII 2017 Table 3A.11 (Table-3A.11_1.xlsx)
2017,Dadra & Nagar Haveli and Daman & Diu,Rape in Custody (Section 376(2)) - By Management/Staff of Jail/Remand Home/Place of Custody (Sec.376(2)(d),jail_remand_home_place_of_custody,0,NCRB CII 2017 Table 3A.11 (Table-3A.11_1.xlsx)
2017,Delhi,Rape in Custody (Section 376(2)) - By Management/Staff of Jail/Remand Home/Place of Custody (Sec.376(2)(d),jail_remand_home_place_of_custody,0,NCRB CII 2017 Table 3A.11 (Table-3A.11_1.xlsx)
2017,Lakshadweep,Rape in Custody (Section 376(2)) - By Management/Staff of Jail/Remand Home/Place of Custody (Sec.376(2)(d),jail_remand_home_place_of_custody,0,NCRB CII 2017 Table 3A.11 (Table-3A.11_1.xlsx)
2017,Puducherry,Rape in Custody (Section 376(2)) - By Management/Staff of Jail/Remand Home/Place of Custody (Sec.376(2)(d),jail_remand_home_place_of_custody,0,NCRB CII 2017 Table 3A.11 (Table-3A.11_1.xlsx)
2017,All India,Rape in Custody (Section 376(2)) - By Management/Staff of Jail/Remand Home/Place of Custody (Sec.376(2)(d),jail_remand_home_place_of_custody,43,NCRB CII 2017 Table 3A.11 (Table-3A.11_1.xlsx)
2017,Andhra Pradesh,Rape in Custody (Section 376(2)) - By Management/ Staff of Hospital (Sec.376(2) (e),hospital,1,NCRB CII 2017 Table 3A.11 (Table-3A.11_1.xlsx)
2017,Arunachal Pradesh,Rape in Custody (Section 376(2)) - By Management/ Staff of Hospital (Sec.376(2) (e),hospital,0,NCRB CII 2017 Table 3A.11 (Table-3A.11_1.xlsx)
2017,Assam,Rape in Custody (Section 376(2)) - By Management/ Staff of Hospital (Sec.376(2) (e),hospital,0,NCRB CII 2017 Table 3A.11 (Table-3A.11_1.xlsx)
2017,Bihar,Rape in Custody (Section 376(2)) - By Management/ Staff of Hospital (Sec.376(2) (e),hospital,0,NCRB CII 2017 Table 3A.11 (Table-3A.11_1.xlsx)
2017,Chhattisgarh,Rape in Custody (Section 376(2)) - By Management/ Staff of Hospital (Sec.376(2) (e),hospital,0,NCRB CII 2017 Table 3A.11 (Table-3A.11_1.xlsx)
2017,Goa,Rape in Custody (Section 376(2)) - By Management/ Staff of Hospital (Sec.376(2) (e),hospital,0,NCRB CII 2017 Table 3A.11 (Table-3A.11_1.xlsx)
2017,Gujarat,Rape in Custody (Section 376(2)) - By Management/ Staff of Hospital (Sec.376(2) (e),hospital,1,NCRB CII 2017 Table 3A.11 (Table-3A.11_1.xlsx)
2017,Haryana,Rape in Custody (Section 376(2)) - By Management/ Staff of Hospital (Sec.376(2) (e),hospital,2,NCRB CII 2017 Table 3A.11 (Table-3A.11_1.xlsx)
2017,Himachal Pradesh,Rape in Custody (Section 376(2)) - By Management/ Staff of Hospital (Sec.376(2) (e),hospital,0,NCRB CII 2017 Table 3A.11 (Table-3A.11_1.xlsx)
2017,Jammu & Kashmir,Rape in Custody (Section 376(2)) - By Management/ Staff of Hospital (Sec.376(2) (e),hospital,0,NCRB CII 2017 Table 3A.11 (Table-3A.11_1.xlsx)
2017,Jharkhand,Rape in Custody (Section 376(2)) - By Management/ Staff of Hospital (Sec.376(2) (e),hospital,0,NCRB CII 2017 Table 3A.11 (Table-3A.11_1.xlsx)
2017,Karnataka,Rape in Custody (Section 376(2)) - By Management/ Staff of Hospital (Sec.376(2) (e),hospital,1,NCRB CII 2017 Table 3A.11 (Table-3A.11_1.xlsx)
2017,Kerala,Rape in Custody (Section 376(2)) - By Management/ Staff of Hospital (Sec.376(2) (e),hospital,0,NCRB CII 2017 Table 3A.11 (Table-3A.11_1.xlsx)
2017,Madhya Pradesh,Rape in Custody (Section 376(2)) - By Management/ Staff of Hospital (Sec.376(2) (e),hospital,0,NCRB CII 2017 Table 3A.11 (Table-3A.11_1.xlsx)
2017,Maharashtra,Rape in Custody (Section 376(2)) - By Management/ Staff of Hospital (Sec.376(2) (e),hospital,0,NCRB CII 2017 Table 3A.11 (Table-3A.11_1.xlsx)
2017,Manipur,Rape in Custody (Section 376(2)) - By Management/ Staff of Hospital (Sec.376(2) (e),hospital,0,NCRB CII 2017 Table 3A.11 (Table-3A.11_1.xlsx)
2017,Meghalaya,Rape in Custody (Section 376(2)) - By Management/ Staff of Hospital (Sec.376(2) (e),hospital,0,NCRB CII 2017 Table 3A.11 (Table-3A.11_1.xlsx)
2017,Mizoram,Rape in Custody (Section 376(2)) - By Management/ Staff of Hospital (Sec.376(2) (e),hospital,0,NCRB CII 2017 Table 3A.11 (Table-3A.11_1.xlsx)
2017,Nagaland,Rape in Custody (Section 376(2)) - By Management/ Staff of Hospital (Sec.376(2) (e),hospital,0,NCRB CII 2017 Table 3A.11 (Table-3A.11_1.xlsx)
2017,Odisha,Rape in Custody (Section 376(2)) - By Management/ Staff of Hospital (Sec.376(2) (e),hospital,0,NCRB CII 2017 Table 3A.11 (Table-3A.11_1.xlsx)
2017,Punjab,Rape in Custody (Section 376(2)) - By Management/ Staff of Hospital (Sec.376(2) (e),hospital,1,NCRB CII 2017 Table 3A.11 (Table-3A.11_1.xlsx)
2017,Rajasthan,Rape in Custody (Section 376(2)) - By Management/ Staff of Hospital (Sec.376(2) (e),hospital,0,NCRB CII 2017 Table 3A.11 (Table-3A.11_1.xlsx)
2017,Sikkim,Rape in Custody (Section 376(2)) - By Management/ Staff of Hospital (Sec.376(2) (e),hospital,0,NCRB CII 2017 Table 3A.11 (Table-3A.11_1.xlsx)
2017,Tamil Nadu,Rape in Custody (Section 376(2)) - By Management/ Staff of Hospital (Sec.376(2) (e),hospital,0,NCRB CII 2017 Table 3A.11 (Table-3A.11_1.xlsx)
2017,Telangana,Rape in Custody (Section 376(2)) - By Management/ Staff of Hospital (Sec.376(2) (e),hospital,0,NCRB CII 2017 Table 3A.11 (Table-3A.11_1.xlsx)
2017,Tripura,Rape in Custody (Section 376(2)) - By Management/ Staff of Hospital (Sec.376(2) (e),hospital,0,NCRB CII 2017 Table 3A.11 (Table-3A.11_1.xlsx)
2017,Uttar Pradesh,Rape in Custody (Section 376(2)) - By Management/ Staff of Hospital (Sec.376(2) (e),hospital,6,NCRB CII 2017 Table 3A.11 (Table-3A.11_1.xlsx)
2017,Uttarakhand,Rape in Custody (Section 376(2)) - By Management/ Staff of Hospital (Sec.376(2) (e),hospital,0,NCRB CII 2017 Table 3A.11 (Table-3A.11_1.xlsx)
2017,West Bengal,Rape in Custody (Section 376(2)) - By Management/ Staff of Hospital (Sec.376(2) (e),hospital,0,NCRB CII 2017 Table 3A.11 (Table-3A.11_1.xlsx)
2017,Andaman & Nicobar Islands,Rape in Custody (Section 376(2)) - By Management/ Staff of Hospital (Sec.376(2) (e),hospital,0,NCRB CII 2017 Table 3A.11 (Table-3A.11_1.xlsx)
2017,Chandigarh,Rape in Custody (Section 376(2)) - By Management/ Staff of Hospital (Sec.376(2) (e),hospital,0,NCRB CII 2017 Table 3A.11 (Table-3A.11_1.xlsx)
2017,Dadra & Nagar Haveli and Daman & Diu,Rape in Custody (Section 376(2)) - By Management/ Staff of Hospital (Sec.376(2) (e),hospital,0,NCRB CII 2017 Table 3A.11 (Table-3A.11_1.xlsx)
2017,Delhi,Rape in Custody (Section 376(2)) - By Management/ Staff of Hospital (Sec.376(2) (e),hospital,0,NCRB CII 2017 Table 3A.11 (Table-3A.11_1.xlsx)
2017,Lakshadweep,Rape in Custody (Section 376(2)) - By Management/ Staff of Hospital (Sec.376(2) (e),hospital,0,NCRB CII 2017 Table 3A.11 (Table-3A.11_1.xlsx)
2017,Puducherry,Rape in Custody (Section 376(2)) - By Management/ Staff of Hospital (Sec.376(2) (e),hospital,0,NCRB CII 2017 Table 3A.11 (Table-3A.11_1.xlsx)
2017,All India,Rape in Custody (Section 376(2)) - By Management/ Staff of Hospital (Sec.376(2) (e),hospital,12,NCRB CII 2017 Table 3A.11 (Table-3A.11_1.xlsx)
2017,Andhra Pradesh,Other Than Custodial Rape (Section 376(2)) - Rape Other than Custodial (Total),,315,NCRB CII 2017 Table 3A.11 (Table-3A.11_1.xlsx)
2017,Arunachal Pradesh,Other Than Custodial Rape (Section 376(2)) - Rape Other than Custodial (Total),,17,NCRB CII 2017 Table 3A.11 (Table-3A.11_1.xlsx)
2017,Assam,Other Than Custodial Rape (Section 376(2)) - Rape Other than Custodial (Total),,131,NCRB CII 2017 Table 3A.11 (Table-3A.11_1.xlsx)
2017,Bihar,Other Than Custodial Rape (Section 376(2)) - Rape Other than Custodial (Total),,0,NCRB CII 2017 Table 3A.11 (Table-3A.11_1.xlsx)
2017,Chhattisgarh,Other Than Custodial Rape (Section 376(2)) - Rape Other than Custodial (Total),,664,NCRB CII 2017 Table 3A.11 (Table-3A.11_1.xlsx)
2017,Goa,Other Than Custodial Rape (Section 376(2)) - Rape Other than Custodial (Total),,1,NCRB CII 2017 Table 3A.11 (Table-3A.11_1.xlsx)
2017,Gujarat,Other Than Custodial Rape (Section 376(2)) - Rape Other than Custodial (Total),,15,NCRB CII 2017 Table 3A.11 (Table-3A.11_1.xlsx)
2017,Haryana,Other Than Custodial Rape (Section 376(2)) - Rape Other than Custodial (Total),,141,NCRB CII 2017 Table 3A.11 (Table-3A.11_1.xlsx)
2017,Himachal Pradesh,Other Than Custodial Rape (Section 376(2)) - Rape Other than Custodial (Total),,63,NCRB CII 2017 Table 3A.11 (Table-3A.11_1.xlsx)
2017,Jammu & Kashmir,Other Than Custodial Rape (Section 376(2)) - Rape Other than Custodial (Total),,60,NCRB CII 2017 Table 3A.11 (Table-3A.11_1.xlsx)
2017,Jharkhand,Other Than Custodial Rape (Section 376(2)) - Rape Other than Custodial (Total),,52,NCRB CII 2017 Table 3A.11 (Table-3A.11_1.xlsx)
2017,Karnataka,Other Than Custodial Rape (Section 376(2)) - Rape Other than Custodial (Total),,28,NCRB CII 2017 Table 3A.11 (Table-3A.11_1.xlsx)
2017,Kerala,Other Than Custodial Rape (Section 376(2)) - Rape Other than Custodial (Total),,412,NCRB CII 2017 Table 3A.11 (Table-3A.11_1.xlsx)
2017,Madhya Pradesh,Other Than Custodial Rape (Section 376(2)) - Rape Other than Custodial (Total),,2312,NCRB CII 2017 Table 3A.11 (Table-3A.11_1.xlsx)
2017,Maharashtra,Other Than Custodial Rape (Section 376(2)) - Rape Other than Custodial (Total),,482,NCRB CII 2017 Table 3A.11 (Table-3A.11_1.xlsx)
2017,Manipur,Other Than Custodial Rape (Section 376(2)) - Rape Other than Custodial (Total),,6,NCRB CII 2017 Table 3A.11 (Table-3A.11_1.xlsx)
2017,Meghalaya,Other Than Custodial Rape (Section 376(2)) - Rape Other than Custodial (Total),,40,NCRB CII 2017 Table 3A.11 (Table-3A.11_1.xlsx)
2017,Mizoram,Other Than Custodial Rape (Section 376(2)) - Rape Other than Custodial (Total),,6,NCRB CII 2017 Table 3A.11 (Table-3A.11_1.xlsx)
2017,Nagaland,Other Than Custodial Rape (Section 376(2)) - Rape Other than Custodial (Total),,1,NCRB CII 2017 Table 3A.11 (Table-3A.11_1.xlsx)
2017,Odisha,Other Than Custodial Rape (Section 376(2)) - Rape Other than Custodial (Total),,1089,NCRB CII 2017 Table 3A.11 (Table-3A.11_1.xlsx)
2017,Punjab,Other Than Custodial Rape (Section 376(2)) - Rape Other than Custodial (Total),,14,NCRB CII 2017 Table 3A.11 (Table-3A.11_1.xlsx)
2017,Rajasthan,Other Than Custodial Rape (Section 376(2)) - Rape Other than Custodial (Total),,804,NCRB CII 2017 Table 3A.11 (Table-3A.11_1.xlsx)
2017,Sikkim,Other Than Custodial Rape (Section 376(2)) - Rape Other than Custodial (Total),,0,NCRB CII 2017 Table 3A.11 (Table-3A.11_1.xlsx)
2017,Tamil Nadu,Other Than Custodial Rape (Section 376(2)) - Rape Other than Custodial (Total),,7,NCRB CII 2017 Table 3A.11 (Table-3A.11_1.xlsx)
2017,Telangana,Other Than Custodial Rape (Section 376(2)) - Rape Other than Custodial (Total),,103,NCRB CII 2017 Table 3A.11 (Table-3A.11_1.xlsx)
2017,Tripura,Other Than Custodial Rape (Section 376(2)) - Rape Other than Custodial (Total),,23,NCRB CII 2017 Table 3A.11 (Table-3A.11_1.xlsx)
2017,Uttar Pradesh,Other Than Custodial Rape (Section 376(2)) - Rape Other than Custodial (Total),,109,NCRB CII 2017 Table 3A.11 (Table-3A.11_1.xlsx)
2017,Uttarakhand,Other Than Custodial Rape (Section 376(2)) - Rape Other than Custodial (Total),,163,NCRB CII 2017 Table 3A.11 (Table-3A.11_1.xlsx)
2017,West Bengal,Other Than Custodial Rape (Section 376(2)) - Rape Other than Custodial (Total),,28,NCRB CII 2017 Table 3A.11 (Table-3A.11_1.xlsx)
2017,Andaman & Nicobar Islands,Other Than Custodial Rape (Section 376(2)) - Rape Other than Custodial (Total),,0,NCRB CII 2017 Table 3A.11 (Table-3A.11_1.xlsx)
2017,Chandigarh,Other Than Custodial Rape (Section 376(2)) - Rape Other than Custodial (Total),,7,NCRB CII 2017 Table 3A.11 (Table-3A.11_1.xlsx)
2017,Dadra & Nagar Haveli and Daman & Diu,Other Than Custodial Rape (Section 376(2)) - Rape Other than Custodial (Total),,0,NCRB CII 2017 Table 3A.11 (Table-3A.11_1.xlsx)
2017,Delhi,Other Than Custodial Rape (Section 376(2)) - Rape Other than Custodial (Total),,69,NCRB CII 2017 Table 3A.11 (Table-3A.11_1.xlsx)
2017,Lakshadweep,Other Than Custodial Rape (Section 376(2)) - Rape Other than Custodial (Total),,0,NCRB CII 2017 Table 3A.11 (Table-3A.11_1.xlsx)
2017,Puducherry,Other Than Custodial Rape (Section 376(2)) - Rape Other than Custodial (Total),,0,NCRB CII 2017 Table 3A.11 (Table-3A.11_1.xlsx)
2017,All India,Other Than Custodial Rape (Section 376(2)) - Rape Other than Custodial (Total),,7162,NCRB CII 2017 Table 3A.11 (Table-3A.11_1.xlsx)
2017,Andhra Pradesh,Other Than Custodial Rape (Section 376(2)) - By Relative/Guardian/Teacher/person in position of trust (Sec.376(2) (f),,104,NCRB CII 2017 Table 3A.11 (Table-3A.11_1.xlsx)
2017,Arunachal Pradesh,Other Than Custodial Rape (Section 376(2)) - By Relative/Guardian/Teacher/person in position of trust (Sec.376(2) (f),,2,NCRB CII 2017 Table 3A.11 (Table-3A.11_1.xlsx)
2017,Assam,Other Than Custodial Rape (Section 376(2)) - By Relative/Guardian/Teacher/person in position of trust (Sec.376(2) (f),,80,NCRB CII 2017 Table 3A.11 (Table-3A.11_1.xlsx)
2017,Bihar,Other Than Custodial Rape (Section 376(2)) - By Relative/Guardian/Teacher/person in position of trust (Sec.376(2) (f),,0,NCRB CII 2017 Table 3A.11 (Table-3A.11_1.xlsx)
2017,Chhattisgarh,Other Than Custodial Rape (Section 376(2)) - By Relative/Guardian/Teacher/person in position of trust (Sec.376(2) (f),,268,NCRB CII 2017 Table 3A.11 (Table-3A.11_1.xlsx)
2017,Goa,Other Than Custodial Rape (Section 376(2)) - By Relative/Guardian/Teacher/person in position of trust (Sec.376(2) (f),,1,NCRB CII 2017 Table 3A.11 (Table-3A.11_1.xlsx)
2017,Gujarat,Other Than Custodial Rape (Section 376(2)) - By Relative/Guardian/Teacher/person in position of trust (Sec.376(2) (f),,8,NCRB CII 2017 Table 3A.11 (Table-3A.11_1.xlsx)
2017,Haryana,Other Than Custodial Rape (Section 376(2)) - By Relative/Guardian/Teacher/person in position of trust (Sec.376(2) (f),,38,NCRB CII 2017 Table 3A.11 (Table-3A.11_1.xlsx)
2017,Himachal Pradesh,Other Than Custodial Rape (Section 376(2)) - By Relative/Guardian/Teacher/person in position of trust (Sec.376(2) (f),,24,NCRB CII 2017 Table 3A.11 (Table-3A.11_1.xlsx)
2017,Jammu & Kashmir,Other Than Custodial Rape (Section 376(2)) - By Relative/Guardian/Teacher/person in position of trust (Sec.376(2) (f),,42,NCRB CII 2017 Table 3A.11 (Table-3A.11_1.xlsx)
2017,Jharkhand,Other Than Custodial Rape (Section 376(2)) - By Relative/Guardian/Teacher/person in position of trust (Sec.376(2) (f),,28,NCRB CII 2017 Table 3A.11 (Table-3A.11_1.xlsx)
2017,Karnataka,Other Than Custodial Rape (Section 376(2)) - By Relative/Guardian/Teacher/person in position of trust (Sec.376(2) (f),,12,NCRB CII 2017 Table 3A.11 (Table-3A.11_1.xlsx)
2017,Kerala,Other Than Custodial Rape (Section 376(2)) - By Relative/Guardian/Teacher/person in position of trust (Sec.376(2) (f),,143,NCRB CII 2017 Table 3A.11 (Table-3A.11_1.xlsx)
2017,Madhya Pradesh,Other Than Custodial Rape (Section 376(2)) - By Relative/Guardian/Teacher/person in position of trust (Sec.376(2) (f),,404,NCRB CII 2017 Table 3A.11 (Table-3A.11_1.xlsx)
2017,Maharashtra,Other Than Custodial Rape (Section 376(2)) - By Relative/Guardian/Teacher/person in position of trust (Sec.376(2) (f),,143,NCRB CII 2017 Table 3A.11 (Table-3A.11_1.xlsx)
2017,Manipur,Other Than Custodial Rape (Section 376(2)) - By Relative/Guardian/Teacher/person in position of trust (Sec.376(2) (f),,6,NCRB CII 2017 Table 3A.11 (Table-3A.11_1.xlsx)
2017,Meghalaya,Other Than Custodial Rape (Section 376(2)) - By Relative/Guardian/Teacher/person in position of trust (Sec.376(2) (f),,0,NCRB CII 2017 Table 3A.11 (Table-3A.11_1.xlsx)
2017,Mizoram,Other Than Custodial Rape (Section 376(2)) - By Relative/Guardian/Teacher/person in position of trust (Sec.376(2) (f),,0,NCRB CII 2017 Table 3A.11 (Table-3A.11_1.xlsx)
2017,Nagaland,Other Than Custodial Rape (Section 376(2)) - By Relative/Guardian/Teacher/person in position of trust (Sec.376(2) (f),,1,NCRB CII 2017 Table 3A.11 (Table-3A.11_1.xlsx)
2017,Odisha,Other Than Custodial Rape (Section 376(2)) - By Relative/Guardian/Teacher/person in position of trust (Sec.376(2) (f),,971,NCRB CII 2017 Table 3A.11 (Table-3A.11_1.xlsx)
2017,Punjab,Other Than Custodial Rape (Section 376(2)) - By Relative/Guardian/Teacher/person in position of trust (Sec.376(2) (f),,0,NCRB CII 2017 Table 3A.11 (Table-3A.11_1.xlsx)
2017,Rajasthan,Other Than Custodial Rape (Section 376(2)) - By Relative/Guardian/Teacher/person in position of trust (Sec.376(2) (f),,238,NCRB CII 2017 Table 3A.11 (Table-3A.11_1.xlsx)
2017,Sikkim,Other Than Custodial Rape (Section 376(2)) - By Relative/Guardian/Teacher/person in position of trust (Sec.376(2) (f),,0,NCRB CII 2017 Table 3A.11 (Table-3A.11_1.xlsx)
2017,Tamil Nadu,Other Than Custodial Rape (Section 376(2)) - By Relative/Guardian/Teacher/person in position of trust (Sec.376(2) (f),,6,NCRB CII 2017 Table 3A.11 (Table-3A.11_1.xlsx)
2017,Telangana,Other Than Custodial Rape (Section 376(2)) - By Relative/Guardian/Teacher/person in position of trust (Sec.376(2) (f),,23,NCRB CII 2017 Table 3A.11 (Table-3A.11_1.xlsx)
2017,Tripura,Other Than Custodial Rape (Section 376(2)) - By Relative/Guardian/Teacher/person in position of trust (Sec.376(2) (f),,1,NCRB CII 2017 Table 3A.11 (Table-3A.11_1.xlsx)
2017,Uttar Pradesh,Other Than Custodial Rape (Section 376(2)) - By Relative/Guardian/Teacher/person in position of trust (Sec.376(2) (f),,91,NCRB CII 2017 Table 3A.11 (Table-3A.11_1.xlsx)
2017,Uttarakhand,Other Than Custodial Rape (Section 376(2)) - By Relative/Guardian/Teacher/person in position of trust (Sec.376(2) (f),,153,NCRB CII 2017 Table 3A.11 (Table-3A.11_1.xlsx)
2017,West Bengal,Other Than Custodial Rape (Section 376(2)) - By Relative/Guardian/Teacher/person in position of trust (Sec.376(2) (f),,0,NCRB CII 2017 Table 3A.11 (Table-3A.11_1.xlsx)
2017,Andaman & Nicobar Islands,Other Than Custodial Rape (Section 376(2)) - By Relative/Guardian/Teacher/person in position of trust (Sec.376(2) (f),,0,NCRB CII 2017 Table 3A.11 (Table-3A.11_1.xlsx)
2017,Chandigarh,Other Than Custodial Rape (Section 376(2)) - By Relative/Guardian/Teacher/person in position of trust (Sec.376(2) (f),,5,NCRB CII 2017 Table 3A.11 (Table-3A.11_1.xlsx)
2017,Dadra & Nagar Haveli and Daman & Diu,Other Than Custodial Rape (Section 376(2)) - By Relative/Guardian/Teacher/person in position of trust (Sec.376(2) (f),,0,NCRB CII 2017 Table 3A.11 (Table-3A.11_1.xlsx)
2017,Delhi,Other Than Custodial Rape (Section 376(2)) - By Relative/Guardian/Teacher/person in position of trust (Sec.376(2) (f),,43,NCRB CII 2017 Table 3A.11 (Table-3A.11_1.xlsx)
2017,Lakshadweep,Other Than Custodial Rape (Section 376(2)) - By Relative/Guardian/Teacher/person in position of trust (Sec.376(2) (f),,0,NCRB CII 2017 Table 3A.11 (Table-3A.11_1.xlsx)
2017,Puducherry,Other Than Custodial Rape (Section 376(2)) - By Relative/Guardian/Teacher/person in position of trust (Sec.376(2) (f),,0,NCRB CII 2017 Table 3A.11 (Table-3A.11_1.xlsx)
2017,All India,Other Than Custodial Rape (Section 376(2)) - By Relative/Guardian/Teacher/person in position of trust (Sec.376(2) (f),,2835,NCRB CII 2017 Table 3A.11 (Table-3A.11_1.xlsx)
2017,Andhra Pradesh,Other Than Custodial Rape (Section 376(2)) - On Pregnant Women (Sec.376(2) (h),,0,NCRB CII 2017 Table 3A.11 (Table-3A.11_1.xlsx)
2017,Arunachal Pradesh,Other Than Custodial Rape (Section 376(2)) - On Pregnant Women (Sec.376(2) (h),,0,NCRB CII 2017 Table 3A.11 (Table-3A.11_1.xlsx)
2017,Assam,Other Than Custodial Rape (Section 376(2)) - On Pregnant Women (Sec.376(2) (h),,0,NCRB CII 2017 Table 3A.11 (Table-3A.11_1.xlsx)
2017,Bihar,Other Than Custodial Rape (Section 376(2)) - On Pregnant Women (Sec.376(2) (h),,0,NCRB CII 2017 Table 3A.11 (Table-3A.11_1.xlsx)
2017,Chhattisgarh,Other Than Custodial Rape (Section 376(2)) - On Pregnant Women (Sec.376(2) (h),,2,NCRB CII 2017 Table 3A.11 (Table-3A.11_1.xlsx)
2017,Goa,Other Than Custodial Rape (Section 376(2)) - On Pregnant Women (Sec.376(2) (h),,0,NCRB CII 2017 Table 3A.11 (Table-3A.11_1.xlsx)
2017,Gujarat,Other Than Custodial Rape (Section 376(2)) - On Pregnant Women (Sec.376(2) (h),,0,NCRB CII 2017 Table 3A.11 (Table-3A.11_1.xlsx)
2017,Haryana,Other Than Custodial Rape (Section 376(2)) - On Pregnant Women (Sec.376(2) (h),,0,NCRB CII 2017 Table 3A.11 (Table-3A.11_1.xlsx)
2017,Himachal Pradesh,Other Than Custodial Rape (Section 376(2)) - On Pregnant Women (Sec.376(2) (h),,0,NCRB CII 2017 Table 3A.11 (Table-3A.11_1.xlsx)
2017,Jammu & Kashmir,Other Than Custodial Rape (Section 376(2)) - On Pregnant Women (Sec.376(2) (h),,0,NCRB CII 2017 Table 3A.11 (Table-3A.11_1.xlsx)
2017,Jharkhand,Other Than Custodial Rape (Section 376(2)) - On Pregnant Women (Sec.376(2) (h),,0,NCRB CII 2017 Table 3A.11 (Table-3A.11_1.xlsx)
2017,Karnataka,Other Than Custodial Rape (Section 376(2)) - On Pregnant Women (Sec.376(2) (h),,1,NCRB CII 2017 Table 3A.11 (Table-3A.11_1.xlsx)
2017,Kerala,Other Than Custodial Rape (Section 376(2)) - On Pregnant Women (Sec.376(2) (h),,2,NCRB CII 2017 Table 3A.11 (Table-3A.11_1.xlsx)
2017,Madhya Pradesh,Other Than Custodial Rape (Section 376(2)) - On Pregnant Women (Sec.376(2) (h),,13,NCRB CII 2017 Table 3A.11 (Table-3A.11_1.xlsx)
2017,Maharashtra,Other Than Custodial Rape (Section 376(2)) - On Pregnant Women (Sec.376(2) (h),,3,NCRB CII 2017 Table 3A.11 (Table-3A.11_1.xlsx)
2017,Manipur,Other Than Custodial Rape (Section 376(2)) - On Pregnant Women (Sec.376(2) (h),,0,NCRB CII 2017 Table 3A.11 (Table-3A.11_1.xlsx)
2017,Meghalaya,Other Than Custodial Rape (Section 376(2)) - On Pregnant Women (Sec.376(2) (h),,0,NCRB CII 2017 Table 3A.11 (Table-3A.11_1.xlsx)
2017,Mizoram,Other Than Custodial Rape (Section 376(2)) - On Pregnant Women (Sec.376(2) (h),,0,NCRB CII 2017 Table 3A.11 (Table-3A.11_1.xlsx)
2017,Nagaland,Other Than Custodial Rape (Section 376(2)) - On Pregnant Women (Sec.376(2) (h),,0,NCRB CII 2017 Table 3A.11 (Table-3A.11_1.xlsx)
2017,Odisha,Other Than Custodial Rape (Section 376(2)) - On Pregnant Women (Sec.376(2) (h),,0,NCRB CII 2017 Table 3A.11 (Table-3A.11_1.xlsx)
2017,Punjab,Other Than Custodial Rape (Section 376(2)) - On Pregnant Women (Sec.376(2) (h),,0,NCRB CII 2017 Table 3A.11 (Table-3A.11_1.xlsx)
2017,Rajasthan,Other Than Custodial Rape (Section 376(2)) - On Pregnant Women (Sec.376(2) (h),,0,NCRB CII 2017 Table 3A.11 (Table-3A.11_1.xlsx)
2017,Sikkim,Other Than Custodial Rape (Section 376(2)) - On Pregnant Women (Sec.376(2) (h),,0,NCRB CII 2017 Table 3A.11 (Table-3A.11_1.xlsx)
2017,Tamil Nadu,Other Than Custodial Rape (Section 376(2)) - On Pregnant Women (Sec.376(2) (h),,0,NCRB CII 2017 Table 3A.11 (Table-3A.11_1.xlsx)
2017,Telangana,Other Than Custodial Rape (Section 376(2)) - On Pregnant Women (Sec.376(2) (h),,0,NCRB CII 2017 Table 3A.11 (Table-3A.11_1.xlsx)
2017,Tripura,Other Than Custodial Rape (Section 376(2)) - On Pregnant Women (Sec.376(2) (h),,0,NCRB CII 2017 Table 3A.11 (Table-3A.11_1.xlsx)
2017,Uttar Pradesh,Other Than Custodial Rape (Section 376(2)) - On Pregnant Women (Sec.376(2) (h),,0,NCRB CII 2017 Table 3A.11 (Table-3A.11_1.xlsx)
2017,Uttarakhand,Other Than Custodial Rape (Section 376(2)) - On Pregnant Women (Sec.376(2) (h),,0,NCRB CII 2017 Table 3A.11 (Table-3A.11_1.xlsx)
2017,West Bengal,Other Than Custodial Rape (Section 376(2)) - On Pregnant Women (Sec.376(2) (h),,0,NCRB CII 2017 Table 3A.11 (Table-3A.11_1.xlsx)
2017,Andaman & Nicobar Islands,Other Than Custodial Rape (Section 376(2)) - On Pregnant Women (Sec.376(2) (h),,0,NCRB CII 2017 Table 3A.11 (Table-3A.11_1.xlsx)
2017,Chandigarh,Other Than Custodial Rape (Section 376(2)) - On Pregnant Women (Sec.376(2) (h),,0,NCRB CII 2017 Table 3A.11 (Table-3A.11_1.xlsx)
2017,Dadra & Nagar Haveli and Daman & Diu,Other Than Custodial Rape (Section 376(2)) - On Pregnant Women (Sec.376(2) (h),,0,NCRB CII 2017 Table 3A.11 (Table-3A.11_1.xlsx)
2017,Delhi,Other Than Custodial Rape (Section 376(2)) - On Pregnant Women (Sec.376(2) (h),,1,NCRB CII 2017 Table 3A.11 (Table-3A.11_1.xlsx)
2017,Lakshadweep,Other Than Custodial Rape (Section 376(2)) - On Pregnant Women (Sec.376(2) (h),,0,NCRB CII 2017 Table 3A.11 (Table-3A.11_1.xlsx)
2017,Puducherry,Other Than Custodial Rape (Section 376(2)) - On Pregnant Women (Sec.376(2) (h),,0,NCRB CII 2017 Table 3A.11 (Table-3A.11_1.xlsx)
2017,All India,Other Than Custodial Rape (Section 376(2)) - On Pregnant Women (Sec.376(2) (h),,22,NCRB CII 2017 Table 3A.11 (Table-3A.11_1.xlsx)
2017,Andhra Pradesh,Other Than Custodial Rape (Section 376(2)) - On Women Below 16 years of age (Sec.376(2) (i),,112,NCRB CII 2017 Table 3A.11 (Table-3A.11_1.xlsx)
2017,Arunachal Pradesh,Other Than Custodial Rape (Section 376(2)) - On Women Below 16 years of age (Sec.376(2) (i),,12,NCRB CII 2017 Table 3A.11 (Table-3A.11_1.xlsx)
2017,Assam,Other Than Custodial Rape (Section 376(2)) - On Women Below 16 years of age (Sec.376(2) (i),,16,NCRB CII 2017 Table 3A.11 (Table-3A.11_1.xlsx)
2017,Bihar,Other Than Custodial Rape (Section 376(2)) - On Women Below 16 years of age (Sec.376(2) (i),,0,NCRB CII 2017 Table 3A.11 (Table-3A.11_1.xlsx)
2017,Chhattisgarh,Other Than Custodial Rape (Section 376(2)) - On Women Below 16 years of age (Sec.376(2) (i),,309,NCRB CII 2017 Table 3A.11 (Table-3A.11_1.xlsx)
2017,Goa,Other Than Custodial Rape (Section 376(2)) - On Women Below 16 years of age (Sec.376(2) (i),,0,NCRB CII 2017 Table 3A.11 (Table-3A.11_1.xlsx)
2017,Gujarat,Other Than Custodial Rape (Section 376(2)) - On Women Below 16 years of age (Sec.376(2) (i),,1,NCRB CII 2017 Table 3A.11 (Table-3A.11_1.xlsx)
2017,Haryana,Other Than Custodial Rape (Section 376(2)) - On Women Below 16 years of age (Sec.376(2) (i),,5,NCRB CII 2017 Table 3A.11 (Table-3A.11_1.xlsx)
2017,Himachal Pradesh,Other Than Custodial Rape (Section 376(2)) - On Women Below 16 years of age (Sec.376(2) (i),,37,NCRB CII 2017 Table 3A.11 (Table-3A.11_1.xlsx)
2017,Jammu & Kashmir,Other Than Custodial Rape (Section 376(2)) - On Women Below 16 years of age (Sec.376(2) (i),,16,NCRB CII 2017 Table 3A.11 (Table-3A.11_1.xlsx)
2017,Jharkhand,Other Than Custodial Rape (Section 376(2)) - On Women Below 16 years of age (Sec.376(2) (i),,0,NCRB CII 2017 Table 3A.11 (Table-3A.11_1.xlsx)
2017,Karnataka,Other Than Custodial Rape (Section 376(2)) - On Women Below 16 years of age (Sec.376(2) (i),,1,NCRB CII 2017 Table 3A.11 (Table-3A.11_1.xlsx)
2017,Kerala,Other Than Custodial Rape (Section 376(2)) - On Women Below 16 years of age (Sec.376(2) (i),,139,NCRB CII 2017 Table 3A.11 (Table-3A.11_1.xlsx)
2017,Madhya Pradesh,Other Than Custodial Rape (Section 376(2)) - On Women Below 16 years of age (Sec.376(2) (i),,633,NCRB CII 2017 Table 3A.11 (Table-3A.11_1.xlsx)
2017,Maharashtra,Other Than Custodial Rape (Section 376(2)) - On Women Below 16 years of age (Sec.376(2) (i),,108,NCRB CII 2017 Table 3A.11 (Table-3A.11_1.xlsx)
2017,Manipur,Other Than Custodial Rape (Section 376(2)) - On Women Below 16 years of age (Sec.376(2) (i),,0,NCRB CII 2017 Table 3A.11 (Table-3A.11_1.xlsx)
2017,Meghalaya,Other Than Custodial Rape (Section 376(2)) - On Women Below 16 years of age (Sec.376(2) (i),,30,NCRB CII 2017 Table 3A.11 (Table-3A.11_1.xlsx)
2017,Mizoram,Other Than Custodial Rape (Section 376(2)) - On Women Below 16 years of age (Sec.376(2) (i),,0,NCRB CII 2017 Table 3A.11 (Table-3A.11_1.xlsx)
2017,Nagaland,Other Than Custodial Rape (Section 376(2)) - On Women Below 16 years of age (Sec.376(2) (i),,0,NCRB CII 2017 Table 3A.11 (Table-3A.11_1.xlsx)
2017,Odisha,Other Than Custodial Rape (Section 376(2)) - On Women Below 16 years of age (Sec.376(2) (i),,92,NCRB CII 2017 Table 3A.11 (Table-3A.11_1.xlsx)
2017,Punjab,Other Than Custodial Rape (Section 376(2)) - On Women Below 16 years of age (Sec.376(2) (i),,13,NCRB CII 2017 Table 3A.11 (Table-3A.11_1.xlsx)
2017,Rajasthan,Other Than Custodial Rape (Section 376(2)) - On Women Below 16 years of age (Sec.376(2) (i),,148,NCRB CII 2017 Table 3A.11 (Table-3A.11_1.xlsx)
2017,Sikkim,Other Than Custodial Rape (Section 376(2)) - On Women Below 16 years of age (Sec.376(2) (i),,0,NCRB CII 2017 Table 3A.11 (Table-3A.11_1.xlsx)
2017,Tamil Nadu,Other Than Custodial Rape (Section 376(2)) - On Women Below 16 years of age (Sec.376(2) (i),,0,NCRB CII 2017 Table 3A.11 (Table-3A.11_1.xlsx)
2017,Telangana,Other Than Custodial Rape (Section 376(2)) - On Women Below 16 years of age (Sec.376(2) (i),,18,NCRB CII 2017 Table 3A.11 (Table-3A.11_1.xlsx)
2017,Tripura,Other Than Custodial Rape (Section 376(2)) - On Women Below 16 years of age (Sec.376(2) (i),,19,NCRB CII 2017 Table 3A.11 (Table-3A.11_1.xlsx)
2017,Uttar Pradesh,Other Than Custodial Rape (Section 376(2)) - On Women Below 16 years of age (Sec.376(2) (i),,18,NCRB CII 2017 Table 3A.11 (Table-3A.11_1.xlsx)
2017,Uttarakhand,Other Than Custodial Rape (Section 376(2)) - On Women Below 16 years of age (Sec.376(2) (i),,10,NCRB CII 2017 Table 3A.11 (Table-3A.11_1.xlsx)
2017,West Bengal,Other Than Custodial Rape (Section 376(2)) - On Women Below 16 years of age (Sec.376(2) (i),,0,NCRB CII 2017 Table 3A.11 (Table-3A.11_1.xlsx)
2017,Andaman & Nicobar Islands,Other Than Custodial Rape (Section 376(2)) - On Women Below 16 years of age (Sec.376(2) (i),,0,NCRB CII 2017 Table 3A.11 (Table-3A.11_1.xlsx)
2017,Chandigarh,Other Than Custodial Rape (Section 376(2)) - On Women Below 16 years of age (Sec.376(2) (i),,0,NCRB CII 2017 Table 3A.11 (Table-3A.11_1.xlsx)
2017,Dadra & Nagar Haveli and Daman & Diu,Other Than Custodial Rape (Section 376(2)) - On Women Below 16 years of age (Sec.376(2) (i),,0,NCRB CII 2017 Table 3A.11 (Table-3A.11_1.xlsx)
2017,Delhi,Other Than Custodial Rape (Section 376(2)) - On Women Below 16 years of age (Sec.376(2) (i),,9,NCRB CII 2017 Table 3A.11 (Table-3A.11_1.xlsx)
2017,Lakshadweep,Other Than Custodial Rape (Section 376(2)) - On Women Below 16 years of age (Sec.376(2) (i),,0,NCRB CII 2017 Table 3A.11 (Table-3A.11_1.xlsx)
2017,Puducherry,Other Than Custodial Rape (Section 376(2)) - On Women Below 16 years of age (Sec.376(2) (i),,0,NCRB CII 2017 Table 3A.11 (Table-3A.11_1.xlsx)
2017,All India,Other Than Custodial Rape (Section 376(2)) - On Women Below 16 years of age (Sec.376(2) (i),,1746,NCRB CII 2017 Table 3A.11 (Table-3A.11_1.xlsx)
2017,Andhra Pradesh,Other Than Custodial Rape (Section 376(2)) - On Women Incapable of giving Consent (Sec.376(2) (j),,0,NCRB CII 2017 Table 3A.11 (Table-3A.11_1.xlsx)
2017,Arunachal Pradesh,Other Than Custodial Rape (Section 376(2)) - On Women Incapable of giving Consent (Sec.376(2) (j),,0,NCRB CII 2017 Table 3A.11 (Table-3A.11_1.xlsx)
2017,Assam,Other Than Custodial Rape (Section 376(2)) - On Women Incapable of giving Consent (Sec.376(2) (j),,0,NCRB CII 2017 Table 3A.11 (Table-3A.11_1.xlsx)
2017,Bihar,Other Than Custodial Rape (Section 376(2)) - On Women Incapable of giving Consent (Sec.376(2) (j),,0,NCRB CII 2017 Table 3A.11 (Table-3A.11_1.xlsx)
2017,Chhattisgarh,Other Than Custodial Rape (Section 376(2)) - On Women Incapable of giving Consent (Sec.376(2) (j),,51,NCRB CII 2017 Table 3A.11 (Table-3A.11_1.xlsx)
2017,Goa,Other Than Custodial Rape (Section 376(2)) - On Women Incapable of giving Consent (Sec.376(2) (j),,0,NCRB CII 2017 Table 3A.11 (Table-3A.11_1.xlsx)
2017,Gujarat,Other Than Custodial Rape (Section 376(2)) - On Women Incapable of giving Consent (Sec.376(2) (j),,3,NCRB CII 2017 Table 3A.11 (Table-3A.11_1.xlsx)
2017,Haryana,Other Than Custodial Rape (Section 376(2)) - On Women Incapable of giving Consent (Sec.376(2) (j),,1,NCRB CII 2017 Table 3A.11 (Table-3A.11_1.xlsx)
2017,Himachal Pradesh,Other Than Custodial Rape (Section 376(2)) - On Women Incapable of giving Consent (Sec.376(2) (j),,0,NCRB CII 2017 Table 3A.11 (Table-3A.11_1.xlsx)
2017,Jammu & Kashmir,Other Than Custodial Rape (Section 376(2)) - On Women Incapable of giving Consent (Sec.376(2) (j),,2,NCRB CII 2017 Table 3A.11 (Table-3A.11_1.xlsx)
2017,Jharkhand,Other Than Custodial Rape (Section 376(2)) - On Women Incapable of giving Consent (Sec.376(2) (j),,0,NCRB CII 2017 Table 3A.11 (Table-3A.11_1.xlsx)
2017,Karnataka,Other Than Custodial Rape (Section 376(2)) - On Women Incapable of giving Consent (Sec.376(2) (j),,1,NCRB CII 2017 Table 3A.11 (Table-3A.11_1.xlsx)
2017,Kerala,Other Than Custodial Rape (Section 376(2)) - On Women Incapable of giving Consent (Sec.376(2) (j),,2,NCRB CII 2017 Table 3A.11 (Table-3A.11_1.xlsx)
2017,Madhya Pradesh,Other Than Custodial Rape (Section 376(2)) - On Women Incapable of giving Consent (Sec.376(2) (j),,161,NCRB CII 2017 Table 3A.11 (Table-3A.11_1.xlsx)
2017,Maharashtra,Other Than Custodial Rape (Section 376(2)) - On Women Incapable of giving Consent (Sec.376(2) (j),,36,NCRB CII 2017 Table 3A.11 (Table-3A.11_1.xlsx)
2017,Manipur,Other Than Custodial Rape (Section 376(2)) - On Women Incapable of giving Consent (Sec.376(2) (j),,0,NCRB CII 2017 Table 3A.11 (Table-3A.11_1.xlsx)
2017,Meghalaya,Other Than Custodial Rape (Section 376(2)) - On Women Incapable of giving Consent (Sec.376(2) (j),,0,NCRB CII 2017 Table 3A.11 (Table-3A.11_1.xlsx)
2017,Mizoram,Other Than Custodial Rape (Section 376(2)) - On Women Incapable of giving Consent (Sec.376(2) (j),,1,NCRB CII 2017 Table 3A.11 (Table-3A.11_1.xlsx)
2017,Nagaland,Other Than Custodial Rape (Section 376(2)) - On Women Incapable of giving Consent (Sec.376(2) (j),,0,NCRB CII 2017 Table 3A.11 (Table-3A.11_1.xlsx)
2017,Odisha,Other Than Custodial Rape (Section 376(2)) - On Women Incapable of giving Consent (Sec.376(2) (j),,1,NCRB CII 2017 Table 3A.11 (Table-3A.11_1.xlsx)
2017,Punjab,Other Than Custodial Rape (Section 376(2)) - On Women Incapable of giving Consent (Sec.376(2) (j),,0,NCRB CII 2017 Table 3A.11 (Table-3A.11_1.xlsx)
2017,Rajasthan,Other Than Custodial Rape (Section 376(2)) - On Women Incapable of giving Consent (Sec.376(2) (j),,199,NCRB CII 2017 Table 3A.11 (Table-3A.11_1.xlsx)
2017,Sikkim,Other Than Custodial Rape (Section 376(2)) - On Women Incapable of giving Consent (Sec.376(2) (j),,0,NCRB CII 2017 Table 3A.11 (Table-3A.11_1.xlsx)
2017,Tamil Nadu,Other Than Custodial Rape (Section 376(2)) - On Women Incapable of giving Consent (Sec.376(2) (j),,0,NCRB CII 2017 Table 3A.11 (Table-3A.11_1.xlsx)
2017,Telangana,Other Than Custodial Rape (Section 376(2)) - On Women Incapable of giving Consent (Sec.376(2) (j),,14,NCRB CII 2017 Table 3A.11 (Table-3A.11_1.xlsx)
2017,Tripura,Other Than Custodial Rape (Section 376(2)) - On Women Incapable of giving Consent (Sec.376(2) (j),,0,NCRB CII 2017 Table 3A.11 (Table-3A.11_1.xlsx)
2017,Uttar Pradesh,Other Than Custodial Rape (Section 376(2)) - On Women Incapable of giving Consent (Sec.376(2) (j),,0,NCRB CII 2017 Table 3A.11 (Table-3A.11_1.xlsx)
2017,Uttarakhand,Other Than Custodial Rape (Section 376(2)) - On Women Incapable of giving Consent (Sec.376(2) (j),,0,NCRB CII 2017 Table 3A.11 (Table-3A.11_1.xlsx)
2017,West Bengal,Other Than Custodial Rape (Section 376(2)) - On Women Incapable of giving Consent (Sec.376(2) (j),,2,NCRB CII 2017 Table 3A.11 (Table-3A.11_1.xlsx)
2017,Andaman & Nicobar Islands,Other Than Custodial Rape (Section 376(2)) - On Women Incapable of giving Consent (Sec.376(2) (j),,0,NCRB CII 2017 Table 3A.11 (Table-3A.11_1.xlsx)
2017,Chandigarh,Other Than Custodial Rape (Section 376(2)) - On Women Incapable of giving Consent (Sec.376(2) (j),,0,NCRB CII 2017 Table 3A.11 (Table-3A.11_1.xlsx)
2017,Dadra & Nagar Haveli and Daman & Diu,Other Than Custodial Rape (Section 376(2)) - On Women Incapable of giving Consent (Sec.376(2) (j),,0,NCRB CII 2017 Table 3A.11 (Table-3A.11_1.xlsx)
2017,Delhi,Other Than Custodial Rape (Section 376(2)) - On Women Incapable of giving Consent (Sec.376(2) (j),,0,NCRB CII 2017 Table 3A.11 (Table-3A.11_1.xlsx)
2017,Lakshadweep,Other Than Custodial Rape (Section 376(2)) - On Women Incapable of giving Consent (Sec.376(2) (j),,0,NCRB CII 2017 Table 3A.11 (Table-3A.11_1.xlsx)
2017,Puducherry,Other Than Custodial Rape (Section 376(2)) - On Women Incapable of giving Consent (Sec.376(2) (j),,0,NCRB CII 2017 Table 3A.11 (Table-3A.11_1.xlsx)
2017,All India,Other Than Custodial Rape (Section 376(2)) - On Women Incapable of giving Consent (Sec.376(2) (j),,474,NCRB CII 2017 Table 3A.11 (Table-3A.11_1.xlsx)
2017,Andhra Pradesh,Other Than Custodial Rape (Section 376(2)) - By Persons in Control or Dominance over women (Sec.376(2) (k),,0,NCRB CII 2017 Table 3A.11 (Table-3A.11_1.xlsx)
2017,Arunachal Pradesh,Other Than Custodial Rape (Section 376(2)) - By Persons in Control or Dominance over women (Sec.376(2) (k),,0,NCRB CII 2017 Table 3A.11 (Table-3A.11_1.xlsx)
2017,Assam,Other Than Custodial Rape (Section 376(2)) - By Persons in Control or Dominance over women (Sec.376(2) (k),,35,NCRB CII 2017 Table 3A.11 (Table-3A.11_1.xlsx)
2017,Bihar,Other Than Custodial Rape (Section 376(2)) - By Persons in Control or Dominance over women (Sec.376(2) (k),,0,NCRB CII 2017 Table 3A.11 (Table-3A.11_1.xlsx)
2017,Chhattisgarh,Other Than Custodial Rape (Section 376(2)) - By Persons in Control or Dominance over women (Sec.376(2) (k),,7,NCRB CII 2017 Table 3A.11 (Table-3A.11_1.xlsx)
2017,Goa,Other Than Custodial Rape (Section 376(2)) - By Persons in Control or Dominance over women (Sec.376(2) (k),,0,NCRB CII 2017 Table 3A.11 (Table-3A.11_1.xlsx)
2017,Gujarat,Other Than Custodial Rape (Section 376(2)) - By Persons in Control or Dominance over women (Sec.376(2) (k),,0,NCRB CII 2017 Table 3A.11 (Table-3A.11_1.xlsx)
2017,Haryana,Other Than Custodial Rape (Section 376(2)) - By Persons in Control or Dominance over women (Sec.376(2) (k),,0,NCRB CII 2017 Table 3A.11 (Table-3A.11_1.xlsx)
2017,Himachal Pradesh,Other Than Custodial Rape (Section 376(2)) - By Persons in Control or Dominance over women (Sec.376(2) (k),,0,NCRB CII 2017 Table 3A.11 (Table-3A.11_1.xlsx)
2017,Jammu & Kashmir,Other Than Custodial Rape (Section 376(2)) - By Persons in Control or Dominance over women (Sec.376(2) (k),,0,NCRB CII 2017 Table 3A.11 (Table-3A.11_1.xlsx)
2017,Jharkhand,Other Than Custodial Rape (Section 376(2)) - By Persons in Control or Dominance over women (Sec.376(2) (k),,0,NCRB CII 2017 Table 3A.11 (Table-3A.11_1.xlsx)
2017,Karnataka,Other Than Custodial Rape (Section 376(2)) - By Persons in Control or Dominance over women (Sec.376(2) (k),,0,NCRB CII 2017 Table 3A.11 (Table-3A.11_1.xlsx)
2017,Kerala,Other Than Custodial Rape (Section 376(2)) - By Persons in Control or Dominance over women (Sec.376(2) (k),,7,NCRB CII 2017 Table 3A.11 (Table-3A.11_1.xlsx)
2017,Madhya Pradesh,Other Than Custodial Rape (Section 376(2)) - By Persons in Control or Dominance over women (Sec.376(2) (k),,8,NCRB CII 2017 Table 3A.11 (Table-3A.11_1.xlsx)
2017,Maharashtra,Other Than Custodial Rape (Section 376(2)) - By Persons in Control or Dominance over women (Sec.376(2) (k),,3,NCRB CII 2017 Table 3A.11 (Table-3A.11_1.xlsx)
2017,Manipur,Other Than Custodial Rape (Section 376(2)) - By Persons in Control or Dominance over women (Sec.376(2) (k),,0,NCRB CII 2017 Table 3A.11 (Table-3A.11_1.xlsx)
2017,Meghalaya,Other Than Custodial Rape (Section 376(2)) - By Persons in Control or Dominance over women (Sec.376(2) (k),,0,NCRB CII 2017 Table 3A.11 (Table-3A.11_1.xlsx)
2017,Mizoram,Other Than Custodial Rape (Section 376(2)) - By Persons in Control or Dominance over women (Sec.376(2) (k),,0,NCRB CII 2017 Table 3A.11 (Table-3A.11_1.xlsx)
2017,Nagaland,Other Than Custodial Rape (Section 376(2)) - By Persons in Control or Dominance over women (Sec.376(2) (k),,0,NCRB CII 2017 Table 3A.11 (Table-3A.11_1.xlsx)
2017,Odisha,Other Than Custodial Rape (Section 376(2)) - By Persons in Control or Dominance over women (Sec.376(2) (k),,0,NCRB CII 2017 Table 3A.11 (Table-3A.11_1.xlsx)
2017,Punjab,Other Than Custodial Rape (Section 376(2)) - By Persons in Control or Dominance over women (Sec.376(2) (k),,0,NCRB CII 2017 Table 3A.11 (Table-3A.11_1.xlsx)
2017,Rajasthan,Other Than Custodial Rape (Section 376(2)) - By Persons in Control or Dominance over women (Sec.376(2) (k),,155,NCRB CII 2017 Table 3A.11 (Table-3A.11_1.xlsx)
2017,Sikkim,Other Than Custodial Rape (Section 376(2)) - By Persons in Control or Dominance over women (Sec.376(2) (k),,0,NCRB CII 2017 Table 3A.11 (Table-3A.11_1.xlsx)
2017,Tamil Nadu,Other Than Custodial Rape (Section 376(2)) - By Persons in Control or Dominance over women (Sec.376(2) (k),,0,NCRB CII 2017 Table 3A.11 (Table-3A.11_1.xlsx)
2017,Telangana,Other Than Custodial Rape (Section 376(2)) - By Persons in Control or Dominance over women (Sec.376(2) (k),,1,NCRB CII 2017 Table 3A.11 (Table-3A.11_1.xlsx)
2017,Tripura,Other Than Custodial Rape (Section 376(2)) - By Persons in Control or Dominance over women (Sec.376(2) (k),,0,NCRB CII 2017 Table 3A.11 (Table-3A.11_1.xlsx)
2017,Uttar Pradesh,Other Than Custodial Rape (Section 376(2)) - By Persons in Control or Dominance over women (Sec.376(2) (k),,0,NCRB CII 2017 Table 3A.11 (Table-3A.11_1.xlsx)
2017,Uttarakhand,Other Than Custodial Rape (Section 376(2)) - By Persons in Control or Dominance over women (Sec.376(2) (k),,0,NCRB CII 2017 Table 3A.11 (Table-3A.11_1.xlsx)
2017,West Bengal,Other Than Custodial Rape (Section 376(2)) - By Persons in Control or Dominance over women (Sec.376(2) (k),,0,NCRB CII 2017 Table 3A.11 (Table-3A.11_1.xlsx)
2017,Andaman & Nicobar Islands,Other Than Custodial Rape (Section 376(2)) - By Persons in Control or Dominance over women (Sec.376(2) (k),,0,NCRB CII 2017 Table 3A.11 (Table-3A.11_1.xlsx)
2017,Chandigarh,Other Than Custodial Rape (Section 376(2)) - By Persons in Control or Dominance over women (Sec.376(2) (k),,0,NCRB CII 2017 Table 3A.11 (Table-3A.11_1.xlsx)
2017,Dadra & Nagar Haveli and Daman & Diu,Other Than Custodial Rape (Section 376(2)) - By Persons in Control or Dominance over women (Sec.376(2) (k),,0,NCRB CII 2017 Table 3A.11 (Table-3A.11_1.xlsx)
2017,Delhi,Other Than Custodial Rape (Section 376(2)) - By Persons in Control or Dominance over women (Sec.376(2) (k),,0,NCRB CII 2017 Table 3A.11 (Table-3A.11_1.xlsx)
2017,Lakshadweep,Other Than Custodial Rape (Section 376(2)) - By Persons in Control or Dominance over women (Sec.376(2) (k),,0,NCRB CII 2017 Table 3A.11 (Table-3A.11_1.xlsx)
2017,Puducherry,Other Than Custodial Rape (Section 376(2)) - By Persons in Control or Dominance over women (Sec.376(2) (k),,0,NCRB CII 2017 Table 3A.11 (Table-3A.11_1.xlsx)
2017,All India,Other Than Custodial Rape (Section 376(2)) - By Persons in Control or Dominance over women (Sec.376(2) (k),,216,NCRB CII 2017 Table 3A.11 (Table-3A.11_1.xlsx)
2017,Andhra Pradesh,Other Than Custodial Rape (Section 376(2)) - On Women with Mental or Physical disability (Sec.376(2)(l),,9,NCRB CII 2017 Table 3A.11 (Table-3A.11_1.xlsx)
2017,Arunachal Pradesh,Other Than Custodial Rape (Section 376(2)) - On Women with Mental or Physical disability (Sec.376(2)(l),,1,NCRB CII 2017 Table 3A.11 (Table-3A.11_1.xlsx)
2017,Assam,Other Than Custodial Rape (Section 376(2)) - On Women with Mental or Physical disability (Sec.376(2)(l),,0,NCRB CII 2017 Table 3A.11 (Table-3A.11_1.xlsx)
2017,Bihar,Other Than Custodial Rape (Section 376(2)) - On Women with Mental or Physical disability (Sec.376(2)(l),,0,NCRB CII 2017 Table 3A.11 (Table-3A.11_1.xlsx)
2017,Chhattisgarh,Other Than Custodial Rape (Section 376(2)) - On Women with Mental or Physical disability (Sec.376(2)(l),,1,NCRB CII 2017 Table 3A.11 (Table-3A.11_1.xlsx)
2017,Goa,Other Than Custodial Rape (Section 376(2)) - On Women with Mental or Physical disability (Sec.376(2)(l),,0,NCRB CII 2017 Table 3A.11 (Table-3A.11_1.xlsx)
2017,Gujarat,Other Than Custodial Rape (Section 376(2)) - On Women with Mental or Physical disability (Sec.376(2)(l),,0,NCRB CII 2017 Table 3A.11 (Table-3A.11_1.xlsx)
2017,Haryana,Other Than Custodial Rape (Section 376(2)) - On Women with Mental or Physical disability (Sec.376(2)(l),,7,NCRB CII 2017 Table 3A.11 (Table-3A.11_1.xlsx)
2017,Himachal Pradesh,Other Than Custodial Rape (Section 376(2)) - On Women with Mental or Physical disability (Sec.376(2)(l),,2,NCRB CII 2017 Table 3A.11 (Table-3A.11_1.xlsx)
2017,Jammu & Kashmir,Other Than Custodial Rape (Section 376(2)) - On Women with Mental or Physical disability (Sec.376(2)(l),,0,NCRB CII 2017 Table 3A.11 (Table-3A.11_1.xlsx)
2017,Jharkhand,Other Than Custodial Rape (Section 376(2)) - On Women with Mental or Physical disability (Sec.376(2)(l),,0,NCRB CII 2017 Table 3A.11 (Table-3A.11_1.xlsx)
2017,Karnataka,Other Than Custodial Rape (Section 376(2)) - On Women with Mental or Physical disability (Sec.376(2)(l),,0,NCRB CII 2017 Table 3A.11 (Table-3A.11_1.xlsx)
2017,Kerala,Other Than Custodial Rape (Section 376(2)) - On Women with Mental or Physical disability (Sec.376(2)(l),,7,NCRB CII 2017 Table 3A.11 (Table-3A.11_1.xlsx)
2017,Madhya Pradesh,Other Than Custodial Rape (Section 376(2)) - On Women with Mental or Physical disability (Sec.376(2)(l),,14,NCRB CII 2017 Table 3A.11 (Table-3A.11_1.xlsx)
2017,Maharashtra,Other Than Custodial Rape (Section 376(2)) - On Women with Mental or Physical disability (Sec.376(2)(l),,26,NCRB CII 2017 Table 3A.11 (Table-3A.11_1.xlsx)
2017,Manipur,Other Than Custodial Rape (Section 376(2)) - On Women with Mental or Physical disability (Sec.376(2)(l),,0,NCRB CII 2017 Table 3A.11 (Table-3A.11_1.xlsx)
2017,Meghalaya,Other Than Custodial Rape (Section 376(2)) - On Women with Mental or Physical disability (Sec.376(2)(l),,3,NCRB CII 2017 Table 3A.11 (Table-3A.11_1.xlsx)
2017,Mizoram,Other Than Custodial Rape (Section 376(2)) - On Women with Mental or Physical disability (Sec.376(2)(l),,4,NCRB CII 2017 Table 3A.11 (Table-3A.11_1.xlsx)
2017,Nagaland,Other Than Custodial Rape (Section 376(2)) - On Women with Mental or Physical disability (Sec.376(2)(l),,0,NCRB CII 2017 Table 3A.11 (Table-3A.11_1.xlsx)
2017,Odisha,Other Than Custodial Rape (Section 376(2)) - On Women with Mental or Physical disability (Sec.376(2)(l),,1,NCRB CII 2017 Table 3A.11 (Table-3A.11_1.xlsx)
2017,Punjab,Other Than Custodial Rape (Section 376(2)) - On Women with Mental or Physical disability (Sec.376(2)(l),,0,NCRB CII 2017 Table 3A.11 (Table-3A.11_1.xlsx)
2017,Rajasthan,Other Than Custodial Rape (Section 376(2)) - On Women with Mental or Physical disability (Sec.376(2)(l),,1,NCRB CII 2017 Table 3A.11 (Table-3A.11_1.xlsx)
2017,Sikkim,Other Than Custodial Rape (Section 376(2)) - On Women with Mental or Physical disability (Sec.376(2)(l),,0,NCRB CII 2017 Table 3A.11 (Table-3A.11_1.xlsx)
2017,Tamil Nadu,Other Than Custodial Rape (Section 376(2)) - On Women with Mental or Physical disability (Sec.376(2)(l),,1,NCRB CII 2017 Table 3A.11 (Table-3A.11_1.xlsx)
2017,Telangana,Other Than Custodial Rape (Section 376(2)) - On Women with Mental or Physical disability (Sec.376(2)(l),,2,NCRB CII 2017 Table 3A.11 (Table-3A.11_1.xlsx)
2017,Tripura,Other Than Custodial Rape (Section 376(2)) - On Women with Mental or Physical disability (Sec.376(2)(l),,1,NCRB CII 2017 Table 3A.11 (Table-3A.11_1.xlsx)
2017,Uttar Pradesh,Other Than Custodial Rape (Section 376(2)) - On Women with Mental or Physical disability (Sec.376(2)(l),,0,NCRB CII 2017 Table 3A.11 (Table-3A.11_1.xlsx)
2017,Uttarakhand,Other Than Custodial Rape (Section 376(2)) - On Women with Mental or Physical disability (Sec.376(2)(l),,0,NCRB CII 2017 Table 3A.11 (Table-3A.11_1.xlsx)
2017,West Bengal,Other Than Custodial Rape (Section 376(2)) - On Women with Mental or Physical disability (Sec.376(2)(l),,8,NCRB CII 2017 Table 3A.11 (Table-3A.11_1.xlsx)
2017,Andaman & Nicobar Islands,Other Than Custodial Rape (Section 376(2)) - On Women with Mental or Physical disability (Sec.376(2)(l),,0,NCRB CII 2017 Table 3A.11 (Table-3A.11_1.xlsx)
2017,Chandigarh,Other Than Custodial Rape (Section 376(2)) - On Women with Mental or Physical disability (Sec.376(2)(l),,0,NCRB CII 2017 Table 3A.11 (Table-3A.11_1.xlsx)
2017,Dadra & Nagar Haveli and Daman & Diu,Other Than Custodial Rape (Section 376(2)) - On Women with Mental or Physical disability (Sec.376(2)(l),,0,NCRB CII 2017 Table 3A.11 (Table-3A.11_1.xlsx)
2017,Delhi,Other Than Custodial Rape (Section 376(2)) - On Women with Mental or Physical disability (Sec.376(2)(l),,0,NCRB CII 2017 Table 3A.11 (Table-3A.11_1.xlsx)
2017,Lakshadweep,Other Than Custodial Rape (Section 376(2)) - On Women with Mental or Physical disability (Sec.376(2)(l),,0,NCRB CII 2017 Table 3A.11 (Table-3A.11_1.xlsx)
2017,Puducherry,Other Than Custodial Rape (Section 376(2)) - On Women with Mental or Physical disability (Sec.376(2)(l),,0,NCRB CII 2017 Table 3A.11 (Table-3A.11_1.xlsx)
2017,All India,Other Than Custodial Rape (Section 376(2)) - On Women with Mental or Physical disability (Sec.376(2)(l),,88,NCRB CII 2017 Table 3A.11 (Table-3A.11_1.xlsx)
2017,Andhra Pradesh,Other Than Custodial Rape (Section 376(2)) - Endanger life of Women after Rape (Sec.376(2)(m),,0,NCRB CII 2017 Table 3A.11 (Table-3A.11_1.xlsx)
2017,Arunachal Pradesh,Other Than Custodial Rape (Section 376(2)) - Endanger life of Women after Rape (Sec.376(2)(m),,0,NCRB CII 2017 Table 3A.11 (Table-3A.11_1.xlsx)
2017,Assam,Other Than Custodial Rape (Section 376(2)) - Endanger life of Women after Rape (Sec.376(2)(m),,0,NCRB CII 2017 Table 3A.11 (Table-3A.11_1.xlsx)
2017,Bihar,Other Than Custodial Rape (Section 376(2)) - Endanger life of Women after Rape (Sec.376(2)(m),,0,NCRB CII 2017 Table 3A.11 (Table-3A.11_1.xlsx)
2017,Chhattisgarh,Other Than Custodial Rape (Section 376(2)) - Endanger life of Women after Rape (Sec.376(2)(m),,0,NCRB CII 2017 Table 3A.11 (Table-3A.11_1.xlsx)
2017,Goa,Other Than Custodial Rape (Section 376(2)) - Endanger life of Women after Rape (Sec.376(2)(m),,0,NCRB CII 2017 Table 3A.11 (Table-3A.11_1.xlsx)
2017,Gujarat,Other Than Custodial Rape (Section 376(2)) - Endanger life of Women after Rape (Sec.376(2)(m),,0,NCRB CII 2017 Table 3A.11 (Table-3A.11_1.xlsx)
2017,Haryana,Other Than Custodial Rape (Section 376(2)) - Endanger life of Women after Rape (Sec.376(2)(m),,0,NCRB CII 2017 Table 3A.11 (Table-3A.11_1.xlsx)
2017,Himachal Pradesh,Other Than Custodial Rape (Section 376(2)) - Endanger life of Women after Rape (Sec.376(2)(m),,0,NCRB CII 2017 Table 3A.11 (Table-3A.11_1.xlsx)
2017,Jammu & Kashmir,Other Than Custodial Rape (Section 376(2)) - Endanger life of Women after Rape (Sec.376(2)(m),,0,NCRB CII 2017 Table 3A.11 (Table-3A.11_1.xlsx)
2017,Jharkhand,Other Than Custodial Rape (Section 376(2)) - Endanger life of Women after Rape (Sec.376(2)(m),,0,NCRB CII 2017 Table 3A.11 (Table-3A.11_1.xlsx)
2017,Karnataka,Other Than Custodial Rape (Section 376(2)) - Endanger life of Women after Rape (Sec.376(2)(m),,0,NCRB CII 2017 Table 3A.11 (Table-3A.11_1.xlsx)
2017,Kerala,Other Than Custodial Rape (Section 376(2)) - Endanger life of Women after Rape (Sec.376(2)(m),,0,NCRB CII 2017 Table 3A.11 (Table-3A.11_1.xlsx)
2017,Madhya Pradesh,Other Than Custodial Rape (Section 376(2)) - Endanger life of Women after Rape (Sec.376(2)(m),,85,NCRB CII 2017 Table 3A.11 (Table-3A.11_1.xlsx)
2017,Maharashtra,Other Than Custodial Rape (Section 376(2)) - Endanger life of Women after Rape (Sec.376(2)(m),,1,NCRB CII 2017 Table 3A.11 (Table-3A.11_1.xlsx)
2017,Manipur,Other Than Custodial Rape (Section 376(2)) - Endanger life of Women after Rape (Sec.376(2)(m),,0,NCRB CII 2017 Table 3A.11 (Table-3A.11_1.xlsx)
2017,Meghalaya,Other Than Custodial Rape (Section 376(2)) - Endanger life of Women after Rape (Sec.376(2)(m),,7,NCRB CII 2017 Table 3A.11 (Table-3A.11_1.xlsx)
2017,Mizoram,Other Than Custodial Rape (Section 376(2)) - Endanger life of Women after Rape (Sec.376(2)(m),,1,NCRB CII 2017 Table 3A.11 (Table-3A.11_1.xlsx)
2017,Nagaland,Other Than Custodial Rape (Section 376(2)) - Endanger life of Women after Rape (Sec.376(2)(m),,0,NCRB CII 2017 Table 3A.11 (Table-3A.11_1.xlsx)
2017,Odisha,Other Than Custodial Rape (Section 376(2)) - Endanger life of Women after Rape (Sec.376(2)(m),,0,NCRB CII 2017 Table 3A.11 (Table-3A.11_1.xlsx)
2017,Punjab,Other Than Custodial Rape (Section 376(2)) - Endanger life of Women after Rape (Sec.376(2)(m),,0,NCRB CII 2017 Table 3A.11 (Table-3A.11_1.xlsx)
2017,Rajasthan,Other Than Custodial Rape (Section 376(2)) - Endanger life of Women after Rape (Sec.376(2)(m),,7,NCRB CII 2017 Table 3A.11 (Table-3A.11_1.xlsx)
2017,Sikkim,Other Than Custodial Rape (Section 376(2)) - Endanger life of Women after Rape (Sec.376(2)(m),,0,NCRB CII 2017 Table 3A.11 (Table-3A.11_1.xlsx)
2017,Tamil Nadu,Other Than Custodial Rape (Section 376(2)) - Endanger life of Women after Rape (Sec.376(2)(m),,0,NCRB CII 2017 Table 3A.11 (Table-3A.11_1.xlsx)
2017,Telangana,Other Than Custodial Rape (Section 376(2)) - Endanger life of Women after Rape (Sec.376(2)(m),,0,NCRB CII 2017 Table 3A.11 (Table-3A.11_1.xlsx)
2017,Tripura,Other Than Custodial Rape (Section 376(2)) - Endanger life of Women after Rape (Sec.376(2)(m),,0,NCRB CII 2017 Table 3A.11 (Table-3A.11_1.xlsx)
2017,Uttar Pradesh,Other Than Custodial Rape (Section 376(2)) - Endanger life of Women after Rape (Sec.376(2)(m),,0,NCRB CII 2017 Table 3A.11 (Table-3A.11_1.xlsx)
2017,Uttarakhand,Other Than Custodial Rape (Section 376(2)) - Endanger life of Women after Rape (Sec.376(2)(m),,0,NCRB CII 2017 Table 3A.11 (Table-3A.11_1.xlsx)
2017,West Bengal,Other Than Custodial Rape (Section 376(2)) - Endanger life of Women after Rape (Sec.376(2)(m),,1,NCRB CII 2017 Table 3A.11 (Table-3A.11_1.xlsx)
2017,Andaman & Nicobar Islands,Other Than Custodial Rape (Section 376(2)) - Endanger life of Women after Rape (Sec.376(2)(m),,0,NCRB CII 2017 Table 3A.11 (Table-3A.11_1.xlsx)
2017,Chandigarh,Other Than Custodial Rape (Section 376(2)) - Endanger life of Women after Rape (Sec.376(2)(m),,0,NCRB CII 2017 Table 3A.11 (Table-3A.11_1.xlsx)
2017,Dadra & Nagar Haveli and Daman & Diu,Other Than Custodial Rape (Section 376(2)) - Endanger life of Women after Rape (Sec.376(2)(m),,0,NCRB CII 2017 Table 3A.11 (Table-3A.11_1.xlsx)
2017,Delhi,Other Than Custodial Rape (Section 376(2)) - Endanger life of Women after Rape (Sec.376(2)(m),,0,NCRB CII 2017 Table 3A.11 (Table-3A.11_1.xlsx)
2017,Lakshadweep,Other Than Custodial Rape (Section 376(2)) - Endanger life of Women after Rape (Sec.376(2)(m),,0,NCRB CII 2017 Table 3A.11 (Table-3A.11_1.xlsx)
2017,Puducherry,Other Than Custodial Rape (Section 376(2)) - Endanger life of Women after Rape (Sec.376(2)(m),,0,NCRB CII 2017 Table 3A.11 (Table-3A.11_1.xlsx)
2017,All India,Other Than Custodial Rape (Section 376(2)) - Endanger life of Women after Rape (Sec.376(2)(m),,102,NCRB CII 2017 Table 3A.11 (Table-3A.11_1.xlsx)
2017,Andhra Pradesh,Other Than Custodial Rape (Section 376(2)) - Repeated Rape on same women (Sec.376(2)(n),,89,NCRB CII 2017 Table 3A.11 (Table-3A.11_1.xlsx)
2017,Arunachal Pradesh,Other Than Custodial Rape (Section 376(2)) - Repeated Rape on same women (Sec.376(2)(n),,2,NCRB CII 2017 Table 3A.11 (Table-3A.11_1.xlsx)
2017,Assam,Other Than Custodial Rape (Section 376(2)) - Repeated Rape on same women (Sec.376(2)(n),,0,NCRB CII 2017 Table 3A.11 (Table-3A.11_1.xlsx)
2017,Bihar,Other Than Custodial Rape (Section 376(2)) - Repeated Rape on same women (Sec.376(2)(n),,0,NCRB CII 2017 Table 3A.11 (Table-3A.11_1.xlsx)
2017,Chhattisgarh,Other Than Custodial Rape (Section 376(2)) - Repeated Rape on same women (Sec.376(2)(n),,22,NCRB CII 2017 Table 3A.11 (Table-3A.11_1.xlsx)
2017,Goa,Other Than Custodial Rape (Section 376(2)) - Repeated Rape on same women (Sec.376(2)(n),,0,NCRB CII 2017 Table 3A.11 (Table-3A.11_1.xlsx)
2017,Gujarat,Other Than Custodial Rape (Section 376(2)) - Repeated Rape on same women (Sec.376(2)(n),,3,NCRB CII 2017 Table 3A.11 (Table-3A.11_1.xlsx)
2017,Haryana,Other Than Custodial Rape (Section 376(2)) - Repeated Rape on same women (Sec.376(2)(n),,90,NCRB CII 2017 Table 3A.11 (Table-3A.11_1.xlsx)
2017,Himachal Pradesh,Other Than Custodial Rape (Section 376(2)) - Repeated Rape on same women (Sec.376(2)(n),,0,NCRB CII 2017 Table 3A.11 (Table-3A.11_1.xlsx)
2017,Jammu & Kashmir,Other Than Custodial Rape (Section 376(2)) - Repeated Rape on same women (Sec.376(2)(n),,0,NCRB CII 2017 Table 3A.11 (Table-3A.11_1.xlsx)
2017,Jharkhand,Other Than Custodial Rape (Section 376(2)) - Repeated Rape on same women (Sec.376(2)(n),,24,NCRB CII 2017 Table 3A.11 (Table-3A.11_1.xlsx)
2017,Karnataka,Other Than Custodial Rape (Section 376(2)) - Repeated Rape on same women (Sec.376(2)(n),,13,NCRB CII 2017 Table 3A.11 (Table-3A.11_1.xlsx)
2017,Kerala,Other Than Custodial Rape (Section 376(2)) - Repeated Rape on same women (Sec.376(2)(n),,112,NCRB CII 2017 Table 3A.11 (Table-3A.11_1.xlsx)
2017,Madhya Pradesh,Other Than Custodial Rape (Section 376(2)) - Repeated Rape on same women (Sec.376(2)(n),,975,NCRB CII 2017 Table 3A.11 (Table-3A.11_1.xlsx)
2017,Maharashtra,Other Than Custodial Rape (Section 376(2)) - Repeated Rape on same women (Sec.376(2)(n),,162,NCRB CII 2017 Table 3A.11 (Table-3A.11_1.xlsx)
2017,Manipur,Other Than Custodial Rape (Section 376(2)) - Repeated Rape on same women (Sec.376(2)(n),,0,NCRB CII 2017 Table 3A.11 (Table-3A.11_1.xlsx)
2017,Meghalaya,Other Than Custodial Rape (Section 376(2)) - Repeated Rape on same women (Sec.376(2)(n),,0,NCRB CII 2017 Table 3A.11 (Table-3A.11_1.xlsx)
2017,Mizoram,Other Than Custodial Rape (Section 376(2)) - Repeated Rape on same women (Sec.376(2)(n),,0,NCRB CII 2017 Table 3A.11 (Table-3A.11_1.xlsx)
2017,Nagaland,Other Than Custodial Rape (Section 376(2)) - Repeated Rape on same women (Sec.376(2)(n),,0,NCRB CII 2017 Table 3A.11 (Table-3A.11_1.xlsx)
2017,Odisha,Other Than Custodial Rape (Section 376(2)) - Repeated Rape on same women (Sec.376(2)(n),,24,NCRB CII 2017 Table 3A.11 (Table-3A.11_1.xlsx)
2017,Punjab,Other Than Custodial Rape (Section 376(2)) - Repeated Rape on same women (Sec.376(2)(n),,1,NCRB CII 2017 Table 3A.11 (Table-3A.11_1.xlsx)
2017,Rajasthan,Other Than Custodial Rape (Section 376(2)) - Repeated Rape on same women (Sec.376(2)(n),,56,NCRB CII 2017 Table 3A.11 (Table-3A.11_1.xlsx)
2017,Sikkim,Other Than Custodial Rape (Section 376(2)) - Repeated Rape on same women (Sec.376(2)(n),,0,NCRB CII 2017 Table 3A.11 (Table-3A.11_1.xlsx)
2017,Tamil Nadu,Other Than Custodial Rape (Section 376(2)) - Repeated Rape on same women (Sec.376(2)(n),,0,NCRB CII 2017 Table 3A.11 (Table-3A.11_1.xlsx)
2017,Telangana,Other Than Custodial Rape (Section 376(2)) - Repeated Rape on same women (Sec.376(2)(n),,42,NCRB CII 2017 Table 3A.11 (Table-3A.11_1.xlsx)
2017,Tripura,Other Than Custodial Rape (Section 376(2)) - Repeated Rape on same women (Sec.376(2)(n),,2,NCRB CII 2017 Table 3A.11 (Table-3A.11_1.xlsx)
2017,Uttar Pradesh,Other Than Custodial Rape (Section 376(2)) - Repeated Rape on same women (Sec.376(2)(n),,0,NCRB CII 2017 Table 3A.11 (Table-3A.11_1.xlsx)
2017,Uttarakhand,Other Than Custodial Rape (Section 376(2)) - Repeated Rape on same women (Sec.376(2)(n),,0,NCRB CII 2017 Table 3A.11 (Table-3A.11_1.xlsx)
2017,West Bengal,Other Than Custodial Rape (Section 376(2)) - Repeated Rape on same women (Sec.376(2)(n),,17,NCRB CII 2017 Table 3A.11 (Table-3A.11_1.xlsx)
2017,Andaman & Nicobar Islands,Other Than Custodial Rape (Section 376(2)) - Repeated Rape on same women (Sec.376(2)(n),,0,NCRB CII 2017 Table 3A.11 (Table-3A.11_1.xlsx)
2017,Chandigarh,Other Than Custodial Rape (Section 376(2)) - Repeated Rape on same women (Sec.376(2)(n),,2,NCRB CII 2017 Table 3A.11 (Table-3A.11_1.xlsx)
2017,Dadra & Nagar Haveli and Daman & Diu,Other Than Custodial Rape (Section 376(2)) - Repeated Rape on same women (Sec.376(2)(n),,0,NCRB CII 2017 Table 3A.11 (Table-3A.11_1.xlsx)
2017,Delhi,Other Than Custodial Rape (Section 376(2)) - Repeated Rape on same women (Sec.376(2)(n),,16,NCRB CII 2017 Table 3A.11 (Table-3A.11_1.xlsx)
2017,Lakshadweep,Other Than Custodial Rape (Section 376(2)) - Repeated Rape on same women (Sec.376(2)(n),,0,NCRB CII 2017 Table 3A.11 (Table-3A.11_1.xlsx)
2017,Puducherry,Other Than Custodial Rape (Section 376(2)) - Repeated Rape on same women (Sec.376(2)(n),,0,NCRB CII 2017 Table 3A.11 (Table-3A.11_1.xlsx)
2017,All India,Other Than Custodial Rape (Section 376(2)) - Repeated Rape on same women (Sec.376(2)(n),,1652,NCRB CII 2017 Table 3A.11 (Table-3A.11_1.xlsx)
2017,Andhra Pradesh,Other Than Custodial Rape (Section 376(2)) - Other Custodial Rapes,,1,NCRB CII 2017 Table 3A.11 (Table-3A.11_1.xlsx)
2017,Arunachal Pradesh,Other Than Custodial Rape (Section 376(2)) - Other Custodial Rapes,,0,NCRB CII 2017 Table 3A.11 (Table-3A.11_1.xlsx)
2017,Assam,Other Than Custodial Rape (Section 376(2)) - Other Custodial Rapes,,0,NCRB CII 2017 Table 3A.11 (Table-3A.11_1.xlsx)
2017,Bihar,Other Than Custodial Rape (Section 376(2)) - Other Custodial Rapes,,0,NCRB CII 2017 Table 3A.11 (Table-3A.11_1.xlsx)
2017,Chhattisgarh,Other Than Custodial Rape (Section 376(2)) - Other Custodial Rapes,,4,NCRB CII 2017 Table 3A.11 (Table-3A.11_1.xlsx)
2017,Goa,Other Than Custodial Rape (Section 376(2)) - Other Custodial Rapes,,0,NCRB CII 2017 Table 3A.11 (Table-3A.11_1.xlsx)
2017,Gujarat,Other Than Custodial Rape (Section 376(2)) - Other Custodial Rapes,,0,NCRB CII 2017 Table 3A.11 (Table-3A.11_1.xlsx)
2017,Haryana,Other Than Custodial Rape (Section 376(2)) - Other Custodial Rapes,,0,NCRB CII 2017 Table 3A.11 (Table-3A.11_1.xlsx)
2017,Himachal Pradesh,Other Than Custodial Rape (Section 376(2)) - Other Custodial Rapes,,0,NCRB CII 2017 Table 3A.11 (Table-3A.11_1.xlsx)
2017,Jammu & Kashmir,Other Than Custodial Rape (Section 376(2)) - Other Custodial Rapes,,0,NCRB CII 2017 Table 3A.11 (Table-3A.11_1.xlsx)
2017,Jharkhand,Other Than Custodial Rape (Section 376(2)) - Other Custodial Rapes,,0,NCRB CII 2017 Table 3A.11 (Table-3A.11_1.xlsx)
2017,Karnataka,Other Than Custodial Rape (Section 376(2)) - Other Custodial Rapes,,0,NCRB CII 2017 Table 3A.11 (Table-3A.11_1.xlsx)
2017,Kerala,Other Than Custodial Rape (Section 376(2)) - Other Custodial Rapes,,0,NCRB CII 2017 Table 3A.11 (Table-3A.11_1.xlsx)
2017,Madhya Pradesh,Other Than Custodial Rape (Section 376(2)) - Other Custodial Rapes,,19,NCRB CII 2017 Table 3A.11 (Table-3A.11_1.xlsx)
2017,Maharashtra,Other Than Custodial Rape (Section 376(2)) - Other Custodial Rapes,,0,NCRB CII 2017 Table 3A.11 (Table-3A.11_1.xlsx)
2017,Manipur,Other Than Custodial Rape (Section 376(2)) - Other Custodial Rapes,,0,NCRB CII 2017 Table 3A.11 (Table-3A.11_1.xlsx)
2017,Meghalaya,Other Than Custodial Rape (Section 376(2)) - Other Custodial Rapes,,0,NCRB CII 2017 Table 3A.11 (Table-3A.11_1.xlsx)
2017,Mizoram,Other Than Custodial Rape (Section 376(2)) - Other Custodial Rapes,,0,NCRB CII 2017 Table 3A.11 (Table-3A.11_1.xlsx)
2017,Nagaland,Other Than Custodial Rape (Section 376(2)) - Other Custodial Rapes,,0,NCRB CII 2017 Table 3A.11 (Table-3A.11_1.xlsx)
2017,Odisha,Other Than Custodial Rape (Section 376(2)) - Other Custodial Rapes,,0,NCRB CII 2017 Table 3A.11 (Table-3A.11_1.xlsx)
2017,Punjab,Other Than Custodial Rape (Section 376(2)) - Other Custodial Rapes,,0,NCRB CII 2017 Table 3A.11 (Table-3A.11_1.xlsx)
2017,Rajasthan,Other Than Custodial Rape (Section 376(2)) - Other Custodial Rapes,,0,NCRB CII 2017 Table 3A.11 (Table-3A.11_1.xlsx)
2017,Sikkim,Other Than Custodial Rape (Section 376(2)) - Other Custodial Rapes,,0,NCRB CII 2017 Table 3A.11 (Table-3A.11_1.xlsx)
2017,Tamil Nadu,Other Than Custodial Rape (Section 376(2)) - Other Custodial Rapes,,0,NCRB CII 2017 Table 3A.11 (Table-3A.11_1.xlsx)
2017,Telangana,Other Than Custodial Rape (Section 376(2)) - Other Custodial Rapes,,3,NCRB CII 2017 Table 3A.11 (Table-3A.11_1.xlsx)
2017,Tripura,Other Than Custodial Rape (Section 376(2)) - Other Custodial Rapes,,0,NCRB CII 2017 Table 3A.11 (Table-3A.11_1.xlsx)
2017,Uttar Pradesh,Other Than Custodial Rape (Section 376(2)) - Other Custodial Rapes,,0,NCRB CII 2017 Table 3A.11 (Table-3A.11_1.xlsx)
2017,Uttarakhand,Other Than Custodial Rape (Section 376(2)) - Other Custodial Rapes,,0,NCRB CII 2017 Table 3A.11 (Table-3A.11_1.xlsx)
2017,West Bengal,Other Than Custodial Rape (Section 376(2)) - Other Custodial Rapes,,0,NCRB CII 2017 Table 3A.11 (Table-3A.11_1.xlsx)
2017,Andaman & Nicobar Islands,Other Than Custodial Rape (Section 376(2)) - Other Custodial Rapes,,0,NCRB CII 2017 Table 3A.11 (Table-3A.11_1.xlsx)
2017,Chandigarh,Other Than Custodial Rape (Section 376(2)) - Other Custodial Rapes,,0,NCRB CII 2017 Table 3A.11 (Table-3A.11_1.xlsx)
2017,Dadra & Nagar Haveli and Daman & Diu,Other Than Custodial Rape (Section 376(2)) - Other Custodial Rapes,,0,NCRB CII 2017 Table 3A.11 (Table-3A.11_1.xlsx)
2017,Delhi,Other Than Custodial Rape (Section 376(2)) - Other Custodial Rapes,,0,NCRB CII 2017 Table 3A.11 (Table-3A.11_1.xlsx)
2017,Lakshadweep,Other Than Custodial Rape (Section 376(2)) - Other Custodial Rapes,,0,NCRB CII 2017 Table 3A.11 (Table-3A.11_1.xlsx)
2017,Puducherry,Other Than Custodial Rape (Section 376(2)) - Other Custodial Rapes,,0,NCRB CII 2017 Table 3A.11 (Table-3A.11_1.xlsx)
2017,All India,Other Than Custodial Rape (Section 376(2)) - Other Custodial Rapes,,27,NCRB CII 2017 Table 3A.11 (Table-3A.11_1.xlsx)
2017,Andhra Pradesh,Punishment for causing Death (Sec.376(A)),,0,NCRB CII 2017 Table 3A.11 (Table-3A.11_1.xlsx)
2017,Arunachal Pradesh,Punishment for causing Death (Sec.376(A)),,0,NCRB CII 2017 Table 3A.11 (Table-3A.11_1.xlsx)
2017,Assam,Punishment for causing Death (Sec.376(A)),,0,NCRB CII 2017 Table 3A.11 (Table-3A.11_1.xlsx)
2017,Bihar,Punishment for causing Death (Sec.376(A)),,0,NCRB CII 2017 Table 3A.11 (Table-3A.11_1.xlsx)
2017,Chhattisgarh,Punishment for causing Death (Sec.376(A)),,0,NCRB CII 2017 Table 3A.11 (Table-3A.11_1.xlsx)
2017,Goa,Punishment for causing Death (Sec.376(A)),,0,NCRB CII 2017 Table 3A.11 (Table-3A.11_1.xlsx)
2017,Gujarat,Punishment for causing Death (Sec.376(A)),,1,NCRB CII 2017 Table 3A.11 (Table-3A.11_1.xlsx)
2017,Haryana,Punishment for causing Death (Sec.376(A)),,4,NCRB CII 2017 Table 3A.11 (Table-3A.11_1.xlsx)
2017,Himachal Pradesh,Punishment for causing Death (Sec.376(A)),,0,NCRB CII 2017 Table 3A.11 (Table-3A.11_1.xlsx)
2017,Jammu & Kashmir,Punishment for causing Death (Sec.376(A)),,0,NCRB CII 2017 Table 3A.11 (Table-3A.11_1.xlsx)
2017,Jharkhand,Punishment for causing Death (Sec.376(A)),,0,NCRB CII 2017 Table 3A.11 (Table-3A.11_1.xlsx)
2017,Karnataka,Punishment for causing Death (Sec.376(A)),,0,NCRB CII 2017 Table 3A.11 (Table-3A.11_1.xlsx)
2017,Kerala,Punishment for causing Death (Sec.376(A)),,0,NCRB CII 2017 Table 3A.11 (Table-3A.11_1.xlsx)
2017,Madhya Pradesh,Punishment for causing Death (Sec.376(A)),,5,NCRB CII 2017 Table 3A.11 (Table-3A.11_1.xlsx)
2017,Maharashtra,Punishment for causing Death (Sec.376(A)),,3,NCRB CII 2017 Table 3A.11 (Table-3A.11_1.xlsx)
2017,Manipur,Punishment for causing Death (Sec.376(A)),,0,NCRB CII 2017 Table 3A.11 (Table-3A.11_1.xlsx)
2017,Meghalaya,Punishment for causing Death (Sec.376(A)),,1,NCRB CII 2017 Table 3A.11 (Table-3A.11_1.xlsx)
2017,Mizoram,Punishment for causing Death (Sec.376(A)),,0,NCRB CII 2017 Table 3A.11 (Table-3A.11_1.xlsx)
2017,Nagaland,Punishment for causing Death (Sec.376(A)),,0,NCRB CII 2017 Table 3A.11 (Table-3A.11_1.xlsx)
2017,Odisha,Punishment for causing Death (Sec.376(A)),,0,NCRB CII 2017 Table 3A.11 (Table-3A.11_1.xlsx)
2017,Punjab,Punishment for causing Death (Sec.376(A)),,1,NCRB CII 2017 Table 3A.11 (Table-3A.11_1.xlsx)
2017,Rajasthan,Punishment for causing Death (Sec.376(A)),,1,NCRB CII 2017 Table 3A.11 (Table-3A.11_1.xlsx)
2017,Sikkim,Punishment for causing Death (Sec.376(A)),,0,NCRB CII 2017 Table 3A.11 (Table-3A.11_1.xlsx)
2017,Tamil Nadu,Punishment for causing Death (Sec.376(A)),,0,NCRB CII 2017 Table 3A.11 (Table-3A.11_1.xlsx)
2017,Telangana,Punishment for causing Death (Sec.376(A)),,0,NCRB CII 2017 Table 3A.11 (Table-3A.11_1.xlsx)
2017,Tripura,Punishment for causing Death (Sec.376(A)),,0,NCRB CII 2017 Table 3A.11 (Table-3A.11_1.xlsx)
2017,Uttar Pradesh,Punishment for causing Death (Sec.376(A)),,1,NCRB CII 2017 Table 3A.11 (Table-3A.11_1.xlsx)
2017,Uttarakhand,Punishment for causing Death (Sec.376(A)),,0,NCRB CII 2017 Table 3A.11 (Table-3A.11_1.xlsx)
2017,West Bengal,Punishment for causing Death (Sec.376(A)),,0,NCRB CII 2017 Table 3A.11 (Table-3A.11_1.xlsx)
2017,Andaman & Nicobar Islands,Punishment for causing Death (Sec.376(A)),,0,NCRB CII 2017 Table 3A.11 (Table-3A.11_1.xlsx)
2017,Chandigarh,Punishment for causing Death (Sec.376(A)),,0,NCRB CII 2017 Table 3A.11 (Table-3A.11_1.xlsx)
2017,Dadra & Nagar Haveli and Daman & Diu,Punishment for causing Death (Sec.376(A)),,0,NCRB CII 2017 Table 3A.11 (Table-3A.11_1.xlsx)
2017,Delhi,Punishment for causing Death (Sec.376(A)),,0,NCRB CII 2017 Table 3A.11 (Table-3A.11_1.xlsx)
2017,Lakshadweep,Punishment for causing Death (Sec.376(A)),,0,NCRB CII 2017 Table 3A.11 (Table-3A.11_1.xlsx)
2017,Puducherry,Punishment for causing Death (Sec.376(A)),,0,NCRB CII 2017 Table 3A.11 (Table-3A.11_1.xlsx)
2017,All India,Punishment for causing Death (Sec.376(A)),,17,NCRB CII 2017 Table 3A.11 (Table-3A.11_1.xlsx)
2017,Andhra Pradesh,By Separated husband (Sec.376 (B)),,0,NCRB CII 2017 Table 3A.11 (Table-3A.11_1.xlsx)
2017,Arunachal Pradesh,By Separated husband (Sec.376 (B)),,0,NCRB CII 2017 Table 3A.11 (Table-3A.11_1.xlsx)
2017,Assam,By Separated husband (Sec.376 (B)),,1,NCRB CII 2017 Table 3A.11 (Table-3A.11_1.xlsx)
2017,Bihar,By Separated husband (Sec.376 (B)),,0,NCRB CII 2017 Table 3A.11 (Table-3A.11_1.xlsx)
2017,Chhattisgarh,By Separated husband (Sec.376 (B)),,0,NCRB CII 2017 Table 3A.11 (Table-3A.11_1.xlsx)
2017,Goa,By Separated husband (Sec.376 (B)),,0,NCRB CII 2017 Table 3A.11 (Table-3A.11_1.xlsx)
2017,Gujarat,By Separated husband (Sec.376 (B)),,0,NCRB CII 2017 Table 3A.11 (Table-3A.11_1.xlsx)
2017,Haryana,By Separated husband (Sec.376 (B)),,9,NCRB CII 2017 Table 3A.11 (Table-3A.11_1.xlsx)
2017,Himachal Pradesh,By Separated husband (Sec.376 (B)),,0,NCRB CII 2017 Table 3A.11 (Table-3A.11_1.xlsx)
2017,Jammu & Kashmir,By Separated husband (Sec.376 (B)),,0,NCRB CII 2017 Table 3A.11 (Table-3A.11_1.xlsx)
2017,Jharkhand,By Separated husband (Sec.376 (B)),,0,NCRB CII 2017 Table 3A.11 (Table-3A.11_1.xlsx)
2017,Karnataka,By Separated husband (Sec.376 (B)),,2,NCRB CII 2017 Table 3A.11 (Table-3A.11_1.xlsx)
2017,Kerala,By Separated husband (Sec.376 (B)),,1,NCRB CII 2017 Table 3A.11 (Table-3A.11_1.xlsx)
2017,Madhya Pradesh,By Separated husband (Sec.376 (B)),,11,NCRB CII 2017 Table 3A.11 (Table-3A.11_1.xlsx)
2017,Maharashtra,By Separated husband (Sec.376 (B)),,11,NCRB CII 2017 Table 3A.11 (Table-3A.11_1.xlsx)
2017,Manipur,By Separated husband (Sec.376 (B)),,0,NCRB CII 2017 Table 3A.11 (Table-3A.11_1.xlsx)
2017,Meghalaya,By Separated husband (Sec.376 (B)),,0,NCRB CII 2017 Table 3A.11 (Table-3A.11_1.xlsx)
2017,Mizoram,By Separated husband (Sec.376 (B)),,0,NCRB CII 2017 Table 3A.11 (Table-3A.11_1.xlsx)
2017,Nagaland,By Separated husband (Sec.376 (B)),,0,NCRB CII 2017 Table 3A.11 (Table-3A.11_1.xlsx)
2017,Odisha,By Separated husband (Sec.376 (B)),,2,NCRB CII 2017 Table 3A.11 (Table-3A.11_1.xlsx)
2017,Punjab,By Separated husband (Sec.376 (B)),,1,NCRB CII 2017 Table 3A.11 (Table-3A.11_1.xlsx)
2017,Rajasthan,By Separated husband (Sec.376 (B)),,0,NCRB CII 2017 Table 3A.11 (Table-3A.11_1.xlsx)
2017,Sikkim,By Separated husband (Sec.376 (B)),,0,NCRB CII 2017 Table 3A.11 (Table-3A.11_1.xlsx)
2017,Tamil Nadu,By Separated husband (Sec.376 (B)),,0,NCRB CII 2017 Table 3A.11 (Table-3A.11_1.xlsx)
2017,Telangana,By Separated husband (Sec.376 (B)),,0,NCRB CII 2017 Table 3A.11 (Table-3A.11_1.xlsx)
2017,Tripura,By Separated husband (Sec.376 (B)),,0,NCRB CII 2017 Table 3A.11 (Table-3A.11_1.xlsx)
2017,Uttar Pradesh,By Separated husband (Sec.376 (B)),,3,NCRB CII 2017 Table 3A.11 (Table-3A.11_1.xlsx)
2017,Uttarakhand,By Separated husband (Sec.376 (B)),,0,NCRB CII 2017 Table 3A.11 (Table-3A.11_1.xlsx)
2017,West Bengal,By Separated husband (Sec.376 (B)),,2,NCRB CII 2017 Table 3A.11 (Table-3A.11_1.xlsx)
2017,Andaman & Nicobar Islands,By Separated husband (Sec.376 (B)),,0,NCRB CII 2017 Table 3A.11 (Table-3A.11_1.xlsx)
2017,Chandigarh,By Separated husband (Sec.376 (B)),,0,NCRB CII 2017 Table 3A.11 (Table-3A.11_1.xlsx)
2017,Dadra & Nagar Haveli and Daman & Diu,By Separated husband (Sec.376 (B)),,0,NCRB CII 2017 Table 3A.11 (Table-3A.11_1.xlsx)
2017,Delhi,By Separated husband (Sec.376 (B)),,1,NCRB CII 2017 Table 3A.11 (Table-3A.11_1.xlsx)
2017,Lakshadweep,By Separated husband (Sec.376 (B)),,0,NCRB CII 2017 Table 3A.11 (Table-3A.11_1.xlsx)
2017,Puducherry,By Separated husband (Sec.376 (B)),,0,NCRB CII 2017 Table 3A.11 (Table-3A.11_1.xlsx)
2017,All India,By Separated husband (Sec.376 (B)),,44,NCRB CII 2017 Table 3A.11 (Table-3A.11_1.xlsx)
2017,Andhra Pradesh,By Person in Authority (Sec.376 (C)),,1,NCRB CII 2017 Table 3A.11 (Table-3A.11_1.xlsx)
2017,Arunachal Pradesh,By Person in Authority (Sec.376 (C)),,0,NCRB CII 2017 Table 3A.11 (Table-3A.11_1.xlsx)
2017,Assam,By Person in Authority (Sec.376 (C)),,0,NCRB CII 2017 Table 3A.11 (Table-3A.11_1.xlsx)
2017,Bihar,By Person in Authority (Sec.376 (C)),,0,NCRB CII 2017 Table 3A.11 (Table-3A.11_1.xlsx)
2017,Chhattisgarh,By Person in Authority (Sec.376 (C)),,0,NCRB CII 2017 Table 3A.11 (Table-3A.11_1.xlsx)
2017,Goa,By Person in Authority (Sec.376 (C)),,0,NCRB CII 2017 Table 3A.11 (Table-3A.11_1.xlsx)
2017,Gujarat,By Person in Authority (Sec.376 (C)),,0,NCRB CII 2017 Table 3A.11 (Table-3A.11_1.xlsx)
2017,Haryana,By Person in Authority (Sec.376 (C)),,6,NCRB CII 2017 Table 3A.11 (Table-3A.11_1.xlsx)
2017,Himachal Pradesh,By Person in Authority (Sec.376 (C)),,0,NCRB CII 2017 Table 3A.11 (Table-3A.11_1.xlsx)
2017,Jammu & Kashmir,By Person in Authority (Sec.376 (C)),,0,NCRB CII 2017 Table 3A.11 (Table-3A.11_1.xlsx)
2017,Jharkhand,By Person in Authority (Sec.376 (C)),,48,NCRB CII 2017 Table 3A.11 (Table-3A.11_1.xlsx)
2017,Karnataka,By Person in Authority (Sec.376 (C)),,0,NCRB CII 2017 Table 3A.11 (Table-3A.11_1.xlsx)
2017,Kerala,By Person in Authority (Sec.376 (C)),,0,NCRB CII 2017 Table 3A.11 (Table-3A.11_1.xlsx)
2017,Madhya Pradesh,By Person in Authority (Sec.376 (C)),,1,NCRB CII 2017 Table 3A.11 (Table-3A.11_1.xlsx)
2017,Maharashtra,By Person in Authority (Sec.376 (C)),,4,NCRB CII 2017 Table 3A.11 (Table-3A.11_1.xlsx)
2017,Manipur,By Person in Authority (Sec.376 (C)),,0,NCRB CII 2017 Table 3A.11 (Table-3A.11_1.xlsx)
2017,Meghalaya,By Person in Authority (Sec.376 (C)),,0,NCRB CII 2017 Table 3A.11 (Table-3A.11_1.xlsx)
2017,Mizoram,By Person in Authority (Sec.376 (C)),,0,NCRB CII 2017 Table 3A.11 (Table-3A.11_1.xlsx)
2017,Nagaland,By Person in Authority (Sec.376 (C)),,0,NCRB CII 2017 Table 3A.11 (Table-3A.11_1.xlsx)
2017,Odisha,By Person in Authority (Sec.376 (C)),,0,NCRB CII 2017 Table 3A.11 (Table-3A.11_1.xlsx)
2017,Punjab,By Person in Authority (Sec.376 (C)),,0,NCRB CII 2017 Table 3A.11 (Table-3A.11_1.xlsx)
2017,Rajasthan,By Person in Authority (Sec.376 (C)),,0,NCRB CII 2017 Table 3A.11 (Table-3A.11_1.xlsx)
2017,Sikkim,By Person in Authority (Sec.376 (C)),,0,NCRB CII 2017 Table 3A.11 (Table-3A.11_1.xlsx)
2017,Tamil Nadu,By Person in Authority (Sec.376 (C)),,0,NCRB CII 2017 Table 3A.11 (Table-3A.11_1.xlsx)
2017,Telangana,By Person in Authority (Sec.376 (C)),,1,NCRB CII 2017 Table 3A.11 (Table-3A.11_1.xlsx)
2017,Tripura,By Person in Authority (Sec.376 (C)),,0,NCRB CII 2017 Table 3A.11 (Table-3A.11_1.xlsx)
2017,Uttar Pradesh,By Person in Authority (Sec.376 (C)),,4,NCRB CII 2017 Table 3A.11 (Table-3A.11_1.xlsx)
2017,Uttarakhand,By Person in Authority (Sec.376 (C)),,0,NCRB CII 2017 Table 3A.11 (Table-3A.11_1.xlsx)
2017,West Bengal,By Person in Authority (Sec.376 (C)),,0,NCRB CII 2017 Table 3A.11 (Table-3A.11_1.xlsx)
2017,Andaman & Nicobar Islands,By Person in Authority (Sec.376 (C)),,0,NCRB CII 2017 Table 3A.11 (Table-3A.11_1.xlsx)
2017,Chandigarh,By Person in Authority (Sec.376 (C)),,1,NCRB CII 2017 Table 3A.11 (Table-3A.11_1.xlsx)
2017,Dadra & Nagar Haveli and Daman & Diu,By Person in Authority (Sec.376 (C)),,0,NCRB CII 2017 Table 3A.11 (Table-3A.11_1.xlsx)
2017,Delhi,By Person in Authority (Sec.376 (C)),,0,NCRB CII 2017 Table 3A.11 (Table-3A.11_1.xlsx)
2017,Lakshadweep,By Person in Authority (Sec.376 (C)),,0,NCRB CII 2017 Table 3A.11 (Table-3A.11_1.xlsx)
2017,Puducherry,By Person in Authority (Sec.376 (C)),,0,NCRB CII 2017 Table 3A.11 (Table-3A.11_1.xlsx)
2017,All India,By Person in Authority (Sec.376 (C)),,66,NCRB CII 2017 Table 3A.11 (Table-3A.11_1.xlsx)
2017,Andhra Pradesh,Gang Rape (Sec.376(D)),,19,NCRB CII 2017 Table 3A.11 (Table-3A.11_1.xlsx)
2017,Arunachal Pradesh,Gang Rape (Sec.376(D)),,1,NCRB CII 2017 Table 3A.11 (Table-3A.11_1.xlsx)
2017,Assam,Gang Rape (Sec.376(D)),,14,NCRB CII 2017 Table 3A.11 (Table-3A.11_1.xlsx)
2017,Bihar,Gang Rape (Sec.376(D)),,17,NCRB CII 2017 Table 3A.11 (Table-3A.11_1.xlsx)
2017,Chhattisgarh,Gang Rape (Sec.376(D)),,45,NCRB CII 2017 Table 3A.11 (Table-3A.11_1.xlsx)
2017,Goa,Gang Rape (Sec.376(D)),,0,NCRB CII 2017 Table 3A.11 (Table-3A.11_1.xlsx)
2017,Gujarat,Gang Rape (Sec.376(D)),,9,NCRB CII 2017 Table 3A.11 (Table-3A.11_1.xlsx)
2017,Haryana,Gang Rape (Sec.376(D)),,159,NCRB CII 2017 Table 3A.11 (Table-3A.11_1.xlsx)
2017,Himachal Pradesh,Gang Rape (Sec.376(D)),,8,NCRB CII 2017 Table 3A.11 (Table-3A.11_1.xlsx)
2017,Jammu & Kashmir,Gang Rape (Sec.376(D)),,0,NCRB CII 2017 Table 3A.11 (Table-3A.11_1.xlsx)
2017,Jharkhand,Gang Rape (Sec.376(D)),,40,NCRB CII 2017 Table 3A.11 (Table-3A.11_1.xlsx)
2017,Karnataka,Gang Rape (Sec.376(D)),,6,NCRB CII 2017 Table 3A.11 (Table-3A.11_1.xlsx)
2017,Kerala,Gang Rape (Sec.376(D)),,15,NCRB CII 2017 Table 3A.11 (Table-3A.11_1.xlsx)
2017,Madhya Pradesh,Gang Rape (Sec.376(D)),,221,NCRB CII 2017 Table 3A.11 (Table-3A.11_1.xlsx)
2017,Maharashtra,Gang Rape (Sec.376(D)),,57,NCRB CII 2017 Table 3A.11 (Table-3A.11_1.xlsx)
2017,Manipur,Gang Rape (Sec.376(D)),,0,NCRB CII 2017 Table 3A.11 (Table-3A.11_1.xlsx)
2017,Meghalaya,Gang Rape (Sec.376(D)),,3,NCRB CII 2017 Table 3A.11 (Table-3A.11_1.xlsx)
2017,Mizoram,Gang Rape (Sec.376(D)),,4,NCRB CII 2017 Table 3A.11 (Table-3A.11_1.xlsx)
2017,Nagaland,Gang Rape (Sec.376(D)),,0,NCRB CII 2017 Table 3A.11 (Table-3A.11_1.xlsx)
2017,Odisha,Gang Rape (Sec.376(D)),,10,NCRB CII 2017 Table 3A.11 (Table-3A.11_1.xlsx)
2017,Punjab,Gang Rape (Sec.376(D)),,25,NCRB CII 2017 Table 3A.11 (Table-3A.11_1.xlsx)
2017,Rajasthan,Gang Rape (Sec.376(D)),,330,NCRB CII 2017 Table 3A.11 (Table-3A.11_1.xlsx)
2017,Sikkim,Gang Rape (Sec.376(D)),,0,NCRB CII 2017 Table 3A.11 (Table-3A.11_1.xlsx)
2017,Tamil Nadu,Gang Rape (Sec.376(D)),,1,NCRB CII 2017 Table 3A.11 (Table-3A.11_1.xlsx)
2017,Telangana,Gang Rape (Sec.376(D)),,9,NCRB CII 2017 Table 3A.11 (Table-3A.11_1.xlsx)
2017,Tripura,Gang Rape (Sec.376(D)),,7,NCRB CII 2017 Table 3A.11 (Table-3A.11_1.xlsx)
2017,Uttar Pradesh,Gang Rape (Sec.376(D)),,676,NCRB CII 2017 Table 3A.11 (Table-3A.11_1.xlsx)
2017,Uttarakhand,Gang Rape (Sec.376(D)),,9,NCRB CII 2017 Table 3A.11 (Table-3A.11_1.xlsx)
2017,West Bengal,Gang Rape (Sec.376(D)),,109,NCRB CII 2017 Table 3A.11 (Table-3A.11_1.xlsx)
2017,Andaman & Nicobar Islands,Gang Rape (Sec.376(D)),,0,NCRB CII 2017 Table 3A.11 (Table-3A.11_1.xlsx)
2017,Chandigarh,Gang Rape (Sec.376(D)),,7,NCRB CII 2017 Table 3A.11 (Table-3A.11_1.xlsx)
2017,Dadra & Nagar Haveli and Daman & Diu,Gang Rape (Sec.376(D)),,0,NCRB CII 2017 Table 3A.11 (Table-3A.11_1.xlsx)
2017,Delhi,Gang Rape (Sec.376(D)),,73,NCRB CII 2017 Table 3A.11 (Table-3A.11_1.xlsx)
2017,Lakshadweep,Gang Rape (Sec.376(D)),,0,NCRB CII 2017 Table 3A.11 (Table-3A.11_1.xlsx)
2017,Puducherry,Gang Rape (Sec.376(D)),,0,NCRB CII 2017 Table 3A.11 (Table-3A.11_1.xlsx)
2017,All India,Gang Rape (Sec.376(D)),,1874,NCRB CII 2017 Table 3A.11 (Table-3A.11_1.xlsx)
2017,Andhra Pradesh,Punishment for Repeat offenders (Sec.376(E)),,1,NCRB CII 2017 Table 3A.11 (Table-3A.11_1.xlsx)
2017,Arunachal Pradesh,Punishment for Repeat offenders (Sec.376(E)),,0,NCRB CII 2017 Table 3A.11 (Table-3A.11_1.xlsx)
2017,Assam,Punishment for Repeat offenders (Sec.376(E)),,0,NCRB CII 2017 Table 3A.11 (Table-3A.11_1.xlsx)
2017,Bihar,Punishment for Repeat offenders (Sec.376(E)),,0,NCRB CII 2017 Table 3A.11 (Table-3A.11_1.xlsx)
2017,Chhattisgarh,Punishment for Repeat offenders (Sec.376(E)),,25,NCRB CII 2017 Table 3A.11 (Table-3A.11_1.xlsx)
2017,Goa,Punishment for Repeat offenders (Sec.376(E)),,0,NCRB CII 2017 Table 3A.11 (Table-3A.11_1.xlsx)
2017,Gujarat,Punishment for Repeat offenders (Sec.376(E)),,0,NCRB CII 2017 Table 3A.11 (Table-3A.11_1.xlsx)
2017,Haryana,Punishment for Repeat offenders (Sec.376(E)),,34,NCRB CII 2017 Table 3A.11 (Table-3A.11_1.xlsx)
2017,Himachal Pradesh,Punishment for Repeat offenders (Sec.376(E)),,0,NCRB CII 2017 Table 3A.11 (Table-3A.11_1.xlsx)
2017,Jammu & Kashmir,Punishment for Repeat offenders (Sec.376(E)),,0,NCRB CII 2017 Table 3A.11 (Table-3A.11_1.xlsx)
2017,Jharkhand,Punishment for Repeat offenders (Sec.376(E)),,2,NCRB CII 2017 Table 3A.11 (Table-3A.11_1.xlsx)
2017,Karnataka,Punishment for Repeat offenders (Sec.376(E)),,1,NCRB CII 2017 Table 3A.11 (Table-3A.11_1.xlsx)
2017,Kerala,Punishment for Repeat offenders (Sec.376(E)),,0,NCRB CII 2017 Table 3A.11 (Table-3A.11_1.xlsx)
2017,Madhya Pradesh,Punishment for Repeat offenders (Sec.376(E)),,55,NCRB CII 2017 Table 3A.11 (Table-3A.11_1.xlsx)
2017,Maharashtra,Punishment for Repeat offenders (Sec.376(E)),,18,NCRB CII 2017 Table 3A.11 (Table-3A.11_1.xlsx)
2017,Manipur,Punishment for Repeat offenders (Sec.376(E)),,0,NCRB CII 2017 Table 3A.11 (Table-3A.11_1.xlsx)
2017,Meghalaya,Punishment for Repeat offenders (Sec.376(E)),,0,NCRB CII 2017 Table 3A.11 (Table-3A.11_1.xlsx)
2017,Mizoram,Punishment for Repeat offenders (Sec.376(E)),,0,NCRB CII 2017 Table 3A.11 (Table-3A.11_1.xlsx)
2017,Nagaland,Punishment for Repeat offenders (Sec.376(E)),,0,NCRB CII 2017 Table 3A.11 (Table-3A.11_1.xlsx)
2017,Odisha,Punishment for Repeat offenders (Sec.376(E)),,0,NCRB CII 2017 Table 3A.11 (Table-3A.11_1.xlsx)
2017,Punjab,Punishment for Repeat offenders (Sec.376(E)),,1,NCRB CII 2017 Table 3A.11 (Table-3A.11_1.xlsx)
2017,Rajasthan,Punishment for Repeat offenders (Sec.376(E)),,19,NCRB CII 2017 Table 3A.11 (Table-3A.11_1.xlsx)
2017,Sikkim,Punishment for Repeat offenders (Sec.376(E)),,0,NCRB CII 2017 Table 3A.11 (Table-3A.11_1.xlsx)
2017,Tamil Nadu,Punishment for Repeat offenders (Sec.376(E)),,0,NCRB CII 2017 Table 3A.11 (Table-3A.11_1.xlsx)
2017,Telangana,Punishment for Repeat offenders (Sec.376(E)),,0,NCRB CII 2017 Table 3A.11 (Table-3A.11_1.xlsx)
2017,Tripura,Punishment for Repeat offenders (Sec.376(E)),,0,NCRB CII 2017 Table 3A.11 (Table-3A.11_1.xlsx)
2017,Uttar Pradesh,Punishment for Repeat offenders (Sec.376(E)),,5,NCRB CII 2017 Table 3A.11 (Table-3A.11_1.xlsx)
2017,Uttarakhand,Punishment for Repeat offenders (Sec.376(E)),,0,NCRB CII 2017 Table 3A.11 (Table-3A.11_1.xlsx)
2017,West Bengal,Punishment for Repeat offenders (Sec.376(E)),,0,NCRB CII 2017 Table 3A.11 (Table-3A.11_1.xlsx)
2017,Andaman & Nicobar Islands,Punishment for Repeat offenders (Sec.376(E)),,0,NCRB CII 2017 Table 3A.11 (Table-3A.11_1.xlsx)
2017,Chandigarh,Punishment for Repeat offenders (Sec.376(E)),,0,NCRB CII 2017 Table 3A.11 (Table-3A.11_1.xlsx)
2017,Dadra & Nagar Haveli and Daman & Diu,Punishment for Repeat offenders (Sec.376(E)),,0,NCRB CII 2017 Table 3A.11 (Table-3A.11_1.xlsx)
2017,Delhi,Punishment for Repeat offenders (Sec.376(E)),,1,NCRB CII 2017 Table 3A.11 (Table-3A.11_1.xlsx)
2017,Lakshadweep,Punishment for Repeat offenders (Sec.376(E)),,0,NCRB CII 2017 Table 3A.11 (Table-3A.11_1.xlsx)
2017,Puducherry,Punishment for Repeat offenders (Sec.376(E)),,0,NCRB CII 2017 Table 3A.11 (Table-3A.11_1.xlsx)
2017,All India,Punishment for Repeat offenders (Sec.376(E)),,162,NCRB CII 2017 Table 3A.11 (Table-3A.11_1.xlsx)
2017,Andhra Pradesh,Rape (Total) (Sec.376 IPC),,988,NCRB CII 2017 Table 3A.11 (Table-3A.11_1.xlsx)
2017,Arunachal Pradesh,Rape (Total) (Sec.376 IPC),,59,NCRB CII 2017 Table 3A.11 (Table-3A.11_1.xlsx)
2017,Assam,Rape (Total) (Sec.376 IPC),,1772,NCRB CII 2017 Table 3A.11 (Table-3A.11_1.xlsx)
2017,Bihar,Rape (Total) (Sec.376 IPC),,605,NCRB CII 2017 Table 3A.11 (Table-3A.11_1.xlsx)
2017,Chhattisgarh,Rape (Total) (Sec.376 IPC),,1908,NCRB CII 2017 Table 3A.11 (Table-3A.11_1.xlsx)
2017,Goa,Rape (Total) (Sec.376 IPC),,76,NCRB CII 2017 Table 3A.11 (Table-3A.11_1.xlsx)
2017,Gujarat,Rape (Total) (Sec.376 IPC),,477,NCRB CII 2017 Table 3A.11 (Table-3A.11_1.xlsx)
2017,Haryana,Rape (Total) (Sec.376 IPC),,1099,NCRB CII 2017 Table 3A.11 (Table-3A.11_1.xlsx)
2017,Himachal Pradesh,Rape (Total) (Sec.376 IPC),,249,NCRB CII 2017 Table 3A.11 (Table-3A.11_1.xlsx)
2017,Jammu & Kashmir,Rape (Total) (Sec.376 IPC),,296,NCRB CII 2017 Table 3A.11 (Table-3A.11_1.xlsx)
2017,Jharkhand,Rape (Total) (Sec.376 IPC),,914,NCRB CII 2017 Table 3A.11 (Table-3A.11_1.xlsx)
2017,Karnataka,Rape (Total) (Sec.376 IPC),,546,NCRB CII 2017 Table 3A.11 (Table-3A.11_1.xlsx)
2017,Kerala,Rape (Total) (Sec.376 IPC),,2003,NCRB CII 2017 Table 3A.11 (Table-3A.11_1.xlsx)
2017,Madhya Pradesh,Rape (Total) (Sec.376 IPC),,5562,NCRB CII 2017 Table 3A.11 (Table-3A.11_1.xlsx)
2017,Maharashtra,Rape (Total) (Sec.376 IPC),,1933,NCRB CII 2017 Table 3A.11 (Table-3A.11_1.xlsx)
2017,Manipur,Rape (Total) (Sec.376 IPC),,40,NCRB CII 2017 Table 3A.11 (Table-3A.11_1.xlsx)
2017,Meghalaya,Rape (Total) (Sec.376 IPC),,119,NCRB CII 2017 Table 3A.11 (Table-3A.11_1.xlsx)
2017,Mizoram,Rape (Total) (Sec.376 IPC),,25,NCRB CII 2017 Table 3A.11 (Table-3A.11_1.xlsx)
2017,Nagaland,Rape (Total) (Sec.376 IPC),,10,NCRB CII 2017 Table 3A.11 (Table-3A.11_1.xlsx)
2017,Odisha,Rape (Total) (Sec.376 IPC),,2070,NCRB CII 2017 Table 3A.11 (Table-3A.11_1.xlsx)
2017,Punjab,Rape (Total) (Sec.376 IPC),,530,NCRB CII 2017 Table 3A.11 (Table-3A.11_1.xlsx)
2017,Rajasthan,Rape (Total) (Sec.376 IPC),,3305,NCRB CII 2017 Table 3A.11 (Table-3A.11_1.xlsx)
2017,Sikkim,Rape (Total) (Sec.376 IPC),,17,NCRB CII 2017 Table 3A.11 (Table-3A.11_1.xlsx)
2017,Tamil Nadu,Rape (Total) (Sec.376 IPC),,283,NCRB CII 2017 Table 3A.11 (Table-3A.11_1.xlsx)
2017,Telangana,Rape (Total) (Sec.376 IPC),,552,NCRB CII 2017 Table 3A.11 (Table-3A.11_1.xlsx)
2017,Tripura,Rape (Total) (Sec.376 IPC),,95,NCRB CII 2017 Table 3A.11 (Table-3A.11_1.xlsx)
2017,Uttar Pradesh,Rape (Total) (Sec.376 IPC),,4246,NCRB CII 2017 Table 3A.11 (Table-3A.11_1.xlsx)
2017,Uttarakhand,Rape (Total) (Sec.376 IPC),,374,NCRB CII 2017 Table 3A.11 (Table-3A.11_1.xlsx)
2017,West Bengal,Rape (Total) (Sec.376 IPC),,1084,NCRB CII 2017 Table 3A.11 (Table-3A.11_1.xlsx)
2017,Andaman & Nicobar Islands,Rape (Total) (Sec.376 IPC),,13,NCRB CII 2017 Table 3A.11 (Table-3A.11_1.xlsx)
2017,Chandigarh,Rape (Total) (Sec.376 IPC),,65,NCRB CII 2017 Table 3A.11 (Table-3A.11_1.xlsx)
2017,Dadra & Nagar Haveli and Daman & Diu,Rape (Total) (Sec.376 IPC),,8,NCRB CII 2017 Table 3A.11 (Table-3A.11_1.xlsx)
2017,Delhi,Rape (Total) (Sec.376 IPC),,1229,NCRB CII 2017 Table 3A.11 (Table-3A.11_1.xlsx)
2017,Lakshadweep,Rape (Total) (Sec.376 IPC),,0,NCRB CII 2017 Table 3A.11 (Table-3A.11_1.xlsx)
2017,Puducherry,Rape (Total) (Sec.376 IPC),,7,NCRB CII 2017 Table 3A.11 (Table-3A.11_1.xlsx)
2017,All India,Rape (Total) (Sec.376 IPC),,32559,NCRB CII 2017 Table 3A.11 (Table-3A.11_1.xlsx)
2018,Andhra Pradesh,Punishment for Rape (Sec.376 & 376(I),,578,NCRB CII 2018 Table 3A.11 (Table-3A.11_0.xlsx)
2018,Arunachal Pradesh,Punishment for Rape (Sec.376 & 376(I),,42,NCRB CII 2018 Table 3A.11 (Table-3A.11_0.xlsx)
2018,Assam,Punishment for Rape (Sec.376 & 376(I),,1476,NCRB CII 2018 Table 3A.11 (Table-3A.11_0.xlsx)
2018,Bihar,Punishment for Rape (Sec.376 & 376(I),,625,NCRB CII 2018 Table 3A.11 (Table-3A.11_0.xlsx)
2018,Chhattisgarh,Punishment for Rape (Sec.376 & 376(I),,1257,NCRB CII 2018 Table 3A.11 (Table-3A.11_0.xlsx)
2018,Goa,Punishment for Rape (Sec.376 & 376(I),,54,NCRB CII 2018 Table 3A.11 (Table-3A.11_0.xlsx)
2018,Gujarat,Punishment for Rape (Sec.376 & 376(I),,497,NCRB CII 2018 Table 3A.11 (Table-3A.11_0.xlsx)
2018,Haryana,Punishment for Rape (Sec.376 & 376(I),,841,NCRB CII 2018 Table 3A.11 (Table-3A.11_0.xlsx)
2018,Himachal Pradesh,Punishment for Rape (Sec.376 & 376(I),,249,NCRB CII 2018 Table 3A.11 (Table-3A.11_0.xlsx)
2018,Jammu & Kashmir,Punishment for Rape (Sec.376 & 376(I),,255,NCRB CII 2018 Table 3A.11 (Table-3A.11_0.xlsx)
2018,Jharkhand,Punishment for Rape (Sec.376 & 376(I),,895,NCRB CII 2018 Table 3A.11 (Table-3A.11_0.xlsx)
2018,Karnataka,Punishment for Rape (Sec.376 & 376(I),,438,NCRB CII 2018 Table 3A.11 (Table-3A.11_0.xlsx)
2018,Kerala,Punishment for Rape (Sec.376 & 376(I),,1252,NCRB CII 2018 Table 3A.11 (Table-3A.11_0.xlsx)
2018,Madhya Pradesh,Punishment for Rape (Sec.376 & 376(I),,2575,NCRB CII 2018 Table 3A.11 (Table-3A.11_0.xlsx)
2018,Maharashtra,Punishment for Rape (Sec.376 & 376(I),,1571,NCRB CII 2018 Table 3A.11 (Table-3A.11_0.xlsx)
2018,Manipur,Punishment for Rape (Sec.376 & 376(I),,39,NCRB CII 2018 Table 3A.11 (Table-3A.11_0.xlsx)
2018,Meghalaya,Punishment for Rape (Sec.376 & 376(I),,59,NCRB CII 2018 Table 3A.11 (Table-3A.11_0.xlsx)
2018,Mizoram,Punishment for Rape (Sec.376 & 376(I),,40,NCRB CII 2018 Table 3A.11 (Table-3A.11_0.xlsx)
2018,Nagaland,Punishment for Rape (Sec.376 & 376(I),,9,NCRB CII 2018 Table 3A.11 (Table-3A.11_0.xlsx)
2018,Odisha,Punishment for Rape (Sec.376 & 376(I),,472,NCRB CII 2018 Table 3A.11 (Table-3A.11_0.xlsx)
2018,Punjab,Punishment for Rape (Sec.376 & 376(I),,745,NCRB CII 2018 Table 3A.11 (Table-3A.11_0.xlsx)
2018,Rajasthan,Punishment for Rape (Sec.376 & 376(I),,2910,NCRB CII 2018 Table 3A.11 (Table-3A.11_0.xlsx)
2018,Sikkim,Punishment for Rape (Sec.376 & 376(I),,15,NCRB CII 2018 Table 3A.11 (Table-3A.11_0.xlsx)
2018,Tamil Nadu,Punishment for Rape (Sec.376 & 376(I),,310,NCRB CII 2018 Table 3A.11 (Table-3A.11_0.xlsx)
2018,Telangana,Punishment for Rape (Sec.376 & 376(I),,465,NCRB CII 2018 Table 3A.11 (Table-3A.11_0.xlsx)
2018,Tripura,Punishment for Rape (Sec.376 & 376(I),,84,NCRB CII 2018 Table 3A.11 (Table-3A.11_0.xlsx)
2018,Uttar Pradesh,Punishment for Rape (Sec.376 & 376(I),,3277,NCRB CII 2018 Table 3A.11 (Table-3A.11_0.xlsx)
2018,Uttarakhand,Punishment for Rape (Sec.376 & 376(I),,328,NCRB CII 2018 Table 3A.11 (Table-3A.11_0.xlsx)
2018,West Bengal,Punishment for Rape (Sec.376 & 376(I),,1001,NCRB CII 2018 Table 3A.11 (Table-3A.11_0.xlsx)
2018,Andaman & Nicobar Islands,Punishment for Rape (Sec.376 & 376(I),,27,NCRB CII 2018 Table 3A.11 (Table-3A.11_0.xlsx)
2018,Chandigarh,Punishment for Rape (Sec.376 & 376(I),,46,NCRB CII 2018 Table 3A.11 (Table-3A.11_0.xlsx)
2018,Dadra & Nagar Haveli and Daman & Diu,Punishment for Rape (Sec.376 & 376(I),,9,NCRB CII 2018 Table 3A.11 (Table-3A.11_0.xlsx)
2018,Delhi,Punishment for Rape (Sec.376 & 376(I),,1138,NCRB CII 2018 Table 3A.11 (Table-3A.11_0.xlsx)
2018,Lakshadweep,Punishment for Rape (Sec.376 & 376(I),,2,NCRB CII 2018 Table 3A.11 (Table-3A.11_0.xlsx)
2018,Puducherry,Punishment for Rape (Sec.376 & 376(I),,0,NCRB CII 2018 Table 3A.11 (Table-3A.11_0.xlsx)
2018,All India,Punishment for Rape (Sec.376 & 376(I),,23581,NCRB CII 2018 Table 3A.11 (Table-3A.11_0.xlsx)
2018,Andhra Pradesh,Rape in Custody (Section 376(2)) - Rape in Custody (Total),custodial_total,6,NCRB CII 2018 Table 3A.11 (Table-3A.11_0.xlsx)
2018,Arunachal Pradesh,Rape in Custody (Section 376(2)) - Rape in Custody (Total),custodial_total,0,NCRB CII 2018 Table 3A.11 (Table-3A.11_0.xlsx)
2018,Assam,Rape in Custody (Section 376(2)) - Rape in Custody (Total),custodial_total,1,NCRB CII 2018 Table 3A.11 (Table-3A.11_0.xlsx)
2018,Bihar,Rape in Custody (Section 376(2)) - Rape in Custody (Total),custodial_total,0,NCRB CII 2018 Table 3A.11 (Table-3A.11_0.xlsx)
2018,Chhattisgarh,Rape in Custody (Section 376(2)) - Rape in Custody (Total),custodial_total,3,NCRB CII 2018 Table 3A.11 (Table-3A.11_0.xlsx)
2018,Goa,Rape in Custody (Section 376(2)) - Rape in Custody (Total),custodial_total,0,NCRB CII 2018 Table 3A.11 (Table-3A.11_0.xlsx)
2018,Gujarat,Rape in Custody (Section 376(2)) - Rape in Custody (Total),custodial_total,1,NCRB CII 2018 Table 3A.11 (Table-3A.11_0.xlsx)
2018,Haryana,Rape in Custody (Section 376(2)) - Rape in Custody (Total),custodial_total,0,NCRB CII 2018 Table 3A.11 (Table-3A.11_0.xlsx)
2018,Himachal Pradesh,Rape in Custody (Section 376(2)) - Rape in Custody (Total),custodial_total,0,NCRB CII 2018 Table 3A.11 (Table-3A.11_0.xlsx)
2018,Jammu & Kashmir,Rape in Custody (Section 376(2)) - Rape in Custody (Total),custodial_total,0,NCRB CII 2018 Table 3A.11 (Table-3A.11_0.xlsx)
2018,Jharkhand,Rape in Custody (Section 376(2)) - Rape in Custody (Total),custodial_total,0,NCRB CII 2018 Table 3A.11 (Table-3A.11_0.xlsx)
2018,Karnataka,Rape in Custody (Section 376(2)) - Rape in Custody (Total),custodial_total,0,NCRB CII 2018 Table 3A.11 (Table-3A.11_0.xlsx)
2018,Kerala,Rape in Custody (Section 376(2)) - Rape in Custody (Total),custodial_total,0,NCRB CII 2018 Table 3A.11 (Table-3A.11_0.xlsx)
2018,Madhya Pradesh,Rape in Custody (Section 376(2)) - Rape in Custody (Total),custodial_total,23,NCRB CII 2018 Table 3A.11 (Table-3A.11_0.xlsx)
2018,Maharashtra,Rape in Custody (Section 376(2)) - Rape in Custody (Total),custodial_total,1,NCRB CII 2018 Table 3A.11 (Table-3A.11_0.xlsx)
2018,Manipur,Rape in Custody (Section 376(2)) - Rape in Custody (Total),custodial_total,1,NCRB CII 2018 Table 3A.11 (Table-3A.11_0.xlsx)
2018,Meghalaya,Rape in Custody (Section 376(2)) - Rape in Custody (Total),custodial_total,1,NCRB CII 2018 Table 3A.11 (Table-3A.11_0.xlsx)
2018,Mizoram,Rape in Custody (Section 376(2)) - Rape in Custody (Total),custodial_total,0,NCRB CII 2018 Table 3A.11 (Table-3A.11_0.xlsx)
2018,Nagaland,Rape in Custody (Section 376(2)) - Rape in Custody (Total),custodial_total,0,NCRB CII 2018 Table 3A.11 (Table-3A.11_0.xlsx)
2018,Odisha,Rape in Custody (Section 376(2)) - Rape in Custody (Total),custodial_total,0,NCRB CII 2018 Table 3A.11 (Table-3A.11_0.xlsx)
2018,Punjab,Rape in Custody (Section 376(2)) - Rape in Custody (Total),custodial_total,1,NCRB CII 2018 Table 3A.11 (Table-3A.11_0.xlsx)
2018,Rajasthan,Rape in Custody (Section 376(2)) - Rape in Custody (Total),custodial_total,4,NCRB CII 2018 Table 3A.11 (Table-3A.11_0.xlsx)
2018,Sikkim,Rape in Custody (Section 376(2)) - Rape in Custody (Total),custodial_total,0,NCRB CII 2018 Table 3A.11 (Table-3A.11_0.xlsx)
2018,Tamil Nadu,Rape in Custody (Section 376(2)) - Rape in Custody (Total),custodial_total,1,NCRB CII 2018 Table 3A.11 (Table-3A.11_0.xlsx)
2018,Telangana,Rape in Custody (Section 376(2)) - Rape in Custody (Total),custodial_total,0,NCRB CII 2018 Table 3A.11 (Table-3A.11_0.xlsx)
2018,Tripura,Rape in Custody (Section 376(2)) - Rape in Custody (Total),custodial_total,0,NCRB CII 2018 Table 3A.11 (Table-3A.11_0.xlsx)
2018,Uttar Pradesh,Rape in Custody (Section 376(2)) - Rape in Custody (Total),custodial_total,11,NCRB CII 2018 Table 3A.11 (Table-3A.11_0.xlsx)
2018,Uttarakhand,Rape in Custody (Section 376(2)) - Rape in Custody (Total),custodial_total,0,NCRB CII 2018 Table 3A.11 (Table-3A.11_0.xlsx)
2018,West Bengal,Rape in Custody (Section 376(2)) - Rape in Custody (Total),custodial_total,0,NCRB CII 2018 Table 3A.11 (Table-3A.11_0.xlsx)
2018,Andaman & Nicobar Islands,Rape in Custody (Section 376(2)) - Rape in Custody (Total),custodial_total,1,NCRB CII 2018 Table 3A.11 (Table-3A.11_0.xlsx)
2018,Chandigarh,Rape in Custody (Section 376(2)) - Rape in Custody (Total),custodial_total,3,NCRB CII 2018 Table 3A.11 (Table-3A.11_0.xlsx)
2018,Dadra & Nagar Haveli and Daman & Diu,Rape in Custody (Section 376(2)) - Rape in Custody (Total),custodial_total,0,NCRB CII 2018 Table 3A.11 (Table-3A.11_0.xlsx)
2018,Delhi,Rape in Custody (Section 376(2)) - Rape in Custody (Total),custodial_total,2,NCRB CII 2018 Table 3A.11 (Table-3A.11_0.xlsx)
2018,Lakshadweep,Rape in Custody (Section 376(2)) - Rape in Custody (Total),custodial_total,0,NCRB CII 2018 Table 3A.11 (Table-3A.11_0.xlsx)
2018,Puducherry,Rape in Custody (Section 376(2)) - Rape in Custody (Total),custodial_total,0,NCRB CII 2018 Table 3A.11 (Table-3A.11_0.xlsx)
2018,All India,Rape in Custody (Section 376(2)) - Rape in Custody (Total),custodial_total,60,NCRB CII 2018 Table 3A.11 (Table-3A.11_0.xlsx)
2018,Andhra Pradesh,Rape in Custody (Section 376(2)) - By Police Personnel (Sec.376(2) (a),police_personnel,3,NCRB CII 2018 Table 3A.11 (Table-3A.11_0.xlsx)
2018,Arunachal Pradesh,Rape in Custody (Section 376(2)) - By Police Personnel (Sec.376(2) (a),police_personnel,0,NCRB CII 2018 Table 3A.11 (Table-3A.11_0.xlsx)
2018,Assam,Rape in Custody (Section 376(2)) - By Police Personnel (Sec.376(2) (a),police_personnel,1,NCRB CII 2018 Table 3A.11 (Table-3A.11_0.xlsx)
2018,Bihar,Rape in Custody (Section 376(2)) - By Police Personnel (Sec.376(2) (a),police_personnel,0,NCRB CII 2018 Table 3A.11 (Table-3A.11_0.xlsx)
2018,Chhattisgarh,Rape in Custody (Section 376(2)) - By Police Personnel (Sec.376(2) (a),police_personnel,3,NCRB CII 2018 Table 3A.11 (Table-3A.11_0.xlsx)
2018,Goa,Rape in Custody (Section 376(2)) - By Police Personnel (Sec.376(2) (a),police_personnel,0,NCRB CII 2018 Table 3A.11 (Table-3A.11_0.xlsx)
2018,Gujarat,Rape in Custody (Section 376(2)) - By Police Personnel (Sec.376(2) (a),police_personnel,0,NCRB CII 2018 Table 3A.11 (Table-3A.11_0.xlsx)
2018,Haryana,Rape in Custody (Section 376(2)) - By Police Personnel (Sec.376(2) (a),police_personnel,0,NCRB CII 2018 Table 3A.11 (Table-3A.11_0.xlsx)
2018,Himachal Pradesh,Rape in Custody (Section 376(2)) - By Police Personnel (Sec.376(2) (a),police_personnel,0,NCRB CII 2018 Table 3A.11 (Table-3A.11_0.xlsx)
2018,Jammu & Kashmir,Rape in Custody (Section 376(2)) - By Police Personnel (Sec.376(2) (a),police_personnel,0,NCRB CII 2018 Table 3A.11 (Table-3A.11_0.xlsx)
2018,Jharkhand,Rape in Custody (Section 376(2)) - By Police Personnel (Sec.376(2) (a),police_personnel,0,NCRB CII 2018 Table 3A.11 (Table-3A.11_0.xlsx)
2018,Karnataka,Rape in Custody (Section 376(2)) - By Police Personnel (Sec.376(2) (a),police_personnel,0,NCRB CII 2018 Table 3A.11 (Table-3A.11_0.xlsx)
2018,Kerala,Rape in Custody (Section 376(2)) - By Police Personnel (Sec.376(2) (a),police_personnel,0,NCRB CII 2018 Table 3A.11 (Table-3A.11_0.xlsx)
2018,Madhya Pradesh,Rape in Custody (Section 376(2)) - By Police Personnel (Sec.376(2) (a),police_personnel,5,NCRB CII 2018 Table 3A.11 (Table-3A.11_0.xlsx)
2018,Maharashtra,Rape in Custody (Section 376(2)) - By Police Personnel (Sec.376(2) (a),police_personnel,0,NCRB CII 2018 Table 3A.11 (Table-3A.11_0.xlsx)
2018,Manipur,Rape in Custody (Section 376(2)) - By Police Personnel (Sec.376(2) (a),police_personnel,0,NCRB CII 2018 Table 3A.11 (Table-3A.11_0.xlsx)
2018,Meghalaya,Rape in Custody (Section 376(2)) - By Police Personnel (Sec.376(2) (a),police_personnel,1,NCRB CII 2018 Table 3A.11 (Table-3A.11_0.xlsx)
2018,Mizoram,Rape in Custody (Section 376(2)) - By Police Personnel (Sec.376(2) (a),police_personnel,0,NCRB CII 2018 Table 3A.11 (Table-3A.11_0.xlsx)
2018,Nagaland,Rape in Custody (Section 376(2)) - By Police Personnel (Sec.376(2) (a),police_personnel,0,NCRB CII 2018 Table 3A.11 (Table-3A.11_0.xlsx)
2018,Odisha,Rape in Custody (Section 376(2)) - By Police Personnel (Sec.376(2) (a),police_personnel,0,NCRB CII 2018 Table 3A.11 (Table-3A.11_0.xlsx)
2018,Punjab,Rape in Custody (Section 376(2)) - By Police Personnel (Sec.376(2) (a),police_personnel,0,NCRB CII 2018 Table 3A.11 (Table-3A.11_0.xlsx)
2018,Rajasthan,Rape in Custody (Section 376(2)) - By Police Personnel (Sec.376(2) (a),police_personnel,2,NCRB CII 2018 Table 3A.11 (Table-3A.11_0.xlsx)
2018,Sikkim,Rape in Custody (Section 376(2)) - By Police Personnel (Sec.376(2) (a),police_personnel,0,NCRB CII 2018 Table 3A.11 (Table-3A.11_0.xlsx)
2018,Tamil Nadu,Rape in Custody (Section 376(2)) - By Police Personnel (Sec.376(2) (a),police_personnel,0,NCRB CII 2018 Table 3A.11 (Table-3A.11_0.xlsx)
2018,Telangana,Rape in Custody (Section 376(2)) - By Police Personnel (Sec.376(2) (a),police_personnel,0,NCRB CII 2018 Table 3A.11 (Table-3A.11_0.xlsx)
2018,Tripura,Rape in Custody (Section 376(2)) - By Police Personnel (Sec.376(2) (a),police_personnel,0,NCRB CII 2018 Table 3A.11 (Table-3A.11_0.xlsx)
2018,Uttar Pradesh,Rape in Custody (Section 376(2)) - By Police Personnel (Sec.376(2) (a),police_personnel,0,NCRB CII 2018 Table 3A.11 (Table-3A.11_0.xlsx)
2018,Uttarakhand,Rape in Custody (Section 376(2)) - By Police Personnel (Sec.376(2) (a),police_personnel,0,NCRB CII 2018 Table 3A.11 (Table-3A.11_0.xlsx)
2018,West Bengal,Rape in Custody (Section 376(2)) - By Police Personnel (Sec.376(2) (a),police_personnel,0,NCRB CII 2018 Table 3A.11 (Table-3A.11_0.xlsx)
2018,Andaman & Nicobar Islands,Rape in Custody (Section 376(2)) - By Police Personnel (Sec.376(2) (a),police_personnel,0,NCRB CII 2018 Table 3A.11 (Table-3A.11_0.xlsx)
2018,Chandigarh,Rape in Custody (Section 376(2)) - By Police Personnel (Sec.376(2) (a),police_personnel,1,NCRB CII 2018 Table 3A.11 (Table-3A.11_0.xlsx)
2018,Dadra & Nagar Haveli and Daman & Diu,Rape in Custody (Section 376(2)) - By Police Personnel (Sec.376(2) (a),police_personnel,0,NCRB CII 2018 Table 3A.11 (Table-3A.11_0.xlsx)
2018,Delhi,Rape in Custody (Section 376(2)) - By Police Personnel (Sec.376(2) (a),police_personnel,0,NCRB CII 2018 Table 3A.11 (Table-3A.11_0.xlsx)
2018,Lakshadweep,Rape in Custody (Section 376(2)) - By Police Personnel (Sec.376(2) (a),police_personnel,0,NCRB CII 2018 Table 3A.11 (Table-3A.11_0.xlsx)
2018,Puducherry,Rape in Custody (Section 376(2)) - By Police Personnel (Sec.376(2) (a),police_personnel,0,NCRB CII 2018 Table 3A.11 (Table-3A.11_0.xlsx)
2018,All India,Rape in Custody (Section 376(2)) - By Police Personnel (Sec.376(2) (a),police_personnel,16,NCRB CII 2018 Table 3A.11 (Table-3A.11_0.xlsx)
2018,Andhra Pradesh,Rape in Custody (Section 376(2)) - By Public Servant (Sec.376(2) (b),public_servant,0,NCRB CII 2018 Table 3A.11 (Table-3A.11_0.xlsx)
2018,Arunachal Pradesh,Rape in Custody (Section 376(2)) - By Public Servant (Sec.376(2) (b),public_servant,0,NCRB CII 2018 Table 3A.11 (Table-3A.11_0.xlsx)
2018,Assam,Rape in Custody (Section 376(2)) - By Public Servant (Sec.376(2) (b),public_servant,0,NCRB CII 2018 Table 3A.11 (Table-3A.11_0.xlsx)
2018,Bihar,Rape in Custody (Section 376(2)) - By Public Servant (Sec.376(2) (b),public_servant,0,NCRB CII 2018 Table 3A.11 (Table-3A.11_0.xlsx)
2018,Chhattisgarh,Rape in Custody (Section 376(2)) - By Public Servant (Sec.376(2) (b),public_servant,0,NCRB CII 2018 Table 3A.11 (Table-3A.11_0.xlsx)
2018,Goa,Rape in Custody (Section 376(2)) - By Public Servant (Sec.376(2) (b),public_servant,0,NCRB CII 2018 Table 3A.11 (Table-3A.11_0.xlsx)
2018,Gujarat,Rape in Custody (Section 376(2)) - By Public Servant (Sec.376(2) (b),public_servant,0,NCRB CII 2018 Table 3A.11 (Table-3A.11_0.xlsx)
2018,Haryana,Rape in Custody (Section 376(2)) - By Public Servant (Sec.376(2) (b),public_servant,0,NCRB CII 2018 Table 3A.11 (Table-3A.11_0.xlsx)
2018,Himachal Pradesh,Rape in Custody (Section 376(2)) - By Public Servant (Sec.376(2) (b),public_servant,0,NCRB CII 2018 Table 3A.11 (Table-3A.11_0.xlsx)
2018,Jammu & Kashmir,Rape in Custody (Section 376(2)) - By Public Servant (Sec.376(2) (b),public_servant,0,NCRB CII 2018 Table 3A.11 (Table-3A.11_0.xlsx)
2018,Jharkhand,Rape in Custody (Section 376(2)) - By Public Servant (Sec.376(2) (b),public_servant,0,NCRB CII 2018 Table 3A.11 (Table-3A.11_0.xlsx)
2018,Karnataka,Rape in Custody (Section 376(2)) - By Public Servant (Sec.376(2) (b),public_servant,0,NCRB CII 2018 Table 3A.11 (Table-3A.11_0.xlsx)
2018,Kerala,Rape in Custody (Section 376(2)) - By Public Servant (Sec.376(2) (b),public_servant,0,NCRB CII 2018 Table 3A.11 (Table-3A.11_0.xlsx)
2018,Madhya Pradesh,Rape in Custody (Section 376(2)) - By Public Servant (Sec.376(2) (b),public_servant,4,NCRB CII 2018 Table 3A.11 (Table-3A.11_0.xlsx)
2018,Maharashtra,Rape in Custody (Section 376(2)) - By Public Servant (Sec.376(2) (b),public_servant,0,NCRB CII 2018 Table 3A.11 (Table-3A.11_0.xlsx)
2018,Manipur,Rape in Custody (Section 376(2)) - By Public Servant (Sec.376(2) (b),public_servant,0,NCRB CII 2018 Table 3A.11 (Table-3A.11_0.xlsx)
2018,Meghalaya,Rape in Custody (Section 376(2)) - By Public Servant (Sec.376(2) (b),public_servant,0,NCRB CII 2018 Table 3A.11 (Table-3A.11_0.xlsx)
2018,Mizoram,Rape in Custody (Section 376(2)) - By Public Servant (Sec.376(2) (b),public_servant,0,NCRB CII 2018 Table 3A.11 (Table-3A.11_0.xlsx)
2018,Nagaland,Rape in Custody (Section 376(2)) - By Public Servant (Sec.376(2) (b),public_servant,0,NCRB CII 2018 Table 3A.11 (Table-3A.11_0.xlsx)
2018,Odisha,Rape in Custody (Section 376(2)) - By Public Servant (Sec.376(2) (b),public_servant,0,NCRB CII 2018 Table 3A.11 (Table-3A.11_0.xlsx)
2018,Punjab,Rape in Custody (Section 376(2)) - By Public Servant (Sec.376(2) (b),public_servant,0,NCRB CII 2018 Table 3A.11 (Table-3A.11_0.xlsx)
2018,Rajasthan,Rape in Custody (Section 376(2)) - By Public Servant (Sec.376(2) (b),public_servant,0,NCRB CII 2018 Table 3A.11 (Table-3A.11_0.xlsx)
2018,Sikkim,Rape in Custody (Section 376(2)) - By Public Servant (Sec.376(2) (b),public_servant,0,NCRB CII 2018 Table 3A.11 (Table-3A.11_0.xlsx)
2018,Tamil Nadu,Rape in Custody (Section 376(2)) - By Public Servant (Sec.376(2) (b),public_servant,1,NCRB CII 2018 Table 3A.11 (Table-3A.11_0.xlsx)
2018,Telangana,Rape in Custody (Section 376(2)) - By Public Servant (Sec.376(2) (b),public_servant,0,NCRB CII 2018 Table 3A.11 (Table-3A.11_0.xlsx)
2018,Tripura,Rape in Custody (Section 376(2)) - By Public Servant (Sec.376(2) (b),public_servant,0,NCRB CII 2018 Table 3A.11 (Table-3A.11_0.xlsx)
2018,Uttar Pradesh,Rape in Custody (Section 376(2)) - By Public Servant (Sec.376(2) (b),public_servant,8,NCRB CII 2018 Table 3A.11 (Table-3A.11_0.xlsx)
2018,Uttarakhand,Rape in Custody (Section 376(2)) - By Public Servant (Sec.376(2) (b),public_servant,0,NCRB CII 2018 Table 3A.11 (Table-3A.11_0.xlsx)
2018,West Bengal,Rape in Custody (Section 376(2)) - By Public Servant (Sec.376(2) (b),public_servant,0,NCRB CII 2018 Table 3A.11 (Table-3A.11_0.xlsx)
2018,Andaman & Nicobar Islands,Rape in Custody (Section 376(2)) - By Public Servant (Sec.376(2) (b),public_servant,0,NCRB CII 2018 Table 3A.11 (Table-3A.11_0.xlsx)
2018,Chandigarh,Rape in Custody (Section 376(2)) - By Public Servant (Sec.376(2) (b),public_servant,1,NCRB CII 2018 Table 3A.11 (Table-3A.11_0.xlsx)
2018,Dadra & Nagar Haveli and Daman & Diu,Rape in Custody (Section 376(2)) - By Public Servant (Sec.376(2) (b),public_servant,0,NCRB CII 2018 Table 3A.11 (Table-3A.11_0.xlsx)
2018,Delhi,Rape in Custody (Section 376(2)) - By Public Servant (Sec.376(2) (b),public_servant,1,NCRB CII 2018 Table 3A.11 (Table-3A.11_0.xlsx)
2018,Lakshadweep,Rape in Custody (Section 376(2)) - By Public Servant (Sec.376(2) (b),public_servant,0,NCRB CII 2018 Table 3A.11 (Table-3A.11_0.xlsx)
2018,Puducherry,Rape in Custody (Section 376(2)) - By Public Servant (Sec.376(2) (b),public_servant,0,NCRB CII 2018 Table 3A.11 (Table-3A.11_0.xlsx)
2018,All India,Rape in Custody (Section 376(2)) - By Public Servant (Sec.376(2) (b),public_servant,15,NCRB CII 2018 Table 3A.11 (Table-3A.11_0.xlsx)
2018,Andhra Pradesh,Rape in Custody (Section 376(2)) - By Member of Armed Forces (Sec.376(2) (c),armed_forces,0,NCRB CII 2018 Table 3A.11 (Table-3A.11_0.xlsx)
2018,Arunachal Pradesh,Rape in Custody (Section 376(2)) - By Member of Armed Forces (Sec.376(2) (c),armed_forces,0,NCRB CII 2018 Table 3A.11 (Table-3A.11_0.xlsx)
2018,Assam,Rape in Custody (Section 376(2)) - By Member of Armed Forces (Sec.376(2) (c),armed_forces,0,NCRB CII 2018 Table 3A.11 (Table-3A.11_0.xlsx)
2018,Bihar,Rape in Custody (Section 376(2)) - By Member of Armed Forces (Sec.376(2) (c),armed_forces,0,NCRB CII 2018 Table 3A.11 (Table-3A.11_0.xlsx)
2018,Chhattisgarh,Rape in Custody (Section 376(2)) - By Member of Armed Forces (Sec.376(2) (c),armed_forces,0,NCRB CII 2018 Table 3A.11 (Table-3A.11_0.xlsx)
2018,Goa,Rape in Custody (Section 376(2)) - By Member of Armed Forces (Sec.376(2) (c),armed_forces,0,NCRB CII 2018 Table 3A.11 (Table-3A.11_0.xlsx)
2018,Gujarat,Rape in Custody (Section 376(2)) - By Member of Armed Forces (Sec.376(2) (c),armed_forces,0,NCRB CII 2018 Table 3A.11 (Table-3A.11_0.xlsx)
2018,Haryana,Rape in Custody (Section 376(2)) - By Member of Armed Forces (Sec.376(2) (c),armed_forces,0,NCRB CII 2018 Table 3A.11 (Table-3A.11_0.xlsx)
2018,Himachal Pradesh,Rape in Custody (Section 376(2)) - By Member of Armed Forces (Sec.376(2) (c),armed_forces,0,NCRB CII 2018 Table 3A.11 (Table-3A.11_0.xlsx)
2018,Jammu & Kashmir,Rape in Custody (Section 376(2)) - By Member of Armed Forces (Sec.376(2) (c),armed_forces,0,NCRB CII 2018 Table 3A.11 (Table-3A.11_0.xlsx)
2018,Jharkhand,Rape in Custody (Section 376(2)) - By Member of Armed Forces (Sec.376(2) (c),armed_forces,0,NCRB CII 2018 Table 3A.11 (Table-3A.11_0.xlsx)
2018,Karnataka,Rape in Custody (Section 376(2)) - By Member of Armed Forces (Sec.376(2) (c),armed_forces,0,NCRB CII 2018 Table 3A.11 (Table-3A.11_0.xlsx)
2018,Kerala,Rape in Custody (Section 376(2)) - By Member of Armed Forces (Sec.376(2) (c),armed_forces,0,NCRB CII 2018 Table 3A.11 (Table-3A.11_0.xlsx)
2018,Madhya Pradesh,Rape in Custody (Section 376(2)) - By Member of Armed Forces (Sec.376(2) (c),armed_forces,0,NCRB CII 2018 Table 3A.11 (Table-3A.11_0.xlsx)
2018,Maharashtra,Rape in Custody (Section 376(2)) - By Member of Armed Forces (Sec.376(2) (c),armed_forces,0,NCRB CII 2018 Table 3A.11 (Table-3A.11_0.xlsx)
2018,Manipur,Rape in Custody (Section 376(2)) - By Member of Armed Forces (Sec.376(2) (c),armed_forces,0,NCRB CII 2018 Table 3A.11 (Table-3A.11_0.xlsx)
2018,Meghalaya,Rape in Custody (Section 376(2)) - By Member of Armed Forces (Sec.376(2) (c),armed_forces,0,NCRB CII 2018 Table 3A.11 (Table-3A.11_0.xlsx)
2018,Mizoram,Rape in Custody (Section 376(2)) - By Member of Armed Forces (Sec.376(2) (c),armed_forces,0,NCRB CII 2018 Table 3A.11 (Table-3A.11_0.xlsx)
2018,Nagaland,Rape in Custody (Section 376(2)) - By Member of Armed Forces (Sec.376(2) (c),armed_forces,0,NCRB CII 2018 Table 3A.11 (Table-3A.11_0.xlsx)
2018,Odisha,Rape in Custody (Section 376(2)) - By Member of Armed Forces (Sec.376(2) (c),armed_forces,0,NCRB CII 2018 Table 3A.11 (Table-3A.11_0.xlsx)
2018,Punjab,Rape in Custody (Section 376(2)) - By Member of Armed Forces (Sec.376(2) (c),armed_forces,0,NCRB CII 2018 Table 3A.11 (Table-3A.11_0.xlsx)
2018,Rajasthan,Rape in Custody (Section 376(2)) - By Member of Armed Forces (Sec.376(2) (c),armed_forces,2,NCRB CII 2018 Table 3A.11 (Table-3A.11_0.xlsx)
2018,Sikkim,Rape in Custody (Section 376(2)) - By Member of Armed Forces (Sec.376(2) (c),armed_forces,0,NCRB CII 2018 Table 3A.11 (Table-3A.11_0.xlsx)
2018,Tamil Nadu,Rape in Custody (Section 376(2)) - By Member of Armed Forces (Sec.376(2) (c),armed_forces,0,NCRB CII 2018 Table 3A.11 (Table-3A.11_0.xlsx)
2018,Telangana,Rape in Custody (Section 376(2)) - By Member of Armed Forces (Sec.376(2) (c),armed_forces,0,NCRB CII 2018 Table 3A.11 (Table-3A.11_0.xlsx)
2018,Tripura,Rape in Custody (Section 376(2)) - By Member of Armed Forces (Sec.376(2) (c),armed_forces,0,NCRB CII 2018 Table 3A.11 (Table-3A.11_0.xlsx)
2018,Uttar Pradesh,Rape in Custody (Section 376(2)) - By Member of Armed Forces (Sec.376(2) (c),armed_forces,0,NCRB CII 2018 Table 3A.11 (Table-3A.11_0.xlsx)
2018,Uttarakhand,Rape in Custody (Section 376(2)) - By Member of Armed Forces (Sec.376(2) (c),armed_forces,0,NCRB CII 2018 Table 3A.11 (Table-3A.11_0.xlsx)
2018,West Bengal,Rape in Custody (Section 376(2)) - By Member of Armed Forces (Sec.376(2) (c),armed_forces,0,NCRB CII 2018 Table 3A.11 (Table-3A.11_0.xlsx)
2018,Andaman & Nicobar Islands,Rape in Custody (Section 376(2)) - By Member of Armed Forces (Sec.376(2) (c),armed_forces,1,NCRB CII 2018 Table 3A.11 (Table-3A.11_0.xlsx)
2018,Chandigarh,Rape in Custody (Section 376(2)) - By Member of Armed Forces (Sec.376(2) (c),armed_forces,0,NCRB CII 2018 Table 3A.11 (Table-3A.11_0.xlsx)
2018,Dadra & Nagar Haveli and Daman & Diu,Rape in Custody (Section 376(2)) - By Member of Armed Forces (Sec.376(2) (c),armed_forces,0,NCRB CII 2018 Table 3A.11 (Table-3A.11_0.xlsx)
2018,Delhi,Rape in Custody (Section 376(2)) - By Member of Armed Forces (Sec.376(2) (c),armed_forces,0,NCRB CII 2018 Table 3A.11 (Table-3A.11_0.xlsx)
2018,Lakshadweep,Rape in Custody (Section 376(2)) - By Member of Armed Forces (Sec.376(2) (c),armed_forces,0,NCRB CII 2018 Table 3A.11 (Table-3A.11_0.xlsx)
2018,Puducherry,Rape in Custody (Section 376(2)) - By Member of Armed Forces (Sec.376(2) (c),armed_forces,0,NCRB CII 2018 Table 3A.11 (Table-3A.11_0.xlsx)
2018,All India,Rape in Custody (Section 376(2)) - By Member of Armed Forces (Sec.376(2) (c),armed_forces,3,NCRB CII 2018 Table 3A.11 (Table-3A.11_0.xlsx)
2018,Andhra Pradesh,Rape in Custody (Section 376(2)) - By Management/Staff of Jail/Remand Home/Place of Custody (Sec.376(2)(d),jail_remand_home_place_of_custody,1,NCRB CII 2018 Table 3A.11 (Table-3A.11_0.xlsx)
2018,Arunachal Pradesh,Rape in Custody (Section 376(2)) - By Management/Staff of Jail/Remand Home/Place of Custody (Sec.376(2)(d),jail_remand_home_place_of_custody,0,NCRB CII 2018 Table 3A.11 (Table-3A.11_0.xlsx)
2018,Assam,Rape in Custody (Section 376(2)) - By Management/Staff of Jail/Remand Home/Place of Custody (Sec.376(2)(d),jail_remand_home_place_of_custody,0,NCRB CII 2018 Table 3A.11 (Table-3A.11_0.xlsx)
2018,Bihar,Rape in Custody (Section 376(2)) - By Management/Staff of Jail/Remand Home/Place of Custody (Sec.376(2)(d),jail_remand_home_place_of_custody,0,NCRB CII 2018 Table 3A.11 (Table-3A.11_0.xlsx)
2018,Chhattisgarh,Rape in Custody (Section 376(2)) - By Management/Staff of Jail/Remand Home/Place of Custody (Sec.376(2)(d),jail_remand_home_place_of_custody,0,NCRB CII 2018 Table 3A.11 (Table-3A.11_0.xlsx)
2018,Goa,Rape in Custody (Section 376(2)) - By Management/Staff of Jail/Remand Home/Place of Custody (Sec.376(2)(d),jail_remand_home_place_of_custody,0,NCRB CII 2018 Table 3A.11 (Table-3A.11_0.xlsx)
2018,Gujarat,Rape in Custody (Section 376(2)) - By Management/Staff of Jail/Remand Home/Place of Custody (Sec.376(2)(d),jail_remand_home_place_of_custody,1,NCRB CII 2018 Table 3A.11 (Table-3A.11_0.xlsx)
2018,Haryana,Rape in Custody (Section 376(2)) - By Management/Staff of Jail/Remand Home/Place of Custody (Sec.376(2)(d),jail_remand_home_place_of_custody,0,NCRB CII 2018 Table 3A.11 (Table-3A.11_0.xlsx)
2018,Himachal Pradesh,Rape in Custody (Section 376(2)) - By Management/Staff of Jail/Remand Home/Place of Custody (Sec.376(2)(d),jail_remand_home_place_of_custody,0,NCRB CII 2018 Table 3A.11 (Table-3A.11_0.xlsx)
2018,Jammu & Kashmir,Rape in Custody (Section 376(2)) - By Management/Staff of Jail/Remand Home/Place of Custody (Sec.376(2)(d),jail_remand_home_place_of_custody,0,NCRB CII 2018 Table 3A.11 (Table-3A.11_0.xlsx)
2018,Jharkhand,Rape in Custody (Section 376(2)) - By Management/Staff of Jail/Remand Home/Place of Custody (Sec.376(2)(d),jail_remand_home_place_of_custody,0,NCRB CII 2018 Table 3A.11 (Table-3A.11_0.xlsx)
2018,Karnataka,Rape in Custody (Section 376(2)) - By Management/Staff of Jail/Remand Home/Place of Custody (Sec.376(2)(d),jail_remand_home_place_of_custody,0,NCRB CII 2018 Table 3A.11 (Table-3A.11_0.xlsx)
2018,Kerala,Rape in Custody (Section 376(2)) - By Management/Staff of Jail/Remand Home/Place of Custody (Sec.376(2)(d),jail_remand_home_place_of_custody,0,NCRB CII 2018 Table 3A.11 (Table-3A.11_0.xlsx)
2018,Madhya Pradesh,Rape in Custody (Section 376(2)) - By Management/Staff of Jail/Remand Home/Place of Custody (Sec.376(2)(d),jail_remand_home_place_of_custody,14,NCRB CII 2018 Table 3A.11 (Table-3A.11_0.xlsx)
2018,Maharashtra,Rape in Custody (Section 376(2)) - By Management/Staff of Jail/Remand Home/Place of Custody (Sec.376(2)(d),jail_remand_home_place_of_custody,0,NCRB CII 2018 Table 3A.11 (Table-3A.11_0.xlsx)
2018,Manipur,Rape in Custody (Section 376(2)) - By Management/Staff of Jail/Remand Home/Place of Custody (Sec.376(2)(d),jail_remand_home_place_of_custody,1,NCRB CII 2018 Table 3A.11 (Table-3A.11_0.xlsx)
2018,Meghalaya,Rape in Custody (Section 376(2)) - By Management/Staff of Jail/Remand Home/Place of Custody (Sec.376(2)(d),jail_remand_home_place_of_custody,0,NCRB CII 2018 Table 3A.11 (Table-3A.11_0.xlsx)
2018,Mizoram,Rape in Custody (Section 376(2)) - By Management/Staff of Jail/Remand Home/Place of Custody (Sec.376(2)(d),jail_remand_home_place_of_custody,0,NCRB CII 2018 Table 3A.11 (Table-3A.11_0.xlsx)
2018,Nagaland,Rape in Custody (Section 376(2)) - By Management/Staff of Jail/Remand Home/Place of Custody (Sec.376(2)(d),jail_remand_home_place_of_custody,0,NCRB CII 2018 Table 3A.11 (Table-3A.11_0.xlsx)
2018,Odisha,Rape in Custody (Section 376(2)) - By Management/Staff of Jail/Remand Home/Place of Custody (Sec.376(2)(d),jail_remand_home_place_of_custody,0,NCRB CII 2018 Table 3A.11 (Table-3A.11_0.xlsx)
2018,Punjab,Rape in Custody (Section 376(2)) - By Management/Staff of Jail/Remand Home/Place of Custody (Sec.376(2)(d),jail_remand_home_place_of_custody,0,NCRB CII 2018 Table 3A.11 (Table-3A.11_0.xlsx)
2018,Rajasthan,Rape in Custody (Section 376(2)) - By Management/Staff of Jail/Remand Home/Place of Custody (Sec.376(2)(d),jail_remand_home_place_of_custody,0,NCRB CII 2018 Table 3A.11 (Table-3A.11_0.xlsx)
2018,Sikkim,Rape in Custody (Section 376(2)) - By Management/Staff of Jail/Remand Home/Place of Custody (Sec.376(2)(d),jail_remand_home_place_of_custody,0,NCRB CII 2018 Table 3A.11 (Table-3A.11_0.xlsx)
2018,Tamil Nadu,Rape in Custody (Section 376(2)) - By Management/Staff of Jail/Remand Home/Place of Custody (Sec.376(2)(d),jail_remand_home_place_of_custody,0,NCRB CII 2018 Table 3A.11 (Table-3A.11_0.xlsx)
2018,Telangana,Rape in Custody (Section 376(2)) - By Management/Staff of Jail/Remand Home/Place of Custody (Sec.376(2)(d),jail_remand_home_place_of_custody,0,NCRB CII 2018 Table 3A.11 (Table-3A.11_0.xlsx)
2018,Tripura,Rape in Custody (Section 376(2)) - By Management/Staff of Jail/Remand Home/Place of Custody (Sec.376(2)(d),jail_remand_home_place_of_custody,0,NCRB CII 2018 Table 3A.11 (Table-3A.11_0.xlsx)
2018,Uttar Pradesh,Rape in Custody (Section 376(2)) - By Management/Staff of Jail/Remand Home/Place of Custody (Sec.376(2)(d),jail_remand_home_place_of_custody,0,NCRB CII 2018 Table 3A.11 (Table-3A.11_0.xlsx)
2018,Uttarakhand,Rape in Custody (Section 376(2)) - By Management/Staff of Jail/Remand Home/Place of Custody (Sec.376(2)(d),jail_remand_home_place_of_custody,0,NCRB CII 2018 Table 3A.11 (Table-3A.11_0.xlsx)
2018,West Bengal,Rape in Custody (Section 376(2)) - By Management/Staff of Jail/Remand Home/Place of Custody (Sec.376(2)(d),jail_remand_home_place_of_custody,0,NCRB CII 2018 Table 3A.11 (Table-3A.11_0.xlsx)
2018,Andaman & Nicobar Islands,Rape in Custody (Section 376(2)) - By Management/Staff of Jail/Remand Home/Place of Custody (Sec.376(2)(d),jail_remand_home_place_of_custody,0,NCRB CII 2018 Table 3A.11 (Table-3A.11_0.xlsx)
2018,Chandigarh,Rape in Custody (Section 376(2)) - By Management/Staff of Jail/Remand Home/Place of Custody (Sec.376(2)(d),jail_remand_home_place_of_custody,1,NCRB CII 2018 Table 3A.11 (Table-3A.11_0.xlsx)
2018,Dadra & Nagar Haveli and Daman & Diu,Rape in Custody (Section 376(2)) - By Management/Staff of Jail/Remand Home/Place of Custody (Sec.376(2)(d),jail_remand_home_place_of_custody,0,NCRB CII 2018 Table 3A.11 (Table-3A.11_0.xlsx)
2018,Delhi,Rape in Custody (Section 376(2)) - By Management/Staff of Jail/Remand Home/Place of Custody (Sec.376(2)(d),jail_remand_home_place_of_custody,1,NCRB CII 2018 Table 3A.11 (Table-3A.11_0.xlsx)
2018,Lakshadweep,Rape in Custody (Section 376(2)) - By Management/Staff of Jail/Remand Home/Place of Custody (Sec.376(2)(d),jail_remand_home_place_of_custody,0,NCRB CII 2018 Table 3A.11 (Table-3A.11_0.xlsx)
2018,Puducherry,Rape in Custody (Section 376(2)) - By Management/Staff of Jail/Remand Home/Place of Custody (Sec.376(2)(d),jail_remand_home_place_of_custody,0,NCRB CII 2018 Table 3A.11 (Table-3A.11_0.xlsx)
2018,All India,Rape in Custody (Section 376(2)) - By Management/Staff of Jail/Remand Home/Place of Custody (Sec.376(2)(d),jail_remand_home_place_of_custody,19,NCRB CII 2018 Table 3A.11 (Table-3A.11_0.xlsx)
2018,Andhra Pradesh,Rape in Custody (Section 376(2)) - By Management/ Staff of Hospital (Sec.376(2) (e),hospital,2,NCRB CII 2018 Table 3A.11 (Table-3A.11_0.xlsx)
2018,Arunachal Pradesh,Rape in Custody (Section 376(2)) - By Management/ Staff of Hospital (Sec.376(2) (e),hospital,0,NCRB CII 2018 Table 3A.11 (Table-3A.11_0.xlsx)
2018,Assam,Rape in Custody (Section 376(2)) - By Management/ Staff of Hospital (Sec.376(2) (e),hospital,0,NCRB CII 2018 Table 3A.11 (Table-3A.11_0.xlsx)
2018,Bihar,Rape in Custody (Section 376(2)) - By Management/ Staff of Hospital (Sec.376(2) (e),hospital,0,NCRB CII 2018 Table 3A.11 (Table-3A.11_0.xlsx)
2018,Chhattisgarh,Rape in Custody (Section 376(2)) - By Management/ Staff of Hospital (Sec.376(2) (e),hospital,0,NCRB CII 2018 Table 3A.11 (Table-3A.11_0.xlsx)
2018,Goa,Rape in Custody (Section 376(2)) - By Management/ Staff of Hospital (Sec.376(2) (e),hospital,0,NCRB CII 2018 Table 3A.11 (Table-3A.11_0.xlsx)
2018,Gujarat,Rape in Custody (Section 376(2)) - By Management/ Staff of Hospital (Sec.376(2) (e),hospital,0,NCRB CII 2018 Table 3A.11 (Table-3A.11_0.xlsx)
2018,Haryana,Rape in Custody (Section 376(2)) - By Management/ Staff of Hospital (Sec.376(2) (e),hospital,0,NCRB CII 2018 Table 3A.11 (Table-3A.11_0.xlsx)
2018,Himachal Pradesh,Rape in Custody (Section 376(2)) - By Management/ Staff of Hospital (Sec.376(2) (e),hospital,0,NCRB CII 2018 Table 3A.11 (Table-3A.11_0.xlsx)
2018,Jammu & Kashmir,Rape in Custody (Section 376(2)) - By Management/ Staff of Hospital (Sec.376(2) (e),hospital,0,NCRB CII 2018 Table 3A.11 (Table-3A.11_0.xlsx)
2018,Jharkhand,Rape in Custody (Section 376(2)) - By Management/ Staff of Hospital (Sec.376(2) (e),hospital,0,NCRB CII 2018 Table 3A.11 (Table-3A.11_0.xlsx)
2018,Karnataka,Rape in Custody (Section 376(2)) - By Management/ Staff of Hospital (Sec.376(2) (e),hospital,0,NCRB CII 2018 Table 3A.11 (Table-3A.11_0.xlsx)
2018,Kerala,Rape in Custody (Section 376(2)) - By Management/ Staff of Hospital (Sec.376(2) (e),hospital,0,NCRB CII 2018 Table 3A.11 (Table-3A.11_0.xlsx)
2018,Madhya Pradesh,Rape in Custody (Section 376(2)) - By Management/ Staff of Hospital (Sec.376(2) (e),hospital,0,NCRB CII 2018 Table 3A.11 (Table-3A.11_0.xlsx)
2018,Maharashtra,Rape in Custody (Section 376(2)) - By Management/ Staff of Hospital (Sec.376(2) (e),hospital,1,NCRB CII 2018 Table 3A.11 (Table-3A.11_0.xlsx)
2018,Manipur,Rape in Custody (Section 376(2)) - By Management/ Staff of Hospital (Sec.376(2) (e),hospital,0,NCRB CII 2018 Table 3A.11 (Table-3A.11_0.xlsx)
2018,Meghalaya,Rape in Custody (Section 376(2)) - By Management/ Staff of Hospital (Sec.376(2) (e),hospital,0,NCRB CII 2018 Table 3A.11 (Table-3A.11_0.xlsx)
2018,Mizoram,Rape in Custody (Section 376(2)) - By Management/ Staff of Hospital (Sec.376(2) (e),hospital,0,NCRB CII 2018 Table 3A.11 (Table-3A.11_0.xlsx)
2018,Nagaland,Rape in Custody (Section 376(2)) - By Management/ Staff of Hospital (Sec.376(2) (e),hospital,0,NCRB CII 2018 Table 3A.11 (Table-3A.11_0.xlsx)
2018,Odisha,Rape in Custody (Section 376(2)) - By Management/ Staff of Hospital (Sec.376(2) (e),hospital,0,NCRB CII 2018 Table 3A.11 (Table-3A.11_0.xlsx)
2018,Punjab,Rape in Custody (Section 376(2)) - By Management/ Staff of Hospital (Sec.376(2) (e),hospital,1,NCRB CII 2018 Table 3A.11 (Table-3A.11_0.xlsx)
2018,Rajasthan,Rape in Custody (Section 376(2)) - By Management/ Staff of Hospital (Sec.376(2) (e),hospital,0,NCRB CII 2018 Table 3A.11 (Table-3A.11_0.xlsx)
2018,Sikkim,Rape in Custody (Section 376(2)) - By Management/ Staff of Hospital (Sec.376(2) (e),hospital,0,NCRB CII 2018 Table 3A.11 (Table-3A.11_0.xlsx)
2018,Tamil Nadu,Rape in Custody (Section 376(2)) - By Management/ Staff of Hospital (Sec.376(2) (e),hospital,0,NCRB CII 2018 Table 3A.11 (Table-3A.11_0.xlsx)
2018,Telangana,Rape in Custody (Section 376(2)) - By Management/ Staff of Hospital (Sec.376(2) (e),hospital,0,NCRB CII 2018 Table 3A.11 (Table-3A.11_0.xlsx)
2018,Tripura,Rape in Custody (Section 376(2)) - By Management/ Staff of Hospital (Sec.376(2) (e),hospital,0,NCRB CII 2018 Table 3A.11 (Table-3A.11_0.xlsx)
2018,Uttar Pradesh,Rape in Custody (Section 376(2)) - By Management/ Staff of Hospital (Sec.376(2) (e),hospital,3,NCRB CII 2018 Table 3A.11 (Table-3A.11_0.xlsx)
2018,Uttarakhand,Rape in Custody (Section 376(2)) - By Management/ Staff of Hospital (Sec.376(2) (e),hospital,0,NCRB CII 2018 Table 3A.11 (Table-3A.11_0.xlsx)
2018,West Bengal,Rape in Custody (Section 376(2)) - By Management/ Staff of Hospital (Sec.376(2) (e),hospital,0,NCRB CII 2018 Table 3A.11 (Table-3A.11_0.xlsx)
2018,Andaman & Nicobar Islands,Rape in Custody (Section 376(2)) - By Management/ Staff of Hospital (Sec.376(2) (e),hospital,0,NCRB CII 2018 Table 3A.11 (Table-3A.11_0.xlsx)
2018,Chandigarh,Rape in Custody (Section 376(2)) - By Management/ Staff of Hospital (Sec.376(2) (e),hospital,0,NCRB CII 2018 Table 3A.11 (Table-3A.11_0.xlsx)
2018,Dadra & Nagar Haveli and Daman & Diu,Rape in Custody (Section 376(2)) - By Management/ Staff of Hospital (Sec.376(2) (e),hospital,0,NCRB CII 2018 Table 3A.11 (Table-3A.11_0.xlsx)
2018,Delhi,Rape in Custody (Section 376(2)) - By Management/ Staff of Hospital (Sec.376(2) (e),hospital,0,NCRB CII 2018 Table 3A.11 (Table-3A.11_0.xlsx)
2018,Lakshadweep,Rape in Custody (Section 376(2)) - By Management/ Staff of Hospital (Sec.376(2) (e),hospital,0,NCRB CII 2018 Table 3A.11 (Table-3A.11_0.xlsx)
2018,Puducherry,Rape in Custody (Section 376(2)) - By Management/ Staff of Hospital (Sec.376(2) (e),hospital,0,NCRB CII 2018 Table 3A.11 (Table-3A.11_0.xlsx)
2018,All India,Rape in Custody (Section 376(2)) - By Management/ Staff of Hospital (Sec.376(2) (e),hospital,7,NCRB CII 2018 Table 3A.11 (Table-3A.11_0.xlsx)
2018,Andhra Pradesh,Other Than Custodial Rape (Section 376(2)) - Rape Other than Custodial (Total),,297,NCRB CII 2018 Table 3A.11 (Table-3A.11_0.xlsx)
2018,Arunachal Pradesh,Other Than Custodial Rape (Section 376(2)) - Rape Other than Custodial (Total),,22,NCRB CII 2018 Table 3A.11 (Table-3A.11_0.xlsx)
2018,Assam,Other Than Custodial Rape (Section 376(2)) - Rape Other than Custodial (Total),,148,NCRB CII 2018 Table 3A.11 (Table-3A.11_0.xlsx)
2018,Bihar,Other Than Custodial Rape (Section 376(2)) - Rape Other than Custodial (Total),,17,NCRB CII 2018 Table 3A.11 (Table-3A.11_0.xlsx)
2018,Chhattisgarh,Other Than Custodial Rape (Section 376(2)) - Rape Other than Custodial (Total),,743,NCRB CII 2018 Table 3A.11 (Table-3A.11_0.xlsx)
2018,Goa,Other Than Custodial Rape (Section 376(2)) - Rape Other than Custodial (Total),,3,NCRB CII 2018 Table 3A.11 (Table-3A.11_0.xlsx)
2018,Gujarat,Other Than Custodial Rape (Section 376(2)) - Rape Other than Custodial (Total),,47,NCRB CII 2018 Table 3A.11 (Table-3A.11_0.xlsx)
2018,Haryana,Other Than Custodial Rape (Section 376(2)) - Rape Other than Custodial (Total),,196,NCRB CII 2018 Table 3A.11 (Table-3A.11_0.xlsx)
2018,Himachal Pradesh,Other Than Custodial Rape (Section 376(2)) - Rape Other than Custodial (Total),,71,NCRB CII 2018 Table 3A.11 (Table-3A.11_0.xlsx)
2018,Jammu & Kashmir,Other Than Custodial Rape (Section 376(2)) - Rape Other than Custodial (Total),,65,NCRB CII 2018 Table 3A.11 (Table-3A.11_0.xlsx)
2018,Jharkhand,Other Than Custodial Rape (Section 376(2)) - Rape Other than Custodial (Total),,110,NCRB CII 2018 Table 3A.11 (Table-3A.11_0.xlsx)
2018,Karnataka,Other Than Custodial Rape (Section 376(2)) - Rape Other than Custodial (Total),,44,NCRB CII 2018 Table 3A.11 (Table-3A.11_0.xlsx)
2018,Kerala,Other Than Custodial Rape (Section 376(2)) - Rape Other than Custodial (Total),,645,NCRB CII 2018 Table 3A.11 (Table-3A.11_0.xlsx)
2018,Madhya Pradesh,Other Than Custodial Rape (Section 376(2)) - Rape Other than Custodial (Total),,2314,NCRB CII 2018 Table 3A.11 (Table-3A.11_0.xlsx)
2018,Maharashtra,Other Than Custodial Rape (Section 376(2)) - Rape Other than Custodial (Total),,471,NCRB CII 2018 Table 3A.11 (Table-3A.11_0.xlsx)
2018,Manipur,Other Than Custodial Rape (Section 376(2)) - Rape Other than Custodial (Total),,11,NCRB CII 2018 Table 3A.11 (Table-3A.11_0.xlsx)
2018,Meghalaya,Other Than Custodial Rape (Section 376(2)) - Rape Other than Custodial (Total),,27,NCRB CII 2018 Table 3A.11 (Table-3A.11_0.xlsx)
2018,Mizoram,Other Than Custodial Rape (Section 376(2)) - Rape Other than Custodial (Total),,4,NCRB CII 2018 Table 3A.11 (Table-3A.11_0.xlsx)
2018,Nagaland,Other Than Custodial Rape (Section 376(2)) - Rape Other than Custodial (Total),,1,NCRB CII 2018 Table 3A.11 (Table-3A.11_0.xlsx)
2018,Odisha,Other Than Custodial Rape (Section 376(2)) - Rape Other than Custodial (Total),,426,NCRB CII 2018 Table 3A.11 (Table-3A.11_0.xlsx)
2018,Punjab,Other Than Custodial Rape (Section 376(2)) - Rape Other than Custodial (Total),,43,NCRB CII 2018 Table 3A.11 (Table-3A.11_0.xlsx)
2018,Rajasthan,Other Than Custodial Rape (Section 376(2)) - Rape Other than Custodial (Total),,765,NCRB CII 2018 Table 3A.11 (Table-3A.11_0.xlsx)
2018,Sikkim,Other Than Custodial Rape (Section 376(2)) - Rape Other than Custodial (Total),,0,NCRB CII 2018 Table 3A.11 (Table-3A.11_0.xlsx)
2018,Tamil Nadu,Other Than Custodial Rape (Section 376(2)) - Rape Other than Custodial (Total),,7,NCRB CII 2018 Table 3A.11 (Table-3A.11_0.xlsx)
2018,Telangana,Other Than Custodial Rape (Section 376(2)) - Rape Other than Custodial (Total),,114,NCRB CII 2018 Table 3A.11 (Table-3A.11_0.xlsx)
2018,Tripura,Other Than Custodial Rape (Section 376(2)) - Rape Other than Custodial (Total),,1,NCRB CII 2018 Table 3A.11 (Table-3A.11_0.xlsx)
2018,Uttar Pradesh,Other Than Custodial Rape (Section 376(2)) - Rape Other than Custodial (Total),,121,NCRB CII 2018 Table 3A.11 (Table-3A.11_0.xlsx)
2018,Uttarakhand,Other Than Custodial Rape (Section 376(2)) - Rape Other than Custodial (Total),,232,NCRB CII 2018 Table 3A.11 (Table-3A.11_0.xlsx)
2018,West Bengal,Other Than Custodial Rape (Section 376(2)) - Rape Other than Custodial (Total),,12,NCRB CII 2018 Table 3A.11 (Table-3A.11_0.xlsx)
2018,Andaman & Nicobar Islands,Other Than Custodial Rape (Section 376(2)) - Rape Other than Custodial (Total),,1,NCRB CII 2018 Table 3A.11 (Table-3A.11_0.xlsx)
2018,Chandigarh,Other Than Custodial Rape (Section 376(2)) - Rape Other than Custodial (Total),,17,NCRB CII 2018 Table 3A.11 (Table-3A.11_0.xlsx)
2018,Dadra & Nagar Haveli and Daman & Diu,Other Than Custodial Rape (Section 376(2)) - Rape Other than Custodial (Total),,1,NCRB CII 2018 Table 3A.11 (Table-3A.11_0.xlsx)
2018,Delhi,Other Than Custodial Rape (Section 376(2)) - Rape Other than Custodial (Total),,26,NCRB CII 2018 Table 3A.11 (Table-3A.11_0.xlsx)
2018,Lakshadweep,Other Than Custodial Rape (Section 376(2)) - Rape Other than Custodial (Total),,0,NCRB CII 2018 Table 3A.11 (Table-3A.11_0.xlsx)
2018,Puducherry,Other Than Custodial Rape (Section 376(2)) - Rape Other than Custodial (Total),,0,NCRB CII 2018 Table 3A.11 (Table-3A.11_0.xlsx)
2018,All India,Other Than Custodial Rape (Section 376(2)) - Rape Other than Custodial (Total),,7002,NCRB CII 2018 Table 3A.11 (Table-3A.11_0.xlsx)
2018,Andhra Pradesh,Other Than Custodial Rape (Section 376(2)) - By Relative/Guardian/Teacher/person in position of trust (Sec.376(2) (f),,19,NCRB CII 2018 Table 3A.11 (Table-3A.11_0.xlsx)
2018,Arunachal Pradesh,Other Than Custodial Rape (Section 376(2)) - By Relative/Guardian/Teacher/person in position of trust (Sec.376(2) (f),,4,NCRB CII 2018 Table 3A.11 (Table-3A.11_0.xlsx)
2018,Assam,Other Than Custodial Rape (Section 376(2)) - By Relative/Guardian/Teacher/person in position of trust (Sec.376(2) (f),,90,NCRB CII 2018 Table 3A.11 (Table-3A.11_0.xlsx)
2018,Bihar,Other Than Custodial Rape (Section 376(2)) - By Relative/Guardian/Teacher/person in position of trust (Sec.376(2) (f),,11,NCRB CII 2018 Table 3A.11 (Table-3A.11_0.xlsx)
2018,Chhattisgarh,Other Than Custodial Rape (Section 376(2)) - By Relative/Guardian/Teacher/person in position of trust (Sec.376(2) (f),,340,NCRB CII 2018 Table 3A.11 (Table-3A.11_0.xlsx)
2018,Goa,Other Than Custodial Rape (Section 376(2)) - By Relative/Guardian/Teacher/person in position of trust (Sec.376(2) (f),,2,NCRB CII 2018 Table 3A.11 (Table-3A.11_0.xlsx)
2018,Gujarat,Other Than Custodial Rape (Section 376(2)) - By Relative/Guardian/Teacher/person in position of trust (Sec.376(2) (f),,9,NCRB CII 2018 Table 3A.11 (Table-3A.11_0.xlsx)
2018,Haryana,Other Than Custodial Rape (Section 376(2)) - By Relative/Guardian/Teacher/person in position of trust (Sec.376(2) (f),,11,NCRB CII 2018 Table 3A.11 (Table-3A.11_0.xlsx)
2018,Himachal Pradesh,Other Than Custodial Rape (Section 376(2)) - By Relative/Guardian/Teacher/person in position of trust (Sec.376(2) (f),,43,NCRB CII 2018 Table 3A.11 (Table-3A.11_0.xlsx)
2018,Jammu & Kashmir,Other Than Custodial Rape (Section 376(2)) - By Relative/Guardian/Teacher/person in position of trust (Sec.376(2) (f),,49,NCRB CII 2018 Table 3A.11 (Table-3A.11_0.xlsx)
2018,Jharkhand,Other Than Custodial Rape (Section 376(2)) - By Relative/Guardian/Teacher/person in position of trust (Sec.376(2) (f),,49,NCRB CII 2018 Table 3A.11 (Table-3A.11_0.xlsx)
2018,Karnataka,Other Than Custodial Rape (Section 376(2)) - By Relative/Guardian/Teacher/person in position of trust (Sec.376(2) (f),,24,NCRB CII 2018 Table 3A.11 (Table-3A.11_0.xlsx)
2018,Kerala,Other Than Custodial Rape (Section 376(2)) - By Relative/Guardian/Teacher/person in position of trust (Sec.376(2) (f),,207,NCRB CII 2018 Table 3A.11 (Table-3A.11_0.xlsx)
2018,Madhya Pradesh,Other Than Custodial Rape (Section 376(2)) - By Relative/Guardian/Teacher/person in position of trust (Sec.376(2) (f),,270,NCRB CII 2018 Table 3A.11 (Table-3A.11_0.xlsx)
2018,Maharashtra,Other Than Custodial Rape (Section 376(2)) - By Relative/Guardian/Teacher/person in position of trust (Sec.376(2) (f),,151,NCRB CII 2018 Table 3A.11 (Table-3A.11_0.xlsx)
2018,Manipur,Other Than Custodial Rape (Section 376(2)) - By Relative/Guardian/Teacher/person in position of trust (Sec.376(2) (f),,11,NCRB CII 2018 Table 3A.11 (Table-3A.11_0.xlsx)
2018,Meghalaya,Other Than Custodial Rape (Section 376(2)) - By Relative/Guardian/Teacher/person in position of trust (Sec.376(2) (f),,1,NCRB CII 2018 Table 3A.11 (Table-3A.11_0.xlsx)
2018,Mizoram,Other Than Custodial Rape (Section 376(2)) - By Relative/Guardian/Teacher/person in position of trust (Sec.376(2) (f),,1,NCRB CII 2018 Table 3A.11 (Table-3A.11_0.xlsx)
2018,Nagaland,Other Than Custodial Rape (Section 376(2)) - By Relative/Guardian/Teacher/person in position of trust (Sec.376(2) (f),,1,NCRB CII 2018 Table 3A.11 (Table-3A.11_0.xlsx)
2018,Odisha,Other Than Custodial Rape (Section 376(2)) - By Relative/Guardian/Teacher/person in position of trust (Sec.376(2) (f),,384,NCRB CII 2018 Table 3A.11 (Table-3A.11_0.xlsx)
2018,Punjab,Other Than Custodial Rape (Section 376(2)) - By Relative/Guardian/Teacher/person in position of trust (Sec.376(2) (f),,1,NCRB CII 2018 Table 3A.11 (Table-3A.11_0.xlsx)
2018,Rajasthan,Other Than Custodial Rape (Section 376(2)) - By Relative/Guardian/Teacher/person in position of trust (Sec.376(2) (f),,248,NCRB CII 2018 Table 3A.11 (Table-3A.11_0.xlsx)
2018,Sikkim,Other Than Custodial Rape (Section 376(2)) - By Relative/Guardian/Teacher/person in position of trust (Sec.376(2) (f),,0,NCRB CII 2018 Table 3A.11 (Table-3A.11_0.xlsx)
2018,Tamil Nadu,Other Than Custodial Rape (Section 376(2)) - By Relative/Guardian/Teacher/person in position of trust (Sec.376(2) (f),,5,NCRB CII 2018 Table 3A.11 (Table-3A.11_0.xlsx)
2018,Telangana,Other Than Custodial Rape (Section 376(2)) - By Relative/Guardian/Teacher/person in position of trust (Sec.376(2) (f),,15,NCRB CII 2018 Table 3A.11 (Table-3A.11_0.xlsx)
2018,Tripura,Other Than Custodial Rape (Section 376(2)) - By Relative/Guardian/Teacher/person in position of trust (Sec.376(2) (f),,0,NCRB CII 2018 Table 3A.11 (Table-3A.11_0.xlsx)
2018,Uttar Pradesh,Other Than Custodial Rape (Section 376(2)) - By Relative/Guardian/Teacher/person in position of trust (Sec.376(2) (f),,48,NCRB CII 2018 Table 3A.11 (Table-3A.11_0.xlsx)
2018,Uttarakhand,Other Than Custodial Rape (Section 376(2)) - By Relative/Guardian/Teacher/person in position of trust (Sec.376(2) (f),,224,NCRB CII 2018 Table 3A.11 (Table-3A.11_0.xlsx)
2018,West Bengal,Other Than Custodial Rape (Section 376(2)) - By Relative/Guardian/Teacher/person in position of trust (Sec.376(2) (f),,0,NCRB CII 2018 Table 3A.11 (Table-3A.11_0.xlsx)
2018,Andaman & Nicobar Islands,Other Than Custodial Rape (Section 376(2)) - By Relative/Guardian/Teacher/person in position of trust (Sec.376(2) (f),,0,NCRB CII 2018 Table 3A.11 (Table-3A.11_0.xlsx)
2018,Chandigarh,Other Than Custodial Rape (Section 376(2)) - By Relative/Guardian/Teacher/person in position of trust (Sec.376(2) (f),,0,NCRB CII 2018 Table 3A.11 (Table-3A.11_0.xlsx)
2018,Dadra & Nagar Haveli and Daman & Diu,Other Than Custodial Rape (Section 376(2)) - By Relative/Guardian/Teacher/person in position of trust (Sec.376(2) (f),,1,NCRB CII 2018 Table 3A.11 (Table-3A.11_0.xlsx)
2018,Delhi,Other Than Custodial Rape (Section 376(2)) - By Relative/Guardian/Teacher/person in position of trust (Sec.376(2) (f),,7,NCRB CII 2018 Table 3A.11 (Table-3A.11_0.xlsx)
2018,Lakshadweep,Other Than Custodial Rape (Section 376(2)) - By Relative/Guardian/Teacher/person in position of trust (Sec.376(2) (f),,0,NCRB CII 2018 Table 3A.11 (Table-3A.11_0.xlsx)
2018,Puducherry,Other Than Custodial Rape (Section 376(2)) - By Relative/Guardian/Teacher/person in position of trust (Sec.376(2) (f),,0,NCRB CII 2018 Table 3A.11 (Table-3A.11_0.xlsx)
2018,All India,Other Than Custodial Rape (Section 376(2)) - By Relative/Guardian/Teacher/person in position of trust (Sec.376(2) (f),,2226,NCRB CII 2018 Table 3A.11 (Table-3A.11_0.xlsx)
2018,Andhra Pradesh,Other Than Custodial Rape (Section 376(2)) - On Pregnant Women (Sec.376(2) (h),,0,NCRB CII 2018 Table 3A.11 (Table-3A.11_0.xlsx)
2018,Arunachal Pradesh,Other Than Custodial Rape (Section 376(2)) - On Pregnant Women (Sec.376(2) (h),,0,NCRB CII 2018 Table 3A.11 (Table-3A.11_0.xlsx)
2018,Assam,Other Than Custodial Rape (Section 376(2)) - On Pregnant Women (Sec.376(2) (h),,0,NCRB CII 2018 Table 3A.11 (Table-3A.11_0.xlsx)
2018,Bihar,Other Than Custodial Rape (Section 376(2)) - On Pregnant Women (Sec.376(2) (h),,0,NCRB CII 2018 Table 3A.11 (Table-3A.11_0.xlsx)
2018,Chhattisgarh,Other Than Custodial Rape (Section 376(2)) - On Pregnant Women (Sec.376(2) (h),,0,NCRB CII 2018 Table 3A.11 (Table-3A.11_0.xlsx)
2018,Goa,Other Than Custodial Rape (Section 376(2)) - On Pregnant Women (Sec.376(2) (h),,0,NCRB CII 2018 Table 3A.11 (Table-3A.11_0.xlsx)
2018,Gujarat,Other Than Custodial Rape (Section 376(2)) - On Pregnant Women (Sec.376(2) (h),,0,NCRB CII 2018 Table 3A.11 (Table-3A.11_0.xlsx)
2018,Haryana,Other Than Custodial Rape (Section 376(2)) - On Pregnant Women (Sec.376(2) (h),,0,NCRB CII 2018 Table 3A.11 (Table-3A.11_0.xlsx)
2018,Himachal Pradesh,Other Than Custodial Rape (Section 376(2)) - On Pregnant Women (Sec.376(2) (h),,1,NCRB CII 2018 Table 3A.11 (Table-3A.11_0.xlsx)
2018,Jammu & Kashmir,Other Than Custodial Rape (Section 376(2)) - On Pregnant Women (Sec.376(2) (h),,0,NCRB CII 2018 Table 3A.11 (Table-3A.11_0.xlsx)
2018,Jharkhand,Other Than Custodial Rape (Section 376(2)) - On Pregnant Women (Sec.376(2) (h),,0,NCRB CII 2018 Table 3A.11 (Table-3A.11_0.xlsx)
2018,Karnataka,Other Than Custodial Rape (Section 376(2)) - On Pregnant Women (Sec.376(2) (h),,0,NCRB CII 2018 Table 3A.11 (Table-3A.11_0.xlsx)
2018,Kerala,Other Than Custodial Rape (Section 376(2)) - On Pregnant Women (Sec.376(2) (h),,6,NCRB CII 2018 Table 3A.11 (Table-3A.11_0.xlsx)
2018,Madhya Pradesh,Other Than Custodial Rape (Section 376(2)) - On Pregnant Women (Sec.376(2) (h),,13,NCRB CII 2018 Table 3A.11 (Table-3A.11_0.xlsx)
2018,Maharashtra,Other Than Custodial Rape (Section 376(2)) - On Pregnant Women (Sec.376(2) (h),,0,NCRB CII 2018 Table 3A.11 (Table-3A.11_0.xlsx)
2018,Manipur,Other Than Custodial Rape (Section 376(2)) - On Pregnant Women (Sec.376(2) (h),,0,NCRB CII 2018 Table 3A.11 (Table-3A.11_0.xlsx)
2018,Meghalaya,Other Than Custodial Rape (Section 376(2)) - On Pregnant Women (Sec.376(2) (h),,0,NCRB CII 2018 Table 3A.11 (Table-3A.11_0.xlsx)
2018,Mizoram,Other Than Custodial Rape (Section 376(2)) - On Pregnant Women (Sec.376(2) (h),,0,NCRB CII 2018 Table 3A.11 (Table-3A.11_0.xlsx)
2018,Nagaland,Other Than Custodial Rape (Section 376(2)) - On Pregnant Women (Sec.376(2) (h),,0,NCRB CII 2018 Table 3A.11 (Table-3A.11_0.xlsx)
2018,Odisha,Other Than Custodial Rape (Section 376(2)) - On Pregnant Women (Sec.376(2) (h),,0,NCRB CII 2018 Table 3A.11 (Table-3A.11_0.xlsx)
2018,Punjab,Other Than Custodial Rape (Section 376(2)) - On Pregnant Women (Sec.376(2) (h),,0,NCRB CII 2018 Table 3A.11 (Table-3A.11_0.xlsx)
2018,Rajasthan,Other Than Custodial Rape (Section 376(2)) - On Pregnant Women (Sec.376(2) (h),,3,NCRB CII 2018 Table 3A.11 (Table-3A.11_0.xlsx)
2018,Sikkim,Other Than Custodial Rape (Section 376(2)) - On Pregnant Women (Sec.376(2) (h),,0,NCRB CII 2018 Table 3A.11 (Table-3A.11_0.xlsx)
2018,Tamil Nadu,Other Than Custodial Rape (Section 376(2)) - On Pregnant Women (Sec.376(2) (h),,0,NCRB CII 2018 Table 3A.11 (Table-3A.11_0.xlsx)
2018,Telangana,Other Than Custodial Rape (Section 376(2)) - On Pregnant Women (Sec.376(2) (h),,0,NCRB CII 2018 Table 3A.11 (Table-3A.11_0.xlsx)
2018,Tripura,Other Than Custodial Rape (Section 376(2)) - On Pregnant Women (Sec.376(2) (h),,0,NCRB CII 2018 Table 3A.11 (Table-3A.11_0.xlsx)
2018,Uttar Pradesh,Other Than Custodial Rape (Section 376(2)) - On Pregnant Women (Sec.376(2) (h),,1,NCRB CII 2018 Table 3A.11 (Table-3A.11_0.xlsx)
2018,Uttarakhand,Other Than Custodial Rape (Section 376(2)) - On Pregnant Women (Sec.376(2) (h),,0,NCRB CII 2018 Table 3A.11 (Table-3A.11_0.xlsx)
2018,West Bengal,Other Than Custodial Rape (Section 376(2)) - On Pregnant Women (Sec.376(2) (h),,0,NCRB CII 2018 Table 3A.11 (Table-3A.11_0.xlsx)
2018,Andaman & Nicobar Islands,Other Than Custodial Rape (Section 376(2)) - On Pregnant Women (Sec.376(2) (h),,0,NCRB CII 2018 Table 3A.11 (Table-3A.11_0.xlsx)
2018,Chandigarh,Other Than Custodial Rape (Section 376(2)) - On Pregnant Women (Sec.376(2) (h),,0,NCRB CII 2018 Table 3A.11 (Table-3A.11_0.xlsx)
2018,Dadra & Nagar Haveli and Daman & Diu,Other Than Custodial Rape (Section 376(2)) - On Pregnant Women (Sec.376(2) (h),,0,NCRB CII 2018 Table 3A.11 (Table-3A.11_0.xlsx)
2018,Delhi,Other Than Custodial Rape (Section 376(2)) - On Pregnant Women (Sec.376(2) (h),,0,NCRB CII 2018 Table 3A.11 (Table-3A.11_0.xlsx)
2018,Lakshadweep,Other Than Custodial Rape (Section 376(2)) - On Pregnant Women (Sec.376(2) (h),,0,NCRB CII 2018 Table 3A.11 (Table-3A.11_0.xlsx)
2018,Puducherry,Other Than Custodial Rape (Section 376(2)) - On Pregnant Women (Sec.376(2) (h),,0,NCRB CII 2018 Table 3A.11 (Table-3A.11_0.xlsx)
2018,All India,Other Than Custodial Rape (Section 376(2)) - On Pregnant Women (Sec.376(2) (h),,24,NCRB CII 2018 Table 3A.11 (Table-3A.11_0.xlsx)
2018,Andhra Pradesh,Other Than Custodial Rape (Section 376(2)) - On Women Below 16 years of age (Sec.376(2) (i),,108,NCRB CII 2018 Table 3A.11 (Table-3A.11_0.xlsx)
2018,Arunachal Pradesh,Other Than Custodial Rape (Section 376(2)) - On Women Below 16 years of age (Sec.376(2) (i),,15,NCRB CII 2018 Table 3A.11 (Table-3A.11_0.xlsx)
2018,Assam,Other Than Custodial Rape (Section 376(2)) - On Women Below 16 years of age (Sec.376(2) (i),,10,NCRB CII 2018 Table 3A.11 (Table-3A.11_0.xlsx)
2018,Bihar,Other Than Custodial Rape (Section 376(2)) - On Women Below 16 years of age (Sec.376(2) (i),,0,NCRB CII 2018 Table 3A.11 (Table-3A.11_0.xlsx)
2018,Chhattisgarh,Other Than Custodial Rape (Section 376(2)) - On Women Below 16 years of age (Sec.376(2) (i),,354,NCRB CII 2018 Table 3A.11 (Table-3A.11_0.xlsx)
2018,Goa,Other Than Custodial Rape (Section 376(2)) - On Women Below 16 years of age (Sec.376(2) (i),,1,NCRB CII 2018 Table 3A.11 (Table-3A.11_0.xlsx)
2018,Gujarat,Other Than Custodial Rape (Section 376(2)) - On Women Below 16 years of age (Sec.376(2) (i),,0,NCRB CII 2018 Table 3A.11 (Table-3A.11_0.xlsx)
2018,Haryana,Other Than Custodial Rape (Section 376(2)) - On Women Below 16 years of age (Sec.376(2) (i),,0,NCRB CII 2018 Table 3A.11 (Table-3A.11_0.xlsx)
2018,Himachal Pradesh,Other Than Custodial Rape (Section 376(2)) - On Women Below 16 years of age (Sec.376(2) (i),,25,NCRB CII 2018 Table 3A.11 (Table-3A.11_0.xlsx)
2018,Jammu & Kashmir,Other Than Custodial Rape (Section 376(2)) - On Women Below 16 years of age (Sec.376(2) (i),,16,NCRB CII 2018 Table 3A.11 (Table-3A.11_0.xlsx)
2018,Jharkhand,Other Than Custodial Rape (Section 376(2)) - On Women Below 16 years of age (Sec.376(2) (i),,0,NCRB CII 2018 Table 3A.11 (Table-3A.11_0.xlsx)
2018,Karnataka,Other Than Custodial Rape (Section 376(2)) - On Women Below 16 years of age (Sec.376(2) (i),,0,NCRB CII 2018 Table 3A.11 (Table-3A.11_0.xlsx)
2018,Kerala,Other Than Custodial Rape (Section 376(2)) - On Women Below 16 years of age (Sec.376(2) (i),,181,NCRB CII 2018 Table 3A.11 (Table-3A.11_0.xlsx)
2018,Madhya Pradesh,Other Than Custodial Rape (Section 376(2)) - On Women Below 16 years of age (Sec.376(2) (i),,485,NCRB CII 2018 Table 3A.11 (Table-3A.11_0.xlsx)
2018,Maharashtra,Other Than Custodial Rape (Section 376(2)) - On Women Below 16 years of age (Sec.376(2) (i),,82,NCRB CII 2018 Table 3A.11 (Table-3A.11_0.xlsx)
2018,Manipur,Other Than Custodial Rape (Section 376(2)) - On Women Below 16 years of age (Sec.376(2) (i),,0,NCRB CII 2018 Table 3A.11 (Table-3A.11_0.xlsx)
2018,Meghalaya,Other Than Custodial Rape (Section 376(2)) - On Women Below 16 years of age (Sec.376(2) (i),,24,NCRB CII 2018 Table 3A.11 (Table-3A.11_0.xlsx)
2018,Mizoram,Other Than Custodial Rape (Section 376(2)) - On Women Below 16 years of age (Sec.376(2) (i),,1,NCRB CII 2018 Table 3A.11 (Table-3A.11_0.xlsx)
2018,Nagaland,Other Than Custodial Rape (Section 376(2)) - On Women Below 16 years of age (Sec.376(2) (i),,0,NCRB CII 2018 Table 3A.11 (Table-3A.11_0.xlsx)
2018,Odisha,Other Than Custodial Rape (Section 376(2)) - On Women Below 16 years of age (Sec.376(2) (i),,7,NCRB CII 2018 Table 3A.11 (Table-3A.11_0.xlsx)
2018,Punjab,Other Than Custodial Rape (Section 376(2)) - On Women Below 16 years of age (Sec.376(2) (i),,30,NCRB CII 2018 Table 3A.11 (Table-3A.11_0.xlsx)
2018,Rajasthan,Other Than Custodial Rape (Section 376(2)) - On Women Below 16 years of age (Sec.376(2) (i),,109,NCRB CII 2018 Table 3A.11 (Table-3A.11_0.xlsx)
2018,Sikkim,Other Than Custodial Rape (Section 376(2)) - On Women Below 16 years of age (Sec.376(2) (i),,0,NCRB CII 2018 Table 3A.11 (Table-3A.11_0.xlsx)
2018,Tamil Nadu,Other Than Custodial Rape (Section 376(2)) - On Women Below 16 years of age (Sec.376(2) (i),,0,NCRB CII 2018 Table 3A.11 (Table-3A.11_0.xlsx)
2018,Telangana,Other Than Custodial Rape (Section 376(2)) - On Women Below 16 years of age (Sec.376(2) (i),,15,NCRB CII 2018 Table 3A.11 (Table-3A.11_0.xlsx)
2018,Tripura,Other Than Custodial Rape (Section 376(2)) - On Women Below 16 years of age (Sec.376(2) (i),,0,NCRB CII 2018 Table 3A.11 (Table-3A.11_0.xlsx)
2018,Uttar Pradesh,Other Than Custodial Rape (Section 376(2)) - On Women Below 16 years of age (Sec.376(2) (i),,72,NCRB CII 2018 Table 3A.11 (Table-3A.11_0.xlsx)
2018,Uttarakhand,Other Than Custodial Rape (Section 376(2)) - On Women Below 16 years of age (Sec.376(2) (i),,8,NCRB CII 2018 Table 3A.11 (Table-3A.11_0.xlsx)
2018,West Bengal,Other Than Custodial Rape (Section 376(2)) - On Women Below 16 years of age (Sec.376(2) (i),,0,NCRB CII 2018 Table 3A.11 (Table-3A.11_0.xlsx)
2018,Andaman & Nicobar Islands,Other Than Custodial Rape (Section 376(2)) - On Women Below 16 years of age (Sec.376(2) (i),,0,NCRB CII 2018 Table 3A.11 (Table-3A.11_0.xlsx)
2018,Chandigarh,Other Than Custodial Rape (Section 376(2)) - On Women Below 16 years of age (Sec.376(2) (i),,3,NCRB CII 2018 Table 3A.11 (Table-3A.11_0.xlsx)
2018,Dadra & Nagar Haveli and Daman & Diu,Other Than Custodial Rape (Section 376(2)) - On Women Below 16 years of age (Sec.376(2) (i),,0,NCRB CII 2018 Table 3A.11 (Table-3A.11_0.xlsx)
2018,Delhi,Other Than Custodial Rape (Section 376(2)) - On Women Below 16 years of age (Sec.376(2) (i),,0,NCRB CII 2018 Table 3A.11 (Table-3A.11_0.xlsx)
2018,Lakshadweep,Other Than Custodial Rape (Section 376(2)) - On Women Below 16 years of age (Sec.376(2) (i),,0,NCRB CII 2018 Table 3A.11 (Table-3A.11_0.xlsx)
2018,Puducherry,Other Than Custodial Rape (Section 376(2)) - On Women Below 16 years of age (Sec.376(2) (i),,0,NCRB CII 2018 Table 3A.11 (Table-3A.11_0.xlsx)
2018,All India,Other Than Custodial Rape (Section 376(2)) - On Women Below 16 years of age (Sec.376(2) (i),,1546,NCRB CII 2018 Table 3A.11 (Table-3A.11_0.xlsx)
2018,Andhra Pradesh,Other Than Custodial Rape (Section 376(2)) - On Women Incapable of giving Consent (Sec.376(2) (j),,0,NCRB CII 2018 Table 3A.11 (Table-3A.11_0.xlsx)
2018,Arunachal Pradesh,Other Than Custodial Rape (Section 376(2)) - On Women Incapable of giving Consent (Sec.376(2) (j),,1,NCRB CII 2018 Table 3A.11 (Table-3A.11_0.xlsx)
2018,Assam,Other Than Custodial Rape (Section 376(2)) - On Women Incapable of giving Consent (Sec.376(2) (j),,0,NCRB CII 2018 Table 3A.11 (Table-3A.11_0.xlsx)
2018,Bihar,Other Than Custodial Rape (Section 376(2)) - On Women Incapable of giving Consent (Sec.376(2) (j),,0,NCRB CII 2018 Table 3A.11 (Table-3A.11_0.xlsx)
2018,Chhattisgarh,Other Than Custodial Rape (Section 376(2)) - On Women Incapable of giving Consent (Sec.376(2) (j),,30,NCRB CII 2018 Table 3A.11 (Table-3A.11_0.xlsx)
2018,Goa,Other Than Custodial Rape (Section 376(2)) - On Women Incapable of giving Consent (Sec.376(2) (j),,0,NCRB CII 2018 Table 3A.11 (Table-3A.11_0.xlsx)
2018,Gujarat,Other Than Custodial Rape (Section 376(2)) - On Women Incapable of giving Consent (Sec.376(2) (j),,2,NCRB CII 2018 Table 3A.11 (Table-3A.11_0.xlsx)
2018,Haryana,Other Than Custodial Rape (Section 376(2)) - On Women Incapable of giving Consent (Sec.376(2) (j),,0,NCRB CII 2018 Table 3A.11 (Table-3A.11_0.xlsx)
2018,Himachal Pradesh,Other Than Custodial Rape (Section 376(2)) - On Women Incapable of giving Consent (Sec.376(2) (j),,0,NCRB CII 2018 Table 3A.11 (Table-3A.11_0.xlsx)
2018,Jammu & Kashmir,Other Than Custodial Rape (Section 376(2)) - On Women Incapable of giving Consent (Sec.376(2) (j),,0,NCRB CII 2018 Table 3A.11 (Table-3A.11_0.xlsx)
2018,Jharkhand,Other Than Custodial Rape (Section 376(2)) - On Women Incapable of giving Consent (Sec.376(2) (j),,0,NCRB CII 2018 Table 3A.11 (Table-3A.11_0.xlsx)
2018,Karnataka,Other Than Custodial Rape (Section 376(2)) - On Women Incapable of giving Consent (Sec.376(2) (j),,0,NCRB CII 2018 Table 3A.11 (Table-3A.11_0.xlsx)
2018,Kerala,Other Than Custodial Rape (Section 376(2)) - On Women Incapable of giving Consent (Sec.376(2) (j),,2,NCRB CII 2018 Table 3A.11 (Table-3A.11_0.xlsx)
2018,Madhya Pradesh,Other Than Custodial Rape (Section 376(2)) - On Women Incapable of giving Consent (Sec.376(2) (j),,62,NCRB CII 2018 Table 3A.11 (Table-3A.11_0.xlsx)
2018,Maharashtra,Other Than Custodial Rape (Section 376(2)) - On Women Incapable of giving Consent (Sec.376(2) (j),,24,NCRB CII 2018 Table 3A.11 (Table-3A.11_0.xlsx)
2018,Manipur,Other Than Custodial Rape (Section 376(2)) - On Women Incapable of giving Consent (Sec.376(2) (j),,0,NCRB CII 2018 Table 3A.11 (Table-3A.11_0.xlsx)
2018,Meghalaya,Other Than Custodial Rape (Section 376(2)) - On Women Incapable of giving Consent (Sec.376(2) (j),,0,NCRB CII 2018 Table 3A.11 (Table-3A.11_0.xlsx)
2018,Mizoram,Other Than Custodial Rape (Section 376(2)) - On Women Incapable of giving Consent (Sec.376(2) (j),,0,NCRB CII 2018 Table 3A.11 (Table-3A.11_0.xlsx)
2018,Nagaland,Other Than Custodial Rape (Section 376(2)) - On Women Incapable of giving Consent (Sec.376(2) (j),,0,NCRB CII 2018 Table 3A.11 (Table-3A.11_0.xlsx)
2018,Odisha,Other Than Custodial Rape (Section 376(2)) - On Women Incapable of giving Consent (Sec.376(2) (j),,0,NCRB CII 2018 Table 3A.11 (Table-3A.11_0.xlsx)
2018,Punjab,Other Than Custodial Rape (Section 376(2)) - On Women Incapable of giving Consent (Sec.376(2) (j),,10,NCRB CII 2018 Table 3A.11 (Table-3A.11_0.xlsx)
2018,Rajasthan,Other Than Custodial Rape (Section 376(2)) - On Women Incapable of giving Consent (Sec.376(2) (j),,237,NCRB CII 2018 Table 3A.11 (Table-3A.11_0.xlsx)
2018,Sikkim,Other Than Custodial Rape (Section 376(2)) - On Women Incapable of giving Consent (Sec.376(2) (j),,0,NCRB CII 2018 Table 3A.11 (Table-3A.11_0.xlsx)
2018,Tamil Nadu,Other Than Custodial Rape (Section 376(2)) - On Women Incapable of giving Consent (Sec.376(2) (j),,0,NCRB CII 2018 Table 3A.11 (Table-3A.11_0.xlsx)
2018,Telangana,Other Than Custodial Rape (Section 376(2)) - On Women Incapable of giving Consent (Sec.376(2) (j),,28,NCRB CII 2018 Table 3A.11 (Table-3A.11_0.xlsx)
2018,Tripura,Other Than Custodial Rape (Section 376(2)) - On Women Incapable of giving Consent (Sec.376(2) (j),,0,NCRB CII 2018 Table 3A.11 (Table-3A.11_0.xlsx)
2018,Uttar Pradesh,Other Than Custodial Rape (Section 376(2)) - On Women Incapable of giving Consent (Sec.376(2) (j),,0,NCRB CII 2018 Table 3A.11 (Table-3A.11_0.xlsx)
2018,Uttarakhand,Other Than Custodial Rape (Section 376(2)) - On Women Incapable of giving Consent (Sec.376(2) (j),,0,NCRB CII 2018 Table 3A.11 (Table-3A.11_0.xlsx)
2018,West Bengal,Other Than Custodial Rape (Section 376(2)) - On Women Incapable of giving Consent (Sec.376(2) (j),,0,NCRB CII 2018 Table 3A.11 (Table-3A.11_0.xlsx)
2018,Andaman & Nicobar Islands,Other Than Custodial Rape (Section 376(2)) - On Women Incapable of giving Consent (Sec.376(2) (j),,0,NCRB CII 2018 Table 3A.11 (Table-3A.11_0.xlsx)
2018,Chandigarh,Other Than Custodial Rape (Section 376(2)) - On Women Incapable of giving Consent (Sec.376(2) (j),,0,NCRB CII 2018 Table 3A.11 (Table-3A.11_0.xlsx)
2018,Dadra & Nagar Haveli and Daman & Diu,Other Than Custodial Rape (Section 376(2)) - On Women Incapable of giving Consent (Sec.376(2) (j),,0,NCRB CII 2018 Table 3A.11 (Table-3A.11_0.xlsx)
2018,Delhi,Other Than Custodial Rape (Section 376(2)) - On Women Incapable of giving Consent (Sec.376(2) (j),,0,NCRB CII 2018 Table 3A.11 (Table-3A.11_0.xlsx)
2018,Lakshadweep,Other Than Custodial Rape (Section 376(2)) - On Women Incapable of giving Consent (Sec.376(2) (j),,0,NCRB CII 2018 Table 3A.11 (Table-3A.11_0.xlsx)
2018,Puducherry,Other Than Custodial Rape (Section 376(2)) - On Women Incapable of giving Consent (Sec.376(2) (j),,0,NCRB CII 2018 Table 3A.11 (Table-3A.11_0.xlsx)
2018,All India,Other Than Custodial Rape (Section 376(2)) - On Women Incapable of giving Consent (Sec.376(2) (j),,396,NCRB CII 2018 Table 3A.11 (Table-3A.11_0.xlsx)
2018,Andhra Pradesh,Other Than Custodial Rape (Section 376(2)) - By Persons in Control or Dominance over women (Sec.376(2) (k),,1,NCRB CII 2018 Table 3A.11 (Table-3A.11_0.xlsx)
2018,Arunachal Pradesh,Other Than Custodial Rape (Section 376(2)) - By Persons in Control or Dominance over women (Sec.376(2) (k),,0,NCRB CII 2018 Table 3A.11 (Table-3A.11_0.xlsx)
2018,Assam,Other Than Custodial Rape (Section 376(2)) - By Persons in Control or Dominance over women (Sec.376(2) (k),,43,NCRB CII 2018 Table 3A.11 (Table-3A.11_0.xlsx)
2018,Bihar,Other Than Custodial Rape (Section 376(2)) - By Persons in Control or Dominance over women (Sec.376(2) (k),,0,NCRB CII 2018 Table 3A.11 (Table-3A.11_0.xlsx)
2018,Chhattisgarh,Other Than Custodial Rape (Section 376(2)) - By Persons in Control or Dominance over women (Sec.376(2) (k),,0,NCRB CII 2018 Table 3A.11 (Table-3A.11_0.xlsx)
2018,Goa,Other Than Custodial Rape (Section 376(2)) - By Persons in Control or Dominance over women (Sec.376(2) (k),,0,NCRB CII 2018 Table 3A.11 (Table-3A.11_0.xlsx)
2018,Gujarat,Other Than Custodial Rape (Section 376(2)) - By Persons in Control or Dominance over women (Sec.376(2) (k),,0,NCRB CII 2018 Table 3A.11 (Table-3A.11_0.xlsx)
2018,Haryana,Other Than Custodial Rape (Section 376(2)) - By Persons in Control or Dominance over women (Sec.376(2) (k),,0,NCRB CII 2018 Table 3A.11 (Table-3A.11_0.xlsx)
2018,Himachal Pradesh,Other Than Custodial Rape (Section 376(2)) - By Persons in Control or Dominance over women (Sec.376(2) (k),,0,NCRB CII 2018 Table 3A.11 (Table-3A.11_0.xlsx)
2018,Jammu & Kashmir,Other Than Custodial Rape (Section 376(2)) - By Persons in Control or Dominance over women (Sec.376(2) (k),,0,NCRB CII 2018 Table 3A.11 (Table-3A.11_0.xlsx)
2018,Jharkhand,Other Than Custodial Rape (Section 376(2)) - By Persons in Control or Dominance over women (Sec.376(2) (k),,0,NCRB CII 2018 Table 3A.11 (Table-3A.11_0.xlsx)
2018,Karnataka,Other Than Custodial Rape (Section 376(2)) - By Persons in Control or Dominance over women (Sec.376(2) (k),,0,NCRB CII 2018 Table 3A.11 (Table-3A.11_0.xlsx)
2018,Kerala,Other Than Custodial Rape (Section 376(2)) - By Persons in Control or Dominance over women (Sec.376(2) (k),,6,NCRB CII 2018 Table 3A.11 (Table-3A.11_0.xlsx)
2018,Madhya Pradesh,Other Than Custodial Rape (Section 376(2)) - By Persons in Control or Dominance over women (Sec.376(2) (k),,12,NCRB CII 2018 Table 3A.11 (Table-3A.11_0.xlsx)
2018,Maharashtra,Other Than Custodial Rape (Section 376(2)) - By Persons in Control or Dominance over women (Sec.376(2) (k),,0,NCRB CII 2018 Table 3A.11 (Table-3A.11_0.xlsx)
2018,Manipur,Other Than Custodial Rape (Section 376(2)) - By Persons in Control or Dominance over women (Sec.376(2) (k),,0,NCRB CII 2018 Table 3A.11 (Table-3A.11_0.xlsx)
2018,Meghalaya,Other Than Custodial Rape (Section 376(2)) - By Persons in Control or Dominance over women (Sec.376(2) (k),,0,NCRB CII 2018 Table 3A.11 (Table-3A.11_0.xlsx)
2018,Mizoram,Other Than Custodial Rape (Section 376(2)) - By Persons in Control or Dominance over women (Sec.376(2) (k),,0,NCRB CII 2018 Table 3A.11 (Table-3A.11_0.xlsx)
2018,Nagaland,Other Than Custodial Rape (Section 376(2)) - By Persons in Control or Dominance over women (Sec.376(2) (k),,0,NCRB CII 2018 Table 3A.11 (Table-3A.11_0.xlsx)
2018,Odisha,Other Than Custodial Rape (Section 376(2)) - By Persons in Control or Dominance over women (Sec.376(2) (k),,0,NCRB CII 2018 Table 3A.11 (Table-3A.11_0.xlsx)
2018,Punjab,Other Than Custodial Rape (Section 376(2)) - By Persons in Control or Dominance over women (Sec.376(2) (k),,0,NCRB CII 2018 Table 3A.11 (Table-3A.11_0.xlsx)
2018,Rajasthan,Other Than Custodial Rape (Section 376(2)) - By Persons in Control or Dominance over women (Sec.376(2) (k),,73,NCRB CII 2018 Table 3A.11 (Table-3A.11_0.xlsx)
2018,Sikkim,Other Than Custodial Rape (Section 376(2)) - By Persons in Control or Dominance over women (Sec.376(2) (k),,0,NCRB CII 2018 Table 3A.11 (Table-3A.11_0.xlsx)
2018,Tamil Nadu,Other Than Custodial Rape (Section 376(2)) - By Persons in Control or Dominance over women (Sec.376(2) (k),,1,NCRB CII 2018 Table 3A.11 (Table-3A.11_0.xlsx)
2018,Telangana,Other Than Custodial Rape (Section 376(2)) - By Persons in Control or Dominance over women (Sec.376(2) (k),,0,NCRB CII 2018 Table 3A.11 (Table-3A.11_0.xlsx)
2018,Tripura,Other Than Custodial Rape (Section 376(2)) - By Persons in Control or Dominance over women (Sec.376(2) (k),,0,NCRB CII 2018 Table 3A.11 (Table-3A.11_0.xlsx)
2018,Uttar Pradesh,Other Than Custodial Rape (Section 376(2)) - By Persons in Control or Dominance over women (Sec.376(2) (k),,0,NCRB CII 2018 Table 3A.11 (Table-3A.11_0.xlsx)
2018,Uttarakhand,Other Than Custodial Rape (Section 376(2)) - By Persons in Control or Dominance over women (Sec.376(2) (k),,0,NCRB CII 2018 Table 3A.11 (Table-3A.11_0.xlsx)
2018,West Bengal,Other Than Custodial Rape (Section 376(2)) - By Persons in Control or Dominance over women (Sec.376(2) (k),,0,NCRB CII 2018 Table 3A.11 (Table-3A.11_0.xlsx)
2018,Andaman & Nicobar Islands,Other Than Custodial Rape (Section 376(2)) - By Persons in Control or Dominance over women (Sec.376(2) (k),,0,NCRB CII 2018 Table 3A.11 (Table-3A.11_0.xlsx)
2018,Chandigarh,Other Than Custodial Rape (Section 376(2)) - By Persons in Control or Dominance over women (Sec.376(2) (k),,0,NCRB CII 2018 Table 3A.11 (Table-3A.11_0.xlsx)
2018,Dadra & Nagar Haveli and Daman & Diu,Other Than Custodial Rape (Section 376(2)) - By Persons in Control or Dominance over women (Sec.376(2) (k),,0,NCRB CII 2018 Table 3A.11 (Table-3A.11_0.xlsx)
2018,Delhi,Other Than Custodial Rape (Section 376(2)) - By Persons in Control or Dominance over women (Sec.376(2) (k),,0,NCRB CII 2018 Table 3A.11 (Table-3A.11_0.xlsx)
2018,Lakshadweep,Other Than Custodial Rape (Section 376(2)) - By Persons in Control or Dominance over women (Sec.376(2) (k),,0,NCRB CII 2018 Table 3A.11 (Table-3A.11_0.xlsx)
2018,Puducherry,Other Than Custodial Rape (Section 376(2)) - By Persons in Control or Dominance over women (Sec.376(2) (k),,0,NCRB CII 2018 Table 3A.11 (Table-3A.11_0.xlsx)
2018,All India,Other Than Custodial Rape (Section 376(2)) - By Persons in Control or Dominance over women (Sec.376(2) (k),,136,NCRB CII 2018 Table 3A.11 (Table-3A.11_0.xlsx)
2018,Andhra Pradesh,Other Than Custodial Rape (Section 376(2)) - On Women with Mental or Physical disability (Sec.376(2)(l),,9,NCRB CII 2018 Table 3A.11 (Table-3A.11_0.xlsx)
2018,Arunachal Pradesh,Other Than Custodial Rape (Section 376(2)) - On Women with Mental or Physical disability (Sec.376(2)(l),,1,NCRB CII 2018 Table 3A.11 (Table-3A.11_0.xlsx)
2018,Assam,Other Than Custodial Rape (Section 376(2)) - On Women with Mental or Physical disability (Sec.376(2)(l),,0,NCRB CII 2018 Table 3A.11 (Table-3A.11_0.xlsx)
2018,Bihar,Other Than Custodial Rape (Section 376(2)) - On Women with Mental or Physical disability (Sec.376(2)(l),,2,NCRB CII 2018 Table 3A.11 (Table-3A.11_0.xlsx)
2018,Chhattisgarh,Other Than Custodial Rape (Section 376(2)) - On Women with Mental or Physical disability (Sec.376(2)(l),,2,NCRB CII 2018 Table 3A.11 (Table-3A.11_0.xlsx)
2018,Goa,Other Than Custodial Rape (Section 376(2)) - On Women with Mental or Physical disability (Sec.376(2)(l),,0,NCRB CII 2018 Table 3A.11 (Table-3A.11_0.xlsx)
2018,Gujarat,Other Than Custodial Rape (Section 376(2)) - On Women with Mental or Physical disability (Sec.376(2)(l),,3,NCRB CII 2018 Table 3A.11 (Table-3A.11_0.xlsx)
2018,Haryana,Other Than Custodial Rape (Section 376(2)) - On Women with Mental or Physical disability (Sec.376(2)(l),,1,NCRB CII 2018 Table 3A.11 (Table-3A.11_0.xlsx)
2018,Himachal Pradesh,Other Than Custodial Rape (Section 376(2)) - On Women with Mental or Physical disability (Sec.376(2)(l),,1,NCRB CII 2018 Table 3A.11 (Table-3A.11_0.xlsx)
2018,Jammu & Kashmir,Other Than Custodial Rape (Section 376(2)) - On Women with Mental or Physical disability (Sec.376(2)(l),,0,NCRB CII 2018 Table 3A.11 (Table-3A.11_0.xlsx)
2018,Jharkhand,Other Than Custodial Rape (Section 376(2)) - On Women with Mental or Physical disability (Sec.376(2)(l),,0,NCRB CII 2018 Table 3A.11 (Table-3A.11_0.xlsx)
2018,Karnataka,Other Than Custodial Rape (Section 376(2)) - On Women with Mental or Physical disability (Sec.376(2)(l),,6,NCRB CII 2018 Table 3A.11 (Table-3A.11_0.xlsx)
2018,Kerala,Other Than Custodial Rape (Section 376(2)) - On Women with Mental or Physical disability (Sec.376(2)(l),,9,NCRB CII 2018 Table 3A.11 (Table-3A.11_0.xlsx)
2018,Madhya Pradesh,Other Than Custodial Rape (Section 376(2)) - On Women with Mental or Physical disability (Sec.376(2)(l),,17,NCRB CII 2018 Table 3A.11 (Table-3A.11_0.xlsx)
2018,Maharashtra,Other Than Custodial Rape (Section 376(2)) - On Women with Mental or Physical disability (Sec.376(2)(l),,20,NCRB CII 2018 Table 3A.11 (Table-3A.11_0.xlsx)
2018,Manipur,Other Than Custodial Rape (Section 376(2)) - On Women with Mental or Physical disability (Sec.376(2)(l),,0,NCRB CII 2018 Table 3A.11 (Table-3A.11_0.xlsx)
2018,Meghalaya,Other Than Custodial Rape (Section 376(2)) - On Women with Mental or Physical disability (Sec.376(2)(l),,2,NCRB CII 2018 Table 3A.11 (Table-3A.11_0.xlsx)
2018,Mizoram,Other Than Custodial Rape (Section 376(2)) - On Women with Mental or Physical disability (Sec.376(2)(l),,1,NCRB CII 2018 Table 3A.11 (Table-3A.11_0.xlsx)
2018,Nagaland,Other Than Custodial Rape (Section 376(2)) - On Women with Mental or Physical disability (Sec.376(2)(l),,0,NCRB CII 2018 Table 3A.11 (Table-3A.11_0.xlsx)
2018,Odisha,Other Than Custodial Rape (Section 376(2)) - On Women with Mental or Physical disability (Sec.376(2)(l),,1,NCRB CII 2018 Table 3A.11 (Table-3A.11_0.xlsx)
2018,Punjab,Other Than Custodial Rape (Section 376(2)) - On Women with Mental or Physical disability (Sec.376(2)(l),,0,NCRB CII 2018 Table 3A.11 (Table-3A.11_0.xlsx)
2018,Rajasthan,Other Than Custodial Rape (Section 376(2)) - On Women with Mental or Physical disability (Sec.376(2)(l),,1,NCRB CII 2018 Table 3A.11 (Table-3A.11_0.xlsx)
2018,Sikkim,Other Than Custodial Rape (Section 376(2)) - On Women with Mental or Physical disability (Sec.376(2)(l),,0,NCRB CII 2018 Table 3A.11 (Table-3A.11_0.xlsx)
2018,Tamil Nadu,Other Than Custodial Rape (Section 376(2)) - On Women with Mental or Physical disability (Sec.376(2)(l),,1,NCRB CII 2018 Table 3A.11 (Table-3A.11_0.xlsx)
2018,Telangana,Other Than Custodial Rape (Section 376(2)) - On Women with Mental or Physical disability (Sec.376(2)(l),,1,NCRB CII 2018 Table 3A.11 (Table-3A.11_0.xlsx)
2018,Tripura,Other Than Custodial Rape (Section 376(2)) - On Women with Mental or Physical disability (Sec.376(2)(l),,1,NCRB CII 2018 Table 3A.11 (Table-3A.11_0.xlsx)
2018,Uttar Pradesh,Other Than Custodial Rape (Section 376(2)) - On Women with Mental or Physical disability (Sec.376(2)(l),,0,NCRB CII 2018 Table 3A.11 (Table-3A.11_0.xlsx)
2018,Uttarakhand,Other Than Custodial Rape (Section 376(2)) - On Women with Mental or Physical disability (Sec.376(2)(l),,0,NCRB CII 2018 Table 3A.11 (Table-3A.11_0.xlsx)
2018,West Bengal,Other Than Custodial Rape (Section 376(2)) - On Women with Mental or Physical disability (Sec.376(2)(l),,7,NCRB CII 2018 Table 3A.11 (Table-3A.11_0.xlsx)
2018,Andaman & Nicobar Islands,Other Than Custodial Rape (Section 376(2)) - On Women with Mental or Physical disability (Sec.376(2)(l),,0,NCRB CII 2018 Table 3A.11 (Table-3A.11_0.xlsx)
2018,Chandigarh,Other Than Custodial Rape (Section 376(2)) - On Women with Mental or Physical disability (Sec.376(2)(l),,1,NCRB CII 2018 Table 3A.11 (Table-3A.11_0.xlsx)
2018,Dadra & Nagar Haveli and Daman & Diu,Other Than Custodial Rape (Section 376(2)) - On Women with Mental or Physical disability (Sec.376(2)(l),,0,NCRB CII 2018 Table 3A.11 (Table-3A.11_0.xlsx)
2018,Delhi,Other Than Custodial Rape (Section 376(2)) - On Women with Mental or Physical disability (Sec.376(2)(l),,0,NCRB CII 2018 Table 3A.11 (Table-3A.11_0.xlsx)
2018,Lakshadweep,Other Than Custodial Rape (Section 376(2)) - On Women with Mental or Physical disability (Sec.376(2)(l),,0,NCRB CII 2018 Table 3A.11 (Table-3A.11_0.xlsx)
2018,Puducherry,Other Than Custodial Rape (Section 376(2)) - On Women with Mental or Physical disability (Sec.376(2)(l),,0,NCRB CII 2018 Table 3A.11 (Table-3A.11_0.xlsx)
2018,All India,Other Than Custodial Rape (Section 376(2)) - On Women with Mental or Physical disability (Sec.376(2)(l),,87,NCRB CII 2018 Table 3A.11 (Table-3A.11_0.xlsx)
2018,Andhra Pradesh,Other Than Custodial Rape (Section 376(2)) - Endanger life of Women after Rape (Sec.376(2)(m),,0,NCRB CII 2018 Table 3A.11 (Table-3A.11_0.xlsx)
2018,Arunachal Pradesh,Other Than Custodial Rape (Section 376(2)) - Endanger life of Women after Rape (Sec.376(2)(m),,0,NCRB CII 2018 Table 3A.11 (Table-3A.11_0.xlsx)
2018,Assam,Other Than Custodial Rape (Section 376(2)) - Endanger life of Women after Rape (Sec.376(2)(m),,0,NCRB CII 2018 Table 3A.11 (Table-3A.11_0.xlsx)
2018,Bihar,Other Than Custodial Rape (Section 376(2)) - Endanger life of Women after Rape (Sec.376(2)(m),,0,NCRB CII 2018 Table 3A.11 (Table-3A.11_0.xlsx)
2018,Chhattisgarh,Other Than Custodial Rape (Section 376(2)) - Endanger life of Women after Rape (Sec.376(2)(m),,0,NCRB CII 2018 Table 3A.11 (Table-3A.11_0.xlsx)
2018,Goa,Other Than Custodial Rape (Section 376(2)) - Endanger life of Women after Rape (Sec.376(2)(m),,0,NCRB CII 2018 Table 3A.11 (Table-3A.11_0.xlsx)
2018,Gujarat,Other Than Custodial Rape (Section 376(2)) - Endanger life of Women after Rape (Sec.376(2)(m),,3,NCRB CII 2018 Table 3A.11 (Table-3A.11_0.xlsx)
2018,Haryana,Other Than Custodial Rape (Section 376(2)) - Endanger life of Women after Rape (Sec.376(2)(m),,0,NCRB CII 2018 Table 3A.11 (Table-3A.11_0.xlsx)
2018,Himachal Pradesh,Other Than Custodial Rape (Section 376(2)) - Endanger life of Women after Rape (Sec.376(2)(m),,0,NCRB CII 2018 Table 3A.11 (Table-3A.11_0.xlsx)
2018,Jammu & Kashmir,Other Than Custodial Rape (Section 376(2)) - Endanger life of Women after Rape (Sec.376(2)(m),,0,NCRB CII 2018 Table 3A.11 (Table-3A.11_0.xlsx)
2018,Jharkhand,Other Than Custodial Rape (Section 376(2)) - Endanger life of Women after Rape (Sec.376(2)(m),,0,NCRB CII 2018 Table 3A.11 (Table-3A.11_0.xlsx)
2018,Karnataka,Other Than Custodial Rape (Section 376(2)) - Endanger life of Women after Rape (Sec.376(2)(m),,0,NCRB CII 2018 Table 3A.11 (Table-3A.11_0.xlsx)
2018,Kerala,Other Than Custodial Rape (Section 376(2)) - Endanger life of Women after Rape (Sec.376(2)(m),,1,NCRB CII 2018 Table 3A.11 (Table-3A.11_0.xlsx)
2018,Madhya Pradesh,Other Than Custodial Rape (Section 376(2)) - Endanger life of Women after Rape (Sec.376(2)(m),,7,NCRB CII 2018 Table 3A.11 (Table-3A.11_0.xlsx)
2018,Maharashtra,Other Than Custodial Rape (Section 376(2)) - Endanger life of Women after Rape (Sec.376(2)(m),,0,NCRB CII 2018 Table 3A.11 (Table-3A.11_0.xlsx)
2018,Manipur,Other Than Custodial Rape (Section 376(2)) - Endanger life of Women after Rape (Sec.376(2)(m),,0,NCRB CII 2018 Table 3A.11 (Table-3A.11_0.xlsx)
2018,Meghalaya,Other Than Custodial Rape (Section 376(2)) - Endanger life of Women after Rape (Sec.376(2)(m),,0,NCRB CII 2018 Table 3A.11 (Table-3A.11_0.xlsx)
2018,Mizoram,Other Than Custodial Rape (Section 376(2)) - Endanger life of Women after Rape (Sec.376(2)(m),,0,NCRB CII 2018 Table 3A.11 (Table-3A.11_0.xlsx)
2018,Nagaland,Other Than Custodial Rape (Section 376(2)) - Endanger life of Women after Rape (Sec.376(2)(m),,0,NCRB CII 2018 Table 3A.11 (Table-3A.11_0.xlsx)
2018,Odisha,Other Than Custodial Rape (Section 376(2)) - Endanger life of Women after Rape (Sec.376(2)(m),,1,NCRB CII 2018 Table 3A.11 (Table-3A.11_0.xlsx)
2018,Punjab,Other Than Custodial Rape (Section 376(2)) - Endanger life of Women after Rape (Sec.376(2)(m),,0,NCRB CII 2018 Table 3A.11 (Table-3A.11_0.xlsx)
2018,Rajasthan,Other Than Custodial Rape (Section 376(2)) - Endanger life of Women after Rape (Sec.376(2)(m),,2,NCRB CII 2018 Table 3A.11 (Table-3A.11_0.xlsx)
2018,Sikkim,Other Than Custodial Rape (Section 376(2)) - Endanger life of Women after Rape (Sec.376(2)(m),,0,NCRB CII 2018 Table 3A.11 (Table-3A.11_0.xlsx)
2018,Tamil Nadu,Other Than Custodial Rape (Section 376(2)) - Endanger life of Women after Rape (Sec.376(2)(m),,0,NCRB CII 2018 Table 3A.11 (Table-3A.11_0.xlsx)
2018,Telangana,Other Than Custodial Rape (Section 376(2)) - Endanger life of Women after Rape (Sec.376(2)(m),,1,NCRB CII 2018 Table 3A.11 (Table-3A.11_0.xlsx)
2018,Tripura,Other Than Custodial Rape (Section 376(2)) - Endanger life of Women after Rape (Sec.376(2)(m),,0,NCRB CII 2018 Table 3A.11 (Table-3A.11_0.xlsx)
2018,Uttar Pradesh,Other Than Custodial Rape (Section 376(2)) - Endanger life of Women after Rape (Sec.376(2)(m),,0,NCRB CII 2018 Table 3A.11 (Table-3A.11_0.xlsx)
2018,Uttarakhand,Other Than Custodial Rape (Section 376(2)) - Endanger life of Women after Rape (Sec.376(2)(m),,0,NCRB CII 2018 Table 3A.11 (Table-3A.11_0.xlsx)
2018,West Bengal,Other Than Custodial Rape (Section 376(2)) - Endanger life of Women after Rape (Sec.376(2)(m),,1,NCRB CII 2018 Table 3A.11 (Table-3A.11_0.xlsx)
2018,Andaman & Nicobar Islands,Other Than Custodial Rape (Section 376(2)) - Endanger life of Women after Rape (Sec.376(2)(m),,0,NCRB CII 2018 Table 3A.11 (Table-3A.11_0.xlsx)
2018,Chandigarh,Other Than Custodial Rape (Section 376(2)) - Endanger life of Women after Rape (Sec.376(2)(m),,0,NCRB CII 2018 Table 3A.11 (Table-3A.11_0.xlsx)
2018,Dadra & Nagar Haveli and Daman & Diu,Other Than Custodial Rape (Section 376(2)) - Endanger life of Women after Rape (Sec.376(2)(m),,0,NCRB CII 2018 Table 3A.11 (Table-3A.11_0.xlsx)
2018,Delhi,Other Than Custodial Rape (Section 376(2)) - Endanger life of Women after Rape (Sec.376(2)(m),,0,NCRB CII 2018 Table 3A.11 (Table-3A.11_0.xlsx)
2018,Lakshadweep,Other Than Custodial Rape (Section 376(2)) - Endanger life of Women after Rape (Sec.376(2)(m),,0,NCRB CII 2018 Table 3A.11 (Table-3A.11_0.xlsx)
2018,Puducherry,Other Than Custodial Rape (Section 376(2)) - Endanger life of Women after Rape (Sec.376(2)(m),,0,NCRB CII 2018 Table 3A.11 (Table-3A.11_0.xlsx)
2018,All India,Other Than Custodial Rape (Section 376(2)) - Endanger life of Women after Rape (Sec.376(2)(m),,16,NCRB CII 2018 Table 3A.11 (Table-3A.11_0.xlsx)
2018,Andhra Pradesh,Other Than Custodial Rape (Section 376(2)) - Repeated Rape on same women (Sec.376(2)(n),,79,NCRB CII 2018 Table 3A.11 (Table-3A.11_0.xlsx)
2018,Arunachal Pradesh,Other Than Custodial Rape (Section 376(2)) - Repeated Rape on same women (Sec.376(2)(n),,1,NCRB CII 2018 Table 3A.11 (Table-3A.11_0.xlsx)
2018,Assam,Other Than Custodial Rape (Section 376(2)) - Repeated Rape on same women (Sec.376(2)(n),,0,NCRB CII 2018 Table 3A.11 (Table-3A.11_0.xlsx)
2018,Bihar,Other Than Custodial Rape (Section 376(2)) - Repeated Rape on same women (Sec.376(2)(n),,1,NCRB CII 2018 Table 3A.11 (Table-3A.11_0.xlsx)
2018,Chhattisgarh,Other Than Custodial Rape (Section 376(2)) - Repeated Rape on same women (Sec.376(2)(n),,17,NCRB CII 2018 Table 3A.11 (Table-3A.11_0.xlsx)
2018,Goa,Other Than Custodial Rape (Section 376(2)) - Repeated Rape on same women (Sec.376(2)(n),,0,NCRB CII 2018 Table 3A.11 (Table-3A.11_0.xlsx)
2018,Gujarat,Other Than Custodial Rape (Section 376(2)) - Repeated Rape on same women (Sec.376(2)(n),,30,NCRB CII 2018 Table 3A.11 (Table-3A.11_0.xlsx)
2018,Haryana,Other Than Custodial Rape (Section 376(2)) - Repeated Rape on same women (Sec.376(2)(n),,183,NCRB CII 2018 Table 3A.11 (Table-3A.11_0.xlsx)
2018,Himachal Pradesh,Other Than Custodial Rape (Section 376(2)) - Repeated Rape on same women (Sec.376(2)(n),,1,NCRB CII 2018 Table 3A.11 (Table-3A.11_0.xlsx)
2018,Jammu & Kashmir,Other Than Custodial Rape (Section 376(2)) - Repeated Rape on same women (Sec.376(2)(n),,0,NCRB CII 2018 Table 3A.11 (Table-3A.11_0.xlsx)
2018,Jharkhand,Other Than Custodial Rape (Section 376(2)) - Repeated Rape on same women (Sec.376(2)(n),,61,NCRB CII 2018 Table 3A.11 (Table-3A.11_0.xlsx)
2018,Karnataka,Other Than Custodial Rape (Section 376(2)) - Repeated Rape on same women (Sec.376(2)(n),,14,NCRB CII 2018 Table 3A.11 (Table-3A.11_0.xlsx)
2018,Kerala,Other Than Custodial Rape (Section 376(2)) - Repeated Rape on same women (Sec.376(2)(n),,233,NCRB CII 2018 Table 3A.11 (Table-3A.11_0.xlsx)
2018,Madhya Pradesh,Other Than Custodial Rape (Section 376(2)) - Repeated Rape on same women (Sec.376(2)(n),,1444,NCRB CII 2018 Table 3A.11 (Table-3A.11_0.xlsx)
2018,Maharashtra,Other Than Custodial Rape (Section 376(2)) - Repeated Rape on same women (Sec.376(2)(n),,191,NCRB CII 2018 Table 3A.11 (Table-3A.11_0.xlsx)
2018,Manipur,Other Than Custodial Rape (Section 376(2)) - Repeated Rape on same women (Sec.376(2)(n),,0,NCRB CII 2018 Table 3A.11 (Table-3A.11_0.xlsx)
2018,Meghalaya,Other Than Custodial Rape (Section 376(2)) - Repeated Rape on same women (Sec.376(2)(n),,0,NCRB CII 2018 Table 3A.11 (Table-3A.11_0.xlsx)
2018,Mizoram,Other Than Custodial Rape (Section 376(2)) - Repeated Rape on same women (Sec.376(2)(n),,1,NCRB CII 2018 Table 3A.11 (Table-3A.11_0.xlsx)
2018,Nagaland,Other Than Custodial Rape (Section 376(2)) - Repeated Rape on same women (Sec.376(2)(n),,0,NCRB CII 2018 Table 3A.11 (Table-3A.11_0.xlsx)
2018,Odisha,Other Than Custodial Rape (Section 376(2)) - Repeated Rape on same women (Sec.376(2)(n),,33,NCRB CII 2018 Table 3A.11 (Table-3A.11_0.xlsx)
2018,Punjab,Other Than Custodial Rape (Section 376(2)) - Repeated Rape on same women (Sec.376(2)(n),,2,NCRB CII 2018 Table 3A.11 (Table-3A.11_0.xlsx)
2018,Rajasthan,Other Than Custodial Rape (Section 376(2)) - Repeated Rape on same women (Sec.376(2)(n),,92,NCRB CII 2018 Table 3A.11 (Table-3A.11_0.xlsx)
2018,Sikkim,Other Than Custodial Rape (Section 376(2)) - Repeated Rape on same women (Sec.376(2)(n),,0,NCRB CII 2018 Table 3A.11 (Table-3A.11_0.xlsx)
2018,Tamil Nadu,Other Than Custodial Rape (Section 376(2)) - Repeated Rape on same women (Sec.376(2)(n),,0,NCRB CII 2018 Table 3A.11 (Table-3A.11_0.xlsx)
2018,Telangana,Other Than Custodial Rape (Section 376(2)) - Repeated Rape on same women (Sec.376(2)(n),,53,NCRB CII 2018 Table 3A.11 (Table-3A.11_0.xlsx)
2018,Tripura,Other Than Custodial Rape (Section 376(2)) - Repeated Rape on same women (Sec.376(2)(n),,0,NCRB CII 2018 Table 3A.11 (Table-3A.11_0.xlsx)
2018,Uttar Pradesh,Other Than Custodial Rape (Section 376(2)) - Repeated Rape on same women (Sec.376(2)(n),,0,NCRB CII 2018 Table 3A.11 (Table-3A.11_0.xlsx)
2018,Uttarakhand,Other Than Custodial Rape (Section 376(2)) - Repeated Rape on same women (Sec.376(2)(n),,0,NCRB CII 2018 Table 3A.11 (Table-3A.11_0.xlsx)
2018,West Bengal,Other Than Custodial Rape (Section 376(2)) - Repeated Rape on same women (Sec.376(2)(n),,4,NCRB CII 2018 Table 3A.11 (Table-3A.11_0.xlsx)
2018,Andaman & Nicobar Islands,Other Than Custodial Rape (Section 376(2)) - Repeated Rape on same women (Sec.376(2)(n),,1,NCRB CII 2018 Table 3A.11 (Table-3A.11_0.xlsx)
2018,Chandigarh,Other Than Custodial Rape (Section 376(2)) - Repeated Rape on same women (Sec.376(2)(n),,13,NCRB CII 2018 Table 3A.11 (Table-3A.11_0.xlsx)
2018,Dadra & Nagar Haveli and Daman & Diu,Other Than Custodial Rape (Section 376(2)) - Repeated Rape on same women (Sec.376(2)(n),,0,NCRB CII 2018 Table 3A.11 (Table-3A.11_0.xlsx)
2018,Delhi,Other Than Custodial Rape (Section 376(2)) - Repeated Rape on same women (Sec.376(2)(n),,18,NCRB CII 2018 Table 3A.11 (Table-3A.11_0.xlsx)
2018,Lakshadweep,Other Than Custodial Rape (Section 376(2)) - Repeated Rape on same women (Sec.376(2)(n),,0,NCRB CII 2018 Table 3A.11 (Table-3A.11_0.xlsx)
2018,Puducherry,Other Than Custodial Rape (Section 376(2)) - Repeated Rape on same women (Sec.376(2)(n),,0,NCRB CII 2018 Table 3A.11 (Table-3A.11_0.xlsx)
2018,All India,Other Than Custodial Rape (Section 376(2)) - Repeated Rape on same women (Sec.376(2)(n),,2472,NCRB CII 2018 Table 3A.11 (Table-3A.11_0.xlsx)
2018,Andhra Pradesh,Other Than Custodial Rape (Section 376(2)) - Other Custodial Rapes,,81,NCRB CII 2018 Table 3A.11 (Table-3A.11_0.xlsx)
2018,Arunachal Pradesh,Other Than Custodial Rape (Section 376(2)) - Other Custodial Rapes,,0,NCRB CII 2018 Table 3A.11 (Table-3A.11_0.xlsx)
2018,Assam,Other Than Custodial Rape (Section 376(2)) - Other Custodial Rapes,,5,NCRB CII 2018 Table 3A.11 (Table-3A.11_0.xlsx)
2018,Bihar,Other Than Custodial Rape (Section 376(2)) - Other Custodial Rapes,,3,NCRB CII 2018 Table 3A.11 (Table-3A.11_0.xlsx)
2018,Chhattisgarh,Other Than Custodial Rape (Section 376(2)) - Other Custodial Rapes,,0,NCRB CII 2018 Table 3A.11 (Table-3A.11_0.xlsx)
2018,Goa,Other Than Custodial Rape (Section 376(2)) - Other Custodial Rapes,,0,NCRB CII 2018 Table 3A.11 (Table-3A.11_0.xlsx)
2018,Gujarat,Other Than Custodial Rape (Section 376(2)) - Other Custodial Rapes,,0,NCRB CII 2018 Table 3A.11 (Table-3A.11_0.xlsx)
2018,Haryana,Other Than Custodial Rape (Section 376(2)) - Other Custodial Rapes,,1,NCRB CII 2018 Table 3A.11 (Table-3A.11_0.xlsx)
2018,Himachal Pradesh,Other Than Custodial Rape (Section 376(2)) - Other Custodial Rapes,,0,NCRB CII 2018 Table 3A.11 (Table-3A.11_0.xlsx)
2018,Jammu & Kashmir,Other Than Custodial Rape (Section 376(2)) - Other Custodial Rapes,,0,NCRB CII 2018 Table 3A.11 (Table-3A.11_0.xlsx)
2018,Jharkhand,Other Than Custodial Rape (Section 376(2)) - Other Custodial Rapes,,0,NCRB CII 2018 Table 3A.11 (Table-3A.11_0.xlsx)
2018,Karnataka,Other Than Custodial Rape (Section 376(2)) - Other Custodial Rapes,,0,NCRB CII 2018 Table 3A.11 (Table-3A.11_0.xlsx)
2018,Kerala,Other Than Custodial Rape (Section 376(2)) - Other Custodial Rapes,,0,NCRB CII 2018 Table 3A.11 (Table-3A.11_0.xlsx)
2018,Madhya Pradesh,Other Than Custodial Rape (Section 376(2)) - Other Custodial Rapes,,4,NCRB CII 2018 Table 3A.11 (Table-3A.11_0.xlsx)
2018,Maharashtra,Other Than Custodial Rape (Section 376(2)) - Other Custodial Rapes,,3,NCRB CII 2018 Table 3A.11 (Table-3A.11_0.xlsx)
2018,Manipur,Other Than Custodial Rape (Section 376(2)) - Other Custodial Rapes,,0,NCRB CII 2018 Table 3A.11 (Table-3A.11_0.xlsx)
2018,Meghalaya,Other Than Custodial Rape (Section 376(2)) - Other Custodial Rapes,,0,NCRB CII 2018 Table 3A.11 (Table-3A.11_0.xlsx)
2018,Mizoram,Other Than Custodial Rape (Section 376(2)) - Other Custodial Rapes,,0,NCRB CII 2018 Table 3A.11 (Table-3A.11_0.xlsx)
2018,Nagaland,Other Than Custodial Rape (Section 376(2)) - Other Custodial Rapes,,0,NCRB CII 2018 Table 3A.11 (Table-3A.11_0.xlsx)
2018,Odisha,Other Than Custodial Rape (Section 376(2)) - Other Custodial Rapes,,0,NCRB CII 2018 Table 3A.11 (Table-3A.11_0.xlsx)
2018,Punjab,Other Than Custodial Rape (Section 376(2)) - Other Custodial Rapes,,0,NCRB CII 2018 Table 3A.11 (Table-3A.11_0.xlsx)
2018,Rajasthan,Other Than Custodial Rape (Section 376(2)) - Other Custodial Rapes,,0,NCRB CII 2018 Table 3A.11 (Table-3A.11_0.xlsx)
2018,Sikkim,Other Than Custodial Rape (Section 376(2)) - Other Custodial Rapes,,0,NCRB CII 2018 Table 3A.11 (Table-3A.11_0.xlsx)
2018,Tamil Nadu,Other Than Custodial Rape (Section 376(2)) - Other Custodial Rapes,,0,NCRB CII 2018 Table 3A.11 (Table-3A.11_0.xlsx)
2018,Telangana,Other Than Custodial Rape (Section 376(2)) - Other Custodial Rapes,,1,NCRB CII 2018 Table 3A.11 (Table-3A.11_0.xlsx)
2018,Tripura,Other Than Custodial Rape (Section 376(2)) - Other Custodial Rapes,,0,NCRB CII 2018 Table 3A.11 (Table-3A.11_0.xlsx)
2018,Uttar Pradesh,Other Than Custodial Rape (Section 376(2)) - Other Custodial Rapes,,0,NCRB CII 2018 Table 3A.11 (Table-3A.11_0.xlsx)
2018,Uttarakhand,Other Than Custodial Rape (Section 376(2)) - Other Custodial Rapes,,0,NCRB CII 2018 Table 3A.11 (Table-3A.11_0.xlsx)
2018,West Bengal,Other Than Custodial Rape (Section 376(2)) - Other Custodial Rapes,,0,NCRB CII 2018 Table 3A.11 (Table-3A.11_0.xlsx)
2018,Andaman & Nicobar Islands,Other Than Custodial Rape (Section 376(2)) - Other Custodial Rapes,,0,NCRB CII 2018 Table 3A.11 (Table-3A.11_0.xlsx)
2018,Chandigarh,Other Than Custodial Rape (Section 376(2)) - Other Custodial Rapes,,0,NCRB CII 2018 Table 3A.11 (Table-3A.11_0.xlsx)
2018,Dadra & Nagar Haveli and Daman & Diu,Other Than Custodial Rape (Section 376(2)) - Other Custodial Rapes,,0,NCRB CII 2018 Table 3A.11 (Table-3A.11_0.xlsx)
2018,Delhi,Other Than Custodial Rape (Section 376(2)) - Other Custodial Rapes,,1,NCRB CII 2018 Table 3A.11 (Table-3A.11_0.xlsx)
2018,Lakshadweep,Other Than Custodial Rape (Section 376(2)) - Other Custodial Rapes,,0,NCRB CII 2018 Table 3A.11 (Table-3A.11_0.xlsx)
2018,Puducherry,Other Than Custodial Rape (Section 376(2)) - Other Custodial Rapes,,0,NCRB CII 2018 Table 3A.11 (Table-3A.11_0.xlsx)
2018,All India,Other Than Custodial Rape (Section 376(2)) - Other Custodial Rapes,,99,NCRB CII 2018 Table 3A.11 (Table-3A.11_0.xlsx)
2018,Andhra Pradesh,Punishment upto 20 years extended to life for Rape (Below 16 Yrs) (Sec.376(3)),,59,NCRB CII 2018 Table 3A.11 (Table-3A.11_0.xlsx)
2018,Arunachal Pradesh,Punishment upto 20 years extended to life for Rape (Below 16 Yrs) (Sec.376(3)),,0,NCRB CII 2018 Table 3A.11 (Table-3A.11_0.xlsx)
2018,Assam,Punishment upto 20 years extended to life for Rape (Below 16 Yrs) (Sec.376(3)),,0,NCRB CII 2018 Table 3A.11 (Table-3A.11_0.xlsx)
2018,Bihar,Punishment upto 20 years extended to life for Rape (Below 16 Yrs) (Sec.376(3)),,0,NCRB CII 2018 Table 3A.11 (Table-3A.11_0.xlsx)
2018,Chhattisgarh,Punishment upto 20 years extended to life for Rape (Below 16 Yrs) (Sec.376(3)),,10,NCRB CII 2018 Table 3A.11 (Table-3A.11_0.xlsx)
2018,Goa,Punishment upto 20 years extended to life for Rape (Below 16 Yrs) (Sec.376(3)),,1,NCRB CII 2018 Table 3A.11 (Table-3A.11_0.xlsx)
2018,Gujarat,Punishment upto 20 years extended to life for Rape (Below 16 Yrs) (Sec.376(3)),,0,NCRB CII 2018 Table 3A.11 (Table-3A.11_0.xlsx)
2018,Haryana,Punishment upto 20 years extended to life for Rape (Below 16 Yrs) (Sec.376(3)),,1,NCRB CII 2018 Table 3A.11 (Table-3A.11_0.xlsx)
2018,Himachal Pradesh,Punishment upto 20 years extended to life for Rape (Below 16 Yrs) (Sec.376(3)),,10,NCRB CII 2018 Table 3A.11 (Table-3A.11_0.xlsx)
2018,Jammu & Kashmir,Punishment upto 20 years extended to life for Rape (Below 16 Yrs) (Sec.376(3)),,0,NCRB CII 2018 Table 3A.11 (Table-3A.11_0.xlsx)
2018,Jharkhand,Punishment upto 20 years extended to life for Rape (Below 16 Yrs) (Sec.376(3)),,0,NCRB CII 2018 Table 3A.11 (Table-3A.11_0.xlsx)
2018,Karnataka,Punishment upto 20 years extended to life for Rape (Below 16 Yrs) (Sec.376(3)),,0,NCRB CII 2018 Table 3A.11 (Table-3A.11_0.xlsx)
2018,Kerala,Punishment upto 20 years extended to life for Rape (Below 16 Yrs) (Sec.376(3)),,10,NCRB CII 2018 Table 3A.11 (Table-3A.11_0.xlsx)
2018,Madhya Pradesh,Punishment upto 20 years extended to life for Rape (Below 16 Yrs) (Sec.376(3)),,84,NCRB CII 2018 Table 3A.11 (Table-3A.11_0.xlsx)
2018,Maharashtra,Punishment upto 20 years extended to life for Rape (Below 16 Yrs) (Sec.376(3)),,0,NCRB CII 2018 Table 3A.11 (Table-3A.11_0.xlsx)
2018,Manipur,Punishment upto 20 years extended to life for Rape (Below 16 Yrs) (Sec.376(3)),,0,NCRB CII 2018 Table 3A.11 (Table-3A.11_0.xlsx)
2018,Meghalaya,Punishment upto 20 years extended to life for Rape (Below 16 Yrs) (Sec.376(3)),,0,NCRB CII 2018 Table 3A.11 (Table-3A.11_0.xlsx)
2018,Mizoram,Punishment upto 20 years extended to life for Rape (Below 16 Yrs) (Sec.376(3)),,1,NCRB CII 2018 Table 3A.11 (Table-3A.11_0.xlsx)
2018,Nagaland,Punishment upto 20 years extended to life for Rape (Below 16 Yrs) (Sec.376(3)),,0,NCRB CII 2018 Table 3A.11 (Table-3A.11_0.xlsx)
2018,Odisha,Punishment upto 20 years extended to life for Rape (Below 16 Yrs) (Sec.376(3)),,2,NCRB CII 2018 Table 3A.11 (Table-3A.11_0.xlsx)
2018,Punjab,Punishment upto 20 years extended to life for Rape (Below 16 Yrs) (Sec.376(3)),,13,NCRB CII 2018 Table 3A.11 (Table-3A.11_0.xlsx)
2018,Rajasthan,Punishment upto 20 years extended to life for Rape (Below 16 Yrs) (Sec.376(3)),,16,NCRB CII 2018 Table 3A.11 (Table-3A.11_0.xlsx)
2018,Sikkim,Punishment upto 20 years extended to life for Rape (Below 16 Yrs) (Sec.376(3)),,0,NCRB CII 2018 Table 3A.11 (Table-3A.11_0.xlsx)
2018,Tamil Nadu,Punishment upto 20 years extended to life for Rape (Below 16 Yrs) (Sec.376(3)),,0,NCRB CII 2018 Table 3A.11 (Table-3A.11_0.xlsx)
2018,Telangana,Punishment upto 20 years extended to life for Rape (Below 16 Yrs) (Sec.376(3)),,0,NCRB CII 2018 Table 3A.11 (Table-3A.11_0.xlsx)
2018,Tripura,Punishment upto 20 years extended to life for Rape (Below 16 Yrs) (Sec.376(3)),,0,NCRB CII 2018 Table 3A.11 (Table-3A.11_0.xlsx)
2018,Uttar Pradesh,Punishment upto 20 years extended to life for Rape (Below 16 Yrs) (Sec.376(3)),,0,NCRB CII 2018 Table 3A.11 (Table-3A.11_0.xlsx)
2018,Uttarakhand,Punishment upto 20 years extended to life for Rape (Below 16 Yrs) (Sec.376(3)),,0,NCRB CII 2018 Table 3A.11 (Table-3A.11_0.xlsx)
2018,West Bengal,Punishment upto 20 years extended to life for Rape (Below 16 Yrs) (Sec.376(3)),,0,NCRB CII 2018 Table 3A.11 (Table-3A.11_0.xlsx)
2018,Andaman & Nicobar Islands,Punishment upto 20 years extended to life for Rape (Below 16 Yrs) (Sec.376(3)),,0,NCRB CII 2018 Table 3A.11 (Table-3A.11_0.xlsx)
2018,Chandigarh,Punishment upto 20 years extended to life for Rape (Below 16 Yrs) (Sec.376(3)),,12,NCRB CII 2018 Table 3A.11 (Table-3A.11_0.xlsx)
2018,Dadra & Nagar Haveli and Daman & Diu,Punishment upto 20 years extended to life for Rape (Below 16 Yrs) (Sec.376(3)),,0,NCRB CII 2018 Table 3A.11 (Table-3A.11_0.xlsx)
2018,Delhi,Punishment upto 20 years extended to life for Rape (Below 16 Yrs) (Sec.376(3)),,0,NCRB CII 2018 Table 3A.11 (Table-3A.11_0.xlsx)
2018,Lakshadweep,Punishment upto 20 years extended to life for Rape (Below 16 Yrs) (Sec.376(3)),,0,NCRB CII 2018 Table 3A.11 (Table-3A.11_0.xlsx)
2018,Puducherry,Punishment upto 20 years extended to life for Rape (Below 16 Yrs) (Sec.376(3)),,0,NCRB CII 2018 Table 3A.11 (Table-3A.11_0.xlsx)
2018,All India,Punishment upto 20 years extended to life for Rape (Below 16 Yrs) (Sec.376(3)),,219,NCRB CII 2018 Table 3A.11 (Table-3A.11_0.xlsx)
2018,Andhra Pradesh,Punishment for causing Death (Sec.376(A)),,1,NCRB CII 2018 Table 3A.11 (Table-3A.11_0.xlsx)
2018,Arunachal Pradesh,Punishment for causing Death (Sec.376(A)),,0,NCRB CII 2018 Table 3A.11 (Table-3A.11_0.xlsx)
2018,Assam,Punishment for causing Death (Sec.376(A)),,0,NCRB CII 2018 Table 3A.11 (Table-3A.11_0.xlsx)
2018,Bihar,Punishment for causing Death (Sec.376(A)),,0,NCRB CII 2018 Table 3A.11 (Table-3A.11_0.xlsx)
2018,Chhattisgarh,Punishment for causing Death (Sec.376(A)),,5,NCRB CII 2018 Table 3A.11 (Table-3A.11_0.xlsx)
2018,Goa,Punishment for causing Death (Sec.376(A)),,0,NCRB CII 2018 Table 3A.11 (Table-3A.11_0.xlsx)
2018,Gujarat,Punishment for causing Death (Sec.376(A)),,1,NCRB CII 2018 Table 3A.11 (Table-3A.11_0.xlsx)
2018,Haryana,Punishment for causing Death (Sec.376(A)),,14,NCRB CII 2018 Table 3A.11 (Table-3A.11_0.xlsx)
2018,Himachal Pradesh,Punishment for causing Death (Sec.376(A)),,0,NCRB CII 2018 Table 3A.11 (Table-3A.11_0.xlsx)
2018,Jammu & Kashmir,Punishment for causing Death (Sec.376(A)),,0,NCRB CII 2018 Table 3A.11 (Table-3A.11_0.xlsx)
2018,Jharkhand,Punishment for causing Death (Sec.376(A)),,0,NCRB CII 2018 Table 3A.11 (Table-3A.11_0.xlsx)
2018,Karnataka,Punishment for causing Death (Sec.376(A)),,0,NCRB CII 2018 Table 3A.11 (Table-3A.11_0.xlsx)
2018,Kerala,Punishment for causing Death (Sec.376(A)),,2,NCRB CII 2018 Table 3A.11 (Table-3A.11_0.xlsx)
2018,Madhya Pradesh,Punishment for causing Death (Sec.376(A)),,11,NCRB CII 2018 Table 3A.11 (Table-3A.11_0.xlsx)
2018,Maharashtra,Punishment for causing Death (Sec.376(A)),,1,NCRB CII 2018 Table 3A.11 (Table-3A.11_0.xlsx)
2018,Manipur,Punishment for causing Death (Sec.376(A)),,0,NCRB CII 2018 Table 3A.11 (Table-3A.11_0.xlsx)
2018,Meghalaya,Punishment for causing Death (Sec.376(A)),,0,NCRB CII 2018 Table 3A.11 (Table-3A.11_0.xlsx)
2018,Mizoram,Punishment for causing Death (Sec.376(A)),,0,NCRB CII 2018 Table 3A.11 (Table-3A.11_0.xlsx)
2018,Nagaland,Punishment for causing Death (Sec.376(A)),,0,NCRB CII 2018 Table 3A.11 (Table-3A.11_0.xlsx)
2018,Odisha,Punishment for causing Death (Sec.376(A)),,0,NCRB CII 2018 Table 3A.11 (Table-3A.11_0.xlsx)
2018,Punjab,Punishment for causing Death (Sec.376(A)),,0,NCRB CII 2018 Table 3A.11 (Table-3A.11_0.xlsx)
2018,Rajasthan,Punishment for causing Death (Sec.376(A)),,1,NCRB CII 2018 Table 3A.11 (Table-3A.11_0.xlsx)
2018,Sikkim,Punishment for causing Death (Sec.376(A)),,0,NCRB CII 2018 Table 3A.11 (Table-3A.11_0.xlsx)
2018,Tamil Nadu,Punishment for causing Death (Sec.376(A)),,0,NCRB CII 2018 Table 3A.11 (Table-3A.11_0.xlsx)
2018,Telangana,Punishment for causing Death (Sec.376(A)),,1,NCRB CII 2018 Table 3A.11 (Table-3A.11_0.xlsx)
2018,Tripura,Punishment for causing Death (Sec.376(A)),,0,NCRB CII 2018 Table 3A.11 (Table-3A.11_0.xlsx)
2018,Uttar Pradesh,Punishment for causing Death (Sec.376(A)),,4,NCRB CII 2018 Table 3A.11 (Table-3A.11_0.xlsx)
2018,Uttarakhand,Punishment for causing Death (Sec.376(A)),,0,NCRB CII 2018 Table 3A.11 (Table-3A.11_0.xlsx)
2018,West Bengal,Punishment for causing Death (Sec.376(A)),,0,NCRB CII 2018 Table 3A.11 (Table-3A.11_0.xlsx)
2018,Andaman & Nicobar Islands,Punishment for causing Death (Sec.376(A)),,0,NCRB CII 2018 Table 3A.11 (Table-3A.11_0.xlsx)
2018,Chandigarh,Punishment for causing Death (Sec.376(A)),,0,NCRB CII 2018 Table 3A.11 (Table-3A.11_0.xlsx)
2018,Dadra & Nagar Haveli and Daman & Diu,Punishment for causing Death (Sec.376(A)),,0,NCRB CII 2018 Table 3A.11 (Table-3A.11_0.xlsx)
2018,Delhi,Punishment for causing Death (Sec.376(A)),,0,NCRB CII 2018 Table 3A.11 (Table-3A.11_0.xlsx)
2018,Lakshadweep,Punishment for causing Death (Sec.376(A)),,0,NCRB CII 2018 Table 3A.11 (Table-3A.11_0.xlsx)
2018,Puducherry,Punishment for causing Death (Sec.376(A)),,0,NCRB CII 2018 Table 3A.11 (Table-3A.11_0.xlsx)
2018,All India,Punishment for causing Death (Sec.376(A)),,41,NCRB CII 2018 Table 3A.11 (Table-3A.11_0.xlsx)
2018,Andhra Pradesh,By Separated husband (Sec.376 (B)),,0,NCRB CII 2018 Table 3A.11 (Table-3A.11_0.xlsx)
2018,Arunachal Pradesh,By Separated husband (Sec.376 (B)),,0,NCRB CII 2018 Table 3A.11 (Table-3A.11_0.xlsx)
2018,Assam,By Separated husband (Sec.376 (B)),,2,NCRB CII 2018 Table 3A.11 (Table-3A.11_0.xlsx)
2018,Bihar,By Separated husband (Sec.376 (B)),,0,NCRB CII 2018 Table 3A.11 (Table-3A.11_0.xlsx)
2018,Chhattisgarh,By Separated husband (Sec.376 (B)),,0,NCRB CII 2018 Table 3A.11 (Table-3A.11_0.xlsx)
2018,Goa,By Separated husband (Sec.376 (B)),,0,NCRB CII 2018 Table 3A.11 (Table-3A.11_0.xlsx)
2018,Gujarat,By Separated husband (Sec.376 (B)),,0,NCRB CII 2018 Table 3A.11 (Table-3A.11_0.xlsx)
2018,Haryana,By Separated husband (Sec.376 (B)),,14,NCRB CII 2018 Table 3A.11 (Table-3A.11_0.xlsx)
2018,Himachal Pradesh,By Separated husband (Sec.376 (B)),,1,NCRB CII 2018 Table 3A.11 (Table-3A.11_0.xlsx)
2018,Jammu & Kashmir,By Separated husband (Sec.376 (B)),,0,NCRB CII 2018 Table 3A.11 (Table-3A.11_0.xlsx)
2018,Jharkhand,By Separated husband (Sec.376 (B)),,0,NCRB CII 2018 Table 3A.11 (Table-3A.11_0.xlsx)
2018,Karnataka,By Separated husband (Sec.376 (B)),,2,NCRB CII 2018 Table 3A.11 (Table-3A.11_0.xlsx)
2018,Kerala,By Separated husband (Sec.376 (B)),,1,NCRB CII 2018 Table 3A.11 (Table-3A.11_0.xlsx)
2018,Madhya Pradesh,By Separated husband (Sec.376 (B)),,6,NCRB CII 2018 Table 3A.11 (Table-3A.11_0.xlsx)
2018,Maharashtra,By Separated husband (Sec.376 (B)),,3,NCRB CII 2018 Table 3A.11 (Table-3A.11_0.xlsx)
2018,Manipur,By Separated husband (Sec.376 (B)),,1,NCRB CII 2018 Table 3A.11 (Table-3A.11_0.xlsx)
2018,Meghalaya,By Separated husband (Sec.376 (B)),,0,NCRB CII 2018 Table 3A.11 (Table-3A.11_0.xlsx)
2018,Mizoram,By Separated husband (Sec.376 (B)),,0,NCRB CII 2018 Table 3A.11 (Table-3A.11_0.xlsx)
2018,Nagaland,By Separated husband (Sec.376 (B)),,0,NCRB CII 2018 Table 3A.11 (Table-3A.11_0.xlsx)
2018,Odisha,By Separated husband (Sec.376 (B)),,2,NCRB CII 2018 Table 3A.11 (Table-3A.11_0.xlsx)
2018,Punjab,By Separated husband (Sec.376 (B)),,0,NCRB CII 2018 Table 3A.11 (Table-3A.11_0.xlsx)
2018,Rajasthan,By Separated husband (Sec.376 (B)),,1,NCRB CII 2018 Table 3A.11 (Table-3A.11_0.xlsx)
2018,Sikkim,By Separated husband (Sec.376 (B)),,0,NCRB CII 2018 Table 3A.11 (Table-3A.11_0.xlsx)
2018,Tamil Nadu,By Separated husband (Sec.376 (B)),,0,NCRB CII 2018 Table 3A.11 (Table-3A.11_0.xlsx)
2018,Telangana,By Separated husband (Sec.376 (B)),,1,NCRB CII 2018 Table 3A.11 (Table-3A.11_0.xlsx)
2018,Tripura,By Separated husband (Sec.376 (B)),,0,NCRB CII 2018 Table 3A.11 (Table-3A.11_0.xlsx)
2018,Uttar Pradesh,By Separated husband (Sec.376 (B)),,0,NCRB CII 2018 Table 3A.11 (Table-3A.11_0.xlsx)
2018,Uttarakhand,By Separated husband (Sec.376 (B)),,0,NCRB CII 2018 Table 3A.11 (Table-3A.11_0.xlsx)
2018,West Bengal,By Separated husband (Sec.376 (B)),,0,NCRB CII 2018 Table 3A.11 (Table-3A.11_0.xlsx)
2018,Andaman & Nicobar Islands,By Separated husband (Sec.376 (B)),,1,NCRB CII 2018 Table 3A.11 (Table-3A.11_0.xlsx)
2018,Chandigarh,By Separated husband (Sec.376 (B)),,0,NCRB CII 2018 Table 3A.11 (Table-3A.11_0.xlsx)
2018,Dadra & Nagar Haveli and Daman & Diu,By Separated husband (Sec.376 (B)),,0,NCRB CII 2018 Table 3A.11 (Table-3A.11_0.xlsx)
2018,Delhi,By Separated husband (Sec.376 (B)),,3,NCRB CII 2018 Table 3A.11 (Table-3A.11_0.xlsx)
2018,Lakshadweep,By Separated husband (Sec.376 (B)),,0,NCRB CII 2018 Table 3A.11 (Table-3A.11_0.xlsx)
2018,Puducherry,By Separated husband (Sec.376 (B)),,0,NCRB CII 2018 Table 3A.11 (Table-3A.11_0.xlsx)
2018,All India,By Separated husband (Sec.376 (B)),,38,NCRB CII 2018 Table 3A.11 (Table-3A.11_0.xlsx)
2018,Andhra Pradesh,Rape/Gang Rape of Girl Below 16 Yrs (Imprisonment for life till death) (Sec.376(DA)),,13,NCRB CII 2018 Table 3A.11 (Table-3A.11_0.xlsx)
2018,Arunachal Pradesh,Rape/Gang Rape of Girl Below 16 Yrs (Imprisonment for life till death) (Sec.376(DA)),,0,NCRB CII 2018 Table 3A.11 (Table-3A.11_0.xlsx)
2018,Assam,Rape/Gang Rape of Girl Below 16 Yrs (Imprisonment for life till death) (Sec.376(DA)),,0,NCRB CII 2018 Table 3A.11 (Table-3A.11_0.xlsx)
2018,Bihar,Rape/Gang Rape of Girl Below 16 Yrs (Imprisonment for life till death) (Sec.376(DA)),,0,NCRB CII 2018 Table 3A.11 (Table-3A.11_0.xlsx)
2018,Chhattisgarh,Rape/Gang Rape of Girl Below 16 Yrs (Imprisonment for life till death) (Sec.376(DA)),,14,NCRB CII 2018 Table 3A.11 (Table-3A.11_0.xlsx)
2018,Goa,Rape/Gang Rape of Girl Below 16 Yrs (Imprisonment for life till death) (Sec.376(DA)),,0,NCRB CII 2018 Table 3A.11 (Table-3A.11_0.xlsx)
2018,Gujarat,Rape/Gang Rape of Girl Below 16 Yrs (Imprisonment for life till death) (Sec.376(DA)),,0,NCRB CII 2018 Table 3A.11 (Table-3A.11_0.xlsx)
2018,Haryana,Rape/Gang Rape of Girl Below 16 Yrs (Imprisonment for life till death) (Sec.376(DA)),,2,NCRB CII 2018 Table 3A.11 (Table-3A.11_0.xlsx)
2018,Himachal Pradesh,Rape/Gang Rape of Girl Below 16 Yrs (Imprisonment for life till death) (Sec.376(DA)),,5,NCRB CII 2018 Table 3A.11 (Table-3A.11_0.xlsx)
2018,Jammu & Kashmir,Rape/Gang Rape of Girl Below 16 Yrs (Imprisonment for life till death) (Sec.376(DA)),,0,NCRB CII 2018 Table 3A.11 (Table-3A.11_0.xlsx)
2018,Jharkhand,Rape/Gang Rape of Girl Below 16 Yrs (Imprisonment for life till death) (Sec.376(DA)),,0,NCRB CII 2018 Table 3A.11 (Table-3A.11_0.xlsx)
2018,Karnataka,Rape/Gang Rape of Girl Below 16 Yrs (Imprisonment for life till death) (Sec.376(DA)),,0,NCRB CII 2018 Table 3A.11 (Table-3A.11_0.xlsx)
2018,Kerala,Rape/Gang Rape of Girl Below 16 Yrs (Imprisonment for life till death) (Sec.376(DA)),,11,NCRB CII 2018 Table 3A.11 (Table-3A.11_0.xlsx)
2018,Madhya Pradesh,Rape/Gang Rape of Girl Below 16 Yrs (Imprisonment for life till death) (Sec.376(DA)),,56,NCRB CII 2018 Table 3A.11 (Table-3A.11_0.xlsx)
2018,Maharashtra,Rape/Gang Rape of Girl Below 16 Yrs (Imprisonment for life till death) (Sec.376(DA)),,3,NCRB CII 2018 Table 3A.11 (Table-3A.11_0.xlsx)
2018,Manipur,Rape/Gang Rape of Girl Below 16 Yrs (Imprisonment for life till death) (Sec.376(DA)),,0,NCRB CII 2018 Table 3A.11 (Table-3A.11_0.xlsx)
2018,Meghalaya,Rape/Gang Rape of Girl Below 16 Yrs (Imprisonment for life till death) (Sec.376(DA)),,0,NCRB CII 2018 Table 3A.11 (Table-3A.11_0.xlsx)
2018,Mizoram,Rape/Gang Rape of Girl Below 16 Yrs (Imprisonment for life till death) (Sec.376(DA)),,5,NCRB CII 2018 Table 3A.11 (Table-3A.11_0.xlsx)
2018,Nagaland,Rape/Gang Rape of Girl Below 16 Yrs (Imprisonment for life till death) (Sec.376(DA)),,0,NCRB CII 2018 Table 3A.11 (Table-3A.11_0.xlsx)
2018,Odisha,Rape/Gang Rape of Girl Below 16 Yrs (Imprisonment for life till death) (Sec.376(DA)),,1,NCRB CII 2018 Table 3A.11 (Table-3A.11_0.xlsx)
2018,Punjab,Rape/Gang Rape of Girl Below 16 Yrs (Imprisonment for life till death) (Sec.376(DA)),,5,NCRB CII 2018 Table 3A.11 (Table-3A.11_0.xlsx)
2018,Rajasthan,Rape/Gang Rape of Girl Below 16 Yrs (Imprisonment for life till death) (Sec.376(DA)),,8,NCRB CII 2018 Table 3A.11 (Table-3A.11_0.xlsx)
2018,Sikkim,Rape/Gang Rape of Girl Below 16 Yrs (Imprisonment for life till death) (Sec.376(DA)),,0,NCRB CII 2018 Table 3A.11 (Table-3A.11_0.xlsx)
2018,Tamil Nadu,Rape/Gang Rape of Girl Below 16 Yrs (Imprisonment for life till death) (Sec.376(DA)),,4,NCRB CII 2018 Table 3A.11 (Table-3A.11_0.xlsx)
2018,Telangana,Rape/Gang Rape of Girl Below 16 Yrs (Imprisonment for life till death) (Sec.376(DA)),,4,NCRB CII 2018 Table 3A.11 (Table-3A.11_0.xlsx)
2018,Tripura,Rape/Gang Rape of Girl Below 16 Yrs (Imprisonment for life till death) (Sec.376(DA)),,0,NCRB CII 2018 Table 3A.11 (Table-3A.11_0.xlsx)
2018,Uttar Pradesh,Rape/Gang Rape of Girl Below 16 Yrs (Imprisonment for life till death) (Sec.376(DA)),,5,NCRB CII 2018 Table 3A.11 (Table-3A.11_0.xlsx)
2018,Uttarakhand,Rape/Gang Rape of Girl Below 16 Yrs (Imprisonment for life till death) (Sec.376(DA)),,0,NCRB CII 2018 Table 3A.11 (Table-3A.11_0.xlsx)
2018,West Bengal,Rape/Gang Rape of Girl Below 16 Yrs (Imprisonment for life till death) (Sec.376(DA)),,0,NCRB CII 2018 Table 3A.11 (Table-3A.11_0.xlsx)
2018,Andaman & Nicobar Islands,Rape/Gang Rape of Girl Below 16 Yrs (Imprisonment for life till death) (Sec.376(DA)),,0,NCRB CII 2018 Table 3A.11 (Table-3A.11_0.xlsx)
2018,Chandigarh,Rape/Gang Rape of Girl Below 16 Yrs (Imprisonment for life till death) (Sec.376(DA)),,5,NCRB CII 2018 Table 3A.11 (Table-3A.11_0.xlsx)
2018,Dadra & Nagar Haveli and Daman & Diu,Rape/Gang Rape of Girl Below 16 Yrs (Imprisonment for life till death) (Sec.376(DA)),,0,NCRB CII 2018 Table 3A.11 (Table-3A.11_0.xlsx)
2018,Delhi,Rape/Gang Rape of Girl Below 16 Yrs (Imprisonment for life till death) (Sec.376(DA)),,0,NCRB CII 2018 Table 3A.11 (Table-3A.11_0.xlsx)
2018,Lakshadweep,Rape/Gang Rape of Girl Below 16 Yrs (Imprisonment for life till death) (Sec.376(DA)),,0,NCRB CII 2018 Table 3A.11 (Table-3A.11_0.xlsx)
2018,Puducherry,Rape/Gang Rape of Girl Below 16 Yrs (Imprisonment for life till death) (Sec.376(DA)),,0,NCRB CII 2018 Table 3A.11 (Table-3A.11_0.xlsx)
2018,All India,Rape/Gang Rape of Girl Below 16 Yrs (Imprisonment for life till death) (Sec.376(DA)),,141,NCRB CII 2018 Table 3A.11 (Table-3A.11_0.xlsx)
2018,Andhra Pradesh,By Person in Authority (Sec.376 (C)),,1,NCRB CII 2018 Table 3A.11 (Table-3A.11_0.xlsx)
2018,Arunachal Pradesh,By Person in Authority (Sec.376 (C)),,0,NCRB CII 2018 Table 3A.11 (Table-3A.11_0.xlsx)
2018,Assam,By Person in Authority (Sec.376 (C)),,0,NCRB CII 2018 Table 3A.11 (Table-3A.11_0.xlsx)
2018,Bihar,By Person in Authority (Sec.376 (C)),,0,NCRB CII 2018 Table 3A.11 (Table-3A.11_0.xlsx)
2018,Chhattisgarh,By Person in Authority (Sec.376 (C)),,1,NCRB CII 2018 Table 3A.11 (Table-3A.11_0.xlsx)
2018,Goa,By Person in Authority (Sec.376 (C)),,0,NCRB CII 2018 Table 3A.11 (Table-3A.11_0.xlsx)
2018,Gujarat,By Person in Authority (Sec.376 (C)),,0,NCRB CII 2018 Table 3A.11 (Table-3A.11_0.xlsx)
2018,Haryana,By Person in Authority (Sec.376 (C)),,10,NCRB CII 2018 Table 3A.11 (Table-3A.11_0.xlsx)
2018,Himachal Pradesh,By Person in Authority (Sec.376 (C)),,0,NCRB CII 2018 Table 3A.11 (Table-3A.11_0.xlsx)
2018,Jammu & Kashmir,By Person in Authority (Sec.376 (C)),,0,NCRB CII 2018 Table 3A.11 (Table-3A.11_0.xlsx)
2018,Jharkhand,By Person in Authority (Sec.376 (C)),,35,NCRB CII 2018 Table 3A.11 (Table-3A.11_0.xlsx)
2018,Karnataka,By Person in Authority (Sec.376 (C)),,0,NCRB CII 2018 Table 3A.11 (Table-3A.11_0.xlsx)
2018,Kerala,By Person in Authority (Sec.376 (C)),,0,NCRB CII 2018 Table 3A.11 (Table-3A.11_0.xlsx)
2018,Madhya Pradesh,By Person in Authority (Sec.376 (C)),,2,NCRB CII 2018 Table 3A.11 (Table-3A.11_0.xlsx)
2018,Maharashtra,By Person in Authority (Sec.376 (C)),,2,NCRB CII 2018 Table 3A.11 (Table-3A.11_0.xlsx)
2018,Manipur,By Person in Authority (Sec.376 (C)),,0,NCRB CII 2018 Table 3A.11 (Table-3A.11_0.xlsx)
2018,Meghalaya,By Person in Authority (Sec.376 (C)),,0,NCRB CII 2018 Table 3A.11 (Table-3A.11_0.xlsx)
2018,Mizoram,By Person in Authority (Sec.376 (C)),,0,NCRB CII 2018 Table 3A.11 (Table-3A.11_0.xlsx)
2018,Nagaland,By Person in Authority (Sec.376 (C)),,0,NCRB CII 2018 Table 3A.11 (Table-3A.11_0.xlsx)
2018,Odisha,By Person in Authority (Sec.376 (C)),,1,NCRB CII 2018 Table 3A.11 (Table-3A.11_0.xlsx)
2018,Punjab,By Person in Authority (Sec.376 (C)),,1,NCRB CII 2018 Table 3A.11 (Table-3A.11_0.xlsx)
2018,Rajasthan,By Person in Authority (Sec.376 (C)),,4,NCRB CII 2018 Table 3A.11 (Table-3A.11_0.xlsx)
2018,Sikkim,By Person in Authority (Sec.376 (C)),,0,NCRB CII 2018 Table 3A.11 (Table-3A.11_0.xlsx)
2018,Tamil Nadu,By Person in Authority (Sec.376 (C)),,0,NCRB CII 2018 Table 3A.11 (Table-3A.11_0.xlsx)
2018,Telangana,By Person in Authority (Sec.376 (C)),,0,NCRB CII 2018 Table 3A.11 (Table-3A.11_0.xlsx)
2018,Tripura,By Person in Authority (Sec.376 (C)),,0,NCRB CII 2018 Table 3A.11 (Table-3A.11_0.xlsx)
2018,Uttar Pradesh,By Person in Authority (Sec.376 (C)),,1,NCRB CII 2018 Table 3A.11 (Table-3A.11_0.xlsx)
2018,Uttarakhand,By Person in Authority (Sec.376 (C)),,0,NCRB CII 2018 Table 3A.11 (Table-3A.11_0.xlsx)
2018,West Bengal,By Person in Authority (Sec.376 (C)),,1,NCRB CII 2018 Table 3A.11 (Table-3A.11_0.xlsx)
2018,Andaman & Nicobar Islands,By Person in Authority (Sec.376 (C)),,0,NCRB CII 2018 Table 3A.11 (Table-3A.11_0.xlsx)
2018,Chandigarh,By Person in Authority (Sec.376 (C)),,0,NCRB CII 2018 Table 3A.11 (Table-3A.11_0.xlsx)
2018,Dadra & Nagar Haveli and Daman & Diu,By Person in Authority (Sec.376 (C)),,0,NCRB CII 2018 Table 3A.11 (Table-3A.11_0.xlsx)
2018,Delhi,By Person in Authority (Sec.376 (C)),,2,NCRB CII 2018 Table 3A.11 (Table-3A.11_0.xlsx)
2018,Lakshadweep,By Person in Authority (Sec.376 (C)),,0,NCRB CII 2018 Table 3A.11 (Table-3A.11_0.xlsx)
2018,Puducherry,By Person in Authority (Sec.376 (C)),,0,NCRB CII 2018 Table 3A.11 (Table-3A.11_0.xlsx)
2018,All India,By Person in Authority (Sec.376 (C)),,61,NCRB CII 2018 Table 3A.11 (Table-3A.11_0.xlsx)
2018,Andhra Pradesh,Gang Rape (Sec.376(D)),,12,NCRB CII 2018 Table 3A.11 (Table-3A.11_0.xlsx)
2018,Arunachal Pradesh,Gang Rape (Sec.376(D)),,1,NCRB CII 2018 Table 3A.11 (Table-3A.11_0.xlsx)
2018,Assam,Gang Rape (Sec.376(D)),,20,NCRB CII 2018 Table 3A.11 (Table-3A.11_0.xlsx)
2018,Bihar,Gang Rape (Sec.376(D)),,8,NCRB CII 2018 Table 3A.11 (Table-3A.11_0.xlsx)
2018,Chhattisgarh,Gang Rape (Sec.376(D)),,38,NCRB CII 2018 Table 3A.11 (Table-3A.11_0.xlsx)
2018,Goa,Gang Rape (Sec.376(D)),,3,NCRB CII 2018 Table 3A.11 (Table-3A.11_0.xlsx)
2018,Gujarat,Gang Rape (Sec.376(D)),,7,NCRB CII 2018 Table 3A.11 (Table-3A.11_0.xlsx)
2018,Haryana,Gang Rape (Sec.376(D)),,155,NCRB CII 2018 Table 3A.11 (Table-3A.11_0.xlsx)
2018,Himachal Pradesh,Gang Rape (Sec.376(D)),,7,NCRB CII 2018 Table 3A.11 (Table-3A.11_0.xlsx)
2018,Jammu & Kashmir,Gang Rape (Sec.376(D)),,0,NCRB CII 2018 Table 3A.11 (Table-3A.11_0.xlsx)
2018,Jharkhand,Gang Rape (Sec.376(D)),,50,NCRB CII 2018 Table 3A.11 (Table-3A.11_0.xlsx)
2018,Karnataka,Gang Rape (Sec.376(D)),,8,NCRB CII 2018 Table 3A.11 (Table-3A.11_0.xlsx)
2018,Kerala,Gang Rape (Sec.376(D)),,13,NCRB CII 2018 Table 3A.11 (Table-3A.11_0.xlsx)
2018,Madhya Pradesh,Gang Rape (Sec.376(D)),,198,NCRB CII 2018 Table 3A.11 (Table-3A.11_0.xlsx)
2018,Maharashtra,Gang Rape (Sec.376(D)),,90,NCRB CII 2018 Table 3A.11 (Table-3A.11_0.xlsx)
2018,Manipur,Gang Rape (Sec.376(D)),,0,NCRB CII 2018 Table 3A.11 (Table-3A.11_0.xlsx)
2018,Meghalaya,Gang Rape (Sec.376(D)),,0,NCRB CII 2018 Table 3A.11 (Table-3A.11_0.xlsx)
2018,Mizoram,Gang Rape (Sec.376(D)),,0,NCRB CII 2018 Table 3A.11 (Table-3A.11_0.xlsx)
2018,Nagaland,Gang Rape (Sec.376(D)),,0,NCRB CII 2018 Table 3A.11 (Table-3A.11_0.xlsx)
2018,Odisha,Gang Rape (Sec.376(D)),,14,NCRB CII 2018 Table 3A.11 (Table-3A.11_0.xlsx)
2018,Punjab,Gang Rape (Sec.376(D)),,21,NCRB CII 2018 Table 3A.11 (Table-3A.11_0.xlsx)
2018,Rajasthan,Gang Rape (Sec.376(D)),,556,NCRB CII 2018 Table 3A.11 (Table-3A.11_0.xlsx)
2018,Sikkim,Gang Rape (Sec.376(D)),,1,NCRB CII 2018 Table 3A.11 (Table-3A.11_0.xlsx)
2018,Tamil Nadu,Gang Rape (Sec.376(D)),,7,NCRB CII 2018 Table 3A.11 (Table-3A.11_0.xlsx)
2018,Telangana,Gang Rape (Sec.376(D)),,21,NCRB CII 2018 Table 3A.11 (Table-3A.11_0.xlsx)
2018,Tripura,Gang Rape (Sec.376(D)),,2,NCRB CII 2018 Table 3A.11 (Table-3A.11_0.xlsx)
2018,Uttar Pradesh,Gang Rape (Sec.376(D)),,492,NCRB CII 2018 Table 3A.11 (Table-3A.11_0.xlsx)
2018,Uttarakhand,Gang Rape (Sec.376(D)),,1,NCRB CII 2018 Table 3A.11 (Table-3A.11_0.xlsx)
2018,West Bengal,Gang Rape (Sec.376(D)),,55,NCRB CII 2018 Table 3A.11 (Table-3A.11_0.xlsx)
2018,Andaman & Nicobar Islands,Gang Rape (Sec.376(D)),,0,NCRB CII 2018 Table 3A.11 (Table-3A.11_0.xlsx)
2018,Chandigarh,Gang Rape (Sec.376(D)),,2,NCRB CII 2018 Table 3A.11 (Table-3A.11_0.xlsx)
2018,Dadra & Nagar Haveli and Daman & Diu,Gang Rape (Sec.376(D)),,0,NCRB CII 2018 Table 3A.11 (Table-3A.11_0.xlsx)
2018,Delhi,Gang Rape (Sec.376(D)),,44,NCRB CII 2018 Table 3A.11 (Table-3A.11_0.xlsx)
2018,Lakshadweep,Gang Rape (Sec.376(D)),,0,NCRB CII 2018 Table 3A.11 (Table-3A.11_0.xlsx)
2018,Puducherry,Gang Rape (Sec.376(D)),,0,NCRB CII 2018 Table 3A.11 (Table-3A.11_0.xlsx)
2018,All India,Gang Rape (Sec.376(D)),,1826,NCRB CII 2018 Table 3A.11 (Table-3A.11_0.xlsx)
2018,Andhra Pradesh,Rape/Gang Rape of Girl Below 12 Yrs (Imprisonment for life till death) (Sec.376(DB)),,0,NCRB CII 2018 Table 3A.11 (Table-3A.11_0.xlsx)
2018,Arunachal Pradesh,Rape/Gang Rape of Girl Below 12 Yrs (Imprisonment for life till death) (Sec.376(DB)),,2,NCRB CII 2018 Table 3A.11 (Table-3A.11_0.xlsx)
2018,Assam,Rape/Gang Rape of Girl Below 12 Yrs (Imprisonment for life till death) (Sec.376(DB)),,1,NCRB CII 2018 Table 3A.11 (Table-3A.11_0.xlsx)
2018,Bihar,Rape/Gang Rape of Girl Below 12 Yrs (Imprisonment for life till death) (Sec.376(DB)),,1,NCRB CII 2018 Table 3A.11 (Table-3A.11_0.xlsx)
2018,Chhattisgarh,Rape/Gang Rape of Girl Below 12 Yrs (Imprisonment for life till death) (Sec.376(DB)),,4,NCRB CII 2018 Table 3A.11 (Table-3A.11_0.xlsx)
2018,Goa,Rape/Gang Rape of Girl Below 12 Yrs (Imprisonment for life till death) (Sec.376(DB)),,0,NCRB CII 2018 Table 3A.11 (Table-3A.11_0.xlsx)
2018,Gujarat,Rape/Gang Rape of Girl Below 12 Yrs (Imprisonment for life till death) (Sec.376(DB)),,0,NCRB CII 2018 Table 3A.11 (Table-3A.11_0.xlsx)
2018,Haryana,Rape/Gang Rape of Girl Below 12 Yrs (Imprisonment for life till death) (Sec.376(DB)),,0,NCRB CII 2018 Table 3A.11 (Table-3A.11_0.xlsx)
2018,Himachal Pradesh,Rape/Gang Rape of Girl Below 12 Yrs (Imprisonment for life till death) (Sec.376(DB)),,0,NCRB CII 2018 Table 3A.11 (Table-3A.11_0.xlsx)
2018,Jammu & Kashmir,Rape/Gang Rape of Girl Below 12 Yrs (Imprisonment for life till death) (Sec.376(DB)),,0,NCRB CII 2018 Table 3A.11 (Table-3A.11_0.xlsx)
2018,Jharkhand,Rape/Gang Rape of Girl Below 12 Yrs (Imprisonment for life till death) (Sec.376(DB)),,0,NCRB CII 2018 Table 3A.11 (Table-3A.11_0.xlsx)
2018,Karnataka,Rape/Gang Rape of Girl Below 12 Yrs (Imprisonment for life till death) (Sec.376(DB)),,0,NCRB CII 2018 Table 3A.11 (Table-3A.11_0.xlsx)
2018,Kerala,Rape/Gang Rape of Girl Below 12 Yrs (Imprisonment for life till death) (Sec.376(DB)),,2,NCRB CII 2018 Table 3A.11 (Table-3A.11_0.xlsx)
2018,Madhya Pradesh,Rape/Gang Rape of Girl Below 12 Yrs (Imprisonment for life till death) (Sec.376(DB)),,7,NCRB CII 2018 Table 3A.11 (Table-3A.11_0.xlsx)
2018,Maharashtra,Rape/Gang Rape of Girl Below 12 Yrs (Imprisonment for life till death) (Sec.376(DB)),,0,NCRB CII 2018 Table 3A.11 (Table-3A.11_0.xlsx)
2018,Manipur,Rape/Gang Rape of Girl Below 12 Yrs (Imprisonment for life till death) (Sec.376(DB)),,0,NCRB CII 2018 Table 3A.11 (Table-3A.11_0.xlsx)
2018,Meghalaya,Rape/Gang Rape of Girl Below 12 Yrs (Imprisonment for life till death) (Sec.376(DB)),,0,NCRB CII 2018 Table 3A.11 (Table-3A.11_0.xlsx)
2018,Mizoram,Rape/Gang Rape of Girl Below 12 Yrs (Imprisonment for life till death) (Sec.376(DB)),,0,NCRB CII 2018 Table 3A.11 (Table-3A.11_0.xlsx)
2018,Nagaland,Rape/Gang Rape of Girl Below 12 Yrs (Imprisonment for life till death) (Sec.376(DB)),,0,NCRB CII 2018 Table 3A.11 (Table-3A.11_0.xlsx)
2018,Odisha,Rape/Gang Rape of Girl Below 12 Yrs (Imprisonment for life till death) (Sec.376(DB)),,0,NCRB CII 2018 Table 3A.11 (Table-3A.11_0.xlsx)
2018,Punjab,Rape/Gang Rape of Girl Below 12 Yrs (Imprisonment for life till death) (Sec.376(DB)),,0,NCRB CII 2018 Table 3A.11 (Table-3A.11_0.xlsx)
2018,Rajasthan,Rape/Gang Rape of Girl Below 12 Yrs (Imprisonment for life till death) (Sec.376(DB)),,0,NCRB CII 2018 Table 3A.11 (Table-3A.11_0.xlsx)
2018,Sikkim,Rape/Gang Rape of Girl Below 12 Yrs (Imprisonment for life till death) (Sec.376(DB)),,0,NCRB CII 2018 Table 3A.11 (Table-3A.11_0.xlsx)
2018,Tamil Nadu,Rape/Gang Rape of Girl Below 12 Yrs (Imprisonment for life till death) (Sec.376(DB)),,0,NCRB CII 2018 Table 3A.11 (Table-3A.11_0.xlsx)
2018,Telangana,Rape/Gang Rape of Girl Below 12 Yrs (Imprisonment for life till death) (Sec.376(DB)),,0,NCRB CII 2018 Table 3A.11 (Table-3A.11_0.xlsx)
2018,Tripura,Rape/Gang Rape of Girl Below 12 Yrs (Imprisonment for life till death) (Sec.376(DB)),,9,NCRB CII 2018 Table 3A.11 (Table-3A.11_0.xlsx)
2018,Uttar Pradesh,Rape/Gang Rape of Girl Below 12 Yrs (Imprisonment for life till death) (Sec.376(DB)),,7,NCRB CII 2018 Table 3A.11 (Table-3A.11_0.xlsx)
2018,Uttarakhand,Rape/Gang Rape of Girl Below 12 Yrs (Imprisonment for life till death) (Sec.376(DB)),,0,NCRB CII 2018 Table 3A.11 (Table-3A.11_0.xlsx)
2018,West Bengal,Rape/Gang Rape of Girl Below 12 Yrs (Imprisonment for life till death) (Sec.376(DB)),,0,NCRB CII 2018 Table 3A.11 (Table-3A.11_0.xlsx)
2018,Andaman & Nicobar Islands,Rape/Gang Rape of Girl Below 12 Yrs (Imprisonment for life till death) (Sec.376(DB)),,0,NCRB CII 2018 Table 3A.11 (Table-3A.11_0.xlsx)
2018,Chandigarh,Rape/Gang Rape of Girl Below 12 Yrs (Imprisonment for life till death) (Sec.376(DB)),,0,NCRB CII 2018 Table 3A.11 (Table-3A.11_0.xlsx)
2018,Dadra & Nagar Haveli and Daman & Diu,Rape/Gang Rape of Girl Below 12 Yrs (Imprisonment for life till death) (Sec.376(DB)),,0,NCRB CII 2018 Table 3A.11 (Table-3A.11_0.xlsx)
2018,Delhi,Rape/Gang Rape of Girl Below 12 Yrs (Imprisonment for life till death) (Sec.376(DB)),,0,NCRB CII 2018 Table 3A.11 (Table-3A.11_0.xlsx)
2018,Lakshadweep,Rape/Gang Rape of Girl Below 12 Yrs (Imprisonment for life till death) (Sec.376(DB)),,0,NCRB CII 2018 Table 3A.11 (Table-3A.11_0.xlsx)
2018,Puducherry,Rape/Gang Rape of Girl Below 12 Yrs (Imprisonment for life till death) (Sec.376(DB)),,0,NCRB CII 2018 Table 3A.11 (Table-3A.11_0.xlsx)
2018,All India,Rape/Gang Rape of Girl Below 12 Yrs (Imprisonment for life till death) (Sec.376(DB)),,33,NCRB CII 2018 Table 3A.11 (Table-3A.11_0.xlsx)
2018,Andhra Pradesh,Rape/Gang Rape of Girl Below 16 Yrs (Imprisonment for life till death) (Sec.376(DB)),,4,NCRB CII 2018 Table 3A.11 (Table-3A.11_0.xlsx)
2018,Arunachal Pradesh,Rape/Gang Rape of Girl Below 16 Yrs (Imprisonment for life till death) (Sec.376(DB)),,0,NCRB CII 2018 Table 3A.11 (Table-3A.11_0.xlsx)
2018,Assam,Rape/Gang Rape of Girl Below 16 Yrs (Imprisonment for life till death) (Sec.376(DB)),,0,NCRB CII 2018 Table 3A.11 (Table-3A.11_0.xlsx)
2018,Bihar,Rape/Gang Rape of Girl Below 16 Yrs (Imprisonment for life till death) (Sec.376(DB)),,0,NCRB CII 2018 Table 3A.11 (Table-3A.11_0.xlsx)
2018,Chhattisgarh,Rape/Gang Rape of Girl Below 16 Yrs (Imprisonment for life till death) (Sec.376(DB)),,10,NCRB CII 2018 Table 3A.11 (Table-3A.11_0.xlsx)
2018,Goa,Rape/Gang Rape of Girl Below 16 Yrs (Imprisonment for life till death) (Sec.376(DB)),,0,NCRB CII 2018 Table 3A.11 (Table-3A.11_0.xlsx)
2018,Gujarat,Rape/Gang Rape of Girl Below 16 Yrs (Imprisonment for life till death) (Sec.376(DB)),,0,NCRB CII 2018 Table 3A.11 (Table-3A.11_0.xlsx)
2018,Haryana,Rape/Gang Rape of Girl Below 16 Yrs (Imprisonment for life till death) (Sec.376(DB)),,8,NCRB CII 2018 Table 3A.11 (Table-3A.11_0.xlsx)
2018,Himachal Pradesh,Rape/Gang Rape of Girl Below 16 Yrs (Imprisonment for life till death) (Sec.376(DB)),,1,NCRB CII 2018 Table 3A.11 (Table-3A.11_0.xlsx)
2018,Jammu & Kashmir,Rape/Gang Rape of Girl Below 16 Yrs (Imprisonment for life till death) (Sec.376(DB)),,0,NCRB CII 2018 Table 3A.11 (Table-3A.11_0.xlsx)
2018,Jharkhand,Rape/Gang Rape of Girl Below 16 Yrs (Imprisonment for life till death) (Sec.376(DB)),,0,NCRB CII 2018 Table 3A.11 (Table-3A.11_0.xlsx)
2018,Karnataka,Rape/Gang Rape of Girl Below 16 Yrs (Imprisonment for life till death) (Sec.376(DB)),,0,NCRB CII 2018 Table 3A.11 (Table-3A.11_0.xlsx)
2018,Kerala,Rape/Gang Rape of Girl Below 16 Yrs (Imprisonment for life till death) (Sec.376(DB)),,9,NCRB CII 2018 Table 3A.11 (Table-3A.11_0.xlsx)
2018,Madhya Pradesh,Rape/Gang Rape of Girl Below 16 Yrs (Imprisonment for life till death) (Sec.376(DB)),,25,NCRB CII 2018 Table 3A.11 (Table-3A.11_0.xlsx)
2018,Maharashtra,Rape/Gang Rape of Girl Below 16 Yrs (Imprisonment for life till death) (Sec.376(DB)),,0,NCRB CII 2018 Table 3A.11 (Table-3A.11_0.xlsx)
2018,Manipur,Rape/Gang Rape of Girl Below 16 Yrs (Imprisonment for life till death) (Sec.376(DB)),,0,NCRB CII 2018 Table 3A.11 (Table-3A.11_0.xlsx)
2018,Meghalaya,Rape/Gang Rape of Girl Below 16 Yrs (Imprisonment for life till death) (Sec.376(DB)),,0,NCRB CII 2018 Table 3A.11 (Table-3A.11_0.xlsx)
2018,Mizoram,Rape/Gang Rape of Girl Below 16 Yrs (Imprisonment for life till death) (Sec.376(DB)),,0,NCRB CII 2018 Table 3A.11 (Table-3A.11_0.xlsx)
2018,Nagaland,Rape/Gang Rape of Girl Below 16 Yrs (Imprisonment for life till death) (Sec.376(DB)),,0,NCRB CII 2018 Table 3A.11 (Table-3A.11_0.xlsx)
2018,Odisha,Rape/Gang Rape of Girl Below 16 Yrs (Imprisonment for life till death) (Sec.376(DB)),,0,NCRB CII 2018 Table 3A.11 (Table-3A.11_0.xlsx)
2018,Punjab,Rape/Gang Rape of Girl Below 16 Yrs (Imprisonment for life till death) (Sec.376(DB)),,2,NCRB CII 2018 Table 3A.11 (Table-3A.11_0.xlsx)
2018,Rajasthan,Rape/Gang Rape of Girl Below 16 Yrs (Imprisonment for life till death) (Sec.376(DB)),,51,NCRB CII 2018 Table 3A.11 (Table-3A.11_0.xlsx)
2018,Sikkim,Rape/Gang Rape of Girl Below 16 Yrs (Imprisonment for life till death) (Sec.376(DB)),,0,NCRB CII 2018 Table 3A.11 (Table-3A.11_0.xlsx)
2018,Tamil Nadu,Rape/Gang Rape of Girl Below 16 Yrs (Imprisonment for life till death) (Sec.376(DB)),,2,NCRB CII 2018 Table 3A.11 (Table-3A.11_0.xlsx)
2018,Telangana,Rape/Gang Rape of Girl Below 16 Yrs (Imprisonment for life till death) (Sec.376(DB)),,0,NCRB CII 2018 Table 3A.11 (Table-3A.11_0.xlsx)
2018,Tripura,Rape/Gang Rape of Girl Below 16 Yrs (Imprisonment for life till death) (Sec.376(DB)),,0,NCRB CII 2018 Table 3A.11 (Table-3A.11_0.xlsx)
2018,Uttar Pradesh,Rape/Gang Rape of Girl Below 16 Yrs (Imprisonment for life till death) (Sec.376(DB)),,28,NCRB CII 2018 Table 3A.11 (Table-3A.11_0.xlsx)
2018,Uttarakhand,Rape/Gang Rape of Girl Below 16 Yrs (Imprisonment for life till death) (Sec.376(DB)),,0,NCRB CII 2018 Table 3A.11 (Table-3A.11_0.xlsx)
2018,West Bengal,Rape/Gang Rape of Girl Below 16 Yrs (Imprisonment for life till death) (Sec.376(DB)),,0,NCRB CII 2018 Table 3A.11 (Table-3A.11_0.xlsx)
2018,Andaman & Nicobar Islands,Rape/Gang Rape of Girl Below 16 Yrs (Imprisonment for life till death) (Sec.376(DB)),,0,NCRB CII 2018 Table 3A.11 (Table-3A.11_0.xlsx)
2018,Chandigarh,Rape/Gang Rape of Girl Below 16 Yrs (Imprisonment for life till death) (Sec.376(DB)),,1,NCRB CII 2018 Table 3A.11 (Table-3A.11_0.xlsx)
2018,Dadra & Nagar Haveli and Daman & Diu,Rape/Gang Rape of Girl Below 16 Yrs (Imprisonment for life till death) (Sec.376(DB)),,0,NCRB CII 2018 Table 3A.11 (Table-3A.11_0.xlsx)
2018,Delhi,Rape/Gang Rape of Girl Below 16 Yrs (Imprisonment for life till death) (Sec.376(DB)),,0,NCRB CII 2018 Table 3A.11 (Table-3A.11_0.xlsx)
2018,Lakshadweep,Rape/Gang Rape of Girl Below 16 Yrs (Imprisonment for life till death) (Sec.376(DB)),,0,NCRB CII 2018 Table 3A.11 (Table-3A.11_0.xlsx)
2018,Puducherry,Rape/Gang Rape of Girl Below 16 Yrs (Imprisonment for life till death) (Sec.376(DB)),,0,NCRB CII 2018 Table 3A.11 (Table-3A.11_0.xlsx)
2018,All India,Rape/Gang Rape of Girl Below 16 Yrs (Imprisonment for life till death) (Sec.376(DB)),,141,NCRB CII 2018 Table 3A.11 (Table-3A.11_0.xlsx)
2018,Andhra Pradesh,Punishment for Repeat offenders (Sec.376(E)),,0,NCRB CII 2018 Table 3A.11 (Table-3A.11_0.xlsx)
2018,Arunachal Pradesh,Punishment for Repeat offenders (Sec.376(E)),,0,NCRB CII 2018 Table 3A.11 (Table-3A.11_0.xlsx)
2018,Assam,Punishment for Repeat offenders (Sec.376(E)),,0,NCRB CII 2018 Table 3A.11 (Table-3A.11_0.xlsx)
2018,Bihar,Punishment for Repeat offenders (Sec.376(E)),,0,NCRB CII 2018 Table 3A.11 (Table-3A.11_0.xlsx)
2018,Chhattisgarh,Punishment for Repeat offenders (Sec.376(E)),,6,NCRB CII 2018 Table 3A.11 (Table-3A.11_0.xlsx)
2018,Goa,Punishment for Repeat offenders (Sec.376(E)),,0,NCRB CII 2018 Table 3A.11 (Table-3A.11_0.xlsx)
2018,Gujarat,Punishment for Repeat offenders (Sec.376(E)),,0,NCRB CII 2018 Table 3A.11 (Table-3A.11_0.xlsx)
2018,Haryana,Punishment for Repeat offenders (Sec.376(E)),,55,NCRB CII 2018 Table 3A.11 (Table-3A.11_0.xlsx)
2018,Himachal Pradesh,Punishment for Repeat offenders (Sec.376(E)),,0,NCRB CII 2018 Table 3A.11 (Table-3A.11_0.xlsx)
2018,Jammu & Kashmir,Punishment for Repeat offenders (Sec.376(E)),,0,NCRB CII 2018 Table 3A.11 (Table-3A.11_0.xlsx)
2018,Jharkhand,Punishment for Repeat offenders (Sec.376(E)),,0,NCRB CII 2018 Table 3A.11 (Table-3A.11_0.xlsx)
2018,Karnataka,Punishment for Repeat offenders (Sec.376(E)),,0,NCRB CII 2018 Table 3A.11 (Table-3A.11_0.xlsx)
2018,Kerala,Punishment for Repeat offenders (Sec.376(E)),,0,NCRB CII 2018 Table 3A.11 (Table-3A.11_0.xlsx)
2018,Madhya Pradesh,Punishment for Repeat offenders (Sec.376(E)),,132,NCRB CII 2018 Table 3A.11 (Table-3A.11_0.xlsx)
2018,Maharashtra,Punishment for Repeat offenders (Sec.376(E)),,0,NCRB CII 2018 Table 3A.11 (Table-3A.11_0.xlsx)
2018,Manipur,Punishment for Repeat offenders (Sec.376(E)),,0,NCRB CII 2018 Table 3A.11 (Table-3A.11_0.xlsx)
2018,Meghalaya,Punishment for Repeat offenders (Sec.376(E)),,0,NCRB CII 2018 Table 3A.11 (Table-3A.11_0.xlsx)
2018,Mizoram,Punishment for Repeat offenders (Sec.376(E)),,0,NCRB CII 2018 Table 3A.11 (Table-3A.11_0.xlsx)
2018,Nagaland,Punishment for Repeat offenders (Sec.376(E)),,0,NCRB CII 2018 Table 3A.11 (Table-3A.11_0.xlsx)
2018,Odisha,Punishment for Repeat offenders (Sec.376(E)),,0,NCRB CII 2018 Table 3A.11 (Table-3A.11_0.xlsx)
2018,Punjab,Punishment for Repeat offenders (Sec.376(E)),,0,NCRB CII 2018 Table 3A.11 (Table-3A.11_0.xlsx)
2018,Rajasthan,Punishment for Repeat offenders (Sec.376(E)),,19,NCRB CII 2018 Table 3A.11 (Table-3A.11_0.xlsx)
2018,Sikkim,Punishment for Repeat offenders (Sec.376(E)),,0,NCRB CII 2018 Table 3A.11 (Table-3A.11_0.xlsx)
2018,Tamil Nadu,Punishment for Repeat offenders (Sec.376(E)),,0,NCRB CII 2018 Table 3A.11 (Table-3A.11_0.xlsx)
2018,Telangana,Punishment for Repeat offenders (Sec.376(E)),,0,NCRB CII 2018 Table 3A.11 (Table-3A.11_0.xlsx)
2018,Tripura,Punishment for Repeat offenders (Sec.376(E)),,1,NCRB CII 2018 Table 3A.11 (Table-3A.11_0.xlsx)
2018,Uttar Pradesh,Punishment for Repeat offenders (Sec.376(E)),,0,NCRB CII 2018 Table 3A.11 (Table-3A.11_0.xlsx)
2018,Uttarakhand,Punishment for Repeat offenders (Sec.376(E)),,0,NCRB CII 2018 Table 3A.11 (Table-3A.11_0.xlsx)
2018,West Bengal,Punishment for Repeat offenders (Sec.376(E)),,0,NCRB CII 2018 Table 3A.11 (Table-3A.11_0.xlsx)
2018,Andaman & Nicobar Islands,Punishment for Repeat offenders (Sec.376(E)),,0,NCRB CII 2018 Table 3A.11 (Table-3A.11_0.xlsx)
2018,Chandigarh,Punishment for Repeat offenders (Sec.376(E)),,0,NCRB CII 2018 Table 3A.11 (Table-3A.11_0.xlsx)
2018,Dadra & Nagar Haveli and Daman & Diu,Punishment for Repeat offenders (Sec.376(E)),,0,NCRB CII 2018 Table 3A.11 (Table-3A.11_0.xlsx)
2018,Delhi,Punishment for Repeat offenders (Sec.376(E)),,0,NCRB CII 2018 Table 3A.11 (Table-3A.11_0.xlsx)
2018,Lakshadweep,Punishment for Repeat offenders (Sec.376(E)),,0,NCRB CII 2018 Table 3A.11 (Table-3A.11_0.xlsx)
2018,Puducherry,Punishment for Repeat offenders (Sec.376(E)),,0,NCRB CII 2018 Table 3A.11 (Table-3A.11_0.xlsx)
2018,All India,Punishment for Repeat offenders (Sec.376(E)),,213,NCRB CII 2018 Table 3A.11 (Table-3A.11_0.xlsx)
2018,Andhra Pradesh,Rape (Total) (Sec.376 IPC),,971,NCRB CII 2018 Table 3A.11 (Table-3A.11_0.xlsx)
2018,Arunachal Pradesh,Rape (Total) (Sec.376 IPC),,67,NCRB CII 2018 Table 3A.11 (Table-3A.11_0.xlsx)
2018,Assam,Rape (Total) (Sec.376 IPC),,1648,NCRB CII 2018 Table 3A.11 (Table-3A.11_0.xlsx)
2018,Bihar,Rape (Total) (Sec.376 IPC),,651,NCRB CII 2018 Table 3A.11 (Table-3A.11_0.xlsx)
2018,Chhattisgarh,Rape (Total) (Sec.376 IPC),,2091,NCRB CII 2018 Table 3A.11 (Table-3A.11_0.xlsx)
2018,Goa,Rape (Total) (Sec.376 IPC),,61,NCRB CII 2018 Table 3A.11 (Table-3A.11_0.xlsx)
2018,Gujarat,Rape (Total) (Sec.376 IPC),,553,NCRB CII 2018 Table 3A.11 (Table-3A.11_0.xlsx)
2018,Haryana,Rape (Total) (Sec.376 IPC),,1296,NCRB CII 2018 Table 3A.11 (Table-3A.11_0.xlsx)
2018,Himachal Pradesh,Rape (Total) (Sec.376 IPC),,344,NCRB CII 2018 Table 3A.11 (Table-3A.11_0.xlsx)
2018,Jammu & Kashmir,Rape (Total) (Sec.376 IPC),,320,NCRB CII 2018 Table 3A.11 (Table-3A.11_0.xlsx)
2018,Jharkhand,Rape (Total) (Sec.376 IPC),,1090,NCRB CII 2018 Table 3A.11 (Table-3A.11_0.xlsx)
2018,Karnataka,Rape (Total) (Sec.376 IPC),,492,NCRB CII 2018 Table 3A.11 (Table-3A.11_0.xlsx)
2018,Kerala,Rape (Total) (Sec.376 IPC),,1945,NCRB CII 2018 Table 3A.11 (Table-3A.11_0.xlsx)
2018,Madhya Pradesh,Rape (Total) (Sec.376 IPC),,5433,NCRB CII 2018 Table 3A.11 (Table-3A.11_0.xlsx)
2018,Maharashtra,Rape (Total) (Sec.376 IPC),,2142,NCRB CII 2018 Table 3A.11 (Table-3A.11_0.xlsx)
2018,Manipur,Rape (Total) (Sec.376 IPC),,52,NCRB CII 2018 Table 3A.11 (Table-3A.11_0.xlsx)
2018,Meghalaya,Rape (Total) (Sec.376 IPC),,87,NCRB CII 2018 Table 3A.11 (Table-3A.11_0.xlsx)
2018,Mizoram,Rape (Total) (Sec.376 IPC),,50,NCRB CII 2018 Table 3A.11 (Table-3A.11_0.xlsx)
2018,Nagaland,Rape (Total) (Sec.376 IPC),,10,NCRB CII 2018 Table 3A.11 (Table-3A.11_0.xlsx)
2018,Odisha,Rape (Total) (Sec.376 IPC),,918,NCRB CII 2018 Table 3A.11 (Table-3A.11_0.xlsx)
2018,Punjab,Rape (Total) (Sec.376 IPC),,831,NCRB CII 2018 Table 3A.11 (Table-3A.11_0.xlsx)
2018,Rajasthan,Rape (Total) (Sec.376 IPC),,4335,NCRB CII 2018 Table 3A.11 (Table-3A.11_0.xlsx)
2018,Sikkim,Rape (Total) (Sec.376 IPC),,16,NCRB CII 2018 Table 3A.11 (Table-3A.11_0.xlsx)
2018,Tamil Nadu,Rape (Total) (Sec.376 IPC),,331,NCRB CII 2018 Table 3A.11 (Table-3A.11_0.xlsx)
2018,Telangana,Rape (Total) (Sec.376 IPC),,606,NCRB CII 2018 Table 3A.11 (Table-3A.11_0.xlsx)
2018,Tripura,Rape (Total) (Sec.376 IPC),,97,NCRB CII 2018 Table 3A.11 (Table-3A.11_0.xlsx)
2018,Uttar Pradesh,Rape (Total) (Sec.376 IPC),,3946,NCRB CII 2018 Table 3A.11 (Table-3A.11_0.xlsx)
2018,Uttarakhand,Rape (Total) (Sec.376 IPC),,561,NCRB CII 2018 Table 3A.11 (Table-3A.11_0.xlsx)
2018,West Bengal,Rape (Total) (Sec.376 IPC),,1069,NCRB CII 2018 Table 3A.11 (Table-3A.11_0.xlsx)
2018,Andaman & Nicobar Islands,Rape (Total) (Sec.376 IPC),,30,NCRB CII 2018 Table 3A.11 (Table-3A.11_0.xlsx)
2018,Chandigarh,Rape (Total) (Sec.376 IPC),,86,NCRB CII 2018 Table 3A.11 (Table-3A.11_0.xlsx)
2018,Dadra & Nagar Haveli and Daman & Diu,Rape (Total) (Sec.376 IPC),,10,NCRB CII 2018 Table 3A.11 (Table-3A.11_0.xlsx)
2018,Delhi,Rape (Total) (Sec.376 IPC),,1215,NCRB CII 2018 Table 3A.11 (Table-3A.11_0.xlsx)
2018,Lakshadweep,Rape (Total) (Sec.376 IPC),,2,NCRB CII 2018 Table 3A.11 (Table-3A.11_0.xlsx)
2018,Puducherry,Rape (Total) (Sec.376 IPC),,0,NCRB CII 2018 Table 3A.11 (Table-3A.11_0.xlsx)
2018,All India,Rape (Total) (Sec.376 IPC),,33356,NCRB CII 2018 Table 3A.11 (Table-3A.11_0.xlsx)
2019,Andhra Pradesh,Punishment for Rape (Sec.376 & 376(I),,758,NCRB CII 2019 Table 3A.11 (TABLE-3A.11.xlsx)
2019,Arunachal Pradesh,Punishment for Rape (Sec.376 & 376(I),,46,NCRB CII 2019 Table 3A.11 (TABLE-3A.11.xlsx)
2019,Assam,Punishment for Rape (Sec.376 & 376(I),,1599,NCRB CII 2019 Table 3A.11 (TABLE-3A.11.xlsx)
2019,Bihar,Punishment for Rape (Sec.376 & 376(I),,700,NCRB CII 2019 Table 3A.11 (TABLE-3A.11.xlsx)
2019,Chhattisgarh,Punishment for Rape (Sec.376 & 376(I),,546,NCRB CII 2019 Table 3A.11 (TABLE-3A.11.xlsx)
2019,Goa,Punishment for Rape (Sec.376 & 376(I),,54,NCRB CII 2019 Table 3A.11 (TABLE-3A.11.xlsx)
2019,Gujarat,Punishment for Rape (Sec.376 & 376(I),,429,NCRB CII 2019 Table 3A.11 (TABLE-3A.11.xlsx)
2019,Haryana,Punishment for Rape (Sec.376 & 376(I),,900,NCRB CII 2019 Table 3A.11 (TABLE-3A.11.xlsx)
2019,Himachal Pradesh,Punishment for Rape (Sec.376 & 376(I),,302,NCRB CII 2019 Table 3A.11 (TABLE-3A.11.xlsx)
2019,Jammu & Kashmir,Punishment for Rape (Sec.376 & 376(I),,177,NCRB CII 2019 Table 3A.11 (TABLE-3A.11.xlsx)
2019,Jharkhand,Punishment for Rape (Sec.376 & 376(I),,1253,NCRB CII 2019 Table 3A.11 (TABLE-3A.11.xlsx)
2019,Karnataka,Punishment for Rape (Sec.376 & 376(I),,451,NCRB CII 2019 Table 3A.11 (TABLE-3A.11.xlsx)
2019,Kerala,Punishment for Rape (Sec.376 & 376(I),,1043,NCRB CII 2019 Table 3A.11 (TABLE-3A.11.xlsx)
2019,Madhya Pradesh,Punishment for Rape (Sec.376 & 376(I),,1007,NCRB CII 2019 Table 3A.11 (TABLE-3A.11.xlsx)
2019,Maharashtra,Punishment for Rape (Sec.376 & 376(I),,1564,NCRB CII 2019 Table 3A.11 (TABLE-3A.11.xlsx)
2019,Manipur,Punishment for Rape (Sec.376 & 376(I),,26,NCRB CII 2019 Table 3A.11 (TABLE-3A.11.xlsx)
2019,Meghalaya,Punishment for Rape (Sec.376 & 376(I),,68,NCRB CII 2019 Table 3A.11 (TABLE-3A.11.xlsx)
2019,Mizoram,Punishment for Rape (Sec.376 & 376(I),,15,NCRB CII 2019 Table 3A.11 (TABLE-3A.11.xlsx)
2019,Nagaland,Punishment for Rape (Sec.376 & 376(I),,5,NCRB CII 2019 Table 3A.11 (TABLE-3A.11.xlsx)
2019,Odisha,Punishment for Rape (Sec.376 & 376(I),,785,NCRB CII 2019 Table 3A.11 (TABLE-3A.11.xlsx)
2019,Punjab,Punishment for Rape (Sec.376 & 376(I),,900,NCRB CII 2019 Table 3A.11 (TABLE-3A.11.xlsx)
2019,Rajasthan,Punishment for Rape (Sec.376 & 376(I),,3826,NCRB CII 2019 Table 3A.11 (TABLE-3A.11.xlsx)
2019,Sikkim,Punishment for Rape (Sec.376 & 376(I),,10,NCRB CII 2019 Table 3A.11 (TABLE-3A.11.xlsx)
2019,Tamil Nadu,Punishment for Rape (Sec.376 & 376(I),,334,NCRB CII 2019 Table 3A.11 (TABLE-3A.11.xlsx)
2019,Telangana,Punishment for Rape (Sec.376 & 376(I),,613,NCRB CII 2019 Table 3A.11 (TABLE-3A.11.xlsx)
2019,Tripura,Punishment for Rape (Sec.376 & 376(I),,73,NCRB CII 2019 Table 3A.11 (TABLE-3A.11.xlsx)
2019,Uttar Pradesh,Punishment for Rape (Sec.376 & 376(I),,2701,NCRB CII 2019 Table 3A.11 (TABLE-3A.11.xlsx)
2019,Uttarakhand,Punishment for Rape (Sec.376 & 376(I),,290,NCRB CII 2019 Table 3A.11 (TABLE-3A.11.xlsx)
2019,West Bengal,Punishment for Rape (Sec.376 & 376(I),,1001,NCRB CII 2019 Table 3A.11 (TABLE-3A.11.xlsx)
2019,Andaman & Nicobar Islands,Punishment for Rape (Sec.376 & 376(I),,10,NCRB CII 2019 Table 3A.11 (TABLE-3A.11.xlsx)
2019,Chandigarh,Punishment for Rape (Sec.376 & 376(I),,48,NCRB CII 2019 Table 3A.11 (TABLE-3A.11.xlsx)
2019,Dadra & Nagar Haveli and Daman & Diu,Punishment for Rape (Sec.376 & 376(I),,4,NCRB CII 2019 Table 3A.11 (TABLE-3A.11.xlsx)
2019,Delhi,Punishment for Rape (Sec.376 & 376(I),,1176,NCRB CII 2019 Table 3A.11 (TABLE-3A.11.xlsx)
2019,Lakshadweep,Punishment for Rape (Sec.376 & 376(I),,0,NCRB CII 2019 Table 3A.11 (TABLE-3A.11.xlsx)
2019,Puducherry,Punishment for Rape (Sec.376 & 376(I),,10,NCRB CII 2019 Table 3A.11 (TABLE-3A.11.xlsx)
2019,All India,Punishment for Rape (Sec.376 & 376(I),,22724,NCRB CII 2019 Table 3A.11 (TABLE-3A.11.xlsx)
2019,Andhra Pradesh,Rape in Custody (Section 376(2)) - Rape in Custody (Total),custodial_total,1,NCRB CII 2019 Table 3A.11 (TABLE-3A.11.xlsx)
2019,Arunachal Pradesh,Rape in Custody (Section 376(2)) - Rape in Custody (Total),custodial_total,0,NCRB CII 2019 Table 3A.11 (TABLE-3A.11.xlsx)
2019,Assam,Rape in Custody (Section 376(2)) - Rape in Custody (Total),custodial_total,11,NCRB CII 2019 Table 3A.11 (TABLE-3A.11.xlsx)
2019,Bihar,Rape in Custody (Section 376(2)) - Rape in Custody (Total),custodial_total,0,NCRB CII 2019 Table 3A.11 (TABLE-3A.11.xlsx)
2019,Chhattisgarh,Rape in Custody (Section 376(2)) - Rape in Custody (Total),custodial_total,1,NCRB CII 2019 Table 3A.11 (TABLE-3A.11.xlsx)
2019,Goa,Rape in Custody (Section 376(2)) - Rape in Custody (Total),custodial_total,1,NCRB CII 2019 Table 3A.11 (TABLE-3A.11.xlsx)
2019,Gujarat,Rape in Custody (Section 376(2)) - Rape in Custody (Total),custodial_total,0,NCRB CII 2019 Table 3A.11 (TABLE-3A.11.xlsx)
2019,Haryana,Rape in Custody (Section 376(2)) - Rape in Custody (Total),custodial_total,2,NCRB CII 2019 Table 3A.11 (TABLE-3A.11.xlsx)
2019,Himachal Pradesh,Rape in Custody (Section 376(2)) - Rape in Custody (Total),custodial_total,0,NCRB CII 2019 Table 3A.11 (TABLE-3A.11.xlsx)
2019,Jammu & Kashmir,Rape in Custody (Section 376(2)) - Rape in Custody (Total),custodial_total,0,NCRB CII 2019 Table 3A.11 (TABLE-3A.11.xlsx)
2019,Jharkhand,Rape in Custody (Section 376(2)) - Rape in Custody (Total),custodial_total,0,NCRB CII 2019 Table 3A.11 (TABLE-3A.11.xlsx)
2019,Karnataka,Rape in Custody (Section 376(2)) - Rape in Custody (Total),custodial_total,0,NCRB CII 2019 Table 3A.11 (TABLE-3A.11.xlsx)
2019,Kerala,Rape in Custody (Section 376(2)) - Rape in Custody (Total),custodial_total,0,NCRB CII 2019 Table 3A.11 (TABLE-3A.11.xlsx)
2019,Madhya Pradesh,Rape in Custody (Section 376(2)) - Rape in Custody (Total),custodial_total,6,NCRB CII 2019 Table 3A.11 (TABLE-3A.11.xlsx)
2019,Maharashtra,Rape in Custody (Section 376(2)) - Rape in Custody (Total),custodial_total,0,NCRB CII 2019 Table 3A.11 (TABLE-3A.11.xlsx)
2019,Manipur,Rape in Custody (Section 376(2)) - Rape in Custody (Total),custodial_total,0,NCRB CII 2019 Table 3A.11 (TABLE-3A.11.xlsx)
2019,Meghalaya,Rape in Custody (Section 376(2)) - Rape in Custody (Total),custodial_total,0,NCRB CII 2019 Table 3A.11 (TABLE-3A.11.xlsx)
2019,Mizoram,Rape in Custody (Section 376(2)) - Rape in Custody (Total),custodial_total,0,NCRB CII 2019 Table 3A.11 (TABLE-3A.11.xlsx)
2019,Nagaland,Rape in Custody (Section 376(2)) - Rape in Custody (Total),custodial_total,0,NCRB CII 2019 Table 3A.11 (TABLE-3A.11.xlsx)
2019,Odisha,Rape in Custody (Section 376(2)) - Rape in Custody (Total),custodial_total,0,NCRB CII 2019 Table 3A.11 (TABLE-3A.11.xlsx)
2019,Punjab,Rape in Custody (Section 376(2)) - Rape in Custody (Total),custodial_total,0,NCRB CII 2019 Table 3A.11 (TABLE-3A.11.xlsx)
2019,Rajasthan,Rape in Custody (Section 376(2)) - Rape in Custody (Total),custodial_total,2,NCRB CII 2019 Table 3A.11 (TABLE-3A.11.xlsx)
2019,Sikkim,Rape in Custody (Section 376(2)) - Rape in Custody (Total),custodial_total,0,NCRB CII 2019 Table 3A.11 (TABLE-3A.11.xlsx)
2019,Tamil Nadu,Rape in Custody (Section 376(2)) - Rape in Custody (Total),custodial_total,0,NCRB CII 2019 Table 3A.11 (TABLE-3A.11.xlsx)
2019,Telangana,Rape in Custody (Section 376(2)) - Rape in Custody (Total),custodial_total,1,NCRB CII 2019 Table 3A.11 (TABLE-3A.11.xlsx)
2019,Tripura,Rape in Custody (Section 376(2)) - Rape in Custody (Total),custodial_total,0,NCRB CII 2019 Table 3A.11 (TABLE-3A.11.xlsx)
2019,Uttar Pradesh,Rape in Custody (Section 376(2)) - Rape in Custody (Total),custodial_total,22,NCRB CII 2019 Table 3A.11 (TABLE-3A.11.xlsx)
2019,Uttarakhand,Rape in Custody (Section 376(2)) - Rape in Custody (Total),custodial_total,0,NCRB CII 2019 Table 3A.11 (TABLE-3A.11.xlsx)
2019,West Bengal,Rape in Custody (Section 376(2)) - Rape in Custody (Total),custodial_total,0,NCRB CII 2019 Table 3A.11 (TABLE-3A.11.xlsx)
2019,Andaman & Nicobar Islands,Rape in Custody (Section 376(2)) - Rape in Custody (Total),custodial_total,0,NCRB CII 2019 Table 3A.11 (TABLE-3A.11.xlsx)
2019,Chandigarh,Rape in Custody (Section 376(2)) - Rape in Custody (Total),custodial_total,0,NCRB CII 2019 Table 3A.11 (TABLE-3A.11.xlsx)
2019,Dadra & Nagar Haveli and Daman & Diu,Rape in Custody (Section 376(2)) - Rape in Custody (Total),custodial_total,0,NCRB CII 2019 Table 3A.11 (TABLE-3A.11.xlsx)
2019,Delhi,Rape in Custody (Section 376(2)) - Rape in Custody (Total),custodial_total,0,NCRB CII 2019 Table 3A.11 (TABLE-3A.11.xlsx)
2019,Lakshadweep,Rape in Custody (Section 376(2)) - Rape in Custody (Total),custodial_total,0,NCRB CII 2019 Table 3A.11 (TABLE-3A.11.xlsx)
2019,Puducherry,Rape in Custody (Section 376(2)) - Rape in Custody (Total),custodial_total,0,NCRB CII 2019 Table 3A.11 (TABLE-3A.11.xlsx)
2019,All India,Rape in Custody (Section 376(2)) - Rape in Custody (Total),custodial_total,47,NCRB CII 2019 Table 3A.11 (TABLE-3A.11.xlsx)
2019,Andhra Pradesh,Rape in Custody (Section 376(2)) - By Police Personnel (Sec.376(2) (a),police_personnel,0,NCRB CII 2019 Table 3A.11 (TABLE-3A.11.xlsx)
2019,Arunachal Pradesh,Rape in Custody (Section 376(2)) - By Police Personnel (Sec.376(2) (a),police_personnel,0,NCRB CII 2019 Table 3A.11 (TABLE-3A.11.xlsx)
2019,Assam,Rape in Custody (Section 376(2)) - By Police Personnel (Sec.376(2) (a),police_personnel,0,NCRB CII 2019 Table 3A.11 (TABLE-3A.11.xlsx)
2019,Bihar,Rape in Custody (Section 376(2)) - By Police Personnel (Sec.376(2) (a),police_personnel,0,NCRB CII 2019 Table 3A.11 (TABLE-3A.11.xlsx)
2019,Chhattisgarh,Rape in Custody (Section 376(2)) - By Police Personnel (Sec.376(2) (a),police_personnel,1,NCRB CII 2019 Table 3A.11 (TABLE-3A.11.xlsx)
2019,Goa,Rape in Custody (Section 376(2)) - By Police Personnel (Sec.376(2) (a),police_personnel,0,NCRB CII 2019 Table 3A.11 (TABLE-3A.11.xlsx)
2019,Gujarat,Rape in Custody (Section 376(2)) - By Police Personnel (Sec.376(2) (a),police_personnel,0,NCRB CII 2019 Table 3A.11 (TABLE-3A.11.xlsx)
2019,Haryana,Rape in Custody (Section 376(2)) - By Police Personnel (Sec.376(2) (a),police_personnel,0,NCRB CII 2019 Table 3A.11 (TABLE-3A.11.xlsx)
2019,Himachal Pradesh,Rape in Custody (Section 376(2)) - By Police Personnel (Sec.376(2) (a),police_personnel,0,NCRB CII 2019 Table 3A.11 (TABLE-3A.11.xlsx)
2019,Jammu & Kashmir,Rape in Custody (Section 376(2)) - By Police Personnel (Sec.376(2) (a),police_personnel,0,NCRB CII 2019 Table 3A.11 (TABLE-3A.11.xlsx)
2019,Jharkhand,Rape in Custody (Section 376(2)) - By Police Personnel (Sec.376(2) (a),police_personnel,0,NCRB CII 2019 Table 3A.11 (TABLE-3A.11.xlsx)
2019,Karnataka,Rape in Custody (Section 376(2)) - By Police Personnel (Sec.376(2) (a),police_personnel,0,NCRB CII 2019 Table 3A.11 (TABLE-3A.11.xlsx)
2019,Kerala,Rape in Custody (Section 376(2)) - By Police Personnel (Sec.376(2) (a),police_personnel,0,NCRB CII 2019 Table 3A.11 (TABLE-3A.11.xlsx)
2019,Madhya Pradesh,Rape in Custody (Section 376(2)) - By Police Personnel (Sec.376(2) (a),police_personnel,3,NCRB CII 2019 Table 3A.11 (TABLE-3A.11.xlsx)
2019,Maharashtra,Rape in Custody (Section 376(2)) - By Police Personnel (Sec.376(2) (a),police_personnel,0,NCRB CII 2019 Table 3A.11 (TABLE-3A.11.xlsx)
2019,Manipur,Rape in Custody (Section 376(2)) - By Police Personnel (Sec.376(2) (a),police_personnel,0,NCRB CII 2019 Table 3A.11 (TABLE-3A.11.xlsx)
2019,Meghalaya,Rape in Custody (Section 376(2)) - By Police Personnel (Sec.376(2) (a),police_personnel,0,NCRB CII 2019 Table 3A.11 (TABLE-3A.11.xlsx)
2019,Mizoram,Rape in Custody (Section 376(2)) - By Police Personnel (Sec.376(2) (a),police_personnel,0,NCRB CII 2019 Table 3A.11 (TABLE-3A.11.xlsx)
2019,Nagaland,Rape in Custody (Section 376(2)) - By Police Personnel (Sec.376(2) (a),police_personnel,0,NCRB CII 2019 Table 3A.11 (TABLE-3A.11.xlsx)
2019,Odisha,Rape in Custody (Section 376(2)) - By Police Personnel (Sec.376(2) (a),police_personnel,0,NCRB CII 2019 Table 3A.11 (TABLE-3A.11.xlsx)
2019,Punjab,Rape in Custody (Section 376(2)) - By Police Personnel (Sec.376(2) (a),police_personnel,0,NCRB CII 2019 Table 3A.11 (TABLE-3A.11.xlsx)
2019,Rajasthan,Rape in Custody (Section 376(2)) - By Police Personnel (Sec.376(2) (a),police_personnel,1,NCRB CII 2019 Table 3A.11 (TABLE-3A.11.xlsx)
2019,Sikkim,Rape in Custody (Section 376(2)) - By Police Personnel (Sec.376(2) (a),police_personnel,0,NCRB CII 2019 Table 3A.11 (TABLE-3A.11.xlsx)
2019,Tamil Nadu,Rape in Custody (Section 376(2)) - By Police Personnel (Sec.376(2) (a),police_personnel,0,NCRB CII 2019 Table 3A.11 (TABLE-3A.11.xlsx)
2019,Telangana,Rape in Custody (Section 376(2)) - By Police Personnel (Sec.376(2) (a),police_personnel,0,NCRB CII 2019 Table 3A.11 (TABLE-3A.11.xlsx)
2019,Tripura,Rape in Custody (Section 376(2)) - By Police Personnel (Sec.376(2) (a),police_personnel,0,NCRB CII 2019 Table 3A.11 (TABLE-3A.11.xlsx)
2019,Uttar Pradesh,Rape in Custody (Section 376(2)) - By Police Personnel (Sec.376(2) (a),police_personnel,0,NCRB CII 2019 Table 3A.11 (TABLE-3A.11.xlsx)
2019,Uttarakhand,Rape in Custody (Section 376(2)) - By Police Personnel (Sec.376(2) (a),police_personnel,0,NCRB CII 2019 Table 3A.11 (TABLE-3A.11.xlsx)
2019,West Bengal,Rape in Custody (Section 376(2)) - By Police Personnel (Sec.376(2) (a),police_personnel,0,NCRB CII 2019 Table 3A.11 (TABLE-3A.11.xlsx)
2019,Andaman & Nicobar Islands,Rape in Custody (Section 376(2)) - By Police Personnel (Sec.376(2) (a),police_personnel,0,NCRB CII 2019 Table 3A.11 (TABLE-3A.11.xlsx)
2019,Chandigarh,Rape in Custody (Section 376(2)) - By Police Personnel (Sec.376(2) (a),police_personnel,0,NCRB CII 2019 Table 3A.11 (TABLE-3A.11.xlsx)
2019,Dadra & Nagar Haveli and Daman & Diu,Rape in Custody (Section 376(2)) - By Police Personnel (Sec.376(2) (a),police_personnel,0,NCRB CII 2019 Table 3A.11 (TABLE-3A.11.xlsx)
2019,Delhi,Rape in Custody (Section 376(2)) - By Police Personnel (Sec.376(2) (a),police_personnel,0,NCRB CII 2019 Table 3A.11 (TABLE-3A.11.xlsx)
2019,Lakshadweep,Rape in Custody (Section 376(2)) - By Police Personnel (Sec.376(2) (a),police_personnel,0,NCRB CII 2019 Table 3A.11 (TABLE-3A.11.xlsx)
2019,Puducherry,Rape in Custody (Section 376(2)) - By Police Personnel (Sec.376(2) (a),police_personnel,0,NCRB CII 2019 Table 3A.11 (TABLE-3A.11.xlsx)
2019,All India,Rape in Custody (Section 376(2)) - By Police Personnel (Sec.376(2) (a),police_personnel,5,NCRB CII 2019 Table 3A.11 (TABLE-3A.11.xlsx)
2019,Andhra Pradesh,Rape in Custody (Section 376(2)) - By Public Servant (Sec.376(2) (b),public_servant,0,NCRB CII 2019 Table 3A.11 (TABLE-3A.11.xlsx)
2019,Arunachal Pradesh,Rape in Custody (Section 376(2)) - By Public Servant (Sec.376(2) (b),public_servant,0,NCRB CII 2019 Table 3A.11 (TABLE-3A.11.xlsx)
2019,Assam,Rape in Custody (Section 376(2)) - By Public Servant (Sec.376(2) (b),public_servant,0,NCRB CII 2019 Table 3A.11 (TABLE-3A.11.xlsx)
2019,Bihar,Rape in Custody (Section 376(2)) - By Public Servant (Sec.376(2) (b),public_servant,0,NCRB CII 2019 Table 3A.11 (TABLE-3A.11.xlsx)
2019,Chhattisgarh,Rape in Custody (Section 376(2)) - By Public Servant (Sec.376(2) (b),public_servant,0,NCRB CII 2019 Table 3A.11 (TABLE-3A.11.xlsx)
2019,Goa,Rape in Custody (Section 376(2)) - By Public Servant (Sec.376(2) (b),public_servant,0,NCRB CII 2019 Table 3A.11 (TABLE-3A.11.xlsx)
2019,Gujarat,Rape in Custody (Section 376(2)) - By Public Servant (Sec.376(2) (b),public_servant,0,NCRB CII 2019 Table 3A.11 (TABLE-3A.11.xlsx)
2019,Haryana,Rape in Custody (Section 376(2)) - By Public Servant (Sec.376(2) (b),public_servant,1,NCRB CII 2019 Table 3A.11 (TABLE-3A.11.xlsx)
2019,Himachal Pradesh,Rape in Custody (Section 376(2)) - By Public Servant (Sec.376(2) (b),public_servant,0,NCRB CII 2019 Table 3A.11 (TABLE-3A.11.xlsx)
2019,Jammu & Kashmir,Rape in Custody (Section 376(2)) - By Public Servant (Sec.376(2) (b),public_servant,0,NCRB CII 2019 Table 3A.11 (TABLE-3A.11.xlsx)
2019,Jharkhand,Rape in Custody (Section 376(2)) - By Public Servant (Sec.376(2) (b),public_servant,0,NCRB CII 2019 Table 3A.11 (TABLE-3A.11.xlsx)
2019,Karnataka,Rape in Custody (Section 376(2)) - By Public Servant (Sec.376(2) (b),public_servant,0,NCRB CII 2019 Table 3A.11 (TABLE-3A.11.xlsx)
2019,Kerala,Rape in Custody (Section 376(2)) - By Public Servant (Sec.376(2) (b),public_servant,0,NCRB CII 2019 Table 3A.11 (TABLE-3A.11.xlsx)
2019,Madhya Pradesh,Rape in Custody (Section 376(2)) - By Public Servant (Sec.376(2) (b),public_servant,1,NCRB CII 2019 Table 3A.11 (TABLE-3A.11.xlsx)
2019,Maharashtra,Rape in Custody (Section 376(2)) - By Public Servant (Sec.376(2) (b),public_servant,0,NCRB CII 2019 Table 3A.11 (TABLE-3A.11.xlsx)
2019,Manipur,Rape in Custody (Section 376(2)) - By Public Servant (Sec.376(2) (b),public_servant,0,NCRB CII 2019 Table 3A.11 (TABLE-3A.11.xlsx)
2019,Meghalaya,Rape in Custody (Section 376(2)) - By Public Servant (Sec.376(2) (b),public_servant,0,NCRB CII 2019 Table 3A.11 (TABLE-3A.11.xlsx)
2019,Mizoram,Rape in Custody (Section 376(2)) - By Public Servant (Sec.376(2) (b),public_servant,0,NCRB CII 2019 Table 3A.11 (TABLE-3A.11.xlsx)
2019,Nagaland,Rape in Custody (Section 376(2)) - By Public Servant (Sec.376(2) (b),public_servant,0,NCRB CII 2019 Table 3A.11 (TABLE-3A.11.xlsx)
2019,Odisha,Rape in Custody (Section 376(2)) - By Public Servant (Sec.376(2) (b),public_servant,0,NCRB CII 2019 Table 3A.11 (TABLE-3A.11.xlsx)
2019,Punjab,Rape in Custody (Section 376(2)) - By Public Servant (Sec.376(2) (b),public_servant,0,NCRB CII 2019 Table 3A.11 (TABLE-3A.11.xlsx)
2019,Rajasthan,Rape in Custody (Section 376(2)) - By Public Servant (Sec.376(2) (b),public_servant,1,NCRB CII 2019 Table 3A.11 (TABLE-3A.11.xlsx)
2019,Sikkim,Rape in Custody (Section 376(2)) - By Public Servant (Sec.376(2) (b),public_servant,0,NCRB CII 2019 Table 3A.11 (TABLE-3A.11.xlsx)
2019,Tamil Nadu,Rape in Custody (Section 376(2)) - By Public Servant (Sec.376(2) (b),public_servant,0,NCRB CII 2019 Table 3A.11 (TABLE-3A.11.xlsx)
2019,Telangana,Rape in Custody (Section 376(2)) - By Public Servant (Sec.376(2) (b),public_servant,0,NCRB CII 2019 Table 3A.11 (TABLE-3A.11.xlsx)
2019,Tripura,Rape in Custody (Section 376(2)) - By Public Servant (Sec.376(2) (b),public_servant,0,NCRB CII 2019 Table 3A.11 (TABLE-3A.11.xlsx)
2019,Uttar Pradesh,Rape in Custody (Section 376(2)) - By Public Servant (Sec.376(2) (b),public_servant,10,NCRB CII 2019 Table 3A.11 (TABLE-3A.11.xlsx)
2019,Uttarakhand,Rape in Custody (Section 376(2)) - By Public Servant (Sec.376(2) (b),public_servant,0,NCRB CII 2019 Table 3A.11 (TABLE-3A.11.xlsx)
2019,West Bengal,Rape in Custody (Section 376(2)) - By Public Servant (Sec.376(2) (b),public_servant,0,NCRB CII 2019 Table 3A.11 (TABLE-3A.11.xlsx)
2019,Andaman & Nicobar Islands,Rape in Custody (Section 376(2)) - By Public Servant (Sec.376(2) (b),public_servant,0,NCRB CII 2019 Table 3A.11 (TABLE-3A.11.xlsx)
2019,Chandigarh,Rape in Custody (Section 376(2)) - By Public Servant (Sec.376(2) (b),public_servant,0,NCRB CII 2019 Table 3A.11 (TABLE-3A.11.xlsx)
2019,Dadra & Nagar Haveli and Daman & Diu,Rape in Custody (Section 376(2)) - By Public Servant (Sec.376(2) (b),public_servant,0,NCRB CII 2019 Table 3A.11 (TABLE-3A.11.xlsx)
2019,Delhi,Rape in Custody (Section 376(2)) - By Public Servant (Sec.376(2) (b),public_servant,0,NCRB CII 2019 Table 3A.11 (TABLE-3A.11.xlsx)
2019,Lakshadweep,Rape in Custody (Section 376(2)) - By Public Servant (Sec.376(2) (b),public_servant,0,NCRB CII 2019 Table 3A.11 (TABLE-3A.11.xlsx)
2019,Puducherry,Rape in Custody (Section 376(2)) - By Public Servant (Sec.376(2) (b),public_servant,0,NCRB CII 2019 Table 3A.11 (TABLE-3A.11.xlsx)
2019,All India,Rape in Custody (Section 376(2)) - By Public Servant (Sec.376(2) (b),public_servant,13,NCRB CII 2019 Table 3A.11 (TABLE-3A.11.xlsx)
2019,Andhra Pradesh,Rape in Custody (Section 376(2)) - By Member of Armed Forces (Sec.376(2) (c),armed_forces,1,NCRB CII 2019 Table 3A.11 (TABLE-3A.11.xlsx)
2019,Arunachal Pradesh,Rape in Custody (Section 376(2)) - By Member of Armed Forces (Sec.376(2) (c),armed_forces,0,NCRB CII 2019 Table 3A.11 (TABLE-3A.11.xlsx)
2019,Assam,Rape in Custody (Section 376(2)) - By Member of Armed Forces (Sec.376(2) (c),armed_forces,0,NCRB CII 2019 Table 3A.11 (TABLE-3A.11.xlsx)
2019,Bihar,Rape in Custody (Section 376(2)) - By Member of Armed Forces (Sec.376(2) (c),armed_forces,0,NCRB CII 2019 Table 3A.11 (TABLE-3A.11.xlsx)
2019,Chhattisgarh,Rape in Custody (Section 376(2)) - By Member of Armed Forces (Sec.376(2) (c),armed_forces,0,NCRB CII 2019 Table 3A.11 (TABLE-3A.11.xlsx)
2019,Goa,Rape in Custody (Section 376(2)) - By Member of Armed Forces (Sec.376(2) (c),armed_forces,0,NCRB CII 2019 Table 3A.11 (TABLE-3A.11.xlsx)
2019,Gujarat,Rape in Custody (Section 376(2)) - By Member of Armed Forces (Sec.376(2) (c),armed_forces,0,NCRB CII 2019 Table 3A.11 (TABLE-3A.11.xlsx)
2019,Haryana,Rape in Custody (Section 376(2)) - By Member of Armed Forces (Sec.376(2) (c),armed_forces,0,NCRB CII 2019 Table 3A.11 (TABLE-3A.11.xlsx)
2019,Himachal Pradesh,Rape in Custody (Section 376(2)) - By Member of Armed Forces (Sec.376(2) (c),armed_forces,0,NCRB CII 2019 Table 3A.11 (TABLE-3A.11.xlsx)
2019,Jammu & Kashmir,Rape in Custody (Section 376(2)) - By Member of Armed Forces (Sec.376(2) (c),armed_forces,0,NCRB CII 2019 Table 3A.11 (TABLE-3A.11.xlsx)
2019,Jharkhand,Rape in Custody (Section 376(2)) - By Member of Armed Forces (Sec.376(2) (c),armed_forces,0,NCRB CII 2019 Table 3A.11 (TABLE-3A.11.xlsx)
2019,Karnataka,Rape in Custody (Section 376(2)) - By Member of Armed Forces (Sec.376(2) (c),armed_forces,0,NCRB CII 2019 Table 3A.11 (TABLE-3A.11.xlsx)
2019,Kerala,Rape in Custody (Section 376(2)) - By Member of Armed Forces (Sec.376(2) (c),armed_forces,0,NCRB CII 2019 Table 3A.11 (TABLE-3A.11.xlsx)
2019,Madhya Pradesh,Rape in Custody (Section 376(2)) - By Member of Armed Forces (Sec.376(2) (c),armed_forces,0,NCRB CII 2019 Table 3A.11 (TABLE-3A.11.xlsx)
2019,Maharashtra,Rape in Custody (Section 376(2)) - By Member of Armed Forces (Sec.376(2) (c),armed_forces,0,NCRB CII 2019 Table 3A.11 (TABLE-3A.11.xlsx)
2019,Manipur,Rape in Custody (Section 376(2)) - By Member of Armed Forces (Sec.376(2) (c),armed_forces,0,NCRB CII 2019 Table 3A.11 (TABLE-3A.11.xlsx)
2019,Meghalaya,Rape in Custody (Section 376(2)) - By Member of Armed Forces (Sec.376(2) (c),armed_forces,0,NCRB CII 2019 Table 3A.11 (TABLE-3A.11.xlsx)
2019,Mizoram,Rape in Custody (Section 376(2)) - By Member of Armed Forces (Sec.376(2) (c),armed_forces,0,NCRB CII 2019 Table 3A.11 (TABLE-3A.11.xlsx)
2019,Nagaland,Rape in Custody (Section 376(2)) - By Member of Armed Forces (Sec.376(2) (c),armed_forces,0,NCRB CII 2019 Table 3A.11 (TABLE-3A.11.xlsx)
2019,Odisha,Rape in Custody (Section 376(2)) - By Member of Armed Forces (Sec.376(2) (c),armed_forces,0,NCRB CII 2019 Table 3A.11 (TABLE-3A.11.xlsx)
2019,Punjab,Rape in Custody (Section 376(2)) - By Member of Armed Forces (Sec.376(2) (c),armed_forces,0,NCRB CII 2019 Table 3A.11 (TABLE-3A.11.xlsx)
2019,Rajasthan,Rape in Custody (Section 376(2)) - By Member of Armed Forces (Sec.376(2) (c),armed_forces,0,NCRB CII 2019 Table 3A.11 (TABLE-3A.11.xlsx)
2019,Sikkim,Rape in Custody (Section 376(2)) - By Member of Armed Forces (Sec.376(2) (c),armed_forces,0,NCRB CII 2019 Table 3A.11 (TABLE-3A.11.xlsx)
2019,Tamil Nadu,Rape in Custody (Section 376(2)) - By Member of Armed Forces (Sec.376(2) (c),armed_forces,0,NCRB CII 2019 Table 3A.11 (TABLE-3A.11.xlsx)
2019,Telangana,Rape in Custody (Section 376(2)) - By Member of Armed Forces (Sec.376(2) (c),armed_forces,0,NCRB CII 2019 Table 3A.11 (TABLE-3A.11.xlsx)
2019,Tripura,Rape in Custody (Section 376(2)) - By Member of Armed Forces (Sec.376(2) (c),armed_forces,0,NCRB CII 2019 Table 3A.11 (TABLE-3A.11.xlsx)
2019,Uttar Pradesh,Rape in Custody (Section 376(2)) - By Member of Armed Forces (Sec.376(2) (c),armed_forces,0,NCRB CII 2019 Table 3A.11 (TABLE-3A.11.xlsx)
2019,Uttarakhand,Rape in Custody (Section 376(2)) - By Member of Armed Forces (Sec.376(2) (c),armed_forces,0,NCRB CII 2019 Table 3A.11 (TABLE-3A.11.xlsx)
2019,West Bengal,Rape in Custody (Section 376(2)) - By Member of Armed Forces (Sec.376(2) (c),armed_forces,0,NCRB CII 2019 Table 3A.11 (TABLE-3A.11.xlsx)
2019,Andaman & Nicobar Islands,Rape in Custody (Section 376(2)) - By Member of Armed Forces (Sec.376(2) (c),armed_forces,0,NCRB CII 2019 Table 3A.11 (TABLE-3A.11.xlsx)
2019,Chandigarh,Rape in Custody (Section 376(2)) - By Member of Armed Forces (Sec.376(2) (c),armed_forces,0,NCRB CII 2019 Table 3A.11 (TABLE-3A.11.xlsx)
2019,Dadra & Nagar Haveli and Daman & Diu,Rape in Custody (Section 376(2)) - By Member of Armed Forces (Sec.376(2) (c),armed_forces,0,NCRB CII 2019 Table 3A.11 (TABLE-3A.11.xlsx)
2019,Delhi,Rape in Custody (Section 376(2)) - By Member of Armed Forces (Sec.376(2) (c),armed_forces,0,NCRB CII 2019 Table 3A.11 (TABLE-3A.11.xlsx)
2019,Lakshadweep,Rape in Custody (Section 376(2)) - By Member of Armed Forces (Sec.376(2) (c),armed_forces,0,NCRB CII 2019 Table 3A.11 (TABLE-3A.11.xlsx)
2019,Puducherry,Rape in Custody (Section 376(2)) - By Member of Armed Forces (Sec.376(2) (c),armed_forces,0,NCRB CII 2019 Table 3A.11 (TABLE-3A.11.xlsx)
2019,All India,Rape in Custody (Section 376(2)) - By Member of Armed Forces (Sec.376(2) (c),armed_forces,1,NCRB CII 2019 Table 3A.11 (TABLE-3A.11.xlsx)
2019,Andhra Pradesh,Rape in Custody (Section 376(2)) - By Management/Staff of Jail/Remand Home/Place of Custody (Sec.376(2)(d),jail_remand_home_place_of_custody,0,NCRB CII 2019 Table 3A.11 (TABLE-3A.11.xlsx)
2019,Arunachal Pradesh,Rape in Custody (Section 376(2)) - By Management/Staff of Jail/Remand Home/Place of Custody (Sec.376(2)(d),jail_remand_home_place_of_custody,0,NCRB CII 2019 Table 3A.11 (TABLE-3A.11.xlsx)
2019,Assam,Rape in Custody (Section 376(2)) - By Management/Staff of Jail/Remand Home/Place of Custody (Sec.376(2)(d),jail_remand_home_place_of_custody,11,NCRB CII 2019 Table 3A.11 (TABLE-3A.11.xlsx)
2019,Bihar,Rape in Custody (Section 376(2)) - By Management/Staff of Jail/Remand Home/Place of Custody (Sec.376(2)(d),jail_remand_home_place_of_custody,0,NCRB CII 2019 Table 3A.11 (TABLE-3A.11.xlsx)
2019,Chhattisgarh,Rape in Custody (Section 376(2)) - By Management/Staff of Jail/Remand Home/Place of Custody (Sec.376(2)(d),jail_remand_home_place_of_custody,0,NCRB CII 2019 Table 3A.11 (TABLE-3A.11.xlsx)
2019,Goa,Rape in Custody (Section 376(2)) - By Management/Staff of Jail/Remand Home/Place of Custody (Sec.376(2)(d),jail_remand_home_place_of_custody,0,NCRB CII 2019 Table 3A.11 (TABLE-3A.11.xlsx)
2019,Gujarat,Rape in Custody (Section 376(2)) - By Management/Staff of Jail/Remand Home/Place of Custody (Sec.376(2)(d),jail_remand_home_place_of_custody,0,NCRB CII 2019 Table 3A.11 (TABLE-3A.11.xlsx)
2019,Haryana,Rape in Custody (Section 376(2)) - By Management/Staff of Jail/Remand Home/Place of Custody (Sec.376(2)(d),jail_remand_home_place_of_custody,0,NCRB CII 2019 Table 3A.11 (TABLE-3A.11.xlsx)
2019,Himachal Pradesh,Rape in Custody (Section 376(2)) - By Management/Staff of Jail/Remand Home/Place of Custody (Sec.376(2)(d),jail_remand_home_place_of_custody,0,NCRB CII 2019 Table 3A.11 (TABLE-3A.11.xlsx)
2019,Jammu & Kashmir,Rape in Custody (Section 376(2)) - By Management/Staff of Jail/Remand Home/Place of Custody (Sec.376(2)(d),jail_remand_home_place_of_custody,0,NCRB CII 2019 Table 3A.11 (TABLE-3A.11.xlsx)
2019,Jharkhand,Rape in Custody (Section 376(2)) - By Management/Staff of Jail/Remand Home/Place of Custody (Sec.376(2)(d),jail_remand_home_place_of_custody,0,NCRB CII 2019 Table 3A.11 (TABLE-3A.11.xlsx)
2019,Karnataka,Rape in Custody (Section 376(2)) - By Management/Staff of Jail/Remand Home/Place of Custody (Sec.376(2)(d),jail_remand_home_place_of_custody,0,NCRB CII 2019 Table 3A.11 (TABLE-3A.11.xlsx)
2019,Kerala,Rape in Custody (Section 376(2)) - By Management/Staff of Jail/Remand Home/Place of Custody (Sec.376(2)(d),jail_remand_home_place_of_custody,0,NCRB CII 2019 Table 3A.11 (TABLE-3A.11.xlsx)
2019,Madhya Pradesh,Rape in Custody (Section 376(2)) - By Management/Staff of Jail/Remand Home/Place of Custody (Sec.376(2)(d),jail_remand_home_place_of_custody,1,NCRB CII 2019 Table 3A.11 (TABLE-3A.11.xlsx)
2019,Maharashtra,Rape in Custody (Section 376(2)) - By Management/Staff of Jail/Remand Home/Place of Custody (Sec.376(2)(d),jail_remand_home_place_of_custody,0,NCRB CII 2019 Table 3A.11 (TABLE-3A.11.xlsx)
2019,Manipur,Rape in Custody (Section 376(2)) - By Management/Staff of Jail/Remand Home/Place of Custody (Sec.376(2)(d),jail_remand_home_place_of_custody,0,NCRB CII 2019 Table 3A.11 (TABLE-3A.11.xlsx)
2019,Meghalaya,Rape in Custody (Section 376(2)) - By Management/Staff of Jail/Remand Home/Place of Custody (Sec.376(2)(d),jail_remand_home_place_of_custody,0,NCRB CII 2019 Table 3A.11 (TABLE-3A.11.xlsx)
2019,Mizoram,Rape in Custody (Section 376(2)) - By Management/Staff of Jail/Remand Home/Place of Custody (Sec.376(2)(d),jail_remand_home_place_of_custody,0,NCRB CII 2019 Table 3A.11 (TABLE-3A.11.xlsx)
2019,Nagaland,Rape in Custody (Section 376(2)) - By Management/Staff of Jail/Remand Home/Place of Custody (Sec.376(2)(d),jail_remand_home_place_of_custody,0,NCRB CII 2019 Table 3A.11 (TABLE-3A.11.xlsx)
2019,Odisha,Rape in Custody (Section 376(2)) - By Management/Staff of Jail/Remand Home/Place of Custody (Sec.376(2)(d),jail_remand_home_place_of_custody,0,NCRB CII 2019 Table 3A.11 (TABLE-3A.11.xlsx)
2019,Punjab,Rape in Custody (Section 376(2)) - By Management/Staff of Jail/Remand Home/Place of Custody (Sec.376(2)(d),jail_remand_home_place_of_custody,0,NCRB CII 2019 Table 3A.11 (TABLE-3A.11.xlsx)
2019,Rajasthan,Rape in Custody (Section 376(2)) - By Management/Staff of Jail/Remand Home/Place of Custody (Sec.376(2)(d),jail_remand_home_place_of_custody,0,NCRB CII 2019 Table 3A.11 (TABLE-3A.11.xlsx)
2019,Sikkim,Rape in Custody (Section 376(2)) - By Management/Staff of Jail/Remand Home/Place of Custody (Sec.376(2)(d),jail_remand_home_place_of_custody,0,NCRB CII 2019 Table 3A.11 (TABLE-3A.11.xlsx)
2019,Tamil Nadu,Rape in Custody (Section 376(2)) - By Management/Staff of Jail/Remand Home/Place of Custody (Sec.376(2)(d),jail_remand_home_place_of_custody,0,NCRB CII 2019 Table 3A.11 (TABLE-3A.11.xlsx)
2019,Telangana,Rape in Custody (Section 376(2)) - By Management/Staff of Jail/Remand Home/Place of Custody (Sec.376(2)(d),jail_remand_home_place_of_custody,0,NCRB CII 2019 Table 3A.11 (TABLE-3A.11.xlsx)
2019,Tripura,Rape in Custody (Section 376(2)) - By Management/Staff of Jail/Remand Home/Place of Custody (Sec.376(2)(d),jail_remand_home_place_of_custody,0,NCRB CII 2019 Table 3A.11 (TABLE-3A.11.xlsx)
2019,Uttar Pradesh,Rape in Custody (Section 376(2)) - By Management/Staff of Jail/Remand Home/Place of Custody (Sec.376(2)(d),jail_remand_home_place_of_custody,12,NCRB CII 2019 Table 3A.11 (TABLE-3A.11.xlsx)
2019,Uttarakhand,Rape in Custody (Section 376(2)) - By Management/Staff of Jail/Remand Home/Place of Custody (Sec.376(2)(d),jail_remand_home_place_of_custody,0,NCRB CII 2019 Table 3A.11 (TABLE-3A.11.xlsx)
2019,West Bengal,Rape in Custody (Section 376(2)) - By Management/Staff of Jail/Remand Home/Place of Custody (Sec.376(2)(d),jail_remand_home_place_of_custody,0,NCRB CII 2019 Table 3A.11 (TABLE-3A.11.xlsx)
2019,Andaman & Nicobar Islands,Rape in Custody (Section 376(2)) - By Management/Staff of Jail/Remand Home/Place of Custody (Sec.376(2)(d),jail_remand_home_place_of_custody,0,NCRB CII 2019 Table 3A.11 (TABLE-3A.11.xlsx)
2019,Chandigarh,Rape in Custody (Section 376(2)) - By Management/Staff of Jail/Remand Home/Place of Custody (Sec.376(2)(d),jail_remand_home_place_of_custody,0,NCRB CII 2019 Table 3A.11 (TABLE-3A.11.xlsx)
2019,Dadra & Nagar Haveli and Daman & Diu,Rape in Custody (Section 376(2)) - By Management/Staff of Jail/Remand Home/Place of Custody (Sec.376(2)(d),jail_remand_home_place_of_custody,0,NCRB CII 2019 Table 3A.11 (TABLE-3A.11.xlsx)
2019,Delhi,Rape in Custody (Section 376(2)) - By Management/Staff of Jail/Remand Home/Place of Custody (Sec.376(2)(d),jail_remand_home_place_of_custody,0,NCRB CII 2019 Table 3A.11 (TABLE-3A.11.xlsx)
2019,Lakshadweep,Rape in Custody (Section 376(2)) - By Management/Staff of Jail/Remand Home/Place of Custody (Sec.376(2)(d),jail_remand_home_place_of_custody,0,NCRB CII 2019 Table 3A.11 (TABLE-3A.11.xlsx)
2019,Puducherry,Rape in Custody (Section 376(2)) - By Management/Staff of Jail/Remand Home/Place of Custody (Sec.376(2)(d),jail_remand_home_place_of_custody,0,NCRB CII 2019 Table 3A.11 (TABLE-3A.11.xlsx)
2019,All India,Rape in Custody (Section 376(2)) - By Management/Staff of Jail/Remand Home/Place of Custody (Sec.376(2)(d),jail_remand_home_place_of_custody,24,NCRB CII 2019 Table 3A.11 (TABLE-3A.11.xlsx)
2019,Andhra Pradesh,Rape in Custody (Section 376(2)) - By Management/ Staff of Hospital (Sec.376(2) (e),hospital,0,NCRB CII 2019 Table 3A.11 (TABLE-3A.11.xlsx)
2019,Arunachal Pradesh,Rape in Custody (Section 376(2)) - By Management/ Staff of Hospital (Sec.376(2) (e),hospital,0,NCRB CII 2019 Table 3A.11 (TABLE-3A.11.xlsx)
2019,Assam,Rape in Custody (Section 376(2)) - By Management/ Staff of Hospital (Sec.376(2) (e),hospital,0,NCRB CII 2019 Table 3A.11 (TABLE-3A.11.xlsx)
2019,Bihar,Rape in Custody (Section 376(2)) - By Management/ Staff of Hospital (Sec.376(2) (e),hospital,0,NCRB CII 2019 Table 3A.11 (TABLE-3A.11.xlsx)
2019,Chhattisgarh,Rape in Custody (Section 376(2)) - By Management/ Staff of Hospital (Sec.376(2) (e),hospital,0,NCRB CII 2019 Table 3A.11 (TABLE-3A.11.xlsx)
2019,Goa,Rape in Custody (Section 376(2)) - By Management/ Staff of Hospital (Sec.376(2) (e),hospital,1,NCRB CII 2019 Table 3A.11 (TABLE-3A.11.xlsx)
2019,Gujarat,Rape in Custody (Section 376(2)) - By Management/ Staff of Hospital (Sec.376(2) (e),hospital,0,NCRB CII 2019 Table 3A.11 (TABLE-3A.11.xlsx)
2019,Haryana,Rape in Custody (Section 376(2)) - By Management/ Staff of Hospital (Sec.376(2) (e),hospital,1,NCRB CII 2019 Table 3A.11 (TABLE-3A.11.xlsx)
2019,Himachal Pradesh,Rape in Custody (Section 376(2)) - By Management/ Staff of Hospital (Sec.376(2) (e),hospital,0,NCRB CII 2019 Table 3A.11 (TABLE-3A.11.xlsx)
2019,Jammu & Kashmir,Rape in Custody (Section 376(2)) - By Management/ Staff of Hospital (Sec.376(2) (e),hospital,0,NCRB CII 2019 Table 3A.11 (TABLE-3A.11.xlsx)
2019,Jharkhand,Rape in Custody (Section 376(2)) - By Management/ Staff of Hospital (Sec.376(2) (e),hospital,0,NCRB CII 2019 Table 3A.11 (TABLE-3A.11.xlsx)
2019,Karnataka,Rape in Custody (Section 376(2)) - By Management/ Staff of Hospital (Sec.376(2) (e),hospital,0,NCRB CII 2019 Table 3A.11 (TABLE-3A.11.xlsx)
2019,Kerala,Rape in Custody (Section 376(2)) - By Management/ Staff of Hospital (Sec.376(2) (e),hospital,0,NCRB CII 2019 Table 3A.11 (TABLE-3A.11.xlsx)
2019,Madhya Pradesh,Rape in Custody (Section 376(2)) - By Management/ Staff of Hospital (Sec.376(2) (e),hospital,1,NCRB CII 2019 Table 3A.11 (TABLE-3A.11.xlsx)
2019,Maharashtra,Rape in Custody (Section 376(2)) - By Management/ Staff of Hospital (Sec.376(2) (e),hospital,0,NCRB CII 2019 Table 3A.11 (TABLE-3A.11.xlsx)
2019,Manipur,Rape in Custody (Section 376(2)) - By Management/ Staff of Hospital (Sec.376(2) (e),hospital,0,NCRB CII 2019 Table 3A.11 (TABLE-3A.11.xlsx)
2019,Meghalaya,Rape in Custody (Section 376(2)) - By Management/ Staff of Hospital (Sec.376(2) (e),hospital,0,NCRB CII 2019 Table 3A.11 (TABLE-3A.11.xlsx)
2019,Mizoram,Rape in Custody (Section 376(2)) - By Management/ Staff of Hospital (Sec.376(2) (e),hospital,0,NCRB CII 2019 Table 3A.11 (TABLE-3A.11.xlsx)
2019,Nagaland,Rape in Custody (Section 376(2)) - By Management/ Staff of Hospital (Sec.376(2) (e),hospital,0,NCRB CII 2019 Table 3A.11 (TABLE-3A.11.xlsx)
2019,Odisha,Rape in Custody (Section 376(2)) - By Management/ Staff of Hospital (Sec.376(2) (e),hospital,0,NCRB CII 2019 Table 3A.11 (TABLE-3A.11.xlsx)
2019,Punjab,Rape in Custody (Section 376(2)) - By Management/ Staff of Hospital (Sec.376(2) (e),hospital,0,NCRB CII 2019 Table 3A.11 (TABLE-3A.11.xlsx)
2019,Rajasthan,Rape in Custody (Section 376(2)) - By Management/ Staff of Hospital (Sec.376(2) (e),hospital,0,NCRB CII 2019 Table 3A.11 (TABLE-3A.11.xlsx)
2019,Sikkim,Rape in Custody (Section 376(2)) - By Management/ Staff of Hospital (Sec.376(2) (e),hospital,0,NCRB CII 2019 Table 3A.11 (TABLE-3A.11.xlsx)
2019,Tamil Nadu,Rape in Custody (Section 376(2)) - By Management/ Staff of Hospital (Sec.376(2) (e),hospital,0,NCRB CII 2019 Table 3A.11 (TABLE-3A.11.xlsx)
2019,Telangana,Rape in Custody (Section 376(2)) - By Management/ Staff of Hospital (Sec.376(2) (e),hospital,1,NCRB CII 2019 Table 3A.11 (TABLE-3A.11.xlsx)
2019,Tripura,Rape in Custody (Section 376(2)) - By Management/ Staff of Hospital (Sec.376(2) (e),hospital,0,NCRB CII 2019 Table 3A.11 (TABLE-3A.11.xlsx)
2019,Uttar Pradesh,Rape in Custody (Section 376(2)) - By Management/ Staff of Hospital (Sec.376(2) (e),hospital,0,NCRB CII 2019 Table 3A.11 (TABLE-3A.11.xlsx)
2019,Uttarakhand,Rape in Custody (Section 376(2)) - By Management/ Staff of Hospital (Sec.376(2) (e),hospital,0,NCRB CII 2019 Table 3A.11 (TABLE-3A.11.xlsx)
2019,West Bengal,Rape in Custody (Section 376(2)) - By Management/ Staff of Hospital (Sec.376(2) (e),hospital,0,NCRB CII 2019 Table 3A.11 (TABLE-3A.11.xlsx)
2019,Andaman & Nicobar Islands,Rape in Custody (Section 376(2)) - By Management/ Staff of Hospital (Sec.376(2) (e),hospital,0,NCRB CII 2019 Table 3A.11 (TABLE-3A.11.xlsx)
2019,Chandigarh,Rape in Custody (Section 376(2)) - By Management/ Staff of Hospital (Sec.376(2) (e),hospital,0,NCRB CII 2019 Table 3A.11 (TABLE-3A.11.xlsx)
2019,Dadra & Nagar Haveli and Daman & Diu,Rape in Custody (Section 376(2)) - By Management/ Staff of Hospital (Sec.376(2) (e),hospital,0,NCRB CII 2019 Table 3A.11 (TABLE-3A.11.xlsx)
2019,Delhi,Rape in Custody (Section 376(2)) - By Management/ Staff of Hospital (Sec.376(2) (e),hospital,0,NCRB CII 2019 Table 3A.11 (TABLE-3A.11.xlsx)
2019,Lakshadweep,Rape in Custody (Section 376(2)) - By Management/ Staff of Hospital (Sec.376(2) (e),hospital,0,NCRB CII 2019 Table 3A.11 (TABLE-3A.11.xlsx)
2019,Puducherry,Rape in Custody (Section 376(2)) - By Management/ Staff of Hospital (Sec.376(2) (e),hospital,0,NCRB CII 2019 Table 3A.11 (TABLE-3A.11.xlsx)
2019,All India,Rape in Custody (Section 376(2)) - By Management/ Staff of Hospital (Sec.376(2) (e),hospital,4,NCRB CII 2019 Table 3A.11 (TABLE-3A.11.xlsx)
2019,Andhra Pradesh,Other Than Custodial Rape (Section 376(2)) - Rape Other than Custodial (Total),,283,NCRB CII 2019 Table 3A.11 (TABLE-3A.11.xlsx)
2019,Arunachal Pradesh,Other Than Custodial Rape (Section 376(2)) - Rape Other than Custodial (Total),,12,NCRB CII 2019 Table 3A.11 (TABLE-3A.11.xlsx)
2019,Assam,Other Than Custodial Rape (Section 376(2)) - Rape Other than Custodial (Total),,104,NCRB CII 2019 Table 3A.11 (TABLE-3A.11.xlsx)
2019,Bihar,Other Than Custodial Rape (Section 376(2)) - Rape Other than Custodial (Total),,16,NCRB CII 2019 Table 3A.11 (TABLE-3A.11.xlsx)
2019,Chhattisgarh,Other Than Custodial Rape (Section 376(2)) - Rape Other than Custodial (Total),,469,NCRB CII 2019 Table 3A.11 (TABLE-3A.11.xlsx)
2019,Goa,Other Than Custodial Rape (Section 376(2)) - Rape Other than Custodial (Total),,14,NCRB CII 2019 Table 3A.11 (TABLE-3A.11.xlsx)
2019,Gujarat,Other Than Custodial Rape (Section 376(2)) - Rape Other than Custodial (Total),,85,NCRB CII 2019 Table 3A.11 (TABLE-3A.11.xlsx)
2019,Haryana,Other Than Custodial Rape (Section 376(2)) - Rape Other than Custodial (Total),,363,NCRB CII 2019 Table 3A.11 (TABLE-3A.11.xlsx)
2019,Himachal Pradesh,Other Than Custodial Rape (Section 376(2)) - Rape Other than Custodial (Total),,50,NCRB CII 2019 Table 3A.11 (TABLE-3A.11.xlsx)
2019,Jammu & Kashmir,Other Than Custodial Rape (Section 376(2)) - Rape Other than Custodial (Total),,46,NCRB CII 2019 Table 3A.11 (TABLE-3A.11.xlsx)
2019,Jharkhand,Other Than Custodial Rape (Section 376(2)) - Rape Other than Custodial (Total),,93,NCRB CII 2019 Table 3A.11 (TABLE-3A.11.xlsx)
2019,Karnataka,Other Than Custodial Rape (Section 376(2)) - Rape Other than Custodial (Total),,46,NCRB CII 2019 Table 3A.11 (TABLE-3A.11.xlsx)
2019,Kerala,Other Than Custodial Rape (Section 376(2)) - Rape Other than Custodial (Total),,854,NCRB CII 2019 Table 3A.11 (TABLE-3A.11.xlsx)
2019,Madhya Pradesh,Other Than Custodial Rape (Section 376(2)) - Rape Other than Custodial (Total),,1232,NCRB CII 2019 Table 3A.11 (TABLE-3A.11.xlsx)
2019,Maharashtra,Other Than Custodial Rape (Section 376(2)) - Rape Other than Custodial (Total),,639,NCRB CII 2019 Table 3A.11 (TABLE-3A.11.xlsx)
2019,Manipur,Other Than Custodial Rape (Section 376(2)) - Rape Other than Custodial (Total),,10,NCRB CII 2019 Table 3A.11 (TABLE-3A.11.xlsx)
2019,Meghalaya,Other Than Custodial Rape (Section 376(2)) - Rape Other than Custodial (Total),,28,NCRB CII 2019 Table 3A.11 (TABLE-3A.11.xlsx)
2019,Mizoram,Other Than Custodial Rape (Section 376(2)) - Rape Other than Custodial (Total),,7,NCRB CII 2019 Table 3A.11 (TABLE-3A.11.xlsx)
2019,Nagaland,Other Than Custodial Rape (Section 376(2)) - Rape Other than Custodial (Total),,3,NCRB CII 2019 Table 3A.11 (TABLE-3A.11.xlsx)
2019,Odisha,Other Than Custodial Rape (Section 376(2)) - Rape Other than Custodial (Total),,517,NCRB CII 2019 Table 3A.11 (TABLE-3A.11.xlsx)
2019,Punjab,Other Than Custodial Rape (Section 376(2)) - Rape Other than Custodial (Total),,52,NCRB CII 2019 Table 3A.11 (TABLE-3A.11.xlsx)
2019,Rajasthan,Other Than Custodial Rape (Section 376(2)) - Rape Other than Custodial (Total),,1205,NCRB CII 2019 Table 3A.11 (TABLE-3A.11.xlsx)
2019,Sikkim,Other Than Custodial Rape (Section 376(2)) - Rape Other than Custodial (Total),,0,NCRB CII 2019 Table 3A.11 (TABLE-3A.11.xlsx)
2019,Tamil Nadu,Other Than Custodial Rape (Section 376(2)) - Rape Other than Custodial (Total),,18,NCRB CII 2019 Table 3A.11 (TABLE-3A.11.xlsx)
2019,Telangana,Other Than Custodial Rape (Section 376(2)) - Rape Other than Custodial (Total),,243,NCRB CII 2019 Table 3A.11 (TABLE-3A.11.xlsx)
2019,Tripura,Other Than Custodial Rape (Section 376(2)) - Rape Other than Custodial (Total),,2,NCRB CII 2019 Table 3A.11 (TABLE-3A.11.xlsx)
2019,Uttar Pradesh,Other Than Custodial Rape (Section 376(2)) - Rape Other than Custodial (Total),,38,NCRB CII 2019 Table 3A.11 (TABLE-3A.11.xlsx)
2019,Uttarakhand,Other Than Custodial Rape (Section 376(2)) - Rape Other than Custodial (Total),,198,NCRB CII 2019 Table 3A.11 (TABLE-3A.11.xlsx)
2019,West Bengal,Other Than Custodial Rape (Section 376(2)) - Rape Other than Custodial (Total),,12,NCRB CII 2019 Table 3A.11 (TABLE-3A.11.xlsx)
2019,Andaman & Nicobar Islands,Other Than Custodial Rape (Section 376(2)) - Rape Other than Custodial (Total),,0,NCRB CII 2019 Table 3A.11 (TABLE-3A.11.xlsx)
2019,Chandigarh,Other Than Custodial Rape (Section 376(2)) - Rape Other than Custodial (Total),,31,NCRB CII 2019 Table 3A.11 (TABLE-3A.11.xlsx)
2019,Dadra & Nagar Haveli and Daman & Diu,Other Than Custodial Rape (Section 376(2)) - Rape Other than Custodial (Total),,0,NCRB CII 2019 Table 3A.11 (TABLE-3A.11.xlsx)
2019,Delhi,Other Than Custodial Rape (Section 376(2)) - Rape Other than Custodial (Total),,24,NCRB CII 2019 Table 3A.11 (TABLE-3A.11.xlsx)
2019,Lakshadweep,Other Than Custodial Rape (Section 376(2)) - Rape Other than Custodial (Total),,0,NCRB CII 2019 Table 3A.11 (TABLE-3A.11.xlsx)
2019,Puducherry,Other Than Custodial Rape (Section 376(2)) - Rape Other than Custodial (Total),,0,NCRB CII 2019 Table 3A.11 (TABLE-3A.11.xlsx)
2019,All India,Other Than Custodial Rape (Section 376(2)) - Rape Other than Custodial (Total),,6694,NCRB CII 2019 Table 3A.11 (TABLE-3A.11.xlsx)
2019,Andhra Pradesh,Other Than Custodial Rape (Section 376(2)) - By Relative/Guardian/Teacher/person in position of trust (Sec.376(2) (f),,17,NCRB CII 2019 Table 3A.11 (TABLE-3A.11.xlsx)
2019,Arunachal Pradesh,Other Than Custodial Rape (Section 376(2)) - By Relative/Guardian/Teacher/person in position of trust (Sec.376(2) (f),,4,NCRB CII 2019 Table 3A.11 (TABLE-3A.11.xlsx)
2019,Assam,Other Than Custodial Rape (Section 376(2)) - By Relative/Guardian/Teacher/person in position of trust (Sec.376(2) (f),,31,NCRB CII 2019 Table 3A.11 (TABLE-3A.11.xlsx)
2019,Bihar,Other Than Custodial Rape (Section 376(2)) - By Relative/Guardian/Teacher/person in position of trust (Sec.376(2) (f),,16,NCRB CII 2019 Table 3A.11 (TABLE-3A.11.xlsx)
2019,Chhattisgarh,Other Than Custodial Rape (Section 376(2)) - By Relative/Guardian/Teacher/person in position of trust (Sec.376(2) (f),,267,NCRB CII 2019 Table 3A.11 (TABLE-3A.11.xlsx)
2019,Goa,Other Than Custodial Rape (Section 376(2)) - By Relative/Guardian/Teacher/person in position of trust (Sec.376(2) (f),,6,NCRB CII 2019 Table 3A.11 (TABLE-3A.11.xlsx)
2019,Gujarat,Other Than Custodial Rape (Section 376(2)) - By Relative/Guardian/Teacher/person in position of trust (Sec.376(2) (f),,14,NCRB CII 2019 Table 3A.11 (TABLE-3A.11.xlsx)
2019,Haryana,Other Than Custodial Rape (Section 376(2)) - By Relative/Guardian/Teacher/person in position of trust (Sec.376(2) (f),,11,NCRB CII 2019 Table 3A.11 (TABLE-3A.11.xlsx)
2019,Himachal Pradesh,Other Than Custodial Rape (Section 376(2)) - By Relative/Guardian/Teacher/person in position of trust (Sec.376(2) (f),,26,NCRB CII 2019 Table 3A.11 (TABLE-3A.11.xlsx)
2019,Jammu & Kashmir,Other Than Custodial Rape (Section 376(2)) - By Relative/Guardian/Teacher/person in position of trust (Sec.376(2) (f),,46,NCRB CII 2019 Table 3A.11 (TABLE-3A.11.xlsx)
2019,Jharkhand,Other Than Custodial Rape (Section 376(2)) - By Relative/Guardian/Teacher/person in position of trust (Sec.376(2) (f),,0,NCRB CII 2019 Table 3A.11 (TABLE-3A.11.xlsx)
2019,Karnataka,Other Than Custodial Rape (Section 376(2)) - By Relative/Guardian/Teacher/person in position of trust (Sec.376(2) (f),,8,NCRB CII 2019 Table 3A.11 (TABLE-3A.11.xlsx)
2019,Kerala,Other Than Custodial Rape (Section 376(2)) - By Relative/Guardian/Teacher/person in position of trust (Sec.376(2) (f),,204,NCRB CII 2019 Table 3A.11 (TABLE-3A.11.xlsx)
2019,Madhya Pradesh,Other Than Custodial Rape (Section 376(2)) - By Relative/Guardian/Teacher/person in position of trust (Sec.376(2) (f),,140,NCRB CII 2019 Table 3A.11 (TABLE-3A.11.xlsx)
2019,Maharashtra,Other Than Custodial Rape (Section 376(2)) - By Relative/Guardian/Teacher/person in position of trust (Sec.376(2) (f),,89,NCRB CII 2019 Table 3A.11 (TABLE-3A.11.xlsx)
2019,Manipur,Other Than Custodial Rape (Section 376(2)) - By Relative/Guardian/Teacher/person in position of trust (Sec.376(2) (f),,4,NCRB CII 2019 Table 3A.11 (TABLE-3A.11.xlsx)
2019,Meghalaya,Other Than Custodial Rape (Section 376(2)) - By Relative/Guardian/Teacher/person in position of trust (Sec.376(2) (f),,2,NCRB CII 2019 Table 3A.11 (TABLE-3A.11.xlsx)
2019,Mizoram,Other Than Custodial Rape (Section 376(2)) - By Relative/Guardian/Teacher/person in position of trust (Sec.376(2) (f),,3,NCRB CII 2019 Table 3A.11 (TABLE-3A.11.xlsx)
2019,Nagaland,Other Than Custodial Rape (Section 376(2)) - By Relative/Guardian/Teacher/person in position of trust (Sec.376(2) (f),,0,NCRB CII 2019 Table 3A.11 (TABLE-3A.11.xlsx)
2019,Odisha,Other Than Custodial Rape (Section 376(2)) - By Relative/Guardian/Teacher/person in position of trust (Sec.376(2) (f),,424,NCRB CII 2019 Table 3A.11 (TABLE-3A.11.xlsx)
2019,Punjab,Other Than Custodial Rape (Section 376(2)) - By Relative/Guardian/Teacher/person in position of trust (Sec.376(2) (f),,8,NCRB CII 2019 Table 3A.11 (TABLE-3A.11.xlsx)
2019,Rajasthan,Other Than Custodial Rape (Section 376(2)) - By Relative/Guardian/Teacher/person in position of trust (Sec.376(2) (f),,481,NCRB CII 2019 Table 3A.11 (TABLE-3A.11.xlsx)
2019,Sikkim,Other Than Custodial Rape (Section 376(2)) - By Relative/Guardian/Teacher/person in position of trust (Sec.376(2) (f),,0,NCRB CII 2019 Table 3A.11 (TABLE-3A.11.xlsx)
2019,Tamil Nadu,Other Than Custodial Rape (Section 376(2)) - By Relative/Guardian/Teacher/person in position of trust (Sec.376(2) (f),,14,NCRB CII 2019 Table 3A.11 (TABLE-3A.11.xlsx)
2019,Telangana,Other Than Custodial Rape (Section 376(2)) - By Relative/Guardian/Teacher/person in position of trust (Sec.376(2) (f),,9,NCRB CII 2019 Table 3A.11 (TABLE-3A.11.xlsx)
2019,Tripura,Other Than Custodial Rape (Section 376(2)) - By Relative/Guardian/Teacher/person in position of trust (Sec.376(2) (f),,0,NCRB CII 2019 Table 3A.11 (TABLE-3A.11.xlsx)
2019,Uttar Pradesh,Other Than Custodial Rape (Section 376(2)) - By Relative/Guardian/Teacher/person in position of trust (Sec.376(2) (f),,27,NCRB CII 2019 Table 3A.11 (TABLE-3A.11.xlsx)
2019,Uttarakhand,Other Than Custodial Rape (Section 376(2)) - By Relative/Guardian/Teacher/person in position of trust (Sec.376(2) (f),,143,NCRB CII 2019 Table 3A.11 (TABLE-3A.11.xlsx)
2019,West Bengal,Other Than Custodial Rape (Section 376(2)) - By Relative/Guardian/Teacher/person in position of trust (Sec.376(2) (f),,0,NCRB CII 2019 Table 3A.11 (TABLE-3A.11.xlsx)
2019,Andaman & Nicobar Islands,Other Than Custodial Rape (Section 376(2)) - By Relative/Guardian/Teacher/person in position of trust (Sec.376(2) (f),,0,NCRB CII 2019 Table 3A.11 (TABLE-3A.11.xlsx)
2019,Chandigarh,Other Than Custodial Rape (Section 376(2)) - By Relative/Guardian/Teacher/person in position of trust (Sec.376(2) (f),,0,NCRB CII 2019 Table 3A.11 (TABLE-3A.11.xlsx)
2019,Dadra & Nagar Haveli and Daman & Diu,Other Than Custodial Rape (Section 376(2)) - By Relative/Guardian/Teacher/person in position of trust (Sec.376(2) (f),,0,NCRB CII 2019 Table 3A.11 (TABLE-3A.11.xlsx)
2019,Delhi,Other Than Custodial Rape (Section 376(2)) - By Relative/Guardian/Teacher/person in position of trust (Sec.376(2) (f),,5,NCRB CII 2019 Table 3A.11 (TABLE-3A.11.xlsx)
2019,Lakshadweep,Other Than Custodial Rape (Section 376(2)) - By Relative/Guardian/Teacher/person in position of trust (Sec.376(2) (f),,0,NCRB CII 2019 Table 3A.11 (TABLE-3A.11.xlsx)
2019,Puducherry,Other Than Custodial Rape (Section 376(2)) - By Relative/Guardian/Teacher/person in position of trust (Sec.376(2) (f),,0,NCRB CII 2019 Table 3A.11 (TABLE-3A.11.xlsx)
2019,All India,Other Than Custodial Rape (Section 376(2)) - By Relative/Guardian/Teacher/person in position of trust (Sec.376(2) (f),,1999,NCRB CII 2019 Table 3A.11 (TABLE-3A.11.xlsx)
2019,Andhra Pradesh,Other Than Custodial Rape (Section 376(2)) - On Pregnant Women (Sec.376(2) (h),,0,NCRB CII 2019 Table 3A.11 (TABLE-3A.11.xlsx)
2019,Arunachal Pradesh,Other Than Custodial Rape (Section 376(2)) - On Pregnant Women (Sec.376(2) (h),,0,NCRB CII 2019 Table 3A.11 (TABLE-3A.11.xlsx)
2019,Assam,Other Than Custodial Rape (Section 376(2)) - On Pregnant Women (Sec.376(2) (h),,0,NCRB CII 2019 Table 3A.11 (TABLE-3A.11.xlsx)
2019,Bihar,Other Than Custodial Rape (Section 376(2)) - On Pregnant Women (Sec.376(2) (h),,0,NCRB CII 2019 Table 3A.11 (TABLE-3A.11.xlsx)
2019,Chhattisgarh,Other Than Custodial Rape (Section 376(2)) - On Pregnant Women (Sec.376(2) (h),,2,NCRB CII 2019 Table 3A.11 (TABLE-3A.11.xlsx)
2019,Goa,Other Than Custodial Rape (Section 376(2)) - On Pregnant Women (Sec.376(2) (h),,0,NCRB CII 2019 Table 3A.11 (TABLE-3A.11.xlsx)
2019,Gujarat,Other Than Custodial Rape (Section 376(2)) - On Pregnant Women (Sec.376(2) (h),,1,NCRB CII 2019 Table 3A.11 (TABLE-3A.11.xlsx)
2019,Haryana,Other Than Custodial Rape (Section 376(2)) - On Pregnant Women (Sec.376(2) (h),,4,NCRB CII 2019 Table 3A.11 (TABLE-3A.11.xlsx)
2019,Himachal Pradesh,Other Than Custodial Rape (Section 376(2)) - On Pregnant Women (Sec.376(2) (h),,0,NCRB CII 2019 Table 3A.11 (TABLE-3A.11.xlsx)
2019,Jammu & Kashmir,Other Than Custodial Rape (Section 376(2)) - On Pregnant Women (Sec.376(2) (h),,0,NCRB CII 2019 Table 3A.11 (TABLE-3A.11.xlsx)
2019,Jharkhand,Other Than Custodial Rape (Section 376(2)) - On Pregnant Women (Sec.376(2) (h),,0,NCRB CII 2019 Table 3A.11 (TABLE-3A.11.xlsx)
2019,Karnataka,Other Than Custodial Rape (Section 376(2)) - On Pregnant Women (Sec.376(2) (h),,0,NCRB CII 2019 Table 3A.11 (TABLE-3A.11.xlsx)
2019,Kerala,Other Than Custodial Rape (Section 376(2)) - On Pregnant Women (Sec.376(2) (h),,1,NCRB CII 2019 Table 3A.11 (TABLE-3A.11.xlsx)
2019,Madhya Pradesh,Other Than Custodial Rape (Section 376(2)) - On Pregnant Women (Sec.376(2) (h),,11,NCRB CII 2019 Table 3A.11 (TABLE-3A.11.xlsx)
2019,Maharashtra,Other Than Custodial Rape (Section 376(2)) - On Pregnant Women (Sec.376(2) (h),,6,NCRB CII 2019 Table 3A.11 (TABLE-3A.11.xlsx)
2019,Manipur,Other Than Custodial Rape (Section 376(2)) - On Pregnant Women (Sec.376(2) (h),,0,NCRB CII 2019 Table 3A.11 (TABLE-3A.11.xlsx)
2019,Meghalaya,Other Than Custodial Rape (Section 376(2)) - On Pregnant Women (Sec.376(2) (h),,0,NCRB CII 2019 Table 3A.11 (TABLE-3A.11.xlsx)
2019,Mizoram,Other Than Custodial Rape (Section 376(2)) - On Pregnant Women (Sec.376(2) (h),,0,NCRB CII 2019 Table 3A.11 (TABLE-3A.11.xlsx)
2019,Nagaland,Other Than Custodial Rape (Section 376(2)) - On Pregnant Women (Sec.376(2) (h),,0,NCRB CII 2019 Table 3A.11 (TABLE-3A.11.xlsx)
2019,Odisha,Other Than Custodial Rape (Section 376(2)) - On Pregnant Women (Sec.376(2) (h),,0,NCRB CII 2019 Table 3A.11 (TABLE-3A.11.xlsx)
2019,Punjab,Other Than Custodial Rape (Section 376(2)) - On Pregnant Women (Sec.376(2) (h),,0,NCRB CII 2019 Table 3A.11 (TABLE-3A.11.xlsx)
2019,Rajasthan,Other Than Custodial Rape (Section 376(2)) - On Pregnant Women (Sec.376(2) (h),,3,NCRB CII 2019 Table 3A.11 (TABLE-3A.11.xlsx)
2019,Sikkim,Other Than Custodial Rape (Section 376(2)) - On Pregnant Women (Sec.376(2) (h),,0,NCRB CII 2019 Table 3A.11 (TABLE-3A.11.xlsx)
2019,Tamil Nadu,Other Than Custodial Rape (Section 376(2)) - On Pregnant Women (Sec.376(2) (h),,0,NCRB CII 2019 Table 3A.11 (TABLE-3A.11.xlsx)
2019,Telangana,Other Than Custodial Rape (Section 376(2)) - On Pregnant Women (Sec.376(2) (h),,6,NCRB CII 2019 Table 3A.11 (TABLE-3A.11.xlsx)
2019,Tripura,Other Than Custodial Rape (Section 376(2)) - On Pregnant Women (Sec.376(2) (h),,0,NCRB CII 2019 Table 3A.11 (TABLE-3A.11.xlsx)
2019,Uttar Pradesh,Other Than Custodial Rape (Section 376(2)) - On Pregnant Women (Sec.376(2) (h),,0,NCRB CII 2019 Table 3A.11 (TABLE-3A.11.xlsx)
2019,Uttarakhand,Other Than Custodial Rape (Section 376(2)) - On Pregnant Women (Sec.376(2) (h),,1,NCRB CII 2019 Table 3A.11 (TABLE-3A.11.xlsx)
2019,West Bengal,Other Than Custodial Rape (Section 376(2)) - On Pregnant Women (Sec.376(2) (h),,0,NCRB CII 2019 Table 3A.11 (TABLE-3A.11.xlsx)
2019,Andaman & Nicobar Islands,Other Than Custodial Rape (Section 376(2)) - On Pregnant Women (Sec.376(2) (h),,0,NCRB CII 2019 Table 3A.11 (TABLE-3A.11.xlsx)
2019,Chandigarh,Other Than Custodial Rape (Section 376(2)) - On Pregnant Women (Sec.376(2) (h),,0,NCRB CII 2019 Table 3A.11 (TABLE-3A.11.xlsx)
2019,Dadra & Nagar Haveli and Daman & Diu,Other Than Custodial Rape (Section 376(2)) - On Pregnant Women (Sec.376(2) (h),,0,NCRB CII 2019 Table 3A.11 (TABLE-3A.11.xlsx)
2019,Delhi,Other Than Custodial Rape (Section 376(2)) - On Pregnant Women (Sec.376(2) (h),,0,NCRB CII 2019 Table 3A.11 (TABLE-3A.11.xlsx)
2019,Lakshadweep,Other Than Custodial Rape (Section 376(2)) - On Pregnant Women (Sec.376(2) (h),,0,NCRB CII 2019 Table 3A.11 (TABLE-3A.11.xlsx)
2019,Puducherry,Other Than Custodial Rape (Section 376(2)) - On Pregnant Women (Sec.376(2) (h),,0,NCRB CII 2019 Table 3A.11 (TABLE-3A.11.xlsx)
2019,All India,Other Than Custodial Rape (Section 376(2)) - On Pregnant Women (Sec.376(2) (h),,35,NCRB CII 2019 Table 3A.11 (TABLE-3A.11.xlsx)
2019,Andhra Pradesh,Other Than Custodial Rape (Section 376(2)) - On Women Below 16 years of age (Sec.376(2) (i),,101,NCRB CII 2019 Table 3A.11 (TABLE-3A.11.xlsx)
2019,Arunachal Pradesh,Other Than Custodial Rape (Section 376(2)) - On Women Below 16 years of age (Sec.376(2) (i),,4,NCRB CII 2019 Table 3A.11 (TABLE-3A.11.xlsx)
2019,Assam,Other Than Custodial Rape (Section 376(2)) - On Women Below 16 years of age (Sec.376(2) (i),,1,NCRB CII 2019 Table 3A.11 (TABLE-3A.11.xlsx)
2019,Bihar,Other Than Custodial Rape (Section 376(2)) - On Women Below 16 years of age (Sec.376(2) (i),,0,NCRB CII 2019 Table 3A.11 (TABLE-3A.11.xlsx)
2019,Chhattisgarh,Other Than Custodial Rape (Section 376(2)) - On Women Below 16 years of age (Sec.376(2) (i),,77,NCRB CII 2019 Table 3A.11 (TABLE-3A.11.xlsx)
2019,Goa,Other Than Custodial Rape (Section 376(2)) - On Women Below 16 years of age (Sec.376(2) (i),,7,NCRB CII 2019 Table 3A.11 (TABLE-3A.11.xlsx)
2019,Gujarat,Other Than Custodial Rape (Section 376(2)) - On Women Below 16 years of age (Sec.376(2) (i),,0,NCRB CII 2019 Table 3A.11 (TABLE-3A.11.xlsx)
2019,Haryana,Other Than Custodial Rape (Section 376(2)) - On Women Below 16 years of age (Sec.376(2) (i),,0,NCRB CII 2019 Table 3A.11 (TABLE-3A.11.xlsx)
2019,Himachal Pradesh,Other Than Custodial Rape (Section 376(2)) - On Women Below 16 years of age (Sec.376(2) (i),,23,NCRB CII 2019 Table 3A.11 (TABLE-3A.11.xlsx)
2019,Jammu & Kashmir,Other Than Custodial Rape (Section 376(2)) - On Women Below 16 years of age (Sec.376(2) (i),,0,NCRB CII 2019 Table 3A.11 (TABLE-3A.11.xlsx)
2019,Jharkhand,Other Than Custodial Rape (Section 376(2)) - On Women Below 16 years of age (Sec.376(2) (i),,31,NCRB CII 2019 Table 3A.11 (TABLE-3A.11.xlsx)
2019,Karnataka,Other Than Custodial Rape (Section 376(2)) - On Women Below 16 years of age (Sec.376(2) (i),,0,NCRB CII 2019 Table 3A.11 (TABLE-3A.11.xlsx)
2019,Kerala,Other Than Custodial Rape (Section 376(2)) - On Women Below 16 years of age (Sec.376(2) (i),,203,NCRB CII 2019 Table 3A.11 (TABLE-3A.11.xlsx)
2019,Madhya Pradesh,Other Than Custodial Rape (Section 376(2)) - On Women Below 16 years of age (Sec.376(2) (i),,73,NCRB CII 2019 Table 3A.11 (TABLE-3A.11.xlsx)
2019,Maharashtra,Other Than Custodial Rape (Section 376(2)) - On Women Below 16 years of age (Sec.376(2) (i),,54,NCRB CII 2019 Table 3A.11 (TABLE-3A.11.xlsx)
2019,Manipur,Other Than Custodial Rape (Section 376(2)) - On Women Below 16 years of age (Sec.376(2) (i),,6,NCRB CII 2019 Table 3A.11 (TABLE-3A.11.xlsx)
2019,Meghalaya,Other Than Custodial Rape (Section 376(2)) - On Women Below 16 years of age (Sec.376(2) (i),,20,NCRB CII 2019 Table 3A.11 (TABLE-3A.11.xlsx)
2019,Mizoram,Other Than Custodial Rape (Section 376(2)) - On Women Below 16 years of age (Sec.376(2) (i),,0,NCRB CII 2019 Table 3A.11 (TABLE-3A.11.xlsx)
2019,Nagaland,Other Than Custodial Rape (Section 376(2)) - On Women Below 16 years of age (Sec.376(2) (i),,0,NCRB CII 2019 Table 3A.11 (TABLE-3A.11.xlsx)
2019,Odisha,Other Than Custodial Rape (Section 376(2)) - On Women Below 16 years of age (Sec.376(2) (i),,9,NCRB CII 2019 Table 3A.11 (TABLE-3A.11.xlsx)
2019,Punjab,Other Than Custodial Rape (Section 376(2)) - On Women Below 16 years of age (Sec.376(2) (i),,22,NCRB CII 2019 Table 3A.11 (TABLE-3A.11.xlsx)
2019,Rajasthan,Other Than Custodial Rape (Section 376(2)) - On Women Below 16 years of age (Sec.376(2) (i),,124,NCRB CII 2019 Table 3A.11 (TABLE-3A.11.xlsx)
2019,Sikkim,Other Than Custodial Rape (Section 376(2)) - On Women Below 16 years of age (Sec.376(2) (i),,0,NCRB CII 2019 Table 3A.11 (TABLE-3A.11.xlsx)
2019,Tamil Nadu,Other Than Custodial Rape (Section 376(2)) - On Women Below 16 years of age (Sec.376(2) (i),,0,NCRB CII 2019 Table 3A.11 (TABLE-3A.11.xlsx)
2019,Telangana,Other Than Custodial Rape (Section 376(2)) - On Women Below 16 years of age (Sec.376(2) (i),,2,NCRB CII 2019 Table 3A.11 (TABLE-3A.11.xlsx)
2019,Tripura,Other Than Custodial Rape (Section 376(2)) - On Women Below 16 years of age (Sec.376(2) (i),,0,NCRB CII 2019 Table 3A.11 (TABLE-3A.11.xlsx)
2019,Uttar Pradesh,Other Than Custodial Rape (Section 376(2)) - On Women Below 16 years of age (Sec.376(2) (i),,0,NCRB CII 2019 Table 3A.11 (TABLE-3A.11.xlsx)
2019,Uttarakhand,Other Than Custodial Rape (Section 376(2)) - On Women Below 16 years of age (Sec.376(2) (i),,33,NCRB CII 2019 Table 3A.11 (TABLE-3A.11.xlsx)
2019,West Bengal,Other Than Custodial Rape (Section 376(2)) - On Women Below 16 years of age (Sec.376(2) (i),,0,NCRB CII 2019 Table 3A.11 (TABLE-3A.11.xlsx)
2019,Andaman & Nicobar Islands,Other Than Custodial Rape (Section 376(2)) - On Women Below 16 years of age (Sec.376(2) (i),,0,NCRB CII 2019 Table 3A.11 (TABLE-3A.11.xlsx)
2019,Chandigarh,Other Than Custodial Rape (Section 376(2)) - On Women Below 16 years of age (Sec.376(2) (i),,0,NCRB CII 2019 Table 3A.11 (TABLE-3A.11.xlsx)
2019,Dadra & Nagar Haveli and Daman & Diu,Other Than Custodial Rape (Section 376(2)) - On Women Below 16 years of age (Sec.376(2) (i),,0,NCRB CII 2019 Table 3A.11 (TABLE-3A.11.xlsx)
2019,Delhi,Other Than Custodial Rape (Section 376(2)) - On Women Below 16 years of age (Sec.376(2) (i),,0,NCRB CII 2019 Table 3A.11 (TABLE-3A.11.xlsx)
2019,Lakshadweep,Other Than Custodial Rape (Section 376(2)) - On Women Below 16 years of age (Sec.376(2) (i),,0,NCRB CII 2019 Table 3A.11 (TABLE-3A.11.xlsx)
2019,Puducherry,Other Than Custodial Rape (Section 376(2)) - On Women Below 16 years of age (Sec.376(2) (i),,0,NCRB CII 2019 Table 3A.11 (TABLE-3A.11.xlsx)
2019,All India,Other Than Custodial Rape (Section 376(2)) - On Women Below 16 years of age (Sec.376(2) (i),,790,NCRB CII 2019 Table 3A.11 (TABLE-3A.11.xlsx)
2019,Andhra Pradesh,Other Than Custodial Rape (Section 376(2)) - On Women Incapable of giving Consent (Sec.376(2) (j),,12,NCRB CII 2019 Table 3A.11 (TABLE-3A.11.xlsx)
2019,Arunachal Pradesh,Other Than Custodial Rape (Section 376(2)) - On Women Incapable of giving Consent (Sec.376(2) (j),,0,NCRB CII 2019 Table 3A.11 (TABLE-3A.11.xlsx)
2019,Assam,Other Than Custodial Rape (Section 376(2)) - On Women Incapable of giving Consent (Sec.376(2) (j),,21,NCRB CII 2019 Table 3A.11 (TABLE-3A.11.xlsx)
2019,Bihar,Other Than Custodial Rape (Section 376(2)) - On Women Incapable of giving Consent (Sec.376(2) (j),,0,NCRB CII 2019 Table 3A.11 (TABLE-3A.11.xlsx)
2019,Chhattisgarh,Other Than Custodial Rape (Section 376(2)) - On Women Incapable of giving Consent (Sec.376(2) (j),,35,NCRB CII 2019 Table 3A.11 (TABLE-3A.11.xlsx)
2019,Goa,Other Than Custodial Rape (Section 376(2)) - On Women Incapable of giving Consent (Sec.376(2) (j),,0,NCRB CII 2019 Table 3A.11 (TABLE-3A.11.xlsx)
2019,Gujarat,Other Than Custodial Rape (Section 376(2)) - On Women Incapable of giving Consent (Sec.376(2) (j),,0,NCRB CII 2019 Table 3A.11 (TABLE-3A.11.xlsx)
2019,Haryana,Other Than Custodial Rape (Section 376(2)) - On Women Incapable of giving Consent (Sec.376(2) (j),,0,NCRB CII 2019 Table 3A.11 (TABLE-3A.11.xlsx)
2019,Himachal Pradesh,Other Than Custodial Rape (Section 376(2)) - On Women Incapable of giving Consent (Sec.376(2) (j),,0,NCRB CII 2019 Table 3A.11 (TABLE-3A.11.xlsx)
2019,Jammu & Kashmir,Other Than Custodial Rape (Section 376(2)) - On Women Incapable of giving Consent (Sec.376(2) (j),,0,NCRB CII 2019 Table 3A.11 (TABLE-3A.11.xlsx)
2019,Jharkhand,Other Than Custodial Rape (Section 376(2)) - On Women Incapable of giving Consent (Sec.376(2) (j),,0,NCRB CII 2019 Table 3A.11 (TABLE-3A.11.xlsx)
2019,Karnataka,Other Than Custodial Rape (Section 376(2)) - On Women Incapable of giving Consent (Sec.376(2) (j),,0,NCRB CII 2019 Table 3A.11 (TABLE-3A.11.xlsx)
2019,Kerala,Other Than Custodial Rape (Section 376(2)) - On Women Incapable of giving Consent (Sec.376(2) (j),,19,NCRB CII 2019 Table 3A.11 (TABLE-3A.11.xlsx)
2019,Madhya Pradesh,Other Than Custodial Rape (Section 376(2)) - On Women Incapable of giving Consent (Sec.376(2) (j),,26,NCRB CII 2019 Table 3A.11 (TABLE-3A.11.xlsx)
2019,Maharashtra,Other Than Custodial Rape (Section 376(2)) - On Women Incapable of giving Consent (Sec.376(2) (j),,23,NCRB CII 2019 Table 3A.11 (TABLE-3A.11.xlsx)
2019,Manipur,Other Than Custodial Rape (Section 376(2)) - On Women Incapable of giving Consent (Sec.376(2) (j),,0,NCRB CII 2019 Table 3A.11 (TABLE-3A.11.xlsx)
2019,Meghalaya,Other Than Custodial Rape (Section 376(2)) - On Women Incapable of giving Consent (Sec.376(2) (j),,0,NCRB CII 2019 Table 3A.11 (TABLE-3A.11.xlsx)
2019,Mizoram,Other Than Custodial Rape (Section 376(2)) - On Women Incapable of giving Consent (Sec.376(2) (j),,0,NCRB CII 2019 Table 3A.11 (TABLE-3A.11.xlsx)
2019,Nagaland,Other Than Custodial Rape (Section 376(2)) - On Women Incapable of giving Consent (Sec.376(2) (j),,0,NCRB CII 2019 Table 3A.11 (TABLE-3A.11.xlsx)
2019,Odisha,Other Than Custodial Rape (Section 376(2)) - On Women Incapable of giving Consent (Sec.376(2) (j),,1,NCRB CII 2019 Table 3A.11 (TABLE-3A.11.xlsx)
2019,Punjab,Other Than Custodial Rape (Section 376(2)) - On Women Incapable of giving Consent (Sec.376(2) (j),,0,NCRB CII 2019 Table 3A.11 (TABLE-3A.11.xlsx)
2019,Rajasthan,Other Than Custodial Rape (Section 376(2)) - On Women Incapable of giving Consent (Sec.376(2) (j),,216,NCRB CII 2019 Table 3A.11 (TABLE-3A.11.xlsx)
2019,Sikkim,Other Than Custodial Rape (Section 376(2)) - On Women Incapable of giving Consent (Sec.376(2) (j),,0,NCRB CII 2019 Table 3A.11 (TABLE-3A.11.xlsx)
2019,Tamil Nadu,Other Than Custodial Rape (Section 376(2)) - On Women Incapable of giving Consent (Sec.376(2) (j),,0,NCRB CII 2019 Table 3A.11 (TABLE-3A.11.xlsx)
2019,Telangana,Other Than Custodial Rape (Section 376(2)) - On Women Incapable of giving Consent (Sec.376(2) (j),,40,NCRB CII 2019 Table 3A.11 (TABLE-3A.11.xlsx)
2019,Tripura,Other Than Custodial Rape (Section 376(2)) - On Women Incapable of giving Consent (Sec.376(2) (j),,0,NCRB CII 2019 Table 3A.11 (TABLE-3A.11.xlsx)
2019,Uttar Pradesh,Other Than Custodial Rape (Section 376(2)) - On Women Incapable of giving Consent (Sec.376(2) (j),,0,NCRB CII 2019 Table 3A.11 (TABLE-3A.11.xlsx)
2019,Uttarakhand,Other Than Custodial Rape (Section 376(2)) - On Women Incapable of giving Consent (Sec.376(2) (j),,0,NCRB CII 2019 Table 3A.11 (TABLE-3A.11.xlsx)
2019,West Bengal,Other Than Custodial Rape (Section 376(2)) - On Women Incapable of giving Consent (Sec.376(2) (j),,0,NCRB CII 2019 Table 3A.11 (TABLE-3A.11.xlsx)
2019,Andaman & Nicobar Islands,Other Than Custodial Rape (Section 376(2)) - On Women Incapable of giving Consent (Sec.376(2) (j),,0,NCRB CII 2019 Table 3A.11 (TABLE-3A.11.xlsx)
2019,Chandigarh,Other Than Custodial Rape (Section 376(2)) - On Women Incapable of giving Consent (Sec.376(2) (j),,0,NCRB CII 2019 Table 3A.11 (TABLE-3A.11.xlsx)
2019,Dadra & Nagar Haveli and Daman & Diu,Other Than Custodial Rape (Section 376(2)) - On Women Incapable of giving Consent (Sec.376(2) (j),,0,NCRB CII 2019 Table 3A.11 (TABLE-3A.11.xlsx)
2019,Delhi,Other Than Custodial Rape (Section 376(2)) - On Women Incapable of giving Consent (Sec.376(2) (j),,0,NCRB CII 2019 Table 3A.11 (TABLE-3A.11.xlsx)
2019,Lakshadweep,Other Than Custodial Rape (Section 376(2)) - On Women Incapable of giving Consent (Sec.376(2) (j),,0,NCRB CII 2019 Table 3A.11 (TABLE-3A.11.xlsx)
2019,Puducherry,Other Than Custodial Rape (Section 376(2)) - On Women Incapable of giving Consent (Sec.376(2) (j),,0,NCRB CII 2019 Table 3A.11 (TABLE-3A.11.xlsx)
2019,All India,Other Than Custodial Rape (Section 376(2)) - On Women Incapable of giving Consent (Sec.376(2) (j),,393,NCRB CII 2019 Table 3A.11 (TABLE-3A.11.xlsx)
2019,Andhra Pradesh,Other Than Custodial Rape (Section 376(2)) - By Persons in Control or Dominance over women (Sec.376(2) (k),,2,NCRB CII 2019 Table 3A.11 (TABLE-3A.11.xlsx)
2019,Arunachal Pradesh,Other Than Custodial Rape (Section 376(2)) - By Persons in Control or Dominance over women (Sec.376(2) (k),,0,NCRB CII 2019 Table 3A.11 (TABLE-3A.11.xlsx)
2019,Assam,Other Than Custodial Rape (Section 376(2)) - By Persons in Control or Dominance over women (Sec.376(2) (k),,36,NCRB CII 2019 Table 3A.11 (TABLE-3A.11.xlsx)
2019,Bihar,Other Than Custodial Rape (Section 376(2)) - By Persons in Control or Dominance over women (Sec.376(2) (k),,0,NCRB CII 2019 Table 3A.11 (TABLE-3A.11.xlsx)
2019,Chhattisgarh,Other Than Custodial Rape (Section 376(2)) - By Persons in Control or Dominance over women (Sec.376(2) (k),,1,NCRB CII 2019 Table 3A.11 (TABLE-3A.11.xlsx)
2019,Goa,Other Than Custodial Rape (Section 376(2)) - By Persons in Control or Dominance over women (Sec.376(2) (k),,0,NCRB CII 2019 Table 3A.11 (TABLE-3A.11.xlsx)
2019,Gujarat,Other Than Custodial Rape (Section 376(2)) - By Persons in Control or Dominance over women (Sec.376(2) (k),,1,NCRB CII 2019 Table 3A.11 (TABLE-3A.11.xlsx)
2019,Haryana,Other Than Custodial Rape (Section 376(2)) - By Persons in Control or Dominance over women (Sec.376(2) (k),,0,NCRB CII 2019 Table 3A.11 (TABLE-3A.11.xlsx)
2019,Himachal Pradesh,Other Than Custodial Rape (Section 376(2)) - By Persons in Control or Dominance over women (Sec.376(2) (k),,0,NCRB CII 2019 Table 3A.11 (TABLE-3A.11.xlsx)
2019,Jammu & Kashmir,Other Than Custodial Rape (Section 376(2)) - By Persons in Control or Dominance over women (Sec.376(2) (k),,0,NCRB CII 2019 Table 3A.11 (TABLE-3A.11.xlsx)
2019,Jharkhand,Other Than Custodial Rape (Section 376(2)) - By Persons in Control or Dominance over women (Sec.376(2) (k),,0,NCRB CII 2019 Table 3A.11 (TABLE-3A.11.xlsx)
2019,Karnataka,Other Than Custodial Rape (Section 376(2)) - By Persons in Control or Dominance over women (Sec.376(2) (k),,0,NCRB CII 2019 Table 3A.11 (TABLE-3A.11.xlsx)
2019,Kerala,Other Than Custodial Rape (Section 376(2)) - By Persons in Control or Dominance over women (Sec.376(2) (k),,5,NCRB CII 2019 Table 3A.11 (TABLE-3A.11.xlsx)
2019,Madhya Pradesh,Other Than Custodial Rape (Section 376(2)) - By Persons in Control or Dominance over women (Sec.376(2) (k),,12,NCRB CII 2019 Table 3A.11 (TABLE-3A.11.xlsx)
2019,Maharashtra,Other Than Custodial Rape (Section 376(2)) - By Persons in Control or Dominance over women (Sec.376(2) (k),,3,NCRB CII 2019 Table 3A.11 (TABLE-3A.11.xlsx)
2019,Manipur,Other Than Custodial Rape (Section 376(2)) - By Persons in Control or Dominance over women (Sec.376(2) (k),,0,NCRB CII 2019 Table 3A.11 (TABLE-3A.11.xlsx)
2019,Meghalaya,Other Than Custodial Rape (Section 376(2)) - By Persons in Control or Dominance over women (Sec.376(2) (k),,1,NCRB CII 2019 Table 3A.11 (TABLE-3A.11.xlsx)
2019,Mizoram,Other Than Custodial Rape (Section 376(2)) - By Persons in Control or Dominance over women (Sec.376(2) (k),,1,NCRB CII 2019 Table 3A.11 (TABLE-3A.11.xlsx)
2019,Nagaland,Other Than Custodial Rape (Section 376(2)) - By Persons in Control or Dominance over women (Sec.376(2) (k),,0,NCRB CII 2019 Table 3A.11 (TABLE-3A.11.xlsx)
2019,Odisha,Other Than Custodial Rape (Section 376(2)) - By Persons in Control or Dominance over women (Sec.376(2) (k),,1,NCRB CII 2019 Table 3A.11 (TABLE-3A.11.xlsx)
2019,Punjab,Other Than Custodial Rape (Section 376(2)) - By Persons in Control or Dominance over women (Sec.376(2) (k),,0,NCRB CII 2019 Table 3A.11 (TABLE-3A.11.xlsx)
2019,Rajasthan,Other Than Custodial Rape (Section 376(2)) - By Persons in Control or Dominance over women (Sec.376(2) (k),,118,NCRB CII 2019 Table 3A.11 (TABLE-3A.11.xlsx)
2019,Sikkim,Other Than Custodial Rape (Section 376(2)) - By Persons in Control or Dominance over women (Sec.376(2) (k),,0,NCRB CII 2019 Table 3A.11 (TABLE-3A.11.xlsx)
2019,Tamil Nadu,Other Than Custodial Rape (Section 376(2)) - By Persons in Control or Dominance over women (Sec.376(2) (k),,1,NCRB CII 2019 Table 3A.11 (TABLE-3A.11.xlsx)
2019,Telangana,Other Than Custodial Rape (Section 376(2)) - By Persons in Control or Dominance over women (Sec.376(2) (k),,0,NCRB CII 2019 Table 3A.11 (TABLE-3A.11.xlsx)
2019,Tripura,Other Than Custodial Rape (Section 376(2)) - By Persons in Control or Dominance over women (Sec.376(2) (k),,0,NCRB CII 2019 Table 3A.11 (TABLE-3A.11.xlsx)
2019,Uttar Pradesh,Other Than Custodial Rape (Section 376(2)) - By Persons in Control or Dominance over women (Sec.376(2) (k),,0,NCRB CII 2019 Table 3A.11 (TABLE-3A.11.xlsx)
2019,Uttarakhand,Other Than Custodial Rape (Section 376(2)) - By Persons in Control or Dominance over women (Sec.376(2) (k),,0,NCRB CII 2019 Table 3A.11 (TABLE-3A.11.xlsx)
2019,West Bengal,Other Than Custodial Rape (Section 376(2)) - By Persons in Control or Dominance over women (Sec.376(2) (k),,0,NCRB CII 2019 Table 3A.11 (TABLE-3A.11.xlsx)
2019,Andaman & Nicobar Islands,Other Than Custodial Rape (Section 376(2)) - By Persons in Control or Dominance over women (Sec.376(2) (k),,0,NCRB CII 2019 Table 3A.11 (TABLE-3A.11.xlsx)
2019,Chandigarh,Other Than Custodial Rape (Section 376(2)) - By Persons in Control or Dominance over women (Sec.376(2) (k),,0,NCRB CII 2019 Table 3A.11 (TABLE-3A.11.xlsx)
2019,Dadra & Nagar Haveli and Daman & Diu,Other Than Custodial Rape (Section 376(2)) - By Persons in Control or Dominance over women (Sec.376(2) (k),,0,NCRB CII 2019 Table 3A.11 (TABLE-3A.11.xlsx)
2019,Delhi,Other Than Custodial Rape (Section 376(2)) - By Persons in Control or Dominance over women (Sec.376(2) (k),,0,NCRB CII 2019 Table 3A.11 (TABLE-3A.11.xlsx)
2019,Lakshadweep,Other Than Custodial Rape (Section 376(2)) - By Persons in Control or Dominance over women (Sec.376(2) (k),,0,NCRB CII 2019 Table 3A.11 (TABLE-3A.11.xlsx)
2019,Puducherry,Other Than Custodial Rape (Section 376(2)) - By Persons in Control or Dominance over women (Sec.376(2) (k),,0,NCRB CII 2019 Table 3A.11 (TABLE-3A.11.xlsx)
2019,All India,Other Than Custodial Rape (Section 376(2)) - By Persons in Control or Dominance over women (Sec.376(2) (k),,182,NCRB CII 2019 Table 3A.11 (TABLE-3A.11.xlsx)
2019,Andhra Pradesh,Other Than Custodial Rape (Section 376(2)) - On Women with Mental or Physical disability (Sec.376(2)(l),,8,NCRB CII 2019 Table 3A.11 (TABLE-3A.11.xlsx)
2019,Arunachal Pradesh,Other Than Custodial Rape (Section 376(2)) - On Women with Mental or Physical disability (Sec.376(2)(l),,2,NCRB CII 2019 Table 3A.11 (TABLE-3A.11.xlsx)
2019,Assam,Other Than Custodial Rape (Section 376(2)) - On Women with Mental or Physical disability (Sec.376(2)(l),,1,NCRB CII 2019 Table 3A.11 (TABLE-3A.11.xlsx)
2019,Bihar,Other Than Custodial Rape (Section 376(2)) - On Women with Mental or Physical disability (Sec.376(2)(l),,0,NCRB CII 2019 Table 3A.11 (TABLE-3A.11.xlsx)
2019,Chhattisgarh,Other Than Custodial Rape (Section 376(2)) - On Women with Mental or Physical disability (Sec.376(2)(l),,4,NCRB CII 2019 Table 3A.11 (TABLE-3A.11.xlsx)
2019,Goa,Other Than Custodial Rape (Section 376(2)) - On Women with Mental or Physical disability (Sec.376(2)(l),,0,NCRB CII 2019 Table 3A.11 (TABLE-3A.11.xlsx)
2019,Gujarat,Other Than Custodial Rape (Section 376(2)) - On Women with Mental or Physical disability (Sec.376(2)(l),,4,NCRB CII 2019 Table 3A.11 (TABLE-3A.11.xlsx)
2019,Haryana,Other Than Custodial Rape (Section 376(2)) - On Women with Mental or Physical disability (Sec.376(2)(l),,0,NCRB CII 2019 Table 3A.11 (TABLE-3A.11.xlsx)
2019,Himachal Pradesh,Other Than Custodial Rape (Section 376(2)) - On Women with Mental or Physical disability (Sec.376(2)(l),,0,NCRB CII 2019 Table 3A.11 (TABLE-3A.11.xlsx)
2019,Jammu & Kashmir,Other Than Custodial Rape (Section 376(2)) - On Women with Mental or Physical disability (Sec.376(2)(l),,0,NCRB CII 2019 Table 3A.11 (TABLE-3A.11.xlsx)
2019,Jharkhand,Other Than Custodial Rape (Section 376(2)) - On Women with Mental or Physical disability (Sec.376(2)(l),,0,NCRB CII 2019 Table 3A.11 (TABLE-3A.11.xlsx)
2019,Karnataka,Other Than Custodial Rape (Section 376(2)) - On Women with Mental or Physical disability (Sec.376(2)(l),,5,NCRB CII 2019 Table 3A.11 (TABLE-3A.11.xlsx)
2019,Kerala,Other Than Custodial Rape (Section 376(2)) - On Women with Mental or Physical disability (Sec.376(2)(l),,17,NCRB CII 2019 Table 3A.11 (TABLE-3A.11.xlsx)
2019,Madhya Pradesh,Other Than Custodial Rape (Section 376(2)) - On Women with Mental or Physical disability (Sec.376(2)(l),,17,NCRB CII 2019 Table 3A.11 (TABLE-3A.11.xlsx)
2019,Maharashtra,Other Than Custodial Rape (Section 376(2)) - On Women with Mental or Physical disability (Sec.376(2)(l),,29,NCRB CII 2019 Table 3A.11 (TABLE-3A.11.xlsx)
2019,Manipur,Other Than Custodial Rape (Section 376(2)) - On Women with Mental or Physical disability (Sec.376(2)(l),,0,NCRB CII 2019 Table 3A.11 (TABLE-3A.11.xlsx)
2019,Meghalaya,Other Than Custodial Rape (Section 376(2)) - On Women with Mental or Physical disability (Sec.376(2)(l),,2,NCRB CII 2019 Table 3A.11 (TABLE-3A.11.xlsx)
2019,Mizoram,Other Than Custodial Rape (Section 376(2)) - On Women with Mental or Physical disability (Sec.376(2)(l),,1,NCRB CII 2019 Table 3A.11 (TABLE-3A.11.xlsx)
2019,Nagaland,Other Than Custodial Rape (Section 376(2)) - On Women with Mental or Physical disability (Sec.376(2)(l),,0,NCRB CII 2019 Table 3A.11 (TABLE-3A.11.xlsx)
2019,Odisha,Other Than Custodial Rape (Section 376(2)) - On Women with Mental or Physical disability (Sec.376(2)(l),,0,NCRB CII 2019 Table 3A.11 (TABLE-3A.11.xlsx)
2019,Punjab,Other Than Custodial Rape (Section 376(2)) - On Women with Mental or Physical disability (Sec.376(2)(l),,3,NCRB CII 2019 Table 3A.11 (TABLE-3A.11.xlsx)
2019,Rajasthan,Other Than Custodial Rape (Section 376(2)) - On Women with Mental or Physical disability (Sec.376(2)(l),,2,NCRB CII 2019 Table 3A.11 (TABLE-3A.11.xlsx)
2019,Sikkim,Other Than Custodial Rape (Section 376(2)) - On Women with Mental or Physical disability (Sec.376(2)(l),,0,NCRB CII 2019 Table 3A.11 (TABLE-3A.11.xlsx)
2019,Tamil Nadu,Other Than Custodial Rape (Section 376(2)) - On Women with Mental or Physical disability (Sec.376(2)(l),,3,NCRB CII 2019 Table 3A.11 (TABLE-3A.11.xlsx)
2019,Telangana,Other Than Custodial Rape (Section 376(2)) - On Women with Mental or Physical disability (Sec.376(2)(l),,10,NCRB CII 2019 Table 3A.11 (TABLE-3A.11.xlsx)
2019,Tripura,Other Than Custodial Rape (Section 376(2)) - On Women with Mental or Physical disability (Sec.376(2)(l),,0,NCRB CII 2019 Table 3A.11 (TABLE-3A.11.xlsx)
2019,Uttar Pradesh,Other Than Custodial Rape (Section 376(2)) - On Women with Mental or Physical disability (Sec.376(2)(l),,0,NCRB CII 2019 Table 3A.11 (TABLE-3A.11.xlsx)
2019,Uttarakhand,Other Than Custodial Rape (Section 376(2)) - On Women with Mental or Physical disability (Sec.376(2)(l),,0,NCRB CII 2019 Table 3A.11 (TABLE-3A.11.xlsx)
2019,West Bengal,Other Than Custodial Rape (Section 376(2)) - On Women with Mental or Physical disability (Sec.376(2)(l),,7,NCRB CII 2019 Table 3A.11 (TABLE-3A.11.xlsx)
2019,Andaman & Nicobar Islands,Other Than Custodial Rape (Section 376(2)) - On Women with Mental or Physical disability (Sec.376(2)(l),,0,NCRB CII 2019 Table 3A.11 (TABLE-3A.11.xlsx)
2019,Chandigarh,Other Than Custodial Rape (Section 376(2)) - On Women with Mental or Physical disability (Sec.376(2)(l),,0,NCRB CII 2019 Table 3A.11 (TABLE-3A.11.xlsx)
2019,Dadra & Nagar Haveli and Daman & Diu,Other Than Custodial Rape (Section 376(2)) - On Women with Mental or Physical disability (Sec.376(2)(l),,0,NCRB CII 2019 Table 3A.11 (TABLE-3A.11.xlsx)
2019,Delhi,Other Than Custodial Rape (Section 376(2)) - On Women with Mental or Physical disability (Sec.376(2)(l),,1,NCRB CII 2019 Table 3A.11 (TABLE-3A.11.xlsx)
2019,Lakshadweep,Other Than Custodial Rape (Section 376(2)) - On Women with Mental or Physical disability (Sec.376(2)(l),,0,NCRB CII 2019 Table 3A.11 (TABLE-3A.11.xlsx)
2019,Puducherry,Other Than Custodial Rape (Section 376(2)) - On Women with Mental or Physical disability (Sec.376(2)(l),,0,NCRB CII 2019 Table 3A.11 (TABLE-3A.11.xlsx)
2019,All India,Other Than Custodial Rape (Section 376(2)) - On Women with Mental or Physical disability (Sec.376(2)(l),,116,NCRB CII 2019 Table 3A.11 (TABLE-3A.11.xlsx)
2019,Andhra Pradesh,Other Than Custodial Rape (Section 376(2)) - Endanger life of Women after Rape (Sec.376(2)(m),,0,NCRB CII 2019 Table 3A.11 (TABLE-3A.11.xlsx)
2019,Arunachal Pradesh,Other Than Custodial Rape (Section 376(2)) - Endanger life of Women after Rape (Sec.376(2)(m),,0,NCRB CII 2019 Table 3A.11 (TABLE-3A.11.xlsx)
2019,Assam,Other Than Custodial Rape (Section 376(2)) - Endanger life of Women after Rape (Sec.376(2)(m),,0,NCRB CII 2019 Table 3A.11 (TABLE-3A.11.xlsx)
2019,Bihar,Other Than Custodial Rape (Section 376(2)) - Endanger life of Women after Rape (Sec.376(2)(m),,0,NCRB CII 2019 Table 3A.11 (TABLE-3A.11.xlsx)
2019,Chhattisgarh,Other Than Custodial Rape (Section 376(2)) - Endanger life of Women after Rape (Sec.376(2)(m),,3,NCRB CII 2019 Table 3A.11 (TABLE-3A.11.xlsx)
2019,Goa,Other Than Custodial Rape (Section 376(2)) - Endanger life of Women after Rape (Sec.376(2)(m),,0,NCRB CII 2019 Table 3A.11 (TABLE-3A.11.xlsx)
2019,Gujarat,Other Than Custodial Rape (Section 376(2)) - Endanger life of Women after Rape (Sec.376(2)(m),,2,NCRB CII 2019 Table 3A.11 (TABLE-3A.11.xlsx)
2019,Haryana,Other Than Custodial Rape (Section 376(2)) - Endanger life of Women after Rape (Sec.376(2)(m),,0,NCRB CII 2019 Table 3A.11 (TABLE-3A.11.xlsx)
2019,Himachal Pradesh,Other Than Custodial Rape (Section 376(2)) - Endanger life of Women after Rape (Sec.376(2)(m),,0,NCRB CII 2019 Table 3A.11 (TABLE-3A.11.xlsx)
2019,Jammu & Kashmir,Other Than Custodial Rape (Section 376(2)) - Endanger life of Women after Rape (Sec.376(2)(m),,0,NCRB CII 2019 Table 3A.11 (TABLE-3A.11.xlsx)
2019,Jharkhand,Other Than Custodial Rape (Section 376(2)) - Endanger life of Women after Rape (Sec.376(2)(m),,0,NCRB CII 2019 Table 3A.11 (TABLE-3A.11.xlsx)
2019,Karnataka,Other Than Custodial Rape (Section 376(2)) - Endanger life of Women after Rape (Sec.376(2)(m),,1,NCRB CII 2019 Table 3A.11 (TABLE-3A.11.xlsx)
2019,Kerala,Other Than Custodial Rape (Section 376(2)) - Endanger life of Women after Rape (Sec.376(2)(m),,4,NCRB CII 2019 Table 3A.11 (TABLE-3A.11.xlsx)
2019,Madhya Pradesh,Other Than Custodial Rape (Section 376(2)) - Endanger life of Women after Rape (Sec.376(2)(m),,11,NCRB CII 2019 Table 3A.11 (TABLE-3A.11.xlsx)
2019,Maharashtra,Other Than Custodial Rape (Section 376(2)) - Endanger life of Women after Rape (Sec.376(2)(m),,3,NCRB CII 2019 Table 3A.11 (TABLE-3A.11.xlsx)
2019,Manipur,Other Than Custodial Rape (Section 376(2)) - Endanger life of Women after Rape (Sec.376(2)(m),,0,NCRB CII 2019 Table 3A.11 (TABLE-3A.11.xlsx)
2019,Meghalaya,Other Than Custodial Rape (Section 376(2)) - Endanger life of Women after Rape (Sec.376(2)(m),,2,NCRB CII 2019 Table 3A.11 (TABLE-3A.11.xlsx)
2019,Mizoram,Other Than Custodial Rape (Section 376(2)) - Endanger life of Women after Rape (Sec.376(2)(m),,0,NCRB CII 2019 Table 3A.11 (TABLE-3A.11.xlsx)
2019,Nagaland,Other Than Custodial Rape (Section 376(2)) - Endanger life of Women after Rape (Sec.376(2)(m),,0,NCRB CII 2019 Table 3A.11 (TABLE-3A.11.xlsx)
2019,Odisha,Other Than Custodial Rape (Section 376(2)) - Endanger life of Women after Rape (Sec.376(2)(m),,0,NCRB CII 2019 Table 3A.11 (TABLE-3A.11.xlsx)
2019,Punjab,Other Than Custodial Rape (Section 376(2)) - Endanger life of Women after Rape (Sec.376(2)(m),,0,NCRB CII 2019 Table 3A.11 (TABLE-3A.11.xlsx)
2019,Rajasthan,Other Than Custodial Rape (Section 376(2)) - Endanger life of Women after Rape (Sec.376(2)(m),,6,NCRB CII 2019 Table 3A.11 (TABLE-3A.11.xlsx)
2019,Sikkim,Other Than Custodial Rape (Section 376(2)) - Endanger life of Women after Rape (Sec.376(2)(m),,0,NCRB CII 2019 Table 3A.11 (TABLE-3A.11.xlsx)
2019,Tamil Nadu,Other Than Custodial Rape (Section 376(2)) - Endanger life of Women after Rape (Sec.376(2)(m),,0,NCRB CII 2019 Table 3A.11 (TABLE-3A.11.xlsx)
2019,Telangana,Other Than Custodial Rape (Section 376(2)) - Endanger life of Women after Rape (Sec.376(2)(m),,1,NCRB CII 2019 Table 3A.11 (TABLE-3A.11.xlsx)
2019,Tripura,Other Than Custodial Rape (Section 376(2)) - Endanger life of Women after Rape (Sec.376(2)(m),,0,NCRB CII 2019 Table 3A.11 (TABLE-3A.11.xlsx)
2019,Uttar Pradesh,Other Than Custodial Rape (Section 376(2)) - Endanger life of Women after Rape (Sec.376(2)(m),,0,NCRB CII 2019 Table 3A.11 (TABLE-3A.11.xlsx)
2019,Uttarakhand,Other Than Custodial Rape (Section 376(2)) - Endanger life of Women after Rape (Sec.376(2)(m),,0,NCRB CII 2019 Table 3A.11 (TABLE-3A.11.xlsx)
2019,West Bengal,Other Than Custodial Rape (Section 376(2)) - Endanger life of Women after Rape (Sec.376(2)(m),,1,NCRB CII 2019 Table 3A.11 (TABLE-3A.11.xlsx)
2019,Andaman & Nicobar Islands,Other Than Custodial Rape (Section 376(2)) - Endanger life of Women after Rape (Sec.376(2)(m),,0,NCRB CII 2019 Table 3A.11 (TABLE-3A.11.xlsx)
2019,Chandigarh,Other Than Custodial Rape (Section 376(2)) - Endanger life of Women after Rape (Sec.376(2)(m),,0,NCRB CII 2019 Table 3A.11 (TABLE-3A.11.xlsx)
2019,Dadra & Nagar Haveli and Daman & Diu,Other Than Custodial Rape (Section 376(2)) - Endanger life of Women after Rape (Sec.376(2)(m),,0,NCRB CII 2019 Table 3A.11 (TABLE-3A.11.xlsx)
2019,Delhi,Other Than Custodial Rape (Section 376(2)) - Endanger life of Women after Rape (Sec.376(2)(m),,0,NCRB CII 2019 Table 3A.11 (TABLE-3A.11.xlsx)
2019,Lakshadweep,Other Than Custodial Rape (Section 376(2)) - Endanger life of Women after Rape (Sec.376(2)(m),,0,NCRB CII 2019 Table 3A.11 (TABLE-3A.11.xlsx)
2019,Puducherry,Other Than Custodial Rape (Section 376(2)) - Endanger life of Women after Rape (Sec.376(2)(m),,0,NCRB CII 2019 Table 3A.11 (TABLE-3A.11.xlsx)
2019,All India,Other Than Custodial Rape (Section 376(2)) - Endanger life of Women after Rape (Sec.376(2)(m),,34,NCRB CII 2019 Table 3A.11 (TABLE-3A.11.xlsx)
2019,Andhra Pradesh,Other Than Custodial Rape (Section 376(2)) - Repeated Rape on same women (Sec.376(2)(n),,98,NCRB CII 2019 Table 3A.11 (TABLE-3A.11.xlsx)
2019,Arunachal Pradesh,Other Than Custodial Rape (Section 376(2)) - Repeated Rape on same women (Sec.376(2)(n),,2,NCRB CII 2019 Table 3A.11 (TABLE-3A.11.xlsx)
2019,Assam,Other Than Custodial Rape (Section 376(2)) - Repeated Rape on same women (Sec.376(2)(n),,0,NCRB CII 2019 Table 3A.11 (TABLE-3A.11.xlsx)
2019,Bihar,Other Than Custodial Rape (Section 376(2)) - Repeated Rape on same women (Sec.376(2)(n),,0,NCRB CII 2019 Table 3A.11 (TABLE-3A.11.xlsx)
2019,Chhattisgarh,Other Than Custodial Rape (Section 376(2)) - Repeated Rape on same women (Sec.376(2)(n),,31,NCRB CII 2019 Table 3A.11 (TABLE-3A.11.xlsx)
2019,Goa,Other Than Custodial Rape (Section 376(2)) - Repeated Rape on same women (Sec.376(2)(n),,1,NCRB CII 2019 Table 3A.11 (TABLE-3A.11.xlsx)
2019,Gujarat,Other Than Custodial Rape (Section 376(2)) - Repeated Rape on same women (Sec.376(2)(n),,62,NCRB CII 2019 Table 3A.11 (TABLE-3A.11.xlsx)
2019,Haryana,Other Than Custodial Rape (Section 376(2)) - Repeated Rape on same women (Sec.376(2)(n),,308,NCRB CII 2019 Table 3A.11 (TABLE-3A.11.xlsx)
2019,Himachal Pradesh,Other Than Custodial Rape (Section 376(2)) - Repeated Rape on same women (Sec.376(2)(n),,1,NCRB CII 2019 Table 3A.11 (TABLE-3A.11.xlsx)
2019,Jammu & Kashmir,Other Than Custodial Rape (Section 376(2)) - Repeated Rape on same women (Sec.376(2)(n),,0,NCRB CII 2019 Table 3A.11 (TABLE-3A.11.xlsx)
2019,Jharkhand,Other Than Custodial Rape (Section 376(2)) - Repeated Rape on same women (Sec.376(2)(n),,25,NCRB CII 2019 Table 3A.11 (TABLE-3A.11.xlsx)
2019,Karnataka,Other Than Custodial Rape (Section 376(2)) - Repeated Rape on same women (Sec.376(2)(n),,13,NCRB CII 2019 Table 3A.11 (TABLE-3A.11.xlsx)
2019,Kerala,Other Than Custodial Rape (Section 376(2)) - Repeated Rape on same women (Sec.376(2)(n),,318,NCRB CII 2019 Table 3A.11 (TABLE-3A.11.xlsx)
2019,Madhya Pradesh,Other Than Custodial Rape (Section 376(2)) - Repeated Rape on same women (Sec.376(2)(n),,748,NCRB CII 2019 Table 3A.11 (TABLE-3A.11.xlsx)
2019,Maharashtra,Other Than Custodial Rape (Section 376(2)) - Repeated Rape on same women (Sec.376(2)(n),,343,NCRB CII 2019 Table 3A.11 (TABLE-3A.11.xlsx)
2019,Manipur,Other Than Custodial Rape (Section 376(2)) - Repeated Rape on same women (Sec.376(2)(n),,0,NCRB CII 2019 Table 3A.11 (TABLE-3A.11.xlsx)
2019,Meghalaya,Other Than Custodial Rape (Section 376(2)) - Repeated Rape on same women (Sec.376(2)(n),,0,NCRB CII 2019 Table 3A.11 (TABLE-3A.11.xlsx)
2019,Mizoram,Other Than Custodial Rape (Section 376(2)) - Repeated Rape on same women (Sec.376(2)(n),,0,NCRB CII 2019 Table 3A.11 (TABLE-3A.11.xlsx)
2019,Nagaland,Other Than Custodial Rape (Section 376(2)) - Repeated Rape on same women (Sec.376(2)(n),,0,NCRB CII 2019 Table 3A.11 (TABLE-3A.11.xlsx)
2019,Odisha,Other Than Custodial Rape (Section 376(2)) - Repeated Rape on same women (Sec.376(2)(n),,72,NCRB CII 2019 Table 3A.11 (TABLE-3A.11.xlsx)
2019,Punjab,Other Than Custodial Rape (Section 376(2)) - Repeated Rape on same women (Sec.376(2)(n),,5,NCRB CII 2019 Table 3A.11 (TABLE-3A.11.xlsx)
2019,Rajasthan,Other Than Custodial Rape (Section 376(2)) - Repeated Rape on same women (Sec.376(2)(n),,160,NCRB CII 2019 Table 3A.11 (TABLE-3A.11.xlsx)
2019,Sikkim,Other Than Custodial Rape (Section 376(2)) - Repeated Rape on same women (Sec.376(2)(n),,0,NCRB CII 2019 Table 3A.11 (TABLE-3A.11.xlsx)
2019,Tamil Nadu,Other Than Custodial Rape (Section 376(2)) - Repeated Rape on same women (Sec.376(2)(n),,0,NCRB CII 2019 Table 3A.11 (TABLE-3A.11.xlsx)
2019,Telangana,Other Than Custodial Rape (Section 376(2)) - Repeated Rape on same women (Sec.376(2)(n),,132,NCRB CII 2019 Table 3A.11 (TABLE-3A.11.xlsx)
2019,Tripura,Other Than Custodial Rape (Section 376(2)) - Repeated Rape on same women (Sec.376(2)(n),,2,NCRB CII 2019 Table 3A.11 (TABLE-3A.11.xlsx)
2019,Uttar Pradesh,Other Than Custodial Rape (Section 376(2)) - Repeated Rape on same women (Sec.376(2)(n),,0,NCRB CII 2019 Table 3A.11 (TABLE-3A.11.xlsx)
2019,Uttarakhand,Other Than Custodial Rape (Section 376(2)) - Repeated Rape on same women (Sec.376(2)(n),,21,NCRB CII 2019 Table 3A.11 (TABLE-3A.11.xlsx)
2019,West Bengal,Other Than Custodial Rape (Section 376(2)) - Repeated Rape on same women (Sec.376(2)(n),,4,NCRB CII 2019 Table 3A.11 (TABLE-3A.11.xlsx)
2019,Andaman & Nicobar Islands,Other Than Custodial Rape (Section 376(2)) - Repeated Rape on same women (Sec.376(2)(n),,0,NCRB CII 2019 Table 3A.11 (TABLE-3A.11.xlsx)
2019,Chandigarh,Other Than Custodial Rape (Section 376(2)) - Repeated Rape on same women (Sec.376(2)(n),,12,NCRB CII 2019 Table 3A.11 (TABLE-3A.11.xlsx)
2019,Dadra & Nagar Haveli and Daman & Diu,Other Than Custodial Rape (Section 376(2)) - Repeated Rape on same women (Sec.376(2)(n),,0,NCRB CII 2019 Table 3A.11 (TABLE-3A.11.xlsx)
2019,Delhi,Other Than Custodial Rape (Section 376(2)) - Repeated Rape on same women (Sec.376(2)(n),,15,NCRB CII 2019 Table 3A.11 (TABLE-3A.11.xlsx)
2019,Lakshadweep,Other Than Custodial Rape (Section 376(2)) - Repeated Rape on same women (Sec.376(2)(n),,0,NCRB CII 2019 Table 3A.11 (TABLE-3A.11.xlsx)
2019,Puducherry,Other Than Custodial Rape (Section 376(2)) - Repeated Rape on same women (Sec.376(2)(n),,0,NCRB CII 2019 Table 3A.11 (TABLE-3A.11.xlsx)
2019,All India,Other Than Custodial Rape (Section 376(2)) - Repeated Rape on same women (Sec.376(2)(n),,2373,NCRB CII 2019 Table 3A.11 (TABLE-3A.11.xlsx)
2019,Andhra Pradesh,Other Than Custodial Rape (Section 376(2)) - Other Custodial Rapes,,45,NCRB CII 2019 Table 3A.11 (TABLE-3A.11.xlsx)
2019,Arunachal Pradesh,Other Than Custodial Rape (Section 376(2)) - Other Custodial Rapes,,0,NCRB CII 2019 Table 3A.11 (TABLE-3A.11.xlsx)
2019,Assam,Other Than Custodial Rape (Section 376(2)) - Other Custodial Rapes,,14,NCRB CII 2019 Table 3A.11 (TABLE-3A.11.xlsx)
2019,Bihar,Other Than Custodial Rape (Section 376(2)) - Other Custodial Rapes,,0,NCRB CII 2019 Table 3A.11 (TABLE-3A.11.xlsx)
2019,Chhattisgarh,Other Than Custodial Rape (Section 376(2)) - Other Custodial Rapes,,49,NCRB CII 2019 Table 3A.11 (TABLE-3A.11.xlsx)
2019,Goa,Other Than Custodial Rape (Section 376(2)) - Other Custodial Rapes,,0,NCRB CII 2019 Table 3A.11 (TABLE-3A.11.xlsx)
2019,Gujarat,Other Than Custodial Rape (Section 376(2)) - Other Custodial Rapes,,1,NCRB CII 2019 Table 3A.11 (TABLE-3A.11.xlsx)
2019,Haryana,Other Than Custodial Rape (Section 376(2)) - Other Custodial Rapes,,40,NCRB CII 2019 Table 3A.11 (TABLE-3A.11.xlsx)
2019,Himachal Pradesh,Other Than Custodial Rape (Section 376(2)) - Other Custodial Rapes,,0,NCRB CII 2019 Table 3A.11 (TABLE-3A.11.xlsx)
2019,Jammu & Kashmir,Other Than Custodial Rape (Section 376(2)) - Other Custodial Rapes,,0,NCRB CII 2019 Table 3A.11 (TABLE-3A.11.xlsx)
2019,Jharkhand,Other Than Custodial Rape (Section 376(2)) - Other Custodial Rapes,,37,NCRB CII 2019 Table 3A.11 (TABLE-3A.11.xlsx)
2019,Karnataka,Other Than Custodial Rape (Section 376(2)) - Other Custodial Rapes,,19,NCRB CII 2019 Table 3A.11 (TABLE-3A.11.xlsx)
2019,Kerala,Other Than Custodial Rape (Section 376(2)) - Other Custodial Rapes,,83,NCRB CII 2019 Table 3A.11 (TABLE-3A.11.xlsx)
2019,Madhya Pradesh,Other Than Custodial Rape (Section 376(2)) - Other Custodial Rapes,,194,NCRB CII 2019 Table 3A.11 (TABLE-3A.11.xlsx)
2019,Maharashtra,Other Than Custodial Rape (Section 376(2)) - Other Custodial Rapes,,89,NCRB CII 2019 Table 3A.11 (TABLE-3A.11.xlsx)
2019,Manipur,Other Than Custodial Rape (Section 376(2)) - Other Custodial Rapes,,0,NCRB CII 2019 Table 3A.11 (TABLE-3A.11.xlsx)
2019,Meghalaya,Other Than Custodial Rape (Section 376(2)) - Other Custodial Rapes,,1,NCRB CII 2019 Table 3A.11 (TABLE-3A.11.xlsx)
2019,Mizoram,Other Than Custodial Rape (Section 376(2)) - Other Custodial Rapes,,2,NCRB CII 2019 Table 3A.11 (TABLE-3A.11.xlsx)
2019,Nagaland,Other Than Custodial Rape (Section 376(2)) - Other Custodial Rapes,,3,NCRB CII 2019 Table 3A.11 (TABLE-3A.11.xlsx)
2019,Odisha,Other Than Custodial Rape (Section 376(2)) - Other Custodial Rapes,,10,NCRB CII 2019 Table 3A.11 (TABLE-3A.11.xlsx)
2019,Punjab,Other Than Custodial Rape (Section 376(2)) - Other Custodial Rapes,,14,NCRB CII 2019 Table 3A.11 (TABLE-3A.11.xlsx)
2019,Rajasthan,Other Than Custodial Rape (Section 376(2)) - Other Custodial Rapes,,95,NCRB CII 2019 Table 3A.11 (TABLE-3A.11.xlsx)
2019,Sikkim,Other Than Custodial Rape (Section 376(2)) - Other Custodial Rapes,,0,NCRB CII 2019 Table 3A.11 (TABLE-3A.11.xlsx)
2019,Tamil Nadu,Other Than Custodial Rape (Section 376(2)) - Other Custodial Rapes,,0,NCRB CII 2019 Table 3A.11 (TABLE-3A.11.xlsx)
2019,Telangana,Other Than Custodial Rape (Section 376(2)) - Other Custodial Rapes,,43,NCRB CII 2019 Table 3A.11 (TABLE-3A.11.xlsx)
2019,Tripura,Other Than Custodial Rape (Section 376(2)) - Other Custodial Rapes,,0,NCRB CII 2019 Table 3A.11 (TABLE-3A.11.xlsx)
2019,Uttar Pradesh,Other Than Custodial Rape (Section 376(2)) - Other Custodial Rapes,,11,NCRB CII 2019 Table 3A.11 (TABLE-3A.11.xlsx)
2019,Uttarakhand,Other Than Custodial Rape (Section 376(2)) - Other Custodial Rapes,,0,NCRB CII 2019 Table 3A.11 (TABLE-3A.11.xlsx)
2019,West Bengal,Other Than Custodial Rape (Section 376(2)) - Other Custodial Rapes,,0,NCRB CII 2019 Table 3A.11 (TABLE-3A.11.xlsx)
2019,Andaman & Nicobar Islands,Other Than Custodial Rape (Section 376(2)) - Other Custodial Rapes,,0,NCRB CII 2019 Table 3A.11 (TABLE-3A.11.xlsx)
2019,Chandigarh,Other Than Custodial Rape (Section 376(2)) - Other Custodial Rapes,,19,NCRB CII 2019 Table 3A.11 (TABLE-3A.11.xlsx)
2019,Dadra & Nagar Haveli and Daman & Diu,Other Than Custodial Rape (Section 376(2)) - Other Custodial Rapes,,0,NCRB CII 2019 Table 3A.11 (TABLE-3A.11.xlsx)
2019,Delhi,Other Than Custodial Rape (Section 376(2)) - Other Custodial Rapes,,3,NCRB CII 2019 Table 3A.11 (TABLE-3A.11.xlsx)
2019,Lakshadweep,Other Than Custodial Rape (Section 376(2)) - Other Custodial Rapes,,0,NCRB CII 2019 Table 3A.11 (TABLE-3A.11.xlsx)
2019,Puducherry,Other Than Custodial Rape (Section 376(2)) - Other Custodial Rapes,,0,NCRB CII 2019 Table 3A.11 (TABLE-3A.11.xlsx)
2019,All India,Other Than Custodial Rape (Section 376(2)) - Other Custodial Rapes,,772,NCRB CII 2019 Table 3A.11 (TABLE-3A.11.xlsx)
2019,Andhra Pradesh,Punishment upto 20 years extended to life for Rape (Below 16 Yrs) (Sec.376(3)),,15,NCRB CII 2019 Table 3A.11 (TABLE-3A.11.xlsx)
2019,Arunachal Pradesh,Punishment upto 20 years extended to life for Rape (Below 16 Yrs) (Sec.376(3)),,0,NCRB CII 2019 Table 3A.11 (TABLE-3A.11.xlsx)
2019,Assam,Punishment upto 20 years extended to life for Rape (Below 16 Yrs) (Sec.376(3)),,0,NCRB CII 2019 Table 3A.11 (TABLE-3A.11.xlsx)
2019,Bihar,Punishment upto 20 years extended to life for Rape (Below 16 Yrs) (Sec.376(3)),,0,NCRB CII 2019 Table 3A.11 (TABLE-3A.11.xlsx)
2019,Chhattisgarh,Punishment upto 20 years extended to life for Rape (Below 16 Yrs) (Sec.376(3)),,0,NCRB CII 2019 Table 3A.11 (TABLE-3A.11.xlsx)
2019,Goa,Punishment upto 20 years extended to life for Rape (Below 16 Yrs) (Sec.376(3)),,1,NCRB CII 2019 Table 3A.11 (TABLE-3A.11.xlsx)
2019,Gujarat,Punishment upto 20 years extended to life for Rape (Below 16 Yrs) (Sec.376(3)),,0,NCRB CII 2019 Table 3A.11 (TABLE-3A.11.xlsx)
2019,Haryana,Punishment upto 20 years extended to life for Rape (Below 16 Yrs) (Sec.376(3)),,0,NCRB CII 2019 Table 3A.11 (TABLE-3A.11.xlsx)
2019,Himachal Pradesh,Punishment upto 20 years extended to life for Rape (Below 16 Yrs) (Sec.376(3)),,2,NCRB CII 2019 Table 3A.11 (TABLE-3A.11.xlsx)
2019,Jammu & Kashmir,Punishment upto 20 years extended to life for Rape (Below 16 Yrs) (Sec.376(3)),,0,NCRB CII 2019 Table 3A.11 (TABLE-3A.11.xlsx)
2019,Jharkhand,Punishment upto 20 years extended to life for Rape (Below 16 Yrs) (Sec.376(3)),,11,NCRB CII 2019 Table 3A.11 (TABLE-3A.11.xlsx)
2019,Karnataka,Punishment upto 20 years extended to life for Rape (Below 16 Yrs) (Sec.376(3)),,1,NCRB CII 2019 Table 3A.11 (TABLE-3A.11.xlsx)
2019,Kerala,Punishment upto 20 years extended to life for Rape (Below 16 Yrs) (Sec.376(3)),,35,NCRB CII 2019 Table 3A.11 (TABLE-3A.11.xlsx)
2019,Madhya Pradesh,Punishment upto 20 years extended to life for Rape (Below 16 Yrs) (Sec.376(3)),,6,NCRB CII 2019 Table 3A.11 (TABLE-3A.11.xlsx)
2019,Maharashtra,Punishment upto 20 years extended to life for Rape (Below 16 Yrs) (Sec.376(3)),,4,NCRB CII 2019 Table 3A.11 (TABLE-3A.11.xlsx)
2019,Manipur,Punishment upto 20 years extended to life for Rape (Below 16 Yrs) (Sec.376(3)),,0,NCRB CII 2019 Table 3A.11 (TABLE-3A.11.xlsx)
2019,Meghalaya,Punishment upto 20 years extended to life for Rape (Below 16 Yrs) (Sec.376(3)),,0,NCRB CII 2019 Table 3A.11 (TABLE-3A.11.xlsx)
2019,Mizoram,Punishment upto 20 years extended to life for Rape (Below 16 Yrs) (Sec.376(3)),,5,NCRB CII 2019 Table 3A.11 (TABLE-3A.11.xlsx)
2019,Nagaland,Punishment upto 20 years extended to life for Rape (Below 16 Yrs) (Sec.376(3)),,0,NCRB CII 2019 Table 3A.11 (TABLE-3A.11.xlsx)
2019,Odisha,Punishment upto 20 years extended to life for Rape (Below 16 Yrs) (Sec.376(3)),,37,NCRB CII 2019 Table 3A.11 (TABLE-3A.11.xlsx)
2019,Punjab,Punishment upto 20 years extended to life for Rape (Below 16 Yrs) (Sec.376(3)),,9,NCRB CII 2019 Table 3A.11 (TABLE-3A.11.xlsx)
2019,Rajasthan,Punishment upto 20 years extended to life for Rape (Below 16 Yrs) (Sec.376(3)),,14,NCRB CII 2019 Table 3A.11 (TABLE-3A.11.xlsx)
2019,Sikkim,Punishment upto 20 years extended to life for Rape (Below 16 Yrs) (Sec.376(3)),,0,NCRB CII 2019 Table 3A.11 (TABLE-3A.11.xlsx)
2019,Tamil Nadu,Punishment upto 20 years extended to life for Rape (Below 16 Yrs) (Sec.376(3)),,0,NCRB CII 2019 Table 3A.11 (TABLE-3A.11.xlsx)
2019,Telangana,Punishment upto 20 years extended to life for Rape (Below 16 Yrs) (Sec.376(3)),,1,NCRB CII 2019 Table 3A.11 (TABLE-3A.11.xlsx)
2019,Tripura,Punishment upto 20 years extended to life for Rape (Below 16 Yrs) (Sec.376(3)),,0,NCRB CII 2019 Table 3A.11 (TABLE-3A.11.xlsx)
2019,Uttar Pradesh,Punishment upto 20 years extended to life for Rape (Below 16 Yrs) (Sec.376(3)),,0,NCRB CII 2019 Table 3A.11 (TABLE-3A.11.xlsx)
2019,Uttarakhand,Punishment upto 20 years extended to life for Rape (Below 16 Yrs) (Sec.376(3)),,19,NCRB CII 2019 Table 3A.11 (TABLE-3A.11.xlsx)
2019,West Bengal,Punishment upto 20 years extended to life for Rape (Below 16 Yrs) (Sec.376(3)),,0,NCRB CII 2019 Table 3A.11 (TABLE-3A.11.xlsx)
2019,Andaman & Nicobar Islands,Punishment upto 20 years extended to life for Rape (Below 16 Yrs) (Sec.376(3)),,1,NCRB CII 2019 Table 3A.11 (TABLE-3A.11.xlsx)
2019,Chandigarh,Punishment upto 20 years extended to life for Rape (Below 16 Yrs) (Sec.376(3)),,18,NCRB CII 2019 Table 3A.11 (TABLE-3A.11.xlsx)
2019,Dadra & Nagar Haveli and Daman & Diu,Punishment upto 20 years extended to life for Rape (Below 16 Yrs) (Sec.376(3)),,0,NCRB CII 2019 Table 3A.11 (TABLE-3A.11.xlsx)
2019,Delhi,Punishment upto 20 years extended to life for Rape (Below 16 Yrs) (Sec.376(3)),,2,NCRB CII 2019 Table 3A.11 (TABLE-3A.11.xlsx)
2019,Lakshadweep,Punishment upto 20 years extended to life for Rape (Below 16 Yrs) (Sec.376(3)),,0,NCRB CII 2019 Table 3A.11 (TABLE-3A.11.xlsx)
2019,Puducherry,Punishment upto 20 years extended to life for Rape (Below 16 Yrs) (Sec.376(3)),,0,NCRB CII 2019 Table 3A.11 (TABLE-3A.11.xlsx)
2019,All India,Punishment upto 20 years extended to life for Rape (Below 16 Yrs) (Sec.376(3)),,181,NCRB CII 2019 Table 3A.11 (TABLE-3A.11.xlsx)
2019,Andhra Pradesh,Punishment for causing Death (Sec.376(A)),,0,NCRB CII 2019 Table 3A.11 (TABLE-3A.11.xlsx)
2019,Arunachal Pradesh,Punishment for causing Death (Sec.376(A)),,0,NCRB CII 2019 Table 3A.11 (TABLE-3A.11.xlsx)
2019,Assam,Punishment for causing Death (Sec.376(A)),,1,NCRB CII 2019 Table 3A.11 (TABLE-3A.11.xlsx)
2019,Bihar,Punishment for causing Death (Sec.376(A)),,0,NCRB CII 2019 Table 3A.11 (TABLE-3A.11.xlsx)
2019,Chhattisgarh,Punishment for causing Death (Sec.376(A)),,0,NCRB CII 2019 Table 3A.11 (TABLE-3A.11.xlsx)
2019,Goa,Punishment for causing Death (Sec.376(A)),,0,NCRB CII 2019 Table 3A.11 (TABLE-3A.11.xlsx)
2019,Gujarat,Punishment for causing Death (Sec.376(A)),,0,NCRB CII 2019 Table 3A.11 (TABLE-3A.11.xlsx)
2019,Haryana,Punishment for causing Death (Sec.376(A)),,2,NCRB CII 2019 Table 3A.11 (TABLE-3A.11.xlsx)
2019,Himachal Pradesh,Punishment for causing Death (Sec.376(A)),,0,NCRB CII 2019 Table 3A.11 (TABLE-3A.11.xlsx)
2019,Jammu & Kashmir,Punishment for causing Death (Sec.376(A)),,0,NCRB CII 2019 Table 3A.11 (TABLE-3A.11.xlsx)
2019,Jharkhand,Punishment for causing Death (Sec.376(A)),,0,NCRB CII 2019 Table 3A.11 (TABLE-3A.11.xlsx)
2019,Karnataka,Punishment for causing Death (Sec.376(A)),,0,NCRB CII 2019 Table 3A.11 (TABLE-3A.11.xlsx)
2019,Kerala,Punishment for causing Death (Sec.376(A)),,1,NCRB CII 2019 Table 3A.11 (TABLE-3A.11.xlsx)
2019,Madhya Pradesh,Punishment for causing Death (Sec.376(A)),,0,NCRB CII 2019 Table 3A.11 (TABLE-3A.11.xlsx)
2019,Maharashtra,Punishment for causing Death (Sec.376(A)),,10,NCRB CII 2019 Table 3A.11 (TABLE-3A.11.xlsx)
2019,Manipur,Punishment for causing Death (Sec.376(A)),,0,NCRB CII 2019 Table 3A.11 (TABLE-3A.11.xlsx)
2019,Meghalaya,Punishment for causing Death (Sec.376(A)),,0,NCRB CII 2019 Table 3A.11 (TABLE-3A.11.xlsx)
2019,Mizoram,Punishment for causing Death (Sec.376(A)),,0,NCRB CII 2019 Table 3A.11 (TABLE-3A.11.xlsx)
2019,Nagaland,Punishment for causing Death (Sec.376(A)),,0,NCRB CII 2019 Table 3A.11 (TABLE-3A.11.xlsx)
2019,Odisha,Punishment for causing Death (Sec.376(A)),,11,NCRB CII 2019 Table 3A.11 (TABLE-3A.11.xlsx)
2019,Punjab,Punishment for causing Death (Sec.376(A)),,0,NCRB CII 2019 Table 3A.11 (TABLE-3A.11.xlsx)
2019,Rajasthan,Punishment for causing Death (Sec.376(A)),,0,NCRB CII 2019 Table 3A.11 (TABLE-3A.11.xlsx)
2019,Sikkim,Punishment for causing Death (Sec.376(A)),,0,NCRB CII 2019 Table 3A.11 (TABLE-3A.11.xlsx)
2019,Tamil Nadu,Punishment for causing Death (Sec.376(A)),,0,NCRB CII 2019 Table 3A.11 (TABLE-3A.11.xlsx)
2019,Telangana,Punishment for causing Death (Sec.376(A)),,0,NCRB CII 2019 Table 3A.11 (TABLE-3A.11.xlsx)
2019,Tripura,Punishment for causing Death (Sec.376(A)),,0,NCRB CII 2019 Table 3A.11 (TABLE-3A.11.xlsx)
2019,Uttar Pradesh,Punishment for causing Death (Sec.376(A)),,1,NCRB CII 2019 Table 3A.11 (TABLE-3A.11.xlsx)
2019,Uttarakhand,Punishment for causing Death (Sec.376(A)),,0,NCRB CII 2019 Table 3A.11 (TABLE-3A.11.xlsx)
2019,West Bengal,Punishment for causing Death (Sec.376(A)),,0,NCRB CII 2019 Table 3A.11 (TABLE-3A.11.xlsx)
2019,Andaman & Nicobar Islands,Punishment for causing Death (Sec.376(A)),,0,NCRB CII 2019 Table 3A.11 (TABLE-3A.11.xlsx)
2019,Chandigarh,Punishment for causing Death (Sec.376(A)),,0,NCRB CII 2019 Table 3A.11 (TABLE-3A.11.xlsx)
2019,Dadra & Nagar Haveli and Daman & Diu,Punishment for causing Death (Sec.376(A)),,0,NCRB CII 2019 Table 3A.11 (TABLE-3A.11.xlsx)
2019,Delhi,Punishment for causing Death (Sec.376(A)),,1,NCRB CII 2019 Table 3A.11 (TABLE-3A.11.xlsx)
2019,Lakshadweep,Punishment for causing Death (Sec.376(A)),,0,NCRB CII 2019 Table 3A.11 (TABLE-3A.11.xlsx)
2019,Puducherry,Punishment for causing Death (Sec.376(A)),,0,NCRB CII 2019 Table 3A.11 (TABLE-3A.11.xlsx)
2019,All India,Punishment for causing Death (Sec.376(A)),,27,NCRB CII 2019 Table 3A.11 (TABLE-3A.11.xlsx)
2019,Andhra Pradesh,By Separated husband (Sec.376 (B)),,0,NCRB CII 2019 Table 3A.11 (TABLE-3A.11.xlsx)
2019,Arunachal Pradesh,By Separated husband (Sec.376 (B)),,1,NCRB CII 2019 Table 3A.11 (TABLE-3A.11.xlsx)
2019,Assam,By Separated husband (Sec.376 (B)),,1,NCRB CII 2019 Table 3A.11 (TABLE-3A.11.xlsx)
2019,Bihar,By Separated husband (Sec.376 (B)),,0,NCRB CII 2019 Table 3A.11 (TABLE-3A.11.xlsx)
2019,Chhattisgarh,By Separated husband (Sec.376 (B)),,0,NCRB CII 2019 Table 3A.11 (TABLE-3A.11.xlsx)
2019,Goa,By Separated husband (Sec.376 (B)),,0,NCRB CII 2019 Table 3A.11 (TABLE-3A.11.xlsx)
2019,Gujarat,By Separated husband (Sec.376 (B)),,0,NCRB CII 2019 Table 3A.11 (TABLE-3A.11.xlsx)
2019,Haryana,By Separated husband (Sec.376 (B)),,4,NCRB CII 2019 Table 3A.11 (TABLE-3A.11.xlsx)
2019,Himachal Pradesh,By Separated husband (Sec.376 (B)),,0,NCRB CII 2019 Table 3A.11 (TABLE-3A.11.xlsx)
2019,Jammu & Kashmir,By Separated husband (Sec.376 (B)),,0,NCRB CII 2019 Table 3A.11 (TABLE-3A.11.xlsx)
2019,Jharkhand,By Separated husband (Sec.376 (B)),,0,NCRB CII 2019 Table 3A.11 (TABLE-3A.11.xlsx)
2019,Karnataka,By Separated husband (Sec.376 (B)),,0,NCRB CII 2019 Table 3A.11 (TABLE-3A.11.xlsx)
2019,Kerala,By Separated husband (Sec.376 (B)),,0,NCRB CII 2019 Table 3A.11 (TABLE-3A.11.xlsx)
2019,Madhya Pradesh,By Separated husband (Sec.376 (B)),,6,NCRB CII 2019 Table 3A.11 (TABLE-3A.11.xlsx)
2019,Maharashtra,By Separated husband (Sec.376 (B)),,7,NCRB CII 2019 Table 3A.11 (TABLE-3A.11.xlsx)
2019,Manipur,By Separated husband (Sec.376 (B)),,0,NCRB CII 2019 Table 3A.11 (TABLE-3A.11.xlsx)
2019,Meghalaya,By Separated husband (Sec.376 (B)),,1,NCRB CII 2019 Table 3A.11 (TABLE-3A.11.xlsx)
2019,Mizoram,By Separated husband (Sec.376 (B)),,0,NCRB CII 2019 Table 3A.11 (TABLE-3A.11.xlsx)
2019,Nagaland,By Separated husband (Sec.376 (B)),,0,NCRB CII 2019 Table 3A.11 (TABLE-3A.11.xlsx)
2019,Odisha,By Separated husband (Sec.376 (B)),,3,NCRB CII 2019 Table 3A.11 (TABLE-3A.11.xlsx)
2019,Punjab,By Separated husband (Sec.376 (B)),,0,NCRB CII 2019 Table 3A.11 (TABLE-3A.11.xlsx)
2019,Rajasthan,By Separated husband (Sec.376 (B)),,5,NCRB CII 2019 Table 3A.11 (TABLE-3A.11.xlsx)
2019,Sikkim,By Separated husband (Sec.376 (B)),,0,NCRB CII 2019 Table 3A.11 (TABLE-3A.11.xlsx)
2019,Tamil Nadu,By Separated husband (Sec.376 (B)),,1,NCRB CII 2019 Table 3A.11 (TABLE-3A.11.xlsx)
2019,Telangana,By Separated husband (Sec.376 (B)),,1,NCRB CII 2019 Table 3A.11 (TABLE-3A.11.xlsx)
2019,Tripura,By Separated husband (Sec.376 (B)),,0,NCRB CII 2019 Table 3A.11 (TABLE-3A.11.xlsx)
2019,Uttar Pradesh,By Separated husband (Sec.376 (B)),,2,NCRB CII 2019 Table 3A.11 (TABLE-3A.11.xlsx)
2019,Uttarakhand,By Separated husband (Sec.376 (B)),,0,NCRB CII 2019 Table 3A.11 (TABLE-3A.11.xlsx)
2019,West Bengal,By Separated husband (Sec.376 (B)),,0,NCRB CII 2019 Table 3A.11 (TABLE-3A.11.xlsx)
2019,Andaman & Nicobar Islands,By Separated husband (Sec.376 (B)),,0,NCRB CII 2019 Table 3A.11 (TABLE-3A.11.xlsx)
2019,Chandigarh,By Separated husband (Sec.376 (B)),,2,NCRB CII 2019 Table 3A.11 (TABLE-3A.11.xlsx)
2019,Dadra & Nagar Haveli and Daman & Diu,By Separated husband (Sec.376 (B)),,0,NCRB CII 2019 Table 3A.11 (TABLE-3A.11.xlsx)
2019,Delhi,By Separated husband (Sec.376 (B)),,3,NCRB CII 2019 Table 3A.11 (TABLE-3A.11.xlsx)
2019,Lakshadweep,By Separated husband (Sec.376 (B)),,0,NCRB CII 2019 Table 3A.11 (TABLE-3A.11.xlsx)
2019,Puducherry,By Separated husband (Sec.376 (B)),,0,NCRB CII 2019 Table 3A.11 (TABLE-3A.11.xlsx)
2019,All India,By Separated husband (Sec.376 (B)),,37,NCRB CII 2019 Table 3A.11 (TABLE-3A.11.xlsx)
2019,Andhra Pradesh,Rape/Gang Rape of Girl Below 16 Yrs (Imprisonment for life till death) (Sec.376(DA)),,10,NCRB CII 2019 Table 3A.11 (TABLE-3A.11.xlsx)
2019,Arunachal Pradesh,Rape/Gang Rape of Girl Below 16 Yrs (Imprisonment for life till death) (Sec.376(DA)),,0,NCRB CII 2019 Table 3A.11 (TABLE-3A.11.xlsx)
2019,Assam,Rape/Gang Rape of Girl Below 16 Yrs (Imprisonment for life till death) (Sec.376(DA)),,1,NCRB CII 2019 Table 3A.11 (TABLE-3A.11.xlsx)
2019,Bihar,Rape/Gang Rape of Girl Below 16 Yrs (Imprisonment for life till death) (Sec.376(DA)),,0,NCRB CII 2019 Table 3A.11 (TABLE-3A.11.xlsx)
2019,Chhattisgarh,Rape/Gang Rape of Girl Below 16 Yrs (Imprisonment for life till death) (Sec.376(DA)),,3,NCRB CII 2019 Table 3A.11 (TABLE-3A.11.xlsx)
2019,Goa,Rape/Gang Rape of Girl Below 16 Yrs (Imprisonment for life till death) (Sec.376(DA)),,0,NCRB CII 2019 Table 3A.11 (TABLE-3A.11.xlsx)
2019,Gujarat,Rape/Gang Rape of Girl Below 16 Yrs (Imprisonment for life till death) (Sec.376(DA)),,0,NCRB CII 2019 Table 3A.11 (TABLE-3A.11.xlsx)
2019,Haryana,Rape/Gang Rape of Girl Below 16 Yrs (Imprisonment for life till death) (Sec.376(DA)),,0,NCRB CII 2019 Table 3A.11 (TABLE-3A.11.xlsx)
2019,Himachal Pradesh,Rape/Gang Rape of Girl Below 16 Yrs (Imprisonment for life till death) (Sec.376(DA)),,1,NCRB CII 2019 Table 3A.11 (TABLE-3A.11.xlsx)
2019,Jammu & Kashmir,Rape/Gang Rape of Girl Below 16 Yrs (Imprisonment for life till death) (Sec.376(DA)),,0,NCRB CII 2019 Table 3A.11 (TABLE-3A.11.xlsx)
2019,Jharkhand,Rape/Gang Rape of Girl Below 16 Yrs (Imprisonment for life till death) (Sec.376(DA)),,4,NCRB CII 2019 Table 3A.11 (TABLE-3A.11.xlsx)
2019,Karnataka,Rape/Gang Rape of Girl Below 16 Yrs (Imprisonment for life till death) (Sec.376(DA)),,0,NCRB CII 2019 Table 3A.11 (TABLE-3A.11.xlsx)
2019,Kerala,Rape/Gang Rape of Girl Below 16 Yrs (Imprisonment for life till death) (Sec.376(DA)),,71,NCRB CII 2019 Table 3A.11 (TABLE-3A.11.xlsx)
2019,Madhya Pradesh,Rape/Gang Rape of Girl Below 16 Yrs (Imprisonment for life till death) (Sec.376(DA)),,10,NCRB CII 2019 Table 3A.11 (TABLE-3A.11.xlsx)
2019,Maharashtra,Rape/Gang Rape of Girl Below 16 Yrs (Imprisonment for life till death) (Sec.376(DA)),,8,NCRB CII 2019 Table 3A.11 (TABLE-3A.11.xlsx)
2019,Manipur,Rape/Gang Rape of Girl Below 16 Yrs (Imprisonment for life till death) (Sec.376(DA)),,0,NCRB CII 2019 Table 3A.11 (TABLE-3A.11.xlsx)
2019,Meghalaya,Rape/Gang Rape of Girl Below 16 Yrs (Imprisonment for life till death) (Sec.376(DA)),,0,NCRB CII 2019 Table 3A.11 (TABLE-3A.11.xlsx)
2019,Mizoram,Rape/Gang Rape of Girl Below 16 Yrs (Imprisonment for life till death) (Sec.376(DA)),,13,NCRB CII 2019 Table 3A.11 (TABLE-3A.11.xlsx)
2019,Nagaland,Rape/Gang Rape of Girl Below 16 Yrs (Imprisonment for life till death) (Sec.376(DA)),,0,NCRB CII 2019 Table 3A.11 (TABLE-3A.11.xlsx)
2019,Odisha,Rape/Gang Rape of Girl Below 16 Yrs (Imprisonment for life till death) (Sec.376(DA)),,6,NCRB CII 2019 Table 3A.11 (TABLE-3A.11.xlsx)
2019,Punjab,Rape/Gang Rape of Girl Below 16 Yrs (Imprisonment for life till death) (Sec.376(DA)),,8,NCRB CII 2019 Table 3A.11 (TABLE-3A.11.xlsx)
2019,Rajasthan,Rape/Gang Rape of Girl Below 16 Yrs (Imprisonment for life till death) (Sec.376(DA)),,11,NCRB CII 2019 Table 3A.11 (TABLE-3A.11.xlsx)
2019,Sikkim,Rape/Gang Rape of Girl Below 16 Yrs (Imprisonment for life till death) (Sec.376(DA)),,0,NCRB CII 2019 Table 3A.11 (TABLE-3A.11.xlsx)
2019,Tamil Nadu,Rape/Gang Rape of Girl Below 16 Yrs (Imprisonment for life till death) (Sec.376(DA)),,7,NCRB CII 2019 Table 3A.11 (TABLE-3A.11.xlsx)
2019,Telangana,Rape/Gang Rape of Girl Below 16 Yrs (Imprisonment for life till death) (Sec.376(DA)),,0,NCRB CII 2019 Table 3A.11 (TABLE-3A.11.xlsx)
2019,Tripura,Rape/Gang Rape of Girl Below 16 Yrs (Imprisonment for life till death) (Sec.376(DA)),,0,NCRB CII 2019 Table 3A.11 (TABLE-3A.11.xlsx)
2019,Uttar Pradesh,Rape/Gang Rape of Girl Below 16 Yrs (Imprisonment for life till death) (Sec.376(DA)),,0,NCRB CII 2019 Table 3A.11 (TABLE-3A.11.xlsx)
2019,Uttarakhand,Rape/Gang Rape of Girl Below 16 Yrs (Imprisonment for life till death) (Sec.376(DA)),,6,NCRB CII 2019 Table 3A.11 (TABLE-3A.11.xlsx)
2019,West Bengal,Rape/Gang Rape of Girl Below 16 Yrs (Imprisonment for life till death) (Sec.376(DA)),,0,NCRB CII 2019 Table 3A.11 (TABLE-3A.11.xlsx)
2019,Andaman & Nicobar Islands,Rape/Gang Rape of Girl Below 16 Yrs (Imprisonment for life till death) (Sec.376(DA)),,1,NCRB CII 2019 Table 3A.11 (TABLE-3A.11.xlsx)
2019,Chandigarh,Rape/Gang Rape of Girl Below 16 Yrs (Imprisonment for life till death) (Sec.376(DA)),,10,NCRB CII 2019 Table 3A.11 (TABLE-3A.11.xlsx)
2019,Dadra & Nagar Haveli and Daman & Diu,Rape/Gang Rape of Girl Below 16 Yrs (Imprisonment for life till death) (Sec.376(DA)),,0,NCRB CII 2019 Table 3A.11 (TABLE-3A.11.xlsx)
2019,Delhi,Rape/Gang Rape of Girl Below 16 Yrs (Imprisonment for life till death) (Sec.376(DA)),,0,NCRB CII 2019 Table 3A.11 (TABLE-3A.11.xlsx)
2019,Lakshadweep,Rape/Gang Rape of Girl Below 16 Yrs (Imprisonment for life till death) (Sec.376(DA)),,0,NCRB CII 2019 Table 3A.11 (TABLE-3A.11.xlsx)
2019,Puducherry,Rape/Gang Rape of Girl Below 16 Yrs (Imprisonment for life till death) (Sec.376(DA)),,0,NCRB CII 2019 Table 3A.11 (TABLE-3A.11.xlsx)
2019,All India,Rape/Gang Rape of Girl Below 16 Yrs (Imprisonment for life till death) (Sec.376(DA)),,170,NCRB CII 2019 Table 3A.11 (TABLE-3A.11.xlsx)
2019,Andhra Pradesh,By Person in Authority (Sec.376 (C)),,1,NCRB CII 2019 Table 3A.11 (TABLE-3A.11.xlsx)
2019,Arunachal Pradesh,By Person in Authority (Sec.376 (C)),,0,NCRB CII 2019 Table 3A.11 (TABLE-3A.11.xlsx)
2019,Assam,By Person in Authority (Sec.376 (C)),,30,NCRB CII 2019 Table 3A.11 (TABLE-3A.11.xlsx)
2019,Bihar,By Person in Authority (Sec.376 (C)),,0,NCRB CII 2019 Table 3A.11 (TABLE-3A.11.xlsx)
2019,Chhattisgarh,By Person in Authority (Sec.376 (C)),,0,NCRB CII 2019 Table 3A.11 (TABLE-3A.11.xlsx)
2019,Goa,By Person in Authority (Sec.376 (C)),,0,NCRB CII 2019 Table 3A.11 (TABLE-3A.11.xlsx)
2019,Gujarat,By Person in Authority (Sec.376 (C)),,0,NCRB CII 2019 Table 3A.11 (TABLE-3A.11.xlsx)
2019,Haryana,By Person in Authority (Sec.376 (C)),,1,NCRB CII 2019 Table 3A.11 (TABLE-3A.11.xlsx)
2019,Himachal Pradesh,By Person in Authority (Sec.376 (C)),,0,NCRB CII 2019 Table 3A.11 (TABLE-3A.11.xlsx)
2019,Jammu & Kashmir,By Person in Authority (Sec.376 (C)),,0,NCRB CII 2019 Table 3A.11 (TABLE-3A.11.xlsx)
2019,Jharkhand,By Person in Authority (Sec.376 (C)),,2,NCRB CII 2019 Table 3A.11 (TABLE-3A.11.xlsx)
2019,Karnataka,By Person in Authority (Sec.376 (C)),,0,NCRB CII 2019 Table 3A.11 (TABLE-3A.11.xlsx)
2019,Kerala,By Person in Authority (Sec.376 (C)),,2,NCRB CII 2019 Table 3A.11 (TABLE-3A.11.xlsx)
2019,Madhya Pradesh,By Person in Authority (Sec.376 (C)),,3,NCRB CII 2019 Table 3A.11 (TABLE-3A.11.xlsx)
2019,Maharashtra,By Person in Authority (Sec.376 (C)),,2,NCRB CII 2019 Table 3A.11 (TABLE-3A.11.xlsx)
2019,Manipur,By Person in Authority (Sec.376 (C)),,0,NCRB CII 2019 Table 3A.11 (TABLE-3A.11.xlsx)
2019,Meghalaya,By Person in Authority (Sec.376 (C)),,0,NCRB CII 2019 Table 3A.11 (TABLE-3A.11.xlsx)
2019,Mizoram,By Person in Authority (Sec.376 (C)),,0,NCRB CII 2019 Table 3A.11 (TABLE-3A.11.xlsx)
2019,Nagaland,By Person in Authority (Sec.376 (C)),,0,NCRB CII 2019 Table 3A.11 (TABLE-3A.11.xlsx)
2019,Odisha,By Person in Authority (Sec.376 (C)),,1,NCRB CII 2019 Table 3A.11 (TABLE-3A.11.xlsx)
2019,Punjab,By Person in Authority (Sec.376 (C)),,0,NCRB CII 2019 Table 3A.11 (TABLE-3A.11.xlsx)
2019,Rajasthan,By Person in Authority (Sec.376 (C)),,1,NCRB CII 2019 Table 3A.11 (TABLE-3A.11.xlsx)
2019,Sikkim,By Person in Authority (Sec.376 (C)),,0,NCRB CII 2019 Table 3A.11 (TABLE-3A.11.xlsx)
2019,Tamil Nadu,By Person in Authority (Sec.376 (C)),,0,NCRB CII 2019 Table 3A.11 (TABLE-3A.11.xlsx)
2019,Telangana,By Person in Authority (Sec.376 (C)),,0,NCRB CII 2019 Table 3A.11 (TABLE-3A.11.xlsx)
2019,Tripura,By Person in Authority (Sec.376 (C)),,0,NCRB CII 2019 Table 3A.11 (TABLE-3A.11.xlsx)
2019,Uttar Pradesh,By Person in Authority (Sec.376 (C)),,0,NCRB CII 2019 Table 3A.11 (TABLE-3A.11.xlsx)
2019,Uttarakhand,By Person in Authority (Sec.376 (C)),,0,NCRB CII 2019 Table 3A.11 (TABLE-3A.11.xlsx)
2019,West Bengal,By Person in Authority (Sec.376 (C)),,1,NCRB CII 2019 Table 3A.11 (TABLE-3A.11.xlsx)
2019,Andaman & Nicobar Islands,By Person in Authority (Sec.376 (C)),,0,NCRB CII 2019 Table 3A.11 (TABLE-3A.11.xlsx)
2019,Chandigarh,By Person in Authority (Sec.376 (C)),,0,NCRB CII 2019 Table 3A.11 (TABLE-3A.11.xlsx)
2019,Dadra & Nagar Haveli and Daman & Diu,By Person in Authority (Sec.376 (C)),,0,NCRB CII 2019 Table 3A.11 (TABLE-3A.11.xlsx)
2019,Delhi,By Person in Authority (Sec.376 (C)),,0,NCRB CII 2019 Table 3A.11 (TABLE-3A.11.xlsx)
2019,Lakshadweep,By Person in Authority (Sec.376 (C)),,0,NCRB CII 2019 Table 3A.11 (TABLE-3A.11.xlsx)
2019,Puducherry,By Person in Authority (Sec.376 (C)),,0,NCRB CII 2019 Table 3A.11 (TABLE-3A.11.xlsx)
2019,All India,By Person in Authority (Sec.376 (C)),,44,NCRB CII 2019 Table 3A.11 (TABLE-3A.11.xlsx)
2019,Andhra Pradesh,Gang Rape (Sec.376(D)),,9,NCRB CII 2019 Table 3A.11 (TABLE-3A.11.xlsx)
2019,Arunachal Pradesh,Gang Rape (Sec.376(D)),,4,NCRB CII 2019 Table 3A.11 (TABLE-3A.11.xlsx)
2019,Assam,Gang Rape (Sec.376(D)),,25,NCRB CII 2019 Table 3A.11 (TABLE-3A.11.xlsx)
2019,Bihar,Gang Rape (Sec.376(D)),,14,NCRB CII 2019 Table 3A.11 (TABLE-3A.11.xlsx)
2019,Chhattisgarh,Gang Rape (Sec.376(D)),,15,NCRB CII 2019 Table 3A.11 (TABLE-3A.11.xlsx)
2019,Goa,Gang Rape (Sec.376(D)),,2,NCRB CII 2019 Table 3A.11 (TABLE-3A.11.xlsx)
2019,Gujarat,Gang Rape (Sec.376(D)),,14,NCRB CII 2019 Table 3A.11 (TABLE-3A.11.xlsx)
2019,Haryana,Gang Rape (Sec.376(D)),,159,NCRB CII 2019 Table 3A.11 (TABLE-3A.11.xlsx)
2019,Himachal Pradesh,Gang Rape (Sec.376(D)),,4,NCRB CII 2019 Table 3A.11 (TABLE-3A.11.xlsx)
2019,Jammu & Kashmir,Gang Rape (Sec.376(D)),,0,NCRB CII 2019 Table 3A.11 (TABLE-3A.11.xlsx)
2019,Jharkhand,Gang Rape (Sec.376(D)),,52,NCRB CII 2019 Table 3A.11 (TABLE-3A.11.xlsx)
2019,Karnataka,Gang Rape (Sec.376(D)),,7,NCRB CII 2019 Table 3A.11 (TABLE-3A.11.xlsx)
2019,Kerala,Gang Rape (Sec.376(D)),,7,NCRB CII 2019 Table 3A.11 (TABLE-3A.11.xlsx)
2019,Madhya Pradesh,Gang Rape (Sec.376(D)),,162,NCRB CII 2019 Table 3A.11 (TABLE-3A.11.xlsx)
2019,Maharashtra,Gang Rape (Sec.376(D)),,63,NCRB CII 2019 Table 3A.11 (TABLE-3A.11.xlsx)
2019,Manipur,Gang Rape (Sec.376(D)),,0,NCRB CII 2019 Table 3A.11 (TABLE-3A.11.xlsx)
2019,Meghalaya,Gang Rape (Sec.376(D)),,5,NCRB CII 2019 Table 3A.11 (TABLE-3A.11.xlsx)
2019,Mizoram,Gang Rape (Sec.376(D)),,1,NCRB CII 2019 Table 3A.11 (TABLE-3A.11.xlsx)
2019,Nagaland,Gang Rape (Sec.376(D)),,0,NCRB CII 2019 Table 3A.11 (TABLE-3A.11.xlsx)
2019,Odisha,Gang Rape (Sec.376(D)),,22,NCRB CII 2019 Table 3A.11 (TABLE-3A.11.xlsx)
2019,Punjab,Gang Rape (Sec.376(D)),,29,NCRB CII 2019 Table 3A.11 (TABLE-3A.11.xlsx)
2019,Rajasthan,Gang Rape (Sec.376(D)),,902,NCRB CII 2019 Table 3A.11 (TABLE-3A.11.xlsx)
2019,Sikkim,Gang Rape (Sec.376(D)),,1,NCRB CII 2019 Table 3A.11 (TABLE-3A.11.xlsx)
2019,Tamil Nadu,Gang Rape (Sec.376(D)),,1,NCRB CII 2019 Table 3A.11 (TABLE-3A.11.xlsx)
2019,Telangana,Gang Rape (Sec.376(D)),,14,NCRB CII 2019 Table 3A.11 (TABLE-3A.11.xlsx)
2019,Tripura,Gang Rape (Sec.376(D)),,6,NCRB CII 2019 Table 3A.11 (TABLE-3A.11.xlsx)
2019,Uttar Pradesh,Gang Rape (Sec.376(D)),,301,NCRB CII 2019 Table 3A.11 (TABLE-3A.11.xlsx)
2019,Uttarakhand,Gang Rape (Sec.376(D)),,9,NCRB CII 2019 Table 3A.11 (TABLE-3A.11.xlsx)
2019,West Bengal,Gang Rape (Sec.376(D)),,55,NCRB CII 2019 Table 3A.11 (TABLE-3A.11.xlsx)
2019,Andaman & Nicobar Islands,Gang Rape (Sec.376(D)),,0,NCRB CII 2019 Table 3A.11 (TABLE-3A.11.xlsx)
2019,Chandigarh,Gang Rape (Sec.376(D)),,1,NCRB CII 2019 Table 3A.11 (TABLE-3A.11.xlsx)
2019,Dadra & Nagar Haveli and Daman & Diu,Gang Rape (Sec.376(D)),,0,NCRB CII 2019 Table 3A.11 (TABLE-3A.11.xlsx)
2019,Delhi,Gang Rape (Sec.376(D)),,47,NCRB CII 2019 Table 3A.11 (TABLE-3A.11.xlsx)
2019,Lakshadweep,Gang Rape (Sec.376(D)),,0,NCRB CII 2019 Table 3A.11 (TABLE-3A.11.xlsx)
2019,Puducherry,Gang Rape (Sec.376(D)),,0,NCRB CII 2019 Table 3A.11 (TABLE-3A.11.xlsx)
2019,All India,Gang Rape (Sec.376(D)),,1931,NCRB CII 2019 Table 3A.11 (TABLE-3A.11.xlsx)
2019,Andhra Pradesh,Rape/Gang Rape of Girl Below 12 Yrs (Imprisonment for life till death) (Sec.376(DB)),,2,NCRB CII 2019 Table 3A.11 (TABLE-3A.11.xlsx)
2019,Arunachal Pradesh,Rape/Gang Rape of Girl Below 12 Yrs (Imprisonment for life till death) (Sec.376(DB)),,0,NCRB CII 2019 Table 3A.11 (TABLE-3A.11.xlsx)
2019,Assam,Rape/Gang Rape of Girl Below 12 Yrs (Imprisonment for life till death) (Sec.376(DB)),,0,NCRB CII 2019 Table 3A.11 (TABLE-3A.11.xlsx)
2019,Bihar,Rape/Gang Rape of Girl Below 12 Yrs (Imprisonment for life till death) (Sec.376(DB)),,0,NCRB CII 2019 Table 3A.11 (TABLE-3A.11.xlsx)
2019,Chhattisgarh,Rape/Gang Rape of Girl Below 12 Yrs (Imprisonment for life till death) (Sec.376(DB)),,0,NCRB CII 2019 Table 3A.11 (TABLE-3A.11.xlsx)
2019,Goa,Rape/Gang Rape of Girl Below 12 Yrs (Imprisonment for life till death) (Sec.376(DB)),,0,NCRB CII 2019 Table 3A.11 (TABLE-3A.11.xlsx)
2019,Gujarat,Rape/Gang Rape of Girl Below 12 Yrs (Imprisonment for life till death) (Sec.376(DB)),,0,NCRB CII 2019 Table 3A.11 (TABLE-3A.11.xlsx)
2019,Haryana,Rape/Gang Rape of Girl Below 12 Yrs (Imprisonment for life till death) (Sec.376(DB)),,0,NCRB CII 2019 Table 3A.11 (TABLE-3A.11.xlsx)
2019,Himachal Pradesh,Rape/Gang Rape of Girl Below 12 Yrs (Imprisonment for life till death) (Sec.376(DB)),,0,NCRB CII 2019 Table 3A.11 (TABLE-3A.11.xlsx)
2019,Jammu & Kashmir,Rape/Gang Rape of Girl Below 12 Yrs (Imprisonment for life till death) (Sec.376(DB)),,0,NCRB CII 2019 Table 3A.11 (TABLE-3A.11.xlsx)
2019,Jharkhand,Rape/Gang Rape of Girl Below 12 Yrs (Imprisonment for life till death) (Sec.376(DB)),,1,NCRB CII 2019 Table 3A.11 (TABLE-3A.11.xlsx)
2019,Karnataka,Rape/Gang Rape of Girl Below 12 Yrs (Imprisonment for life till death) (Sec.376(DB)),,0,NCRB CII 2019 Table 3A.11 (TABLE-3A.11.xlsx)
2019,Kerala,Rape/Gang Rape of Girl Below 12 Yrs (Imprisonment for life till death) (Sec.376(DB)),,3,NCRB CII 2019 Table 3A.11 (TABLE-3A.11.xlsx)
2019,Madhya Pradesh,Rape/Gang Rape of Girl Below 12 Yrs (Imprisonment for life till death) (Sec.376(DB)),,1,NCRB CII 2019 Table 3A.11 (TABLE-3A.11.xlsx)
2019,Maharashtra,Rape/Gang Rape of Girl Below 12 Yrs (Imprisonment for life till death) (Sec.376(DB)),,0,NCRB CII 2019 Table 3A.11 (TABLE-3A.11.xlsx)
2019,Manipur,Rape/Gang Rape of Girl Below 12 Yrs (Imprisonment for life till death) (Sec.376(DB)),,0,NCRB CII 2019 Table 3A.11 (TABLE-3A.11.xlsx)
2019,Meghalaya,Rape/Gang Rape of Girl Below 12 Yrs (Imprisonment for life till death) (Sec.376(DB)),,0,NCRB CII 2019 Table 3A.11 (TABLE-3A.11.xlsx)
2019,Mizoram,Rape/Gang Rape of Girl Below 12 Yrs (Imprisonment for life till death) (Sec.376(DB)),,0,NCRB CII 2019 Table 3A.11 (TABLE-3A.11.xlsx)
2019,Nagaland,Rape/Gang Rape of Girl Below 12 Yrs (Imprisonment for life till death) (Sec.376(DB)),,0,NCRB CII 2019 Table 3A.11 (TABLE-3A.11.xlsx)
2019,Odisha,Rape/Gang Rape of Girl Below 12 Yrs (Imprisonment for life till death) (Sec.376(DB)),,0,NCRB CII 2019 Table 3A.11 (TABLE-3A.11.xlsx)
2019,Punjab,Rape/Gang Rape of Girl Below 12 Yrs (Imprisonment for life till death) (Sec.376(DB)),,2,NCRB CII 2019 Table 3A.11 (TABLE-3A.11.xlsx)
2019,Rajasthan,Rape/Gang Rape of Girl Below 12 Yrs (Imprisonment for life till death) (Sec.376(DB)),,31,NCRB CII 2019 Table 3A.11 (TABLE-3A.11.xlsx)
2019,Sikkim,Rape/Gang Rape of Girl Below 12 Yrs (Imprisonment for life till death) (Sec.376(DB)),,0,NCRB CII 2019 Table 3A.11 (TABLE-3A.11.xlsx)
2019,Tamil Nadu,Rape/Gang Rape of Girl Below 12 Yrs (Imprisonment for life till death) (Sec.376(DB)),,0,NCRB CII 2019 Table 3A.11 (TABLE-3A.11.xlsx)
2019,Telangana,Rape/Gang Rape of Girl Below 12 Yrs (Imprisonment for life till death) (Sec.376(DB)),,0,NCRB CII 2019 Table 3A.11 (TABLE-3A.11.xlsx)
2019,Tripura,Rape/Gang Rape of Girl Below 12 Yrs (Imprisonment for life till death) (Sec.376(DB)),,0,NCRB CII 2019 Table 3A.11 (TABLE-3A.11.xlsx)
2019,Uttar Pradesh,Rape/Gang Rape of Girl Below 12 Yrs (Imprisonment for life till death) (Sec.376(DB)),,0,NCRB CII 2019 Table 3A.11 (TABLE-3A.11.xlsx)
2019,Uttarakhand,Rape/Gang Rape of Girl Below 12 Yrs (Imprisonment for life till death) (Sec.376(DB)),,4,NCRB CII 2019 Table 3A.11 (TABLE-3A.11.xlsx)
2019,West Bengal,Rape/Gang Rape of Girl Below 12 Yrs (Imprisonment for life till death) (Sec.376(DB)),,0,NCRB CII 2019 Table 3A.11 (TABLE-3A.11.xlsx)
2019,Andaman & Nicobar Islands,Rape/Gang Rape of Girl Below 12 Yrs (Imprisonment for life till death) (Sec.376(DB)),,1,NCRB CII 2019 Table 3A.11 (TABLE-3A.11.xlsx)
2019,Chandigarh,Rape/Gang Rape of Girl Below 12 Yrs (Imprisonment for life till death) (Sec.376(DB)),,2,NCRB CII 2019 Table 3A.11 (TABLE-3A.11.xlsx)
2019,Dadra & Nagar Haveli and Daman & Diu,Rape/Gang Rape of Girl Below 12 Yrs (Imprisonment for life till death) (Sec.376(DB)),,0,NCRB CII 2019 Table 3A.11 (TABLE-3A.11.xlsx)
2019,Delhi,Rape/Gang Rape of Girl Below 12 Yrs (Imprisonment for life till death) (Sec.376(DB)),,0,NCRB CII 2019 Table 3A.11 (TABLE-3A.11.xlsx)
2019,Lakshadweep,Rape/Gang Rape of Girl Below 12 Yrs (Imprisonment for life till death) (Sec.376(DB)),,0,NCRB CII 2019 Table 3A.11 (TABLE-3A.11.xlsx)
2019,Puducherry,Rape/Gang Rape of Girl Below 12 Yrs (Imprisonment for life till death) (Sec.376(DB)),,0,NCRB CII 2019 Table 3A.11 (TABLE-3A.11.xlsx)
2019,All India,Rape/Gang Rape of Girl Below 12 Yrs (Imprisonment for life till death) (Sec.376(DB)),,47,NCRB CII 2019 Table 3A.11 (TABLE-3A.11.xlsx)
2019,Andhra Pradesh,Rape/Gang Rape of Girl Below 16 Yrs (Imprisonment for life till death) (Sec.376(DB)),,7,NCRB CII 2019 Table 3A.11 (TABLE-3A.11.xlsx)
2019,Arunachal Pradesh,Rape/Gang Rape of Girl Below 16 Yrs (Imprisonment for life till death) (Sec.376(DB)),,0,NCRB CII 2019 Table 3A.11 (TABLE-3A.11.xlsx)
2019,Assam,Rape/Gang Rape of Girl Below 16 Yrs (Imprisonment for life till death) (Sec.376(DB)),,1,NCRB CII 2019 Table 3A.11 (TABLE-3A.11.xlsx)
2019,Bihar,Rape/Gang Rape of Girl Below 16 Yrs (Imprisonment for life till death) (Sec.376(DB)),,0,NCRB CII 2019 Table 3A.11 (TABLE-3A.11.xlsx)
2019,Chhattisgarh,Rape/Gang Rape of Girl Below 16 Yrs (Imprisonment for life till death) (Sec.376(DB)),,2,NCRB CII 2019 Table 3A.11 (TABLE-3A.11.xlsx)
2019,Goa,Rape/Gang Rape of Girl Below 16 Yrs (Imprisonment for life till death) (Sec.376(DB)),,0,NCRB CII 2019 Table 3A.11 (TABLE-3A.11.xlsx)
2019,Gujarat,Rape/Gang Rape of Girl Below 16 Yrs (Imprisonment for life till death) (Sec.376(DB)),,0,NCRB CII 2019 Table 3A.11 (TABLE-3A.11.xlsx)
2019,Haryana,Rape/Gang Rape of Girl Below 16 Yrs (Imprisonment for life till death) (Sec.376(DB)),,0,NCRB CII 2019 Table 3A.11 (TABLE-3A.11.xlsx)
2019,Himachal Pradesh,Rape/Gang Rape of Girl Below 16 Yrs (Imprisonment for life till death) (Sec.376(DB)),,0,NCRB CII 2019 Table 3A.11 (TABLE-3A.11.xlsx)
2019,Jammu & Kashmir,Rape/Gang Rape of Girl Below 16 Yrs (Imprisonment for life till death) (Sec.376(DB)),,0,NCRB CII 2019 Table 3A.11 (TABLE-3A.11.xlsx)
2019,Jharkhand,Rape/Gang Rape of Girl Below 16 Yrs (Imprisonment for life till death) (Sec.376(DB)),,0,NCRB CII 2019 Table 3A.11 (TABLE-3A.11.xlsx)
2019,Karnataka,Rape/Gang Rape of Girl Below 16 Yrs (Imprisonment for life till death) (Sec.376(DB)),,0,NCRB CII 2019 Table 3A.11 (TABLE-3A.11.xlsx)
2019,Kerala,Rape/Gang Rape of Girl Below 16 Yrs (Imprisonment for life till death) (Sec.376(DB)),,6,NCRB CII 2019 Table 3A.11 (TABLE-3A.11.xlsx)
2019,Madhya Pradesh,Rape/Gang Rape of Girl Below 16 Yrs (Imprisonment for life till death) (Sec.376(DB)),,0,NCRB CII 2019 Table 3A.11 (TABLE-3A.11.xlsx)
2019,Maharashtra,Rape/Gang Rape of Girl Below 16 Yrs (Imprisonment for life till death) (Sec.376(DB)),,1,NCRB CII 2019 Table 3A.11 (TABLE-3A.11.xlsx)
2019,Manipur,Rape/Gang Rape of Girl Below 16 Yrs (Imprisonment for life till death) (Sec.376(DB)),,0,NCRB CII 2019 Table 3A.11 (TABLE-3A.11.xlsx)
2019,Meghalaya,Rape/Gang Rape of Girl Below 16 Yrs (Imprisonment for life till death) (Sec.376(DB)),,0,NCRB CII 2019 Table 3A.11 (TABLE-3A.11.xlsx)
2019,Mizoram,Rape/Gang Rape of Girl Below 16 Yrs (Imprisonment for life till death) (Sec.376(DB)),,1,NCRB CII 2019 Table 3A.11 (TABLE-3A.11.xlsx)
2019,Nagaland,Rape/Gang Rape of Girl Below 16 Yrs (Imprisonment for life till death) (Sec.376(DB)),,0,NCRB CII 2019 Table 3A.11 (TABLE-3A.11.xlsx)
2019,Odisha,Rape/Gang Rape of Girl Below 16 Yrs (Imprisonment for life till death) (Sec.376(DB)),,0,NCRB CII 2019 Table 3A.11 (TABLE-3A.11.xlsx)
2019,Punjab,Rape/Gang Rape of Girl Below 16 Yrs (Imprisonment for life till death) (Sec.376(DB)),,1,NCRB CII 2019 Table 3A.11 (TABLE-3A.11.xlsx)
2019,Rajasthan,Rape/Gang Rape of Girl Below 16 Yrs (Imprisonment for life till death) (Sec.376(DB)),,0,NCRB CII 2019 Table 3A.11 (TABLE-3A.11.xlsx)
2019,Sikkim,Rape/Gang Rape of Girl Below 16 Yrs (Imprisonment for life till death) (Sec.376(DB)),,0,NCRB CII 2019 Table 3A.11 (TABLE-3A.11.xlsx)
2019,Tamil Nadu,Rape/Gang Rape of Girl Below 16 Yrs (Imprisonment for life till death) (Sec.376(DB)),,1,NCRB CII 2019 Table 3A.11 (TABLE-3A.11.xlsx)
2019,Telangana,Rape/Gang Rape of Girl Below 16 Yrs (Imprisonment for life till death) (Sec.376(DB)),,0,NCRB CII 2019 Table 3A.11 (TABLE-3A.11.xlsx)
2019,Tripura,Rape/Gang Rape of Girl Below 16 Yrs (Imprisonment for life till death) (Sec.376(DB)),,7,NCRB CII 2019 Table 3A.11 (TABLE-3A.11.xlsx)
2019,Uttar Pradesh,Rape/Gang Rape of Girl Below 16 Yrs (Imprisonment for life till death) (Sec.376(DB)),,0,NCRB CII 2019 Table 3A.11 (TABLE-3A.11.xlsx)
2019,Uttarakhand,Rape/Gang Rape of Girl Below 16 Yrs (Imprisonment for life till death) (Sec.376(DB)),,0,NCRB CII 2019 Table 3A.11 (TABLE-3A.11.xlsx)
2019,West Bengal,Rape/Gang Rape of Girl Below 16 Yrs (Imprisonment for life till death) (Sec.376(DB)),,0,NCRB CII 2019 Table 3A.11 (TABLE-3A.11.xlsx)
2019,Andaman & Nicobar Islands,Rape/Gang Rape of Girl Below 16 Yrs (Imprisonment for life till death) (Sec.376(DB)),,0,NCRB CII 2019 Table 3A.11 (TABLE-3A.11.xlsx)
2019,Chandigarh,Rape/Gang Rape of Girl Below 16 Yrs (Imprisonment for life till death) (Sec.376(DB)),,0,NCRB CII 2019 Table 3A.11 (TABLE-3A.11.xlsx)
2019,Dadra & Nagar Haveli and Daman & Diu,Rape/Gang Rape of Girl Below 16 Yrs (Imprisonment for life till death) (Sec.376(DB)),,0,NCRB CII 2019 Table 3A.11 (TABLE-3A.11.xlsx)
2019,Delhi,Rape/Gang Rape of Girl Below 16 Yrs (Imprisonment for life till death) (Sec.376(DB)),,0,NCRB CII 2019 Table 3A.11 (TABLE-3A.11.xlsx)
2019,Lakshadweep,Rape/Gang Rape of Girl Below 16 Yrs (Imprisonment for life till death) (Sec.376(DB)),,0,NCRB CII 2019 Table 3A.11 (TABLE-3A.11.xlsx)
2019,Puducherry,Rape/Gang Rape of Girl Below 16 Yrs (Imprisonment for life till death) (Sec.376(DB)),,0,NCRB CII 2019 Table 3A.11 (TABLE-3A.11.xlsx)
2019,All India,Rape/Gang Rape of Girl Below 16 Yrs (Imprisonment for life till death) (Sec.376(DB)),,27,NCRB CII 2019 Table 3A.11 (TABLE-3A.11.xlsx)
2019,Andhra Pradesh,Punishment for Repeat offenders (Sec.376(E)),,0,NCRB CII 2019 Table 3A.11 (TABLE-3A.11.xlsx)
2019,Arunachal Pradesh,Punishment for Repeat offenders (Sec.376(E)),,0,NCRB CII 2019 Table 3A.11 (TABLE-3A.11.xlsx)
2019,Assam,Punishment for Repeat offenders (Sec.376(E)),,0,NCRB CII 2019 Table 3A.11 (TABLE-3A.11.xlsx)
2019,Bihar,Punishment for Repeat offenders (Sec.376(E)),,0,NCRB CII 2019 Table 3A.11 (TABLE-3A.11.xlsx)
2019,Chhattisgarh,Punishment for Repeat offenders (Sec.376(E)),,0,NCRB CII 2019 Table 3A.11 (TABLE-3A.11.xlsx)
2019,Goa,Punishment for Repeat offenders (Sec.376(E)),,0,NCRB CII 2019 Table 3A.11 (TABLE-3A.11.xlsx)
2019,Gujarat,Punishment for Repeat offenders (Sec.376(E)),,0,NCRB CII 2019 Table 3A.11 (TABLE-3A.11.xlsx)
2019,Haryana,Punishment for Repeat offenders (Sec.376(E)),,49,NCRB CII 2019 Table 3A.11 (TABLE-3A.11.xlsx)
2019,Himachal Pradesh,Punishment for Repeat offenders (Sec.376(E)),,0,NCRB CII 2019 Table 3A.11 (TABLE-3A.11.xlsx)
2019,Jammu & Kashmir,Punishment for Repeat offenders (Sec.376(E)),,0,NCRB CII 2019 Table 3A.11 (TABLE-3A.11.xlsx)
2019,Jharkhand,Punishment for Repeat offenders (Sec.376(E)),,0,NCRB CII 2019 Table 3A.11 (TABLE-3A.11.xlsx)
2019,Karnataka,Punishment for Repeat offenders (Sec.376(E)),,0,NCRB CII 2019 Table 3A.11 (TABLE-3A.11.xlsx)
2019,Kerala,Punishment for Repeat offenders (Sec.376(E)),,1,NCRB CII 2019 Table 3A.11 (TABLE-3A.11.xlsx)
2019,Madhya Pradesh,Punishment for Repeat offenders (Sec.376(E)),,52,NCRB CII 2019 Table 3A.11 (TABLE-3A.11.xlsx)
2019,Maharashtra,Punishment for Repeat offenders (Sec.376(E)),,1,NCRB CII 2019 Table 3A.11 (TABLE-3A.11.xlsx)
2019,Manipur,Punishment for Repeat offenders (Sec.376(E)),,0,NCRB CII 2019 Table 3A.11 (TABLE-3A.11.xlsx)
2019,Meghalaya,Punishment for Repeat offenders (Sec.376(E)),,0,NCRB CII 2019 Table 3A.11 (TABLE-3A.11.xlsx)
2019,Mizoram,Punishment for Repeat offenders (Sec.376(E)),,0,NCRB CII 2019 Table 3A.11 (TABLE-3A.11.xlsx)
2019,Nagaland,Punishment for Repeat offenders (Sec.376(E)),,0,NCRB CII 2019 Table 3A.11 (TABLE-3A.11.xlsx)
2019,Odisha,Punishment for Repeat offenders (Sec.376(E)),,0,NCRB CII 2019 Table 3A.11 (TABLE-3A.11.xlsx)
2019,Punjab,Punishment for Repeat offenders (Sec.376(E)),,1,NCRB CII 2019 Table 3A.11 (TABLE-3A.11.xlsx)
2019,Rajasthan,Punishment for Repeat offenders (Sec.376(E)),,0,NCRB CII 2019 Table 3A.11 (TABLE-3A.11.xlsx)
2019,Sikkim,Punishment for Repeat offenders (Sec.376(E)),,0,NCRB CII 2019 Table 3A.11 (TABLE-3A.11.xlsx)
2019,Tamil Nadu,Punishment for Repeat offenders (Sec.376(E)),,0,NCRB CII 2019 Table 3A.11 (TABLE-3A.11.xlsx)
2019,Telangana,Punishment for Repeat offenders (Sec.376(E)),,0,NCRB CII 2019 Table 3A.11 (TABLE-3A.11.xlsx)
2019,Tripura,Punishment for Repeat offenders (Sec.376(E)),,0,NCRB CII 2019 Table 3A.11 (TABLE-3A.11.xlsx)
2019,Uttar Pradesh,Punishment for Repeat offenders (Sec.376(E)),,0,NCRB CII 2019 Table 3A.11 (TABLE-3A.11.xlsx)
2019,Uttarakhand,Punishment for Repeat offenders (Sec.376(E)),,0,NCRB CII 2019 Table 3A.11 (TABLE-3A.11.xlsx)
2019,West Bengal,Punishment for Repeat offenders (Sec.376(E)),,0,NCRB CII 2019 Table 3A.11 (TABLE-3A.11.xlsx)
2019,Andaman & Nicobar Islands,Punishment for Repeat offenders (Sec.376(E)),,0,NCRB CII 2019 Table 3A.11 (TABLE-3A.11.xlsx)
2019,Chandigarh,Punishment for Repeat offenders (Sec.376(E)),,0,NCRB CII 2019 Table 3A.11 (TABLE-3A.11.xlsx)
2019,Dadra & Nagar Haveli and Daman & Diu,Punishment for Repeat offenders (Sec.376(E)),,0,NCRB CII 2019 Table 3A.11 (TABLE-3A.11.xlsx)
2019,Delhi,Punishment for Repeat offenders (Sec.376(E)),,0,NCRB CII 2019 Table 3A.11 (TABLE-3A.11.xlsx)
2019,Lakshadweep,Punishment for Repeat offenders (Sec.376(E)),,0,NCRB CII 2019 Table 3A.11 (TABLE-3A.11.xlsx)
2019,Puducherry,Punishment for Repeat offenders (Sec.376(E)),,0,NCRB CII 2019 Table 3A.11 (TABLE-3A.11.xlsx)
2019,All India,Punishment for Repeat offenders (Sec.376(E)),,104,NCRB CII 2019 Table 3A.11 (TABLE-3A.11.xlsx)
2019,Andhra Pradesh,Rape (Total) (Sec.376 IPC),,1086,NCRB CII 2019 Table 3A.11 (TABLE-3A.11.xlsx)
2019,Arunachal Pradesh,Rape (Total) (Sec.376 IPC),,63,NCRB CII 2019 Table 3A.11 (TABLE-3A.11.xlsx)
2019,Assam,Rape (Total) (Sec.376 IPC),,1773,NCRB CII 2019 Table 3A.11 (TABLE-3A.11.xlsx)
2019,Bihar,Rape (Total) (Sec.376 IPC),,730,NCRB CII 2019 Table 3A.11 (TABLE-3A.11.xlsx)
2019,Chhattisgarh,Rape (Total) (Sec.376 IPC),,1036,NCRB CII 2019 Table 3A.11 (TABLE-3A.11.xlsx)
2019,Goa,Rape (Total) (Sec.376 IPC),,72,NCRB CII 2019 Table 3A.11 (TABLE-3A.11.xlsx)
2019,Gujarat,Rape (Total) (Sec.376 IPC),,528,NCRB CII 2019 Table 3A.11 (TABLE-3A.11.xlsx)
2019,Haryana,Rape (Total) (Sec.376 IPC),,1480,NCRB CII 2019 Table 3A.11 (TABLE-3A.11.xlsx)
2019,Himachal Pradesh,Rape (Total) (Sec.376 IPC),,359,NCRB CII 2019 Table 3A.11 (TABLE-3A.11.xlsx)
2019,Jammu & Kashmir,Rape (Total) (Sec.376 IPC),,223,NCRB CII 2019 Table 3A.11 (TABLE-3A.11.xlsx)
2019,Jharkhand,Rape (Total) (Sec.376 IPC),,1416,NCRB CII 2019 Table 3A.11 (TABLE-3A.11.xlsx)
2019,Karnataka,Rape (Total) (Sec.376 IPC),,505,NCRB CII 2019 Table 3A.11 (TABLE-3A.11.xlsx)
2019,Kerala,Rape (Total) (Sec.376 IPC),,2023,NCRB CII 2019 Table 3A.11 (TABLE-3A.11.xlsx)
2019,Madhya Pradesh,Rape (Total) (Sec.376 IPC),,2485,NCRB CII 2019 Table 3A.11 (TABLE-3A.11.xlsx)
2019,Maharashtra,Rape (Total) (Sec.376 IPC),,2299,NCRB CII 2019 Table 3A.11 (TABLE-3A.11.xlsx)
2019,Manipur,Rape (Total) (Sec.376 IPC),,36,NCRB CII 2019 Table 3A.11 (TABLE-3A.11.xlsx)
2019,Meghalaya,Rape (Total) (Sec.376 IPC),,102,NCRB CII 2019 Table 3A.11 (TABLE-3A.11.xlsx)
2019,Mizoram,Rape (Total) (Sec.376 IPC),,42,NCRB CII 2019 Table 3A.11 (TABLE-3A.11.xlsx)
2019,Nagaland,Rape (Total) (Sec.376 IPC),,8,NCRB CII 2019 Table 3A.11 (TABLE-3A.11.xlsx)
2019,Odisha,Rape (Total) (Sec.376 IPC),,1382,NCRB CII 2019 Table 3A.11 (TABLE-3A.11.xlsx)
2019,Punjab,Rape (Total) (Sec.376 IPC),,1002,NCRB CII 2019 Table 3A.11 (TABLE-3A.11.xlsx)
2019,Rajasthan,Rape (Total) (Sec.376 IPC),,5997,NCRB CII 2019 Table 3A.11 (TABLE-3A.11.xlsx)
2019,Sikkim,Rape (Total) (Sec.376 IPC),,11,NCRB CII 2019 Table 3A.11 (TABLE-3A.11.xlsx)
2019,Tamil Nadu,Rape (Total) (Sec.376 IPC),,362,NCRB CII 2019 Table 3A.11 (TABLE-3A.11.xlsx)
2019,Telangana,Rape (Total) (Sec.376 IPC),,873,NCRB CII 2019 Table 3A.11 (TABLE-3A.11.xlsx)
2019,Tripura,Rape (Total) (Sec.376 IPC),,88,NCRB CII 2019 Table 3A.11 (TABLE-3A.11.xlsx)
2019,Uttar Pradesh,Rape (Total) (Sec.376 IPC),,3065,NCRB CII 2019 Table 3A.11 (TABLE-3A.11.xlsx)
2019,Uttarakhand,Rape (Total) (Sec.376 IPC),,526,NCRB CII 2019 Table 3A.11 (TABLE-3A.11.xlsx)
2019,West Bengal,Rape (Total) (Sec.376 IPC),,1069,NCRB CII 2019 Table 3A.11 (TABLE-3A.11.xlsx)
2019,Andaman & Nicobar Islands,Rape (Total) (Sec.376 IPC),,13,NCRB CII 2019 Table 3A.11 (TABLE-3A.11.xlsx)
2019,Chandigarh,Rape (Total) (Sec.376 IPC),,112,NCRB CII 2019 Table 3A.11 (TABLE-3A.11.xlsx)
2019,Dadra & Nagar Haveli and Daman & Diu,Rape (Total) (Sec.376 IPC),,4,NCRB CII 2019 Table 3A.11 (TABLE-3A.11.xlsx)
2019,Delhi,Rape (Total) (Sec.376 IPC),,1253,NCRB CII 2019 Table 3A.11 (TABLE-3A.11.xlsx)
2019,Lakshadweep,Rape (Total) (Sec.376 IPC),,0,NCRB CII 2019 Table 3A.11 (TABLE-3A.11.xlsx)
2019,Puducherry,Rape (Total) (Sec.376 IPC),,10,NCRB CII 2019 Table 3A.11 (TABLE-3A.11.xlsx)
2019,All India,Rape (Total) (Sec.376 IPC),,32033,NCRB CII 2019 Table 3A.11 (TABLE-3A.11.xlsx)
2020,Andhra Pradesh,Punishment for Rape (Sec.376 & 376(I),,671,NCRB CII 2020 Table 3A.11 (1680767960TABLE3A11.xlsx)
2020,Arunachal Pradesh,Punishment for Rape (Sec.376 & 376(I),,42,NCRB CII 2020 Table 3A.11 (1680767960TABLE3A11.xlsx)
2020,Assam,Punishment for Rape (Sec.376 & 376(I),,1500,NCRB CII 2020 Table 3A.11 (1680767960TABLE3A11.xlsx)
2020,Bihar,Punishment for Rape (Sec.376 & 376(I),,789,NCRB CII 2020 Table 3A.11 (1680767960TABLE3A11.xlsx)
2020,Chhattisgarh,Punishment for Rape (Sec.376 & 376(I),,772,NCRB CII 2020 Table 3A.11 (1680767960TABLE3A11.xlsx)
2020,Goa,Punishment for Rape (Sec.376 & 376(I),,50,NCRB CII 2020 Table 3A.11 (1680767960TABLE3A11.xlsx)
2020,Gujarat,Punishment for Rape (Sec.376 & 376(I),,337,NCRB CII 2020 Table 3A.11 (1680767960TABLE3A11.xlsx)
2020,Haryana,Punishment for Rape (Sec.376 & 376(I),,545,NCRB CII 2020 Table 3A.11 (1680767960TABLE3A11.xlsx)
2020,Himachal Pradesh,Punishment for Rape (Sec.376 & 376(I),,243,NCRB CII 2020 Table 3A.11 (1680767960TABLE3A11.xlsx)
2020,Jharkhand,Punishment for Rape (Sec.376 & 376(I),,1167,NCRB CII 2020 Table 3A.11 (1680767960TABLE3A11.xlsx)
2020,Karnataka,Punishment for Rape (Sec.376 & 376(I),,427,NCRB CII 2020 Table 3A.11 (1680767960TABLE3A11.xlsx)
2020,Kerala,Punishment for Rape (Sec.376 & 376(I),,372,NCRB CII 2020 Table 3A.11 (1680767960TABLE3A11.xlsx)
2020,Madhya Pradesh,Punishment for Rape (Sec.376 & 376(I),,798,NCRB CII 2020 Table 3A.11 (1680767960TABLE3A11.xlsx)
2020,Maharashtra,Punishment for Rape (Sec.376 & 376(I),,1226,NCRB CII 2020 Table 3A.11 (1680767960TABLE3A11.xlsx)
2020,Manipur,Punishment for Rape (Sec.376 & 376(I),,27,NCRB CII 2020 Table 3A.11 (1680767960TABLE3A11.xlsx)
2020,Meghalaya,Punishment for Rape (Sec.376 & 376(I),,54,NCRB CII 2020 Table 3A.11 (1680767960TABLE3A11.xlsx)
2020,Mizoram,Punishment for Rape (Sec.376 & 376(I),,6,NCRB CII 2020 Table 3A.11 (1680767960TABLE3A11.xlsx)
2020,Nagaland,Punishment for Rape (Sec.376 & 376(I),,2,NCRB CII 2020 Table 3A.11 (1680767960TABLE3A11.xlsx)
2020,Odisha,Punishment for Rape (Sec.376 & 376(I),,756,NCRB CII 2020 Table 3A.11 (1680767960TABLE3A11.xlsx)
2020,Punjab,Punishment for Rape (Sec.376 & 376(I),,463,NCRB CII 2020 Table 3A.11 (1680767960TABLE3A11.xlsx)
2020,Rajasthan,Punishment for Rape (Sec.376 & 376(I),,3390,NCRB CII 2020 Table 3A.11 (1680767960TABLE3A11.xlsx)
2020,Sikkim,Punishment for Rape (Sec.376 & 376(I),,10,NCRB CII 2020 Table 3A.11 (1680767960TABLE3A11.xlsx)
2020,Tamil Nadu,Punishment for Rape (Sec.376 & 376(I),,359,NCRB CII 2020 Table 3A.11 (1680767960TABLE3A11.xlsx)
2020,Telangana,Punishment for Rape (Sec.376 & 376(I),,538,NCRB CII 2020 Table 3A.11 (1680767960TABLE3A11.xlsx)
2020,Tripura,Punishment for Rape (Sec.376 & 376(I),,70,NCRB CII 2020 Table 3A.11 (1680767960TABLE3A11.xlsx)
2020,Uttar Pradesh,Punishment for Rape (Sec.376 & 376(I),,2423,NCRB CII 2020 Table 3A.11 (1680767960TABLE3A11.xlsx)
2020,Uttarakhand,Punishment for Rape (Sec.376 & 376(I),,480,NCRB CII 2020 Table 3A.11 (1680767960TABLE3A11.xlsx)
2020,West Bengal,Punishment for Rape (Sec.376 & 376(I),,952,NCRB CII 2020 Table 3A.11 (1680767960TABLE3A11.xlsx)
2020,Andaman & Nicobar Islands,Punishment for Rape (Sec.376 & 376(I),,2,NCRB CII 2020 Table 3A.11 (1680767960TABLE3A11.xlsx)
2020,Chandigarh,Punishment for Rape (Sec.376 & 376(I),,29,NCRB CII 2020 Table 3A.11 (1680767960TABLE3A11.xlsx)
2020,Dadra & Nagar Haveli and Daman & Diu,Punishment for Rape (Sec.376 & 376(I),,4,NCRB CII 2020 Table 3A.11 (1680767960TABLE3A11.xlsx)
2020,Delhi,Punishment for Rape (Sec.376 & 376(I),,929,NCRB CII 2020 Table 3A.11 (1680767960TABLE3A11.xlsx)
2020,Jammu & Kashmir,Punishment for Rape (Sec.376 & 376(I),,185,NCRB CII 2020 Table 3A.11 (1680767960TABLE3A11.xlsx)
2020,Ladakh,Punishment for Rape (Sec.376 & 376(I),,2,NCRB CII 2020 Table 3A.11 (1680767960TABLE3A11.xlsx)
2020,Lakshadweep,Punishment for Rape (Sec.376 & 376(I),,3,NCRB CII 2020 Table 3A.11 (1680767960TABLE3A11.xlsx)
2020,Puducherry,Punishment for Rape (Sec.376 & 376(I),,8,NCRB CII 2020 Table 3A.11 (1680767960TABLE3A11.xlsx)
2020,All India,Punishment for Rape (Sec.376 & 376(I),,19631,NCRB CII 2020 Table 3A.11 (1680767960TABLE3A11.xlsx)
2020,Andhra Pradesh,Rape in Custody (Section 376(2)) - Rape in Custody (Total),custodial_total,4,NCRB CII 2020 Table 3A.11 (1680767960TABLE3A11.xlsx)
2020,Arunachal Pradesh,Rape in Custody (Section 376(2)) - Rape in Custody (Total),custodial_total,0,NCRB CII 2020 Table 3A.11 (1680767960TABLE3A11.xlsx)
2020,Assam,Rape in Custody (Section 376(2)) - Rape in Custody (Total),custodial_total,0,NCRB CII 2020 Table 3A.11 (1680767960TABLE3A11.xlsx)
2020,Bihar,Rape in Custody (Section 376(2)) - Rape in Custody (Total),custodial_total,0,NCRB CII 2020 Table 3A.11 (1680767960TABLE3A11.xlsx)
2020,Chhattisgarh,Rape in Custody (Section 376(2)) - Rape in Custody (Total),custodial_total,0,NCRB CII 2020 Table 3A.11 (1680767960TABLE3A11.xlsx)
2020,Goa,Rape in Custody (Section 376(2)) - Rape in Custody (Total),custodial_total,0,NCRB CII 2020 Table 3A.11 (1680767960TABLE3A11.xlsx)
2020,Gujarat,Rape in Custody (Section 376(2)) - Rape in Custody (Total),custodial_total,1,NCRB CII 2020 Table 3A.11 (1680767960TABLE3A11.xlsx)
2020,Haryana,Rape in Custody (Section 376(2)) - Rape in Custody (Total),custodial_total,3,NCRB CII 2020 Table 3A.11 (1680767960TABLE3A11.xlsx)
2020,Himachal Pradesh,Rape in Custody (Section 376(2)) - Rape in Custody (Total),custodial_total,0,NCRB CII 2020 Table 3A.11 (1680767960TABLE3A11.xlsx)
2020,Jharkhand,Rape in Custody (Section 376(2)) - Rape in Custody (Total),custodial_total,0,NCRB CII 2020 Table 3A.11 (1680767960TABLE3A11.xlsx)
2020,Karnataka,Rape in Custody (Section 376(2)) - Rape in Custody (Total),custodial_total,2,NCRB CII 2020 Table 3A.11 (1680767960TABLE3A11.xlsx)
2020,Kerala,Rape in Custody (Section 376(2)) - Rape in Custody (Total),custodial_total,1,NCRB CII 2020 Table 3A.11 (1680767960TABLE3A11.xlsx)
2020,Madhya Pradesh,Rape in Custody (Section 376(2)) - Rape in Custody (Total),custodial_total,8,NCRB CII 2020 Table 3A.11 (1680767960TABLE3A11.xlsx)
2020,Maharashtra,Rape in Custody (Section 376(2)) - Rape in Custody (Total),custodial_total,0,NCRB CII 2020 Table 3A.11 (1680767960TABLE3A11.xlsx)
2020,Manipur,Rape in Custody (Section 376(2)) - Rape in Custody (Total),custodial_total,0,NCRB CII 2020 Table 3A.11 (1680767960TABLE3A11.xlsx)
2020,Meghalaya,Rape in Custody (Section 376(2)) - Rape in Custody (Total),custodial_total,4,NCRB CII 2020 Table 3A.11 (1680767960TABLE3A11.xlsx)
2020,Mizoram,Rape in Custody (Section 376(2)) - Rape in Custody (Total),custodial_total,0,NCRB CII 2020 Table 3A.11 (1680767960TABLE3A11.xlsx)
2020,Nagaland,Rape in Custody (Section 376(2)) - Rape in Custody (Total),custodial_total,1,NCRB CII 2020 Table 3A.11 (1680767960TABLE3A11.xlsx)
2020,Odisha,Rape in Custody (Section 376(2)) - Rape in Custody (Total),custodial_total,0,NCRB CII 2020 Table 3A.11 (1680767960TABLE3A11.xlsx)
2020,Punjab,Rape in Custody (Section 376(2)) - Rape in Custody (Total),custodial_total,0,NCRB CII 2020 Table 3A.11 (1680767960TABLE3A11.xlsx)
2020,Rajasthan,Rape in Custody (Section 376(2)) - Rape in Custody (Total),custodial_total,0,NCRB CII 2020 Table 3A.11 (1680767960TABLE3A11.xlsx)
2020,Sikkim,Rape in Custody (Section 376(2)) - Rape in Custody (Total),custodial_total,0,NCRB CII 2020 Table 3A.11 (1680767960TABLE3A11.xlsx)
2020,Tamil Nadu,Rape in Custody (Section 376(2)) - Rape in Custody (Total),custodial_total,0,NCRB CII 2020 Table 3A.11 (1680767960TABLE3A11.xlsx)
2020,Telangana,Rape in Custody (Section 376(2)) - Rape in Custody (Total),custodial_total,0,NCRB CII 2020 Table 3A.11 (1680767960TABLE3A11.xlsx)
2020,Tripura,Rape in Custody (Section 376(2)) - Rape in Custody (Total),custodial_total,0,NCRB CII 2020 Table 3A.11 (1680767960TABLE3A11.xlsx)
2020,Uttar Pradesh,Rape in Custody (Section 376(2)) - Rape in Custody (Total),custodial_total,4,NCRB CII 2020 Table 3A.11 (1680767960TABLE3A11.xlsx)
2020,Uttarakhand,Rape in Custody (Section 376(2)) - Rape in Custody (Total),custodial_total,1,NCRB CII 2020 Table 3A.11 (1680767960TABLE3A11.xlsx)
2020,West Bengal,Rape in Custody (Section 376(2)) - Rape in Custody (Total),custodial_total,0,NCRB CII 2020 Table 3A.11 (1680767960TABLE3A11.xlsx)
2020,Andaman & Nicobar Islands,Rape in Custody (Section 376(2)) - Rape in Custody (Total),custodial_total,0,NCRB CII 2020 Table 3A.11 (1680767960TABLE3A11.xlsx)
2020,Chandigarh,Rape in Custody (Section 376(2)) - Rape in Custody (Total),custodial_total,0,NCRB CII 2020 Table 3A.11 (1680767960TABLE3A11.xlsx)
2020,Dadra & Nagar Haveli and Daman & Diu,Rape in Custody (Section 376(2)) - Rape in Custody (Total),custodial_total,0,NCRB CII 2020 Table 3A.11 (1680767960TABLE3A11.xlsx)
2020,Delhi,Rape in Custody (Section 376(2)) - Rape in Custody (Total),custodial_total,0,NCRB CII 2020 Table 3A.11 (1680767960TABLE3A11.xlsx)
2020,Jammu & Kashmir,Rape in Custody (Section 376(2)) - Rape in Custody (Total),custodial_total,0,NCRB CII 2020 Table 3A.11 (1680767960TABLE3A11.xlsx)
2020,Ladakh,Rape in Custody (Section 376(2)) - Rape in Custody (Total),custodial_total,0,NCRB CII 2020 Table 3A.11 (1680767960TABLE3A11.xlsx)
2020,Lakshadweep,Rape in Custody (Section 376(2)) - Rape in Custody (Total),custodial_total,0,NCRB CII 2020 Table 3A.11 (1680767960TABLE3A11.xlsx)
2020,Puducherry,Rape in Custody (Section 376(2)) - Rape in Custody (Total),custodial_total,0,NCRB CII 2020 Table 3A.11 (1680767960TABLE3A11.xlsx)
2020,All India,Rape in Custody (Section 376(2)) - Rape in Custody (Total),custodial_total,29,NCRB CII 2020 Table 3A.11 (1680767960TABLE3A11.xlsx)
2020,Andhra Pradesh,Rape in Custody (Section 376(2)) - By Police Personnel (Sec.376(2) (a),police_personnel,2,NCRB CII 2020 Table 3A.11 (1680767960TABLE3A11.xlsx)
2020,Arunachal Pradesh,Rape in Custody (Section 376(2)) - By Police Personnel (Sec.376(2) (a),police_personnel,0,NCRB CII 2020 Table 3A.11 (1680767960TABLE3A11.xlsx)
2020,Assam,Rape in Custody (Section 376(2)) - By Police Personnel (Sec.376(2) (a),police_personnel,0,NCRB CII 2020 Table 3A.11 (1680767960TABLE3A11.xlsx)
2020,Bihar,Rape in Custody (Section 376(2)) - By Police Personnel (Sec.376(2) (a),police_personnel,0,NCRB CII 2020 Table 3A.11 (1680767960TABLE3A11.xlsx)
2020,Chhattisgarh,Rape in Custody (Section 376(2)) - By Police Personnel (Sec.376(2) (a),police_personnel,0,NCRB CII 2020 Table 3A.11 (1680767960TABLE3A11.xlsx)
2020,Goa,Rape in Custody (Section 376(2)) - By Police Personnel (Sec.376(2) (a),police_personnel,0,NCRB CII 2020 Table 3A.11 (1680767960TABLE3A11.xlsx)
2020,Gujarat,Rape in Custody (Section 376(2)) - By Police Personnel (Sec.376(2) (a),police_personnel,0,NCRB CII 2020 Table 3A.11 (1680767960TABLE3A11.xlsx)
2020,Haryana,Rape in Custody (Section 376(2)) - By Police Personnel (Sec.376(2) (a),police_personnel,1,NCRB CII 2020 Table 3A.11 (1680767960TABLE3A11.xlsx)
2020,Himachal Pradesh,Rape in Custody (Section 376(2)) - By Police Personnel (Sec.376(2) (a),police_personnel,0,NCRB CII 2020 Table 3A.11 (1680767960TABLE3A11.xlsx)
2020,Jharkhand,Rape in Custody (Section 376(2)) - By Police Personnel (Sec.376(2) (a),police_personnel,0,NCRB CII 2020 Table 3A.11 (1680767960TABLE3A11.xlsx)
2020,Karnataka,Rape in Custody (Section 376(2)) - By Police Personnel (Sec.376(2) (a),police_personnel,1,NCRB CII 2020 Table 3A.11 (1680767960TABLE3A11.xlsx)
2020,Kerala,Rape in Custody (Section 376(2)) - By Police Personnel (Sec.376(2) (a),police_personnel,0,NCRB CII 2020 Table 3A.11 (1680767960TABLE3A11.xlsx)
2020,Madhya Pradesh,Rape in Custody (Section 376(2)) - By Police Personnel (Sec.376(2) (a),police_personnel,3,NCRB CII 2020 Table 3A.11 (1680767960TABLE3A11.xlsx)
2020,Maharashtra,Rape in Custody (Section 376(2)) - By Police Personnel (Sec.376(2) (a),police_personnel,0,NCRB CII 2020 Table 3A.11 (1680767960TABLE3A11.xlsx)
2020,Manipur,Rape in Custody (Section 376(2)) - By Police Personnel (Sec.376(2) (a),police_personnel,0,NCRB CII 2020 Table 3A.11 (1680767960TABLE3A11.xlsx)
2020,Meghalaya,Rape in Custody (Section 376(2)) - By Police Personnel (Sec.376(2) (a),police_personnel,0,NCRB CII 2020 Table 3A.11 (1680767960TABLE3A11.xlsx)
2020,Mizoram,Rape in Custody (Section 376(2)) - By Police Personnel (Sec.376(2) (a),police_personnel,0,NCRB CII 2020 Table 3A.11 (1680767960TABLE3A11.xlsx)
2020,Nagaland,Rape in Custody (Section 376(2)) - By Police Personnel (Sec.376(2) (a),police_personnel,0,NCRB CII 2020 Table 3A.11 (1680767960TABLE3A11.xlsx)
2020,Odisha,Rape in Custody (Section 376(2)) - By Police Personnel (Sec.376(2) (a),police_personnel,0,NCRB CII 2020 Table 3A.11 (1680767960TABLE3A11.xlsx)
2020,Punjab,Rape in Custody (Section 376(2)) - By Police Personnel (Sec.376(2) (a),police_personnel,0,NCRB CII 2020 Table 3A.11 (1680767960TABLE3A11.xlsx)
2020,Rajasthan,Rape in Custody (Section 376(2)) - By Police Personnel (Sec.376(2) (a),police_personnel,0,NCRB CII 2020 Table 3A.11 (1680767960TABLE3A11.xlsx)
2020,Sikkim,Rape in Custody (Section 376(2)) - By Police Personnel (Sec.376(2) (a),police_personnel,0,NCRB CII 2020 Table 3A.11 (1680767960TABLE3A11.xlsx)
2020,Tamil Nadu,Rape in Custody (Section 376(2)) - By Police Personnel (Sec.376(2) (a),police_personnel,0,NCRB CII 2020 Table 3A.11 (1680767960TABLE3A11.xlsx)
2020,Telangana,Rape in Custody (Section 376(2)) - By Police Personnel (Sec.376(2) (a),police_personnel,0,NCRB CII 2020 Table 3A.11 (1680767960TABLE3A11.xlsx)
2020,Tripura,Rape in Custody (Section 376(2)) - By Police Personnel (Sec.376(2) (a),police_personnel,0,NCRB CII 2020 Table 3A.11 (1680767960TABLE3A11.xlsx)
2020,Uttar Pradesh,Rape in Custody (Section 376(2)) - By Police Personnel (Sec.376(2) (a),police_personnel,0,NCRB CII 2020 Table 3A.11 (1680767960TABLE3A11.xlsx)
2020,Uttarakhand,Rape in Custody (Section 376(2)) - By Police Personnel (Sec.376(2) (a),police_personnel,0,NCRB CII 2020 Table 3A.11 (1680767960TABLE3A11.xlsx)
2020,West Bengal,Rape in Custody (Section 376(2)) - By Police Personnel (Sec.376(2) (a),police_personnel,0,NCRB CII 2020 Table 3A.11 (1680767960TABLE3A11.xlsx)
2020,Andaman & Nicobar Islands,Rape in Custody (Section 376(2)) - By Police Personnel (Sec.376(2) (a),police_personnel,0,NCRB CII 2020 Table 3A.11 (1680767960TABLE3A11.xlsx)
2020,Chandigarh,Rape in Custody (Section 376(2)) - By Police Personnel (Sec.376(2) (a),police_personnel,0,NCRB CII 2020 Table 3A.11 (1680767960TABLE3A11.xlsx)
2020,Dadra & Nagar Haveli and Daman & Diu,Rape in Custody (Section 376(2)) - By Police Personnel (Sec.376(2) (a),police_personnel,0,NCRB CII 2020 Table 3A.11 (1680767960TABLE3A11.xlsx)
2020,Delhi,Rape in Custody (Section 376(2)) - By Police Personnel (Sec.376(2) (a),police_personnel,0,NCRB CII 2020 Table 3A.11 (1680767960TABLE3A11.xlsx)
2020,Jammu & Kashmir,Rape in Custody (Section 376(2)) - By Police Personnel (Sec.376(2) (a),police_personnel,0,NCRB CII 2020 Table 3A.11 (1680767960TABLE3A11.xlsx)
2020,Ladakh,Rape in Custody (Section 376(2)) - By Police Personnel (Sec.376(2) (a),police_personnel,0,NCRB CII 2020 Table 3A.11 (1680767960TABLE3A11.xlsx)
2020,Lakshadweep,Rape in Custody (Section 376(2)) - By Police Personnel (Sec.376(2) (a),police_personnel,0,NCRB CII 2020 Table 3A.11 (1680767960TABLE3A11.xlsx)
2020,Puducherry,Rape in Custody (Section 376(2)) - By Police Personnel (Sec.376(2) (a),police_personnel,0,NCRB CII 2020 Table 3A.11 (1680767960TABLE3A11.xlsx)
2020,All India,Rape in Custody (Section 376(2)) - By Police Personnel (Sec.376(2) (a),police_personnel,7,NCRB CII 2020 Table 3A.11 (1680767960TABLE3A11.xlsx)
2020,Andhra Pradesh,Rape in Custody (Section 376(2)) - By Public Servant (Sec.376(2) (b),public_servant,1,NCRB CII 2020 Table 3A.11 (1680767960TABLE3A11.xlsx)
2020,Arunachal Pradesh,Rape in Custody (Section 376(2)) - By Public Servant (Sec.376(2) (b),public_servant,0,NCRB CII 2020 Table 3A.11 (1680767960TABLE3A11.xlsx)
2020,Assam,Rape in Custody (Section 376(2)) - By Public Servant (Sec.376(2) (b),public_servant,0,NCRB CII 2020 Table 3A.11 (1680767960TABLE3A11.xlsx)
2020,Bihar,Rape in Custody (Section 376(2)) - By Public Servant (Sec.376(2) (b),public_servant,0,NCRB CII 2020 Table 3A.11 (1680767960TABLE3A11.xlsx)
2020,Chhattisgarh,Rape in Custody (Section 376(2)) - By Public Servant (Sec.376(2) (b),public_servant,0,NCRB CII 2020 Table 3A.11 (1680767960TABLE3A11.xlsx)
2020,Goa,Rape in Custody (Section 376(2)) - By Public Servant (Sec.376(2) (b),public_servant,0,NCRB CII 2020 Table 3A.11 (1680767960TABLE3A11.xlsx)
2020,Gujarat,Rape in Custody (Section 376(2)) - By Public Servant (Sec.376(2) (b),public_servant,0,NCRB CII 2020 Table 3A.11 (1680767960TABLE3A11.xlsx)
2020,Haryana,Rape in Custody (Section 376(2)) - By Public Servant (Sec.376(2) (b),public_servant,1,NCRB CII 2020 Table 3A.11 (1680767960TABLE3A11.xlsx)
2020,Himachal Pradesh,Rape in Custody (Section 376(2)) - By Public Servant (Sec.376(2) (b),public_servant,0,NCRB CII 2020 Table 3A.11 (1680767960TABLE3A11.xlsx)
2020,Jharkhand,Rape in Custody (Section 376(2)) - By Public Servant (Sec.376(2) (b),public_servant,0,NCRB CII 2020 Table 3A.11 (1680767960TABLE3A11.xlsx)
2020,Karnataka,Rape in Custody (Section 376(2)) - By Public Servant (Sec.376(2) (b),public_servant,0,NCRB CII 2020 Table 3A.11 (1680767960TABLE3A11.xlsx)
2020,Kerala,Rape in Custody (Section 376(2)) - By Public Servant (Sec.376(2) (b),public_servant,1,NCRB CII 2020 Table 3A.11 (1680767960TABLE3A11.xlsx)
2020,Madhya Pradesh,Rape in Custody (Section 376(2)) - By Public Servant (Sec.376(2) (b),public_servant,1,NCRB CII 2020 Table 3A.11 (1680767960TABLE3A11.xlsx)
2020,Maharashtra,Rape in Custody (Section 376(2)) - By Public Servant (Sec.376(2) (b),public_servant,0,NCRB CII 2020 Table 3A.11 (1680767960TABLE3A11.xlsx)
2020,Manipur,Rape in Custody (Section 376(2)) - By Public Servant (Sec.376(2) (b),public_servant,0,NCRB CII 2020 Table 3A.11 (1680767960TABLE3A11.xlsx)
2020,Meghalaya,Rape in Custody (Section 376(2)) - By Public Servant (Sec.376(2) (b),public_servant,4,NCRB CII 2020 Table 3A.11 (1680767960TABLE3A11.xlsx)
2020,Mizoram,Rape in Custody (Section 376(2)) - By Public Servant (Sec.376(2) (b),public_servant,0,NCRB CII 2020 Table 3A.11 (1680767960TABLE3A11.xlsx)
2020,Nagaland,Rape in Custody (Section 376(2)) - By Public Servant (Sec.376(2) (b),public_servant,0,NCRB CII 2020 Table 3A.11 (1680767960TABLE3A11.xlsx)
2020,Odisha,Rape in Custody (Section 376(2)) - By Public Servant (Sec.376(2) (b),public_servant,0,NCRB CII 2020 Table 3A.11 (1680767960TABLE3A11.xlsx)
2020,Punjab,Rape in Custody (Section 376(2)) - By Public Servant (Sec.376(2) (b),public_servant,0,NCRB CII 2020 Table 3A.11 (1680767960TABLE3A11.xlsx)
2020,Rajasthan,Rape in Custody (Section 376(2)) - By Public Servant (Sec.376(2) (b),public_servant,0,NCRB CII 2020 Table 3A.11 (1680767960TABLE3A11.xlsx)
2020,Sikkim,Rape in Custody (Section 376(2)) - By Public Servant (Sec.376(2) (b),public_servant,0,NCRB CII 2020 Table 3A.11 (1680767960TABLE3A11.xlsx)
2020,Tamil Nadu,Rape in Custody (Section 376(2)) - By Public Servant (Sec.376(2) (b),public_servant,0,NCRB CII 2020 Table 3A.11 (1680767960TABLE3A11.xlsx)
2020,Telangana,Rape in Custody (Section 376(2)) - By Public Servant (Sec.376(2) (b),public_servant,0,NCRB CII 2020 Table 3A.11 (1680767960TABLE3A11.xlsx)
2020,Tripura,Rape in Custody (Section 376(2)) - By Public Servant (Sec.376(2) (b),public_servant,0,NCRB CII 2020 Table 3A.11 (1680767960TABLE3A11.xlsx)
2020,Uttar Pradesh,Rape in Custody (Section 376(2)) - By Public Servant (Sec.376(2) (b),public_servant,1,NCRB CII 2020 Table 3A.11 (1680767960TABLE3A11.xlsx)
2020,Uttarakhand,Rape in Custody (Section 376(2)) - By Public Servant (Sec.376(2) (b),public_servant,0,NCRB CII 2020 Table 3A.11 (1680767960TABLE3A11.xlsx)
2020,West Bengal,Rape in Custody (Section 376(2)) - By Public Servant (Sec.376(2) (b),public_servant,0,NCRB CII 2020 Table 3A.11 (1680767960TABLE3A11.xlsx)
2020,Andaman & Nicobar Islands,Rape in Custody (Section 376(2)) - By Public Servant (Sec.376(2) (b),public_servant,0,NCRB CII 2020 Table 3A.11 (1680767960TABLE3A11.xlsx)
2020,Chandigarh,Rape in Custody (Section 376(2)) - By Public Servant (Sec.376(2) (b),public_servant,0,NCRB CII 2020 Table 3A.11 (1680767960TABLE3A11.xlsx)
2020,Dadra & Nagar Haveli and Daman & Diu,Rape in Custody (Section 376(2)) - By Public Servant (Sec.376(2) (b),public_servant,0,NCRB CII 2020 Table 3A.11 (1680767960TABLE3A11.xlsx)
2020,Delhi,Rape in Custody (Section 376(2)) - By Public Servant (Sec.376(2) (b),public_servant,0,NCRB CII 2020 Table 3A.11 (1680767960TABLE3A11.xlsx)
2020,Jammu & Kashmir,Rape in Custody (Section 376(2)) - By Public Servant (Sec.376(2) (b),public_servant,0,NCRB CII 2020 Table 3A.11 (1680767960TABLE3A11.xlsx)
2020,Ladakh,Rape in Custody (Section 376(2)) - By Public Servant (Sec.376(2) (b),public_servant,0,NCRB CII 2020 Table 3A.11 (1680767960TABLE3A11.xlsx)
2020,Lakshadweep,Rape in Custody (Section 376(2)) - By Public Servant (Sec.376(2) (b),public_servant,0,NCRB CII 2020 Table 3A.11 (1680767960TABLE3A11.xlsx)
2020,Puducherry,Rape in Custody (Section 376(2)) - By Public Servant (Sec.376(2) (b),public_servant,0,NCRB CII 2020 Table 3A.11 (1680767960TABLE3A11.xlsx)
2020,All India,Rape in Custody (Section 376(2)) - By Public Servant (Sec.376(2) (b),public_servant,9,NCRB CII 2020 Table 3A.11 (1680767960TABLE3A11.xlsx)
2020,Andhra Pradesh,Rape in Custody (Section 376(2)) - By Member of Armed Forces (Sec.376(2) (c),armed_forces,0,NCRB CII 2020 Table 3A.11 (1680767960TABLE3A11.xlsx)
2020,Arunachal Pradesh,Rape in Custody (Section 376(2)) - By Member of Armed Forces (Sec.376(2) (c),armed_forces,0,NCRB CII 2020 Table 3A.11 (1680767960TABLE3A11.xlsx)
2020,Assam,Rape in Custody (Section 376(2)) - By Member of Armed Forces (Sec.376(2) (c),armed_forces,0,NCRB CII 2020 Table 3A.11 (1680767960TABLE3A11.xlsx)
2020,Bihar,Rape in Custody (Section 376(2)) - By Member of Armed Forces (Sec.376(2) (c),armed_forces,0,NCRB CII 2020 Table 3A.11 (1680767960TABLE3A11.xlsx)
2020,Chhattisgarh,Rape in Custody (Section 376(2)) - By Member of Armed Forces (Sec.376(2) (c),armed_forces,0,NCRB CII 2020 Table 3A.11 (1680767960TABLE3A11.xlsx)
2020,Goa,Rape in Custody (Section 376(2)) - By Member of Armed Forces (Sec.376(2) (c),armed_forces,0,NCRB CII 2020 Table 3A.11 (1680767960TABLE3A11.xlsx)
2020,Gujarat,Rape in Custody (Section 376(2)) - By Member of Armed Forces (Sec.376(2) (c),armed_forces,0,NCRB CII 2020 Table 3A.11 (1680767960TABLE3A11.xlsx)
2020,Haryana,Rape in Custody (Section 376(2)) - By Member of Armed Forces (Sec.376(2) (c),armed_forces,0,NCRB CII 2020 Table 3A.11 (1680767960TABLE3A11.xlsx)
2020,Himachal Pradesh,Rape in Custody (Section 376(2)) - By Member of Armed Forces (Sec.376(2) (c),armed_forces,0,NCRB CII 2020 Table 3A.11 (1680767960TABLE3A11.xlsx)
2020,Jharkhand,Rape in Custody (Section 376(2)) - By Member of Armed Forces (Sec.376(2) (c),armed_forces,0,NCRB CII 2020 Table 3A.11 (1680767960TABLE3A11.xlsx)
2020,Karnataka,Rape in Custody (Section 376(2)) - By Member of Armed Forces (Sec.376(2) (c),armed_forces,0,NCRB CII 2020 Table 3A.11 (1680767960TABLE3A11.xlsx)
2020,Kerala,Rape in Custody (Section 376(2)) - By Member of Armed Forces (Sec.376(2) (c),armed_forces,0,NCRB CII 2020 Table 3A.11 (1680767960TABLE3A11.xlsx)
2020,Madhya Pradesh,Rape in Custody (Section 376(2)) - By Member of Armed Forces (Sec.376(2) (c),armed_forces,0,NCRB CII 2020 Table 3A.11 (1680767960TABLE3A11.xlsx)
2020,Maharashtra,Rape in Custody (Section 376(2)) - By Member of Armed Forces (Sec.376(2) (c),armed_forces,0,NCRB CII 2020 Table 3A.11 (1680767960TABLE3A11.xlsx)
2020,Manipur,Rape in Custody (Section 376(2)) - By Member of Armed Forces (Sec.376(2) (c),armed_forces,0,NCRB CII 2020 Table 3A.11 (1680767960TABLE3A11.xlsx)
2020,Meghalaya,Rape in Custody (Section 376(2)) - By Member of Armed Forces (Sec.376(2) (c),armed_forces,0,NCRB CII 2020 Table 3A.11 (1680767960TABLE3A11.xlsx)
2020,Mizoram,Rape in Custody (Section 376(2)) - By Member of Armed Forces (Sec.376(2) (c),armed_forces,0,NCRB CII 2020 Table 3A.11 (1680767960TABLE3A11.xlsx)
2020,Nagaland,Rape in Custody (Section 376(2)) - By Member of Armed Forces (Sec.376(2) (c),armed_forces,0,NCRB CII 2020 Table 3A.11 (1680767960TABLE3A11.xlsx)
2020,Odisha,Rape in Custody (Section 376(2)) - By Member of Armed Forces (Sec.376(2) (c),armed_forces,0,NCRB CII 2020 Table 3A.11 (1680767960TABLE3A11.xlsx)
2020,Punjab,Rape in Custody (Section 376(2)) - By Member of Armed Forces (Sec.376(2) (c),armed_forces,0,NCRB CII 2020 Table 3A.11 (1680767960TABLE3A11.xlsx)
2020,Rajasthan,Rape in Custody (Section 376(2)) - By Member of Armed Forces (Sec.376(2) (c),armed_forces,0,NCRB CII 2020 Table 3A.11 (1680767960TABLE3A11.xlsx)
2020,Sikkim,Rape in Custody (Section 376(2)) - By Member of Armed Forces (Sec.376(2) (c),armed_forces,0,NCRB CII 2020 Table 3A.11 (1680767960TABLE3A11.xlsx)
2020,Tamil Nadu,Rape in Custody (Section 376(2)) - By Member of Armed Forces (Sec.376(2) (c),armed_forces,0,NCRB CII 2020 Table 3A.11 (1680767960TABLE3A11.xlsx)
2020,Telangana,Rape in Custody (Section 376(2)) - By Member of Armed Forces (Sec.376(2) (c),armed_forces,0,NCRB CII 2020 Table 3A.11 (1680767960TABLE3A11.xlsx)
2020,Tripura,Rape in Custody (Section 376(2)) - By Member of Armed Forces (Sec.376(2) (c),armed_forces,0,NCRB CII 2020 Table 3A.11 (1680767960TABLE3A11.xlsx)
2020,Uttar Pradesh,Rape in Custody (Section 376(2)) - By Member of Armed Forces (Sec.376(2) (c),armed_forces,0,NCRB CII 2020 Table 3A.11 (1680767960TABLE3A11.xlsx)
2020,Uttarakhand,Rape in Custody (Section 376(2)) - By Member of Armed Forces (Sec.376(2) (c),armed_forces,0,NCRB CII 2020 Table 3A.11 (1680767960TABLE3A11.xlsx)
2020,West Bengal,Rape in Custody (Section 376(2)) - By Member of Armed Forces (Sec.376(2) (c),armed_forces,0,NCRB CII 2020 Table 3A.11 (1680767960TABLE3A11.xlsx)
2020,Andaman & Nicobar Islands,Rape in Custody (Section 376(2)) - By Member of Armed Forces (Sec.376(2) (c),armed_forces,0,NCRB CII 2020 Table 3A.11 (1680767960TABLE3A11.xlsx)
2020,Chandigarh,Rape in Custody (Section 376(2)) - By Member of Armed Forces (Sec.376(2) (c),armed_forces,0,NCRB CII 2020 Table 3A.11 (1680767960TABLE3A11.xlsx)
2020,Dadra & Nagar Haveli and Daman & Diu,Rape in Custody (Section 376(2)) - By Member of Armed Forces (Sec.376(2) (c),armed_forces,0,NCRB CII 2020 Table 3A.11 (1680767960TABLE3A11.xlsx)
2020,Delhi,Rape in Custody (Section 376(2)) - By Member of Armed Forces (Sec.376(2) (c),armed_forces,0,NCRB CII 2020 Table 3A.11 (1680767960TABLE3A11.xlsx)
2020,Jammu & Kashmir,Rape in Custody (Section 376(2)) - By Member of Armed Forces (Sec.376(2) (c),armed_forces,0,NCRB CII 2020 Table 3A.11 (1680767960TABLE3A11.xlsx)
2020,Ladakh,Rape in Custody (Section 376(2)) - By Member of Armed Forces (Sec.376(2) (c),armed_forces,0,NCRB CII 2020 Table 3A.11 (1680767960TABLE3A11.xlsx)
2020,Lakshadweep,Rape in Custody (Section 376(2)) - By Member of Armed Forces (Sec.376(2) (c),armed_forces,0,NCRB CII 2020 Table 3A.11 (1680767960TABLE3A11.xlsx)
2020,Puducherry,Rape in Custody (Section 376(2)) - By Member of Armed Forces (Sec.376(2) (c),armed_forces,0,NCRB CII 2020 Table 3A.11 (1680767960TABLE3A11.xlsx)
2020,All India,Rape in Custody (Section 376(2)) - By Member of Armed Forces (Sec.376(2) (c),armed_forces,0,NCRB CII 2020 Table 3A.11 (1680767960TABLE3A11.xlsx)
2020,Andhra Pradesh,Rape in Custody (Section 376(2)) - By Management/Staff of Jail/Remand Home/Place of Custody (Sec.376(2)(d),jail_remand_home_place_of_custody,0,NCRB CII 2020 Table 3A.11 (1680767960TABLE3A11.xlsx)
2020,Arunachal Pradesh,Rape in Custody (Section 376(2)) - By Management/Staff of Jail/Remand Home/Place of Custody (Sec.376(2)(d),jail_remand_home_place_of_custody,0,NCRB CII 2020 Table 3A.11 (1680767960TABLE3A11.xlsx)
2020,Assam,Rape in Custody (Section 376(2)) - By Management/Staff of Jail/Remand Home/Place of Custody (Sec.376(2)(d),jail_remand_home_place_of_custody,0,NCRB CII 2020 Table 3A.11 (1680767960TABLE3A11.xlsx)
2020,Bihar,Rape in Custody (Section 376(2)) - By Management/Staff of Jail/Remand Home/Place of Custody (Sec.376(2)(d),jail_remand_home_place_of_custody,0,NCRB CII 2020 Table 3A.11 (1680767960TABLE3A11.xlsx)
2020,Chhattisgarh,Rape in Custody (Section 376(2)) - By Management/Staff of Jail/Remand Home/Place of Custody (Sec.376(2)(d),jail_remand_home_place_of_custody,0,NCRB CII 2020 Table 3A.11 (1680767960TABLE3A11.xlsx)
2020,Goa,Rape in Custody (Section 376(2)) - By Management/Staff of Jail/Remand Home/Place of Custody (Sec.376(2)(d),jail_remand_home_place_of_custody,0,NCRB CII 2020 Table 3A.11 (1680767960TABLE3A11.xlsx)
2020,Gujarat,Rape in Custody (Section 376(2)) - By Management/Staff of Jail/Remand Home/Place of Custody (Sec.376(2)(d),jail_remand_home_place_of_custody,0,NCRB CII 2020 Table 3A.11 (1680767960TABLE3A11.xlsx)
2020,Haryana,Rape in Custody (Section 376(2)) - By Management/Staff of Jail/Remand Home/Place of Custody (Sec.376(2)(d),jail_remand_home_place_of_custody,0,NCRB CII 2020 Table 3A.11 (1680767960TABLE3A11.xlsx)
2020,Himachal Pradesh,Rape in Custody (Section 376(2)) - By Management/Staff of Jail/Remand Home/Place of Custody (Sec.376(2)(d),jail_remand_home_place_of_custody,0,NCRB CII 2020 Table 3A.11 (1680767960TABLE3A11.xlsx)
2020,Jharkhand,Rape in Custody (Section 376(2)) - By Management/Staff of Jail/Remand Home/Place of Custody (Sec.376(2)(d),jail_remand_home_place_of_custody,0,NCRB CII 2020 Table 3A.11 (1680767960TABLE3A11.xlsx)
2020,Karnataka,Rape in Custody (Section 376(2)) - By Management/Staff of Jail/Remand Home/Place of Custody (Sec.376(2)(d),jail_remand_home_place_of_custody,1,NCRB CII 2020 Table 3A.11 (1680767960TABLE3A11.xlsx)
2020,Kerala,Rape in Custody (Section 376(2)) - By Management/Staff of Jail/Remand Home/Place of Custody (Sec.376(2)(d),jail_remand_home_place_of_custody,0,NCRB CII 2020 Table 3A.11 (1680767960TABLE3A11.xlsx)
2020,Madhya Pradesh,Rape in Custody (Section 376(2)) - By Management/Staff of Jail/Remand Home/Place of Custody (Sec.376(2)(d),jail_remand_home_place_of_custody,2,NCRB CII 2020 Table 3A.11 (1680767960TABLE3A11.xlsx)
2020,Maharashtra,Rape in Custody (Section 376(2)) - By Management/Staff of Jail/Remand Home/Place of Custody (Sec.376(2)(d),jail_remand_home_place_of_custody,0,NCRB CII 2020 Table 3A.11 (1680767960TABLE3A11.xlsx)
2020,Manipur,Rape in Custody (Section 376(2)) - By Management/Staff of Jail/Remand Home/Place of Custody (Sec.376(2)(d),jail_remand_home_place_of_custody,0,NCRB CII 2020 Table 3A.11 (1680767960TABLE3A11.xlsx)
2020,Meghalaya,Rape in Custody (Section 376(2)) - By Management/Staff of Jail/Remand Home/Place of Custody (Sec.376(2)(d),jail_remand_home_place_of_custody,0,NCRB CII 2020 Table 3A.11 (1680767960TABLE3A11.xlsx)
2020,Mizoram,Rape in Custody (Section 376(2)) - By Management/Staff of Jail/Remand Home/Place of Custody (Sec.376(2)(d),jail_remand_home_place_of_custody,0,NCRB CII 2020 Table 3A.11 (1680767960TABLE3A11.xlsx)
2020,Nagaland,Rape in Custody (Section 376(2)) - By Management/Staff of Jail/Remand Home/Place of Custody (Sec.376(2)(d),jail_remand_home_place_of_custody,0,NCRB CII 2020 Table 3A.11 (1680767960TABLE3A11.xlsx)
2020,Odisha,Rape in Custody (Section 376(2)) - By Management/Staff of Jail/Remand Home/Place of Custody (Sec.376(2)(d),jail_remand_home_place_of_custody,0,NCRB CII 2020 Table 3A.11 (1680767960TABLE3A11.xlsx)
2020,Punjab,Rape in Custody (Section 376(2)) - By Management/Staff of Jail/Remand Home/Place of Custody (Sec.376(2)(d),jail_remand_home_place_of_custody,0,NCRB CII 2020 Table 3A.11 (1680767960TABLE3A11.xlsx)
2020,Rajasthan,Rape in Custody (Section 376(2)) - By Management/Staff of Jail/Remand Home/Place of Custody (Sec.376(2)(d),jail_remand_home_place_of_custody,0,NCRB CII 2020 Table 3A.11 (1680767960TABLE3A11.xlsx)
2020,Sikkim,Rape in Custody (Section 376(2)) - By Management/Staff of Jail/Remand Home/Place of Custody (Sec.376(2)(d),jail_remand_home_place_of_custody,0,NCRB CII 2020 Table 3A.11 (1680767960TABLE3A11.xlsx)
2020,Tamil Nadu,Rape in Custody (Section 376(2)) - By Management/Staff of Jail/Remand Home/Place of Custody (Sec.376(2)(d),jail_remand_home_place_of_custody,0,NCRB CII 2020 Table 3A.11 (1680767960TABLE3A11.xlsx)
2020,Telangana,Rape in Custody (Section 376(2)) - By Management/Staff of Jail/Remand Home/Place of Custody (Sec.376(2)(d),jail_remand_home_place_of_custody,0,NCRB CII 2020 Table 3A.11 (1680767960TABLE3A11.xlsx)
2020,Tripura,Rape in Custody (Section 376(2)) - By Management/Staff of Jail/Remand Home/Place of Custody (Sec.376(2)(d),jail_remand_home_place_of_custody,0,NCRB CII 2020 Table 3A.11 (1680767960TABLE3A11.xlsx)
2020,Uttar Pradesh,Rape in Custody (Section 376(2)) - By Management/Staff of Jail/Remand Home/Place of Custody (Sec.376(2)(d),jail_remand_home_place_of_custody,3,NCRB CII 2020 Table 3A.11 (1680767960TABLE3A11.xlsx)
2020,Uttarakhand,Rape in Custody (Section 376(2)) - By Management/Staff of Jail/Remand Home/Place of Custody (Sec.376(2)(d),jail_remand_home_place_of_custody,1,NCRB CII 2020 Table 3A.11 (1680767960TABLE3A11.xlsx)
2020,West Bengal,Rape in Custody (Section 376(2)) - By Management/Staff of Jail/Remand Home/Place of Custody (Sec.376(2)(d),jail_remand_home_place_of_custody,0,NCRB CII 2020 Table 3A.11 (1680767960TABLE3A11.xlsx)
2020,Andaman & Nicobar Islands,Rape in Custody (Section 376(2)) - By Management/Staff of Jail/Remand Home/Place of Custody (Sec.376(2)(d),jail_remand_home_place_of_custody,0,NCRB CII 2020 Table 3A.11 (1680767960TABLE3A11.xlsx)
2020,Chandigarh,Rape in Custody (Section 376(2)) - By Management/Staff of Jail/Remand Home/Place of Custody (Sec.376(2)(d),jail_remand_home_place_of_custody,0,NCRB CII 2020 Table 3A.11 (1680767960TABLE3A11.xlsx)
2020,Dadra & Nagar Haveli and Daman & Diu,Rape in Custody (Section 376(2)) - By Management/Staff of Jail/Remand Home/Place of Custody (Sec.376(2)(d),jail_remand_home_place_of_custody,0,NCRB CII 2020 Table 3A.11 (1680767960TABLE3A11.xlsx)
2020,Delhi,Rape in Custody (Section 376(2)) - By Management/Staff of Jail/Remand Home/Place of Custody (Sec.376(2)(d),jail_remand_home_place_of_custody,0,NCRB CII 2020 Table 3A.11 (1680767960TABLE3A11.xlsx)
2020,Jammu & Kashmir,Rape in Custody (Section 376(2)) - By Management/Staff of Jail/Remand Home/Place of Custody (Sec.376(2)(d),jail_remand_home_place_of_custody,0,NCRB CII 2020 Table 3A.11 (1680767960TABLE3A11.xlsx)
2020,Ladakh,Rape in Custody (Section 376(2)) - By Management/Staff of Jail/Remand Home/Place of Custody (Sec.376(2)(d),jail_remand_home_place_of_custody,0,NCRB CII 2020 Table 3A.11 (1680767960TABLE3A11.xlsx)
2020,Lakshadweep,Rape in Custody (Section 376(2)) - By Management/Staff of Jail/Remand Home/Place of Custody (Sec.376(2)(d),jail_remand_home_place_of_custody,0,NCRB CII 2020 Table 3A.11 (1680767960TABLE3A11.xlsx)
2020,Puducherry,Rape in Custody (Section 376(2)) - By Management/Staff of Jail/Remand Home/Place of Custody (Sec.376(2)(d),jail_remand_home_place_of_custody,0,NCRB CII 2020 Table 3A.11 (1680767960TABLE3A11.xlsx)
2020,All India,Rape in Custody (Section 376(2)) - By Management/Staff of Jail/Remand Home/Place of Custody (Sec.376(2)(d),jail_remand_home_place_of_custody,7,NCRB CII 2020 Table 3A.11 (1680767960TABLE3A11.xlsx)
2020,Andhra Pradesh,Rape in Custody (Section 376(2)) - By Management/ Staff of Hospital (Sec.376(2)e),hospital,1,NCRB CII 2020 Table 3A.11 (1680767960TABLE3A11.xlsx)
2020,Arunachal Pradesh,Rape in Custody (Section 376(2)) - By Management/ Staff of Hospital (Sec.376(2)e),hospital,0,NCRB CII 2020 Table 3A.11 (1680767960TABLE3A11.xlsx)
2020,Assam,Rape in Custody (Section 376(2)) - By Management/ Staff of Hospital (Sec.376(2)e),hospital,0,NCRB CII 2020 Table 3A.11 (1680767960TABLE3A11.xlsx)
2020,Bihar,Rape in Custody (Section 376(2)) - By Management/ Staff of Hospital (Sec.376(2)e),hospital,0,NCRB CII 2020 Table 3A.11 (1680767960TABLE3A11.xlsx)
2020,Chhattisgarh,Rape in Custody (Section 376(2)) - By Management/ Staff of Hospital (Sec.376(2)e),hospital,0,NCRB CII 2020 Table 3A.11 (1680767960TABLE3A11.xlsx)
2020,Goa,Rape in Custody (Section 376(2)) - By Management/ Staff of Hospital (Sec.376(2)e),hospital,0,NCRB CII 2020 Table 3A.11 (1680767960TABLE3A11.xlsx)
2020,Gujarat,Rape in Custody (Section 376(2)) - By Management/ Staff of Hospital (Sec.376(2)e),hospital,1,NCRB CII 2020 Table 3A.11 (1680767960TABLE3A11.xlsx)
2020,Haryana,Rape in Custody (Section 376(2)) - By Management/ Staff of Hospital (Sec.376(2)e),hospital,1,NCRB CII 2020 Table 3A.11 (1680767960TABLE3A11.xlsx)
2020,Himachal Pradesh,Rape in Custody (Section 376(2)) - By Management/ Staff of Hospital (Sec.376(2)e),hospital,0,NCRB CII 2020 Table 3A.11 (1680767960TABLE3A11.xlsx)
2020,Jharkhand,Rape in Custody (Section 376(2)) - By Management/ Staff of Hospital (Sec.376(2)e),hospital,0,NCRB CII 2020 Table 3A.11 (1680767960TABLE3A11.xlsx)
2020,Karnataka,Rape in Custody (Section 376(2)) - By Management/ Staff of Hospital (Sec.376(2)e),hospital,0,NCRB CII 2020 Table 3A.11 (1680767960TABLE3A11.xlsx)
2020,Kerala,Rape in Custody (Section 376(2)) - By Management/ Staff of Hospital (Sec.376(2)e),hospital,0,NCRB CII 2020 Table 3A.11 (1680767960TABLE3A11.xlsx)
2020,Madhya Pradesh,Rape in Custody (Section 376(2)) - By Management/ Staff of Hospital (Sec.376(2)e),hospital,2,NCRB CII 2020 Table 3A.11 (1680767960TABLE3A11.xlsx)
2020,Maharashtra,Rape in Custody (Section 376(2)) - By Management/ Staff of Hospital (Sec.376(2)e),hospital,0,NCRB CII 2020 Table 3A.11 (1680767960TABLE3A11.xlsx)
2020,Manipur,Rape in Custody (Section 376(2)) - By Management/ Staff of Hospital (Sec.376(2)e),hospital,0,NCRB CII 2020 Table 3A.11 (1680767960TABLE3A11.xlsx)
2020,Meghalaya,Rape in Custody (Section 376(2)) - By Management/ Staff of Hospital (Sec.376(2)e),hospital,0,NCRB CII 2020 Table 3A.11 (1680767960TABLE3A11.xlsx)
2020,Mizoram,Rape in Custody (Section 376(2)) - By Management/ Staff of Hospital (Sec.376(2)e),hospital,0,NCRB CII 2020 Table 3A.11 (1680767960TABLE3A11.xlsx)
2020,Nagaland,Rape in Custody (Section 376(2)) - By Management/ Staff of Hospital (Sec.376(2)e),hospital,1,NCRB CII 2020 Table 3A.11 (1680767960TABLE3A11.xlsx)
2020,Odisha,Rape in Custody (Section 376(2)) - By Management/ Staff of Hospital (Sec.376(2)e),hospital,0,NCRB CII 2020 Table 3A.11 (1680767960TABLE3A11.xlsx)
2020,Punjab,Rape in Custody (Section 376(2)) - By Management/ Staff of Hospital (Sec.376(2)e),hospital,0,NCRB CII 2020 Table 3A.11 (1680767960TABLE3A11.xlsx)
2020,Rajasthan,Rape in Custody (Section 376(2)) - By Management/ Staff of Hospital (Sec.376(2)e),hospital,0,NCRB CII 2020 Table 3A.11 (1680767960TABLE3A11.xlsx)
2020,Sikkim,Rape in Custody (Section 376(2)) - By Management/ Staff of Hospital (Sec.376(2)e),hospital,0,NCRB CII 2020 Table 3A.11 (1680767960TABLE3A11.xlsx)
2020,Tamil Nadu,Rape in Custody (Section 376(2)) - By Management/ Staff of Hospital (Sec.376(2)e),hospital,0,NCRB CII 2020 Table 3A.11 (1680767960TABLE3A11.xlsx)
2020,Telangana,Rape in Custody (Section 376(2)) - By Management/ Staff of Hospital (Sec.376(2)e),hospital,0,NCRB CII 2020 Table 3A.11 (1680767960TABLE3A11.xlsx)
2020,Tripura,Rape in Custody (Section 376(2)) - By Management/ Staff of Hospital (Sec.376(2)e),hospital,0,NCRB CII 2020 Table 3A.11 (1680767960TABLE3A11.xlsx)
2020,Uttar Pradesh,Rape in Custody (Section 376(2)) - By Management/ Staff of Hospital (Sec.376(2)e),hospital,0,NCRB CII 2020 Table 3A.11 (1680767960TABLE3A11.xlsx)
2020,Uttarakhand,Rape in Custody (Section 376(2)) - By Management/ Staff of Hospital (Sec.376(2)e),hospital,0,NCRB CII 2020 Table 3A.11 (1680767960TABLE3A11.xlsx)
2020,West Bengal,Rape in Custody (Section 376(2)) - By Management/ Staff of Hospital (Sec.376(2)e),hospital,0,NCRB CII 2020 Table 3A.11 (1680767960TABLE3A11.xlsx)
2020,Andaman & Nicobar Islands,Rape in Custody (Section 376(2)) - By Management/ Staff of Hospital (Sec.376(2)e),hospital,0,NCRB CII 2020 Table 3A.11 (1680767960TABLE3A11.xlsx)
2020,Chandigarh,Rape in Custody (Section 376(2)) - By Management/ Staff of Hospital (Sec.376(2)e),hospital,0,NCRB CII 2020 Table 3A.11 (1680767960TABLE3A11.xlsx)
2020,Dadra & Nagar Haveli and Daman & Diu,Rape in Custody (Section 376(2)) - By Management/ Staff of Hospital (Sec.376(2)e),hospital,0,NCRB CII 2020 Table 3A.11 (1680767960TABLE3A11.xlsx)
2020,Delhi,Rape in Custody (Section 376(2)) - By Management/ Staff of Hospital (Sec.376(2)e),hospital,0,NCRB CII 2020 Table 3A.11 (1680767960TABLE3A11.xlsx)
2020,Jammu & Kashmir,Rape in Custody (Section 376(2)) - By Management/ Staff of Hospital (Sec.376(2)e),hospital,0,NCRB CII 2020 Table 3A.11 (1680767960TABLE3A11.xlsx)
2020,Ladakh,Rape in Custody (Section 376(2)) - By Management/ Staff of Hospital (Sec.376(2)e),hospital,0,NCRB CII 2020 Table 3A.11 (1680767960TABLE3A11.xlsx)
2020,Lakshadweep,Rape in Custody (Section 376(2)) - By Management/ Staff of Hospital (Sec.376(2)e),hospital,0,NCRB CII 2020 Table 3A.11 (1680767960TABLE3A11.xlsx)
2020,Puducherry,Rape in Custody (Section 376(2)) - By Management/ Staff of Hospital (Sec.376(2)e),hospital,0,NCRB CII 2020 Table 3A.11 (1680767960TABLE3A11.xlsx)
2020,All India,Rape in Custody (Section 376(2)) - By Management/ Staff of Hospital (Sec.376(2)e),hospital,6,NCRB CII 2020 Table 3A.11 (1680767960TABLE3A11.xlsx)
2020,Andhra Pradesh,Other Than Custodial Rape (Section 376(2)) - Rape Other than Custodial (Total),,307,NCRB CII 2020 Table 3A.11 (1680767960TABLE3A11.xlsx)
2020,Arunachal Pradesh,Other Than Custodial Rape (Section 376(2)) - Rape Other than Custodial (Total),,18,NCRB CII 2020 Table 3A.11 (1680767960TABLE3A11.xlsx)
2020,Assam,Other Than Custodial Rape (Section 376(2)) - Rape Other than Custodial (Total),,87,NCRB CII 2020 Table 3A.11 (1680767960TABLE3A11.xlsx)
2020,Bihar,Other Than Custodial Rape (Section 376(2)) - Rape Other than Custodial (Total),,10,NCRB CII 2020 Table 3A.11 (1680767960TABLE3A11.xlsx)
2020,Chhattisgarh,Other Than Custodial Rape (Section 376(2)) - Rape Other than Custodial (Total),,421,NCRB CII 2020 Table 3A.11 (1680767960TABLE3A11.xlsx)
2020,Goa,Other Than Custodial Rape (Section 376(2)) - Rape Other than Custodial (Total),,2,NCRB CII 2020 Table 3A.11 (1680767960TABLE3A11.xlsx)
2020,Gujarat,Other Than Custodial Rape (Section 376(2)) - Rape Other than Custodial (Total),,129,NCRB CII 2020 Table 3A.11 (1680767960TABLE3A11.xlsx)
2020,Haryana,Other Than Custodial Rape (Section 376(2)) - Rape Other than Custodial (Total),,604,NCRB CII 2020 Table 3A.11 (1680767960TABLE3A11.xlsx)
2020,Himachal Pradesh,Other Than Custodial Rape (Section 376(2)) - Rape Other than Custodial (Total),,71,NCRB CII 2020 Table 3A.11 (1680767960TABLE3A11.xlsx)
2020,Jharkhand,Other Than Custodial Rape (Section 376(2)) - Rape Other than Custodial (Total),,100,NCRB CII 2020 Table 3A.11 (1680767960TABLE3A11.xlsx)
2020,Karnataka,Other Than Custodial Rape (Section 376(2)) - Rape Other than Custodial (Total),,65,NCRB CII 2020 Table 3A.11 (1680767960TABLE3A11.xlsx)
2020,Kerala,Other Than Custodial Rape (Section 376(2)) - Rape Other than Custodial (Total),,248,NCRB CII 2020 Table 3A.11 (1680767960TABLE3A11.xlsx)
2020,Madhya Pradesh,Other Than Custodial Rape (Section 376(2)) - Rape Other than Custodial (Total),,1222,NCRB CII 2020 Table 3A.11 (1680767960TABLE3A11.xlsx)
2020,Maharashtra,Other Than Custodial Rape (Section 376(2)) - Rape Other than Custodial (Total),,768,NCRB CII 2020 Table 3A.11 (1680767960TABLE3A11.xlsx)
2020,Manipur,Other Than Custodial Rape (Section 376(2)) - Rape Other than Custodial (Total),,3,NCRB CII 2020 Table 3A.11 (1680767960TABLE3A11.xlsx)
2020,Meghalaya,Other Than Custodial Rape (Section 376(2)) - Rape Other than Custodial (Total),,4,NCRB CII 2020 Table 3A.11 (1680767960TABLE3A11.xlsx)
2020,Mizoram,Other Than Custodial Rape (Section 376(2)) - Rape Other than Custodial (Total),,12,NCRB CII 2020 Table 3A.11 (1680767960TABLE3A11.xlsx)
2020,Nagaland,Other Than Custodial Rape (Section 376(2)) - Rape Other than Custodial (Total),,1,NCRB CII 2020 Table 3A.11 (1680767960TABLE3A11.xlsx)
2020,Odisha,Other Than Custodial Rape (Section 376(2)) - Rape Other than Custodial (Total),,435,NCRB CII 2020 Table 3A.11 (1680767960TABLE3A11.xlsx)
2020,Punjab,Other Than Custodial Rape (Section 376(2)) - Rape Other than Custodial (Total),,4,NCRB CII 2020 Table 3A.11 (1680767960TABLE3A11.xlsx)
2020,Rajasthan,Other Than Custodial Rape (Section 376(2)) - Rape Other than Custodial (Total),,903,NCRB CII 2020 Table 3A.11 (1680767960TABLE3A11.xlsx)
2020,Sikkim,Other Than Custodial Rape (Section 376(2)) - Rape Other than Custodial (Total),,2,NCRB CII 2020 Table 3A.11 (1680767960TABLE3A11.xlsx)
2020,Tamil Nadu,Other Than Custodial Rape (Section 376(2)) - Rape Other than Custodial (Total),,28,NCRB CII 2020 Table 3A.11 (1680767960TABLE3A11.xlsx)
2020,Telangana,Other Than Custodial Rape (Section 376(2)) - Rape Other than Custodial (Total),,216,NCRB CII 2020 Table 3A.11 (1680767960TABLE3A11.xlsx)
2020,Tripura,Other Than Custodial Rape (Section 376(2)) - Rape Other than Custodial (Total),,7,NCRB CII 2020 Table 3A.11 (1680767960TABLE3A11.xlsx)
2020,Uttar Pradesh,Other Than Custodial Rape (Section 376(2)) - Rape Other than Custodial (Total),,62,NCRB CII 2020 Table 3A.11 (1680767960TABLE3A11.xlsx)
2020,Uttarakhand,Other Than Custodial Rape (Section 376(2)) - Rape Other than Custodial (Total),,6,NCRB CII 2020 Table 3A.11 (1680767960TABLE3A11.xlsx)
2020,West Bengal,Other Than Custodial Rape (Section 376(2)) - Rape Other than Custodial (Total),,100,NCRB CII 2020 Table 3A.11 (1680767960TABLE3A11.xlsx)
2020,Andaman & Nicobar Islands,Other Than Custodial Rape (Section 376(2)) - Rape Other than Custodial (Total),,0,NCRB CII 2020 Table 3A.11 (1680767960TABLE3A11.xlsx)
2020,Chandigarh,Other Than Custodial Rape (Section 376(2)) - Rape Other than Custodial (Total),,17,NCRB CII 2020 Table 3A.11 (1680767960TABLE3A11.xlsx)
2020,Dadra & Nagar Haveli and Daman & Diu,Other Than Custodial Rape (Section 376(2)) - Rape Other than Custodial (Total),,0,NCRB CII 2020 Table 3A.11 (1680767960TABLE3A11.xlsx)
2020,Delhi,Other Than Custodial Rape (Section 376(2)) - Rape Other than Custodial (Total),,18,NCRB CII 2020 Table 3A.11 (1680767960TABLE3A11.xlsx)
2020,Jammu & Kashmir,Other Than Custodial Rape (Section 376(2)) - Rape Other than Custodial (Total),,58,NCRB CII 2020 Table 3A.11 (1680767960TABLE3A11.xlsx)
2020,Ladakh,Other Than Custodial Rape (Section 376(2)) - Rape Other than Custodial (Total),,0,NCRB CII 2020 Table 3A.11 (1680767960TABLE3A11.xlsx)
2020,Lakshadweep,Other Than Custodial Rape (Section 376(2)) - Rape Other than Custodial (Total),,0,NCRB CII 2020 Table 3A.11 (1680767960TABLE3A11.xlsx)
2020,Puducherry,Other Than Custodial Rape (Section 376(2)) - Rape Other than Custodial (Total),,0,NCRB CII 2020 Table 3A.11 (1680767960TABLE3A11.xlsx)
2020,All India,Other Than Custodial Rape (Section 376(2)) - Rape Other than Custodial (Total),,5928,NCRB CII 2020 Table 3A.11 (1680767960TABLE3A11.xlsx)
2020,Andhra Pradesh,Other Than Custodial Rape (Section 376(2)) - By Relative/ Guardian / Teacher/ Person in position of trust (Sec.376(2) (f),,22,NCRB CII 2020 Table 3A.11 (1680767960TABLE3A11.xlsx)
2020,Arunachal Pradesh,Other Than Custodial Rape (Section 376(2)) - By Relative/ Guardian / Teacher/ Person in position of trust (Sec.376(2) (f),,8,NCRB CII 2020 Table 3A.11 (1680767960TABLE3A11.xlsx)
2020,Assam,Other Than Custodial Rape (Section 376(2)) - By Relative/ Guardian / Teacher/ Person in position of trust (Sec.376(2) (f),,35,NCRB CII 2020 Table 3A.11 (1680767960TABLE3A11.xlsx)
2020,Bihar,Other Than Custodial Rape (Section 376(2)) - By Relative/ Guardian / Teacher/ Person in position of trust (Sec.376(2) (f),,10,NCRB CII 2020 Table 3A.11 (1680767960TABLE3A11.xlsx)
2020,Chhattisgarh,Other Than Custodial Rape (Section 376(2)) - By Relative/ Guardian / Teacher/ Person in position of trust (Sec.376(2) (f),,296,NCRB CII 2020 Table 3A.11 (1680767960TABLE3A11.xlsx)
2020,Goa,Other Than Custodial Rape (Section 376(2)) - By Relative/ Guardian / Teacher/ Person in position of trust (Sec.376(2) (f),,1,NCRB CII 2020 Table 3A.11 (1680767960TABLE3A11.xlsx)
2020,Gujarat,Other Than Custodial Rape (Section 376(2)) - By Relative/ Guardian / Teacher/ Person in position of trust (Sec.376(2) (f),,9,NCRB CII 2020 Table 3A.11 (1680767960TABLE3A11.xlsx)
2020,Haryana,Other Than Custodial Rape (Section 376(2)) - By Relative/ Guardian / Teacher/ Person in position of trust (Sec.376(2) (f),,8,NCRB CII 2020 Table 3A.11 (1680767960TABLE3A11.xlsx)
2020,Himachal Pradesh,Other Than Custodial Rape (Section 376(2)) - By Relative/ Guardian / Teacher/ Person in position of trust (Sec.376(2) (f),,34,NCRB CII 2020 Table 3A.11 (1680767960TABLE3A11.xlsx)
2020,Jharkhand,Other Than Custodial Rape (Section 376(2)) - By Relative/ Guardian / Teacher/ Person in position of trust (Sec.376(2) (f),,56,NCRB CII 2020 Table 3A.11 (1680767960TABLE3A11.xlsx)
2020,Karnataka,Other Than Custodial Rape (Section 376(2)) - By Relative/ Guardian / Teacher/ Person in position of trust (Sec.376(2) (f),,27,NCRB CII 2020 Table 3A.11 (1680767960TABLE3A11.xlsx)
2020,Kerala,Other Than Custodial Rape (Section 376(2)) - By Relative/ Guardian / Teacher/ Person in position of trust (Sec.376(2) (f),,26,NCRB CII 2020 Table 3A.11 (1680767960TABLE3A11.xlsx)
2020,Madhya Pradesh,Other Than Custodial Rape (Section 376(2)) - By Relative/ Guardian / Teacher/ Person in position of trust (Sec.376(2) (f),,156,NCRB CII 2020 Table 3A.11 (1680767960TABLE3A11.xlsx)
2020,Maharashtra,Other Than Custodial Rape (Section 376(2)) - By Relative/ Guardian / Teacher/ Person in position of trust (Sec.376(2) (f),,55,NCRB CII 2020 Table 3A.11 (1680767960TABLE3A11.xlsx)
2020,Manipur,Other Than Custodial Rape (Section 376(2)) - By Relative/ Guardian / Teacher/ Person in position of trust (Sec.376(2) (f),,3,NCRB CII 2020 Table 3A.11 (1680767960TABLE3A11.xlsx)
2020,Meghalaya,Other Than Custodial Rape (Section 376(2)) - By Relative/ Guardian / Teacher/ Person in position of trust (Sec.376(2) (f),,1,NCRB CII 2020 Table 3A.11 (1680767960TABLE3A11.xlsx)
2020,Mizoram,Other Than Custodial Rape (Section 376(2)) - By Relative/ Guardian / Teacher/ Person in position of trust (Sec.376(2) (f),,2,NCRB CII 2020 Table 3A.11 (1680767960TABLE3A11.xlsx)
2020,Nagaland,Other Than Custodial Rape (Section 376(2)) - By Relative/ Guardian / Teacher/ Person in position of trust (Sec.376(2) (f),,1,NCRB CII 2020 Table 3A.11 (1680767960TABLE3A11.xlsx)
2020,Odisha,Other Than Custodial Rape (Section 376(2)) - By Relative/ Guardian / Teacher/ Person in position of trust (Sec.376(2) (f),,341,NCRB CII 2020 Table 3A.11 (1680767960TABLE3A11.xlsx)
2020,Punjab,Other Than Custodial Rape (Section 376(2)) - By Relative/ Guardian / Teacher/ Person in position of trust (Sec.376(2) (f),,0,NCRB CII 2020 Table 3A.11 (1680767960TABLE3A11.xlsx)
2020,Rajasthan,Other Than Custodial Rape (Section 376(2)) - By Relative/ Guardian / Teacher/ Person in position of trust (Sec.376(2) (f),,240,NCRB CII 2020 Table 3A.11 (1680767960TABLE3A11.xlsx)
2020,Sikkim,Other Than Custodial Rape (Section 376(2)) - By Relative/ Guardian / Teacher/ Person in position of trust (Sec.376(2) (f),,2,NCRB CII 2020 Table 3A.11 (1680767960TABLE3A11.xlsx)
2020,Tamil Nadu,Other Than Custodial Rape (Section 376(2)) - By Relative/ Guardian / Teacher/ Person in position of trust (Sec.376(2) (f),,11,NCRB CII 2020 Table 3A.11 (1680767960TABLE3A11.xlsx)
2020,Telangana,Other Than Custodial Rape (Section 376(2)) - By Relative/ Guardian / Teacher/ Person in position of trust (Sec.376(2) (f),,9,NCRB CII 2020 Table 3A.11 (1680767960TABLE3A11.xlsx)
2020,Tripura,Other Than Custodial Rape (Section 376(2)) - By Relative/ Guardian / Teacher/ Person in position of trust (Sec.376(2) (f),,0,NCRB CII 2020 Table 3A.11 (1680767960TABLE3A11.xlsx)
2020,Uttar Pradesh,Other Than Custodial Rape (Section 376(2)) - By Relative/ Guardian / Teacher/ Person in position of trust (Sec.376(2) (f),,1,NCRB CII 2020 Table 3A.11 (1680767960TABLE3A11.xlsx)
2020,Uttarakhand,Other Than Custodial Rape (Section 376(2)) - By Relative/ Guardian / Teacher/ Person in position of trust (Sec.376(2) (f),,5,NCRB CII 2020 Table 3A.11 (1680767960TABLE3A11.xlsx)
2020,West Bengal,Other Than Custodial Rape (Section 376(2)) - By Relative/ Guardian / Teacher/ Person in position of trust (Sec.376(2) (f),,3,NCRB CII 2020 Table 3A.11 (1680767960TABLE3A11.xlsx)
2020,Andaman & Nicobar Islands,Other Than Custodial Rape (Section 376(2)) - By Relative/ Guardian / Teacher/ Person in position of trust (Sec.376(2) (f),,0,NCRB CII 2020 Table 3A.11 (1680767960TABLE3A11.xlsx)
2020,Chandigarh,Other Than Custodial Rape (Section 376(2)) - By Relative/ Guardian / Teacher/ Person in position of trust (Sec.376(2) (f),,2,NCRB CII 2020 Table 3A.11 (1680767960TABLE3A11.xlsx)
2020,Dadra & Nagar Haveli and Daman & Diu,Other Than Custodial Rape (Section 376(2)) - By Relative/ Guardian / Teacher/ Person in position of trust (Sec.376(2) (f),,0,NCRB CII 2020 Table 3A.11 (1680767960TABLE3A11.xlsx)
2020,Delhi,Other Than Custodial Rape (Section 376(2)) - By Relative/ Guardian / Teacher/ Person in position of trust (Sec.376(2) (f),,3,NCRB CII 2020 Table 3A.11 (1680767960TABLE3A11.xlsx)
2020,Jammu & Kashmir,Other Than Custodial Rape (Section 376(2)) - By Relative/ Guardian / Teacher/ Person in position of trust (Sec.376(2) (f),,43,NCRB CII 2020 Table 3A.11 (1680767960TABLE3A11.xlsx)
2020,Ladakh,Other Than Custodial Rape (Section 376(2)) - By Relative/ Guardian / Teacher/ Person in position of trust (Sec.376(2) (f),,0,NCRB CII 2020 Table 3A.11 (1680767960TABLE3A11.xlsx)
2020,Lakshadweep,Other Than Custodial Rape (Section 376(2)) - By Relative/ Guardian / Teacher/ Person in position of trust (Sec.376(2) (f),,0,NCRB CII 2020 Table 3A.11 (1680767960TABLE3A11.xlsx)
2020,Puducherry,Other Than Custodial Rape (Section 376(2)) - By Relative/ Guardian / Teacher/ Person in position of trust (Sec.376(2) (f),,0,NCRB CII 2020 Table 3A.11 (1680767960TABLE3A11.xlsx)
2020,All India,Other Than Custodial Rape (Section 376(2)) - By Relative/ Guardian / Teacher/ Person in position of trust (Sec.376(2) (f),,1410,NCRB CII 2020 Table 3A.11 (1680767960TABLE3A11.xlsx)
2020,Andhra Pradesh,Other Than Custodial Rape (Section 376(2)) - On Pregnant Women (Sec.376(2)(h),,0,NCRB CII 2020 Table 3A.11 (1680767960TABLE3A11.xlsx)
2020,Arunachal Pradesh,Other Than Custodial Rape (Section 376(2)) - On Pregnant Women (Sec.376(2)(h),,0,NCRB CII 2020 Table 3A.11 (1680767960TABLE3A11.xlsx)
2020,Assam,Other Than Custodial Rape (Section 376(2)) - On Pregnant Women (Sec.376(2)(h),,0,NCRB CII 2020 Table 3A.11 (1680767960TABLE3A11.xlsx)
2020,Bihar,Other Than Custodial Rape (Section 376(2)) - On Pregnant Women (Sec.376(2)(h),,0,NCRB CII 2020 Table 3A.11 (1680767960TABLE3A11.xlsx)
2020,Chhattisgarh,Other Than Custodial Rape (Section 376(2)) - On Pregnant Women (Sec.376(2)(h),,0,NCRB CII 2020 Table 3A.11 (1680767960TABLE3A11.xlsx)
2020,Goa,Other Than Custodial Rape (Section 376(2)) - On Pregnant Women (Sec.376(2)(h),,0,NCRB CII 2020 Table 3A.11 (1680767960TABLE3A11.xlsx)
2020,Gujarat,Other Than Custodial Rape (Section 376(2)) - On Pregnant Women (Sec.376(2)(h),,1,NCRB CII 2020 Table 3A.11 (1680767960TABLE3A11.xlsx)
2020,Haryana,Other Than Custodial Rape (Section 376(2)) - On Pregnant Women (Sec.376(2)(h),,2,NCRB CII 2020 Table 3A.11 (1680767960TABLE3A11.xlsx)
2020,Himachal Pradesh,Other Than Custodial Rape (Section 376(2)) - On Pregnant Women (Sec.376(2)(h),,0,NCRB CII 2020 Table 3A.11 (1680767960TABLE3A11.xlsx)
2020,Jharkhand,Other Than Custodial Rape (Section 376(2)) - On Pregnant Women (Sec.376(2)(h),,0,NCRB CII 2020 Table 3A.11 (1680767960TABLE3A11.xlsx)
2020,Karnataka,Other Than Custodial Rape (Section 376(2)) - On Pregnant Women (Sec.376(2)(h),,0,NCRB CII 2020 Table 3A.11 (1680767960TABLE3A11.xlsx)
2020,Kerala,Other Than Custodial Rape (Section 376(2)) - On Pregnant Women (Sec.376(2)(h),,10,NCRB CII 2020 Table 3A.11 (1680767960TABLE3A11.xlsx)
2020,Madhya Pradesh,Other Than Custodial Rape (Section 376(2)) - On Pregnant Women (Sec.376(2)(h),,8,NCRB CII 2020 Table 3A.11 (1680767960TABLE3A11.xlsx)
2020,Maharashtra,Other Than Custodial Rape (Section 376(2)) - On Pregnant Women (Sec.376(2)(h),,8,NCRB CII 2020 Table 3A.11 (1680767960TABLE3A11.xlsx)
2020,Manipur,Other Than Custodial Rape (Section 376(2)) - On Pregnant Women (Sec.376(2)(h),,0,NCRB CII 2020 Table 3A.11 (1680767960TABLE3A11.xlsx)
2020,Meghalaya,Other Than Custodial Rape (Section 376(2)) - On Pregnant Women (Sec.376(2)(h),,0,NCRB CII 2020 Table 3A.11 (1680767960TABLE3A11.xlsx)
2020,Mizoram,Other Than Custodial Rape (Section 376(2)) - On Pregnant Women (Sec.376(2)(h),,0,NCRB CII 2020 Table 3A.11 (1680767960TABLE3A11.xlsx)
2020,Nagaland,Other Than Custodial Rape (Section 376(2)) - On Pregnant Women (Sec.376(2)(h),,0,NCRB CII 2020 Table 3A.11 (1680767960TABLE3A11.xlsx)
2020,Odisha,Other Than Custodial Rape (Section 376(2)) - On Pregnant Women (Sec.376(2)(h),,0,NCRB CII 2020 Table 3A.11 (1680767960TABLE3A11.xlsx)
2020,Punjab,Other Than Custodial Rape (Section 376(2)) - On Pregnant Women (Sec.376(2)(h),,0,NCRB CII 2020 Table 3A.11 (1680767960TABLE3A11.xlsx)
2020,Rajasthan,Other Than Custodial Rape (Section 376(2)) - On Pregnant Women (Sec.376(2)(h),,1,NCRB CII 2020 Table 3A.11 (1680767960TABLE3A11.xlsx)
2020,Sikkim,Other Than Custodial Rape (Section 376(2)) - On Pregnant Women (Sec.376(2)(h),,0,NCRB CII 2020 Table 3A.11 (1680767960TABLE3A11.xlsx)
2020,Tamil Nadu,Other Than Custodial Rape (Section 376(2)) - On Pregnant Women (Sec.376(2)(h),,0,NCRB CII 2020 Table 3A.11 (1680767960TABLE3A11.xlsx)
2020,Telangana,Other Than Custodial Rape (Section 376(2)) - On Pregnant Women (Sec.376(2)(h),,8,NCRB CII 2020 Table 3A.11 (1680767960TABLE3A11.xlsx)
2020,Tripura,Other Than Custodial Rape (Section 376(2)) - On Pregnant Women (Sec.376(2)(h),,0,NCRB CII 2020 Table 3A.11 (1680767960TABLE3A11.xlsx)
2020,Uttar Pradesh,Other Than Custodial Rape (Section 376(2)) - On Pregnant Women (Sec.376(2)(h),,0,NCRB CII 2020 Table 3A.11 (1680767960TABLE3A11.xlsx)
2020,Uttarakhand,Other Than Custodial Rape (Section 376(2)) - On Pregnant Women (Sec.376(2)(h),,0,NCRB CII 2020 Table 3A.11 (1680767960TABLE3A11.xlsx)
2020,West Bengal,Other Than Custodial Rape (Section 376(2)) - On Pregnant Women (Sec.376(2)(h),,1,NCRB CII 2020 Table 3A.11 (1680767960TABLE3A11.xlsx)
2020,Andaman & Nicobar Islands,Other Than Custodial Rape (Section 376(2)) - On Pregnant Women (Sec.376(2)(h),,0,NCRB CII 2020 Table 3A.11 (1680767960TABLE3A11.xlsx)
2020,Chandigarh,Other Than Custodial Rape (Section 376(2)) - On Pregnant Women (Sec.376(2)(h),,0,NCRB CII 2020 Table 3A.11 (1680767960TABLE3A11.xlsx)
2020,Dadra & Nagar Haveli and Daman & Diu,Other Than Custodial Rape (Section 376(2)) - On Pregnant Women (Sec.376(2)(h),,0,NCRB CII 2020 Table 3A.11 (1680767960TABLE3A11.xlsx)
2020,Delhi,Other Than Custodial Rape (Section 376(2)) - On Pregnant Women (Sec.376(2)(h),,0,NCRB CII 2020 Table 3A.11 (1680767960TABLE3A11.xlsx)
2020,Jammu & Kashmir,Other Than Custodial Rape (Section 376(2)) - On Pregnant Women (Sec.376(2)(h),,0,NCRB CII 2020 Table 3A.11 (1680767960TABLE3A11.xlsx)
2020,Ladakh,Other Than Custodial Rape (Section 376(2)) - On Pregnant Women (Sec.376(2)(h),,0,NCRB CII 2020 Table 3A.11 (1680767960TABLE3A11.xlsx)
2020,Lakshadweep,Other Than Custodial Rape (Section 376(2)) - On Pregnant Women (Sec.376(2)(h),,0,NCRB CII 2020 Table 3A.11 (1680767960TABLE3A11.xlsx)
2020,Puducherry,Other Than Custodial Rape (Section 376(2)) - On Pregnant Women (Sec.376(2)(h),,0,NCRB CII 2020 Table 3A.11 (1680767960TABLE3A11.xlsx)
2020,All India,Other Than Custodial Rape (Section 376(2)) - On Pregnant Women (Sec.376(2)(h),,39,NCRB CII 2020 Table 3A.11 (1680767960TABLE3A11.xlsx)
2020,Andhra Pradesh,Other Than Custodial Rape (Section 376(2)) - On Women Below 16 years of age (Sec.376(2) (i),,73,NCRB CII 2020 Table 3A.11 (1680767960TABLE3A11.xlsx)
2020,Arunachal Pradesh,Other Than Custodial Rape (Section 376(2)) - On Women Below 16 years of age (Sec.376(2) (i),,10,NCRB CII 2020 Table 3A.11 (1680767960TABLE3A11.xlsx)
2020,Assam,Other Than Custodial Rape (Section 376(2)) - On Women Below 16 years of age (Sec.376(2) (i),,0,NCRB CII 2020 Table 3A.11 (1680767960TABLE3A11.xlsx)
2020,Bihar,Other Than Custodial Rape (Section 376(2)) - On Women Below 16 years of age (Sec.376(2) (i),,0,NCRB CII 2020 Table 3A.11 (1680767960TABLE3A11.xlsx)
2020,Chhattisgarh,Other Than Custodial Rape (Section 376(2)) - On Women Below 16 years of age (Sec.376(2) (i),,12,NCRB CII 2020 Table 3A.11 (1680767960TABLE3A11.xlsx)
2020,Goa,Other Than Custodial Rape (Section 376(2)) - On Women Below 16 years of age (Sec.376(2) (i),,0,NCRB CII 2020 Table 3A.11 (1680767960TABLE3A11.xlsx)
2020,Gujarat,Other Than Custodial Rape (Section 376(2)) - On Women Below 16 years of age (Sec.376(2) (i),,0,NCRB CII 2020 Table 3A.11 (1680767960TABLE3A11.xlsx)
2020,Haryana,Other Than Custodial Rape (Section 376(2)) - On Women Below 16 years of age (Sec.376(2) (i),,0,NCRB CII 2020 Table 3A.11 (1680767960TABLE3A11.xlsx)
2020,Himachal Pradesh,Other Than Custodial Rape (Section 376(2)) - On Women Below 16 years of age (Sec.376(2) (i),,34,NCRB CII 2020 Table 3A.11 (1680767960TABLE3A11.xlsx)
2020,Jharkhand,Other Than Custodial Rape (Section 376(2)) - On Women Below 16 years of age (Sec.376(2) (i),,34,NCRB CII 2020 Table 3A.11 (1680767960TABLE3A11.xlsx)
2020,Karnataka,Other Than Custodial Rape (Section 376(2)) - On Women Below 16 years of age (Sec.376(2) (i),,0,NCRB CII 2020 Table 3A.11 (1680767960TABLE3A11.xlsx)
2020,Kerala,Other Than Custodial Rape (Section 376(2)) - On Women Below 16 years of age (Sec.376(2) (i),,0,NCRB CII 2020 Table 3A.11 (1680767960TABLE3A11.xlsx)
2020,Madhya Pradesh,Other Than Custodial Rape (Section 376(2)) - On Women Below 16 years of age (Sec.376(2) (i),,0,NCRB CII 2020 Table 3A.11 (1680767960TABLE3A11.xlsx)
2020,Maharashtra,Other Than Custodial Rape (Section 376(2)) - On Women Below 16 years of age (Sec.376(2) (i),,0,NCRB CII 2020 Table 3A.11 (1680767960TABLE3A11.xlsx)
2020,Manipur,Other Than Custodial Rape (Section 376(2)) - On Women Below 16 years of age (Sec.376(2) (i),,0,NCRB CII 2020 Table 3A.11 (1680767960TABLE3A11.xlsx)
2020,Meghalaya,Other Than Custodial Rape (Section 376(2)) - On Women Below 16 years of age (Sec.376(2) (i),,1,NCRB CII 2020 Table 3A.11 (1680767960TABLE3A11.xlsx)
2020,Mizoram,Other Than Custodial Rape (Section 376(2)) - On Women Below 16 years of age (Sec.376(2) (i),,0,NCRB CII 2020 Table 3A.11 (1680767960TABLE3A11.xlsx)
2020,Nagaland,Other Than Custodial Rape (Section 376(2)) - On Women Below 16 years of age (Sec.376(2) (i),,0,NCRB CII 2020 Table 3A.11 (1680767960TABLE3A11.xlsx)
2020,Odisha,Other Than Custodial Rape (Section 376(2)) - On Women Below 16 years of age (Sec.376(2) (i),,0,NCRB CII 2020 Table 3A.11 (1680767960TABLE3A11.xlsx)
2020,Punjab,Other Than Custodial Rape (Section 376(2)) - On Women Below 16 years of age (Sec.376(2) (i),,0,NCRB CII 2020 Table 3A.11 (1680767960TABLE3A11.xlsx)
2020,Rajasthan,Other Than Custodial Rape (Section 376(2)) - On Women Below 16 years of age (Sec.376(2) (i),,80,NCRB CII 2020 Table 3A.11 (1680767960TABLE3A11.xlsx)
2020,Sikkim,Other Than Custodial Rape (Section 376(2)) - On Women Below 16 years of age (Sec.376(2) (i),,0,NCRB CII 2020 Table 3A.11 (1680767960TABLE3A11.xlsx)
2020,Tamil Nadu,Other Than Custodial Rape (Section 376(2)) - On Women Below 16 years of age (Sec.376(2) (i),,0,NCRB CII 2020 Table 3A.11 (1680767960TABLE3A11.xlsx)
2020,Telangana,Other Than Custodial Rape (Section 376(2)) - On Women Below 16 years of age (Sec.376(2) (i),,0,NCRB CII 2020 Table 3A.11 (1680767960TABLE3A11.xlsx)
2020,Tripura,Other Than Custodial Rape (Section 376(2)) - On Women Below 16 years of age (Sec.376(2) (i),,0,NCRB CII 2020 Table 3A.11 (1680767960TABLE3A11.xlsx)
2020,Uttar Pradesh,Other Than Custodial Rape (Section 376(2)) - On Women Below 16 years of age (Sec.376(2) (i),,0,NCRB CII 2020 Table 3A.11 (1680767960TABLE3A11.xlsx)
2020,Uttarakhand,Other Than Custodial Rape (Section 376(2)) - On Women Below 16 years of age (Sec.376(2) (i),,0,NCRB CII 2020 Table 3A.11 (1680767960TABLE3A11.xlsx)
2020,West Bengal,Other Than Custodial Rape (Section 376(2)) - On Women Below 16 years of age (Sec.376(2) (i),,0,NCRB CII 2020 Table 3A.11 (1680767960TABLE3A11.xlsx)
2020,Andaman & Nicobar Islands,Other Than Custodial Rape (Section 376(2)) - On Women Below 16 years of age (Sec.376(2) (i),,0,NCRB CII 2020 Table 3A.11 (1680767960TABLE3A11.xlsx)
2020,Chandigarh,Other Than Custodial Rape (Section 376(2)) - On Women Below 16 years of age (Sec.376(2) (i),,0,NCRB CII 2020 Table 3A.11 (1680767960TABLE3A11.xlsx)
2020,Dadra & Nagar Haveli and Daman & Diu,Other Than Custodial Rape (Section 376(2)) - On Women Below 16 years of age (Sec.376(2) (i),,0,NCRB CII 2020 Table 3A.11 (1680767960TABLE3A11.xlsx)
2020,Delhi,Other Than Custodial Rape (Section 376(2)) - On Women Below 16 years of age (Sec.376(2) (i),,0,NCRB CII 2020 Table 3A.11 (1680767960TABLE3A11.xlsx)
2020,Jammu & Kashmir,Other Than Custodial Rape (Section 376(2)) - On Women Below 16 years of age (Sec.376(2) (i),,0,NCRB CII 2020 Table 3A.11 (1680767960TABLE3A11.xlsx)
2020,Ladakh,Other Than Custodial Rape (Section 376(2)) - On Women Below 16 years of age (Sec.376(2) (i),,0,NCRB CII 2020 Table 3A.11 (1680767960TABLE3A11.xlsx)
2020,Lakshadweep,Other Than Custodial Rape (Section 376(2)) - On Women Below 16 years of age (Sec.376(2) (i),,0,NCRB CII 2020 Table 3A.11 (1680767960TABLE3A11.xlsx)
2020,Puducherry,Other Than Custodial Rape (Section 376(2)) - On Women Below 16 years of age (Sec.376(2) (i),,0,NCRB CII 2020 Table 3A.11 (1680767960TABLE3A11.xlsx)
2020,All India,Other Than Custodial Rape (Section 376(2)) - On Women Below 16 years of age (Sec.376(2) (i),,244,NCRB CII 2020 Table 3A.11 (1680767960TABLE3A11.xlsx)
2020,Andhra Pradesh,Other Than Custodial Rape (Section 376(2)) - On Women Incapable of giving Consent (Sec.376(2) (j),,4,NCRB CII 2020 Table 3A.11 (1680767960TABLE3A11.xlsx)
2020,Arunachal Pradesh,Other Than Custodial Rape (Section 376(2)) - On Women Incapable of giving Consent (Sec.376(2) (j),,0,NCRB CII 2020 Table 3A.11 (1680767960TABLE3A11.xlsx)
2020,Assam,Other Than Custodial Rape (Section 376(2)) - On Women Incapable of giving Consent (Sec.376(2) (j),,1,NCRB CII 2020 Table 3A.11 (1680767960TABLE3A11.xlsx)
2020,Bihar,Other Than Custodial Rape (Section 376(2)) - On Women Incapable of giving Consent (Sec.376(2) (j),,0,NCRB CII 2020 Table 3A.11 (1680767960TABLE3A11.xlsx)
2020,Chhattisgarh,Other Than Custodial Rape (Section 376(2)) - On Women Incapable of giving Consent (Sec.376(2) (j),,2,NCRB CII 2020 Table 3A.11 (1680767960TABLE3A11.xlsx)
2020,Goa,Other Than Custodial Rape (Section 376(2)) - On Women Incapable of giving Consent (Sec.376(2) (j),,0,NCRB CII 2020 Table 3A.11 (1680767960TABLE3A11.xlsx)
2020,Gujarat,Other Than Custodial Rape (Section 376(2)) - On Women Incapable of giving Consent (Sec.376(2) (j),,3,NCRB CII 2020 Table 3A.11 (1680767960TABLE3A11.xlsx)
2020,Haryana,Other Than Custodial Rape (Section 376(2)) - On Women Incapable of giving Consent (Sec.376(2) (j),,0,NCRB CII 2020 Table 3A.11 (1680767960TABLE3A11.xlsx)
2020,Himachal Pradesh,Other Than Custodial Rape (Section 376(2)) - On Women Incapable of giving Consent (Sec.376(2) (j),,0,NCRB CII 2020 Table 3A.11 (1680767960TABLE3A11.xlsx)
2020,Jharkhand,Other Than Custodial Rape (Section 376(2)) - On Women Incapable of giving Consent (Sec.376(2) (j),,0,NCRB CII 2020 Table 3A.11 (1680767960TABLE3A11.xlsx)
2020,Karnataka,Other Than Custodial Rape (Section 376(2)) - On Women Incapable of giving Consent (Sec.376(2) (j),,0,NCRB CII 2020 Table 3A.11 (1680767960TABLE3A11.xlsx)
2020,Kerala,Other Than Custodial Rape (Section 376(2)) - On Women Incapable of giving Consent (Sec.376(2) (j),,1,NCRB CII 2020 Table 3A.11 (1680767960TABLE3A11.xlsx)
2020,Madhya Pradesh,Other Than Custodial Rape (Section 376(2)) - On Women Incapable of giving Consent (Sec.376(2) (j),,19,NCRB CII 2020 Table 3A.11 (1680767960TABLE3A11.xlsx)
2020,Maharashtra,Other Than Custodial Rape (Section 376(2)) - On Women Incapable of giving Consent (Sec.376(2) (j),,9,NCRB CII 2020 Table 3A.11 (1680767960TABLE3A11.xlsx)
2020,Manipur,Other Than Custodial Rape (Section 376(2)) - On Women Incapable of giving Consent (Sec.376(2) (j),,0,NCRB CII 2020 Table 3A.11 (1680767960TABLE3A11.xlsx)
2020,Meghalaya,Other Than Custodial Rape (Section 376(2)) - On Women Incapable of giving Consent (Sec.376(2) (j),,0,NCRB CII 2020 Table 3A.11 (1680767960TABLE3A11.xlsx)
2020,Mizoram,Other Than Custodial Rape (Section 376(2)) - On Women Incapable of giving Consent (Sec.376(2) (j),,2,NCRB CII 2020 Table 3A.11 (1680767960TABLE3A11.xlsx)
2020,Nagaland,Other Than Custodial Rape (Section 376(2)) - On Women Incapable of giving Consent (Sec.376(2) (j),,0,NCRB CII 2020 Table 3A.11 (1680767960TABLE3A11.xlsx)
2020,Odisha,Other Than Custodial Rape (Section 376(2)) - On Women Incapable of giving Consent (Sec.376(2) (j),,0,NCRB CII 2020 Table 3A.11 (1680767960TABLE3A11.xlsx)
2020,Punjab,Other Than Custodial Rape (Section 376(2)) - On Women Incapable of giving Consent (Sec.376(2) (j),,0,NCRB CII 2020 Table 3A.11 (1680767960TABLE3A11.xlsx)
2020,Rajasthan,Other Than Custodial Rape (Section 376(2)) - On Women Incapable of giving Consent (Sec.376(2) (j),,173,NCRB CII 2020 Table 3A.11 (1680767960TABLE3A11.xlsx)
2020,Sikkim,Other Than Custodial Rape (Section 376(2)) - On Women Incapable of giving Consent (Sec.376(2) (j),,0,NCRB CII 2020 Table 3A.11 (1680767960TABLE3A11.xlsx)
2020,Tamil Nadu,Other Than Custodial Rape (Section 376(2)) - On Women Incapable of giving Consent (Sec.376(2) (j),,3,NCRB CII 2020 Table 3A.11 (1680767960TABLE3A11.xlsx)
2020,Telangana,Other Than Custodial Rape (Section 376(2)) - On Women Incapable of giving Consent (Sec.376(2) (j),,27,NCRB CII 2020 Table 3A.11 (1680767960TABLE3A11.xlsx)
2020,Tripura,Other Than Custodial Rape (Section 376(2)) - On Women Incapable of giving Consent (Sec.376(2) (j),,0,NCRB CII 2020 Table 3A.11 (1680767960TABLE3A11.xlsx)
2020,Uttar Pradesh,Other Than Custodial Rape (Section 376(2)) - On Women Incapable of giving Consent (Sec.376(2) (j),,0,NCRB CII 2020 Table 3A.11 (1680767960TABLE3A11.xlsx)
2020,Uttarakhand,Other Than Custodial Rape (Section 376(2)) - On Women Incapable of giving Consent (Sec.376(2) (j),,0,NCRB CII 2020 Table 3A.11 (1680767960TABLE3A11.xlsx)
2020,West Bengal,Other Than Custodial Rape (Section 376(2)) - On Women Incapable of giving Consent (Sec.376(2) (j),,0,NCRB CII 2020 Table 3A.11 (1680767960TABLE3A11.xlsx)
2020,Andaman & Nicobar Islands,Other Than Custodial Rape (Section 376(2)) - On Women Incapable of giving Consent (Sec.376(2) (j),,0,NCRB CII 2020 Table 3A.11 (1680767960TABLE3A11.xlsx)
2020,Chandigarh,Other Than Custodial Rape (Section 376(2)) - On Women Incapable of giving Consent (Sec.376(2) (j),,0,NCRB CII 2020 Table 3A.11 (1680767960TABLE3A11.xlsx)
2020,Dadra & Nagar Haveli and Daman & Diu,Other Than Custodial Rape (Section 376(2)) - On Women Incapable of giving Consent (Sec.376(2) (j),,0,NCRB CII 2020 Table 3A.11 (1680767960TABLE3A11.xlsx)
2020,Delhi,Other Than Custodial Rape (Section 376(2)) - On Women Incapable of giving Consent (Sec.376(2) (j),,0,NCRB CII 2020 Table 3A.11 (1680767960TABLE3A11.xlsx)
2020,Jammu & Kashmir,Other Than Custodial Rape (Section 376(2)) - On Women Incapable of giving Consent (Sec.376(2) (j),,0,NCRB CII 2020 Table 3A.11 (1680767960TABLE3A11.xlsx)
2020,Ladakh,Other Than Custodial Rape (Section 376(2)) - On Women Incapable of giving Consent (Sec.376(2) (j),,0,NCRB CII 2020 Table 3A.11 (1680767960TABLE3A11.xlsx)
2020,Lakshadweep,Other Than Custodial Rape (Section 376(2)) - On Women Incapable of giving Consent (Sec.376(2) (j),,0,NCRB CII 2020 Table 3A.11 (1680767960TABLE3A11.xlsx)
2020,Puducherry,Other Than Custodial Rape (Section 376(2)) - On Women Incapable of giving Consent (Sec.376(2) (j),,0,NCRB CII 2020 Table 3A.11 (1680767960TABLE3A11.xlsx)
2020,All India,Other Than Custodial Rape (Section 376(2)) - On Women Incapable of giving Consent (Sec.376(2) (j),,244,NCRB CII 2020 Table 3A.11 (1680767960TABLE3A11.xlsx)
2020,Andhra Pradesh,Other Than Custodial Rape (Section 376(2)) - By Persons in Control or Dominance over women (Sec.376(2) (k),,0,NCRB CII 2020 Table 3A.11 (1680767960TABLE3A11.xlsx)
2020,Arunachal Pradesh,Other Than Custodial Rape (Section 376(2)) - By Persons in Control or Dominance over women (Sec.376(2) (k),,0,NCRB CII 2020 Table 3A.11 (1680767960TABLE3A11.xlsx)
2020,Assam,Other Than Custodial Rape (Section 376(2)) - By Persons in Control or Dominance over women (Sec.376(2) (k),,27,NCRB CII 2020 Table 3A.11 (1680767960TABLE3A11.xlsx)
2020,Bihar,Other Than Custodial Rape (Section 376(2)) - By Persons in Control or Dominance over women (Sec.376(2) (k),,0,NCRB CII 2020 Table 3A.11 (1680767960TABLE3A11.xlsx)
2020,Chhattisgarh,Other Than Custodial Rape (Section 376(2)) - By Persons in Control or Dominance over women (Sec.376(2) (k),,0,NCRB CII 2020 Table 3A.11 (1680767960TABLE3A11.xlsx)
2020,Goa,Other Than Custodial Rape (Section 376(2)) - By Persons in Control or Dominance over women (Sec.376(2) (k),,0,NCRB CII 2020 Table 3A.11 (1680767960TABLE3A11.xlsx)
2020,Gujarat,Other Than Custodial Rape (Section 376(2)) - By Persons in Control or Dominance over women (Sec.376(2) (k),,0,NCRB CII 2020 Table 3A.11 (1680767960TABLE3A11.xlsx)
2020,Haryana,Other Than Custodial Rape (Section 376(2)) - By Persons in Control or Dominance over women (Sec.376(2) (k),,2,NCRB CII 2020 Table 3A.11 (1680767960TABLE3A11.xlsx)
2020,Himachal Pradesh,Other Than Custodial Rape (Section 376(2)) - By Persons in Control or Dominance over women (Sec.376(2) (k),,0,NCRB CII 2020 Table 3A.11 (1680767960TABLE3A11.xlsx)
2020,Jharkhand,Other Than Custodial Rape (Section 376(2)) - By Persons in Control or Dominance over women (Sec.376(2) (k),,0,NCRB CII 2020 Table 3A.11 (1680767960TABLE3A11.xlsx)
2020,Karnataka,Other Than Custodial Rape (Section 376(2)) - By Persons in Control or Dominance over women (Sec.376(2) (k),,2,NCRB CII 2020 Table 3A.11 (1680767960TABLE3A11.xlsx)
2020,Kerala,Other Than Custodial Rape (Section 376(2)) - By Persons in Control or Dominance over women (Sec.376(2) (k),,0,NCRB CII 2020 Table 3A.11 (1680767960TABLE3A11.xlsx)
2020,Madhya Pradesh,Other Than Custodial Rape (Section 376(2)) - By Persons in Control or Dominance over women (Sec.376(2) (k),,23,NCRB CII 2020 Table 3A.11 (1680767960TABLE3A11.xlsx)
2020,Maharashtra,Other Than Custodial Rape (Section 376(2)) - By Persons in Control or Dominance over women (Sec.376(2) (k),,2,NCRB CII 2020 Table 3A.11 (1680767960TABLE3A11.xlsx)
2020,Manipur,Other Than Custodial Rape (Section 376(2)) - By Persons in Control or Dominance over women (Sec.376(2) (k),,0,NCRB CII 2020 Table 3A.11 (1680767960TABLE3A11.xlsx)
2020,Meghalaya,Other Than Custodial Rape (Section 376(2)) - By Persons in Control or Dominance over women (Sec.376(2) (k),,0,NCRB CII 2020 Table 3A.11 (1680767960TABLE3A11.xlsx)
2020,Mizoram,Other Than Custodial Rape (Section 376(2)) - By Persons in Control or Dominance over women (Sec.376(2) (k),,0,NCRB CII 2020 Table 3A.11 (1680767960TABLE3A11.xlsx)
2020,Nagaland,Other Than Custodial Rape (Section 376(2)) - By Persons in Control or Dominance over women (Sec.376(2) (k),,0,NCRB CII 2020 Table 3A.11 (1680767960TABLE3A11.xlsx)
2020,Odisha,Other Than Custodial Rape (Section 376(2)) - By Persons in Control or Dominance over women (Sec.376(2) (k),,0,NCRB CII 2020 Table 3A.11 (1680767960TABLE3A11.xlsx)
2020,Punjab,Other Than Custodial Rape (Section 376(2)) - By Persons in Control or Dominance over women (Sec.376(2) (k),,0,NCRB CII 2020 Table 3A.11 (1680767960TABLE3A11.xlsx)
2020,Rajasthan,Other Than Custodial Rape (Section 376(2)) - By Persons in Control or Dominance over women (Sec.376(2) (k),,58,NCRB CII 2020 Table 3A.11 (1680767960TABLE3A11.xlsx)
2020,Sikkim,Other Than Custodial Rape (Section 376(2)) - By Persons in Control or Dominance over women (Sec.376(2) (k),,0,NCRB CII 2020 Table 3A.11 (1680767960TABLE3A11.xlsx)
2020,Tamil Nadu,Other Than Custodial Rape (Section 376(2)) - By Persons in Control or Dominance over women (Sec.376(2) (k),,5,NCRB CII 2020 Table 3A.11 (1680767960TABLE3A11.xlsx)
2020,Telangana,Other Than Custodial Rape (Section 376(2)) - By Persons in Control or Dominance over women (Sec.376(2) (k),,0,NCRB CII 2020 Table 3A.11 (1680767960TABLE3A11.xlsx)
2020,Tripura,Other Than Custodial Rape (Section 376(2)) - By Persons in Control or Dominance over women (Sec.376(2) (k),,0,NCRB CII 2020 Table 3A.11 (1680767960TABLE3A11.xlsx)
2020,Uttar Pradesh,Other Than Custodial Rape (Section 376(2)) - By Persons in Control or Dominance over women (Sec.376(2) (k),,0,NCRB CII 2020 Table 3A.11 (1680767960TABLE3A11.xlsx)
2020,Uttarakhand,Other Than Custodial Rape (Section 376(2)) - By Persons in Control or Dominance over women (Sec.376(2) (k),,0,NCRB CII 2020 Table 3A.11 (1680767960TABLE3A11.xlsx)
2020,West Bengal,Other Than Custodial Rape (Section 376(2)) - By Persons in Control or Dominance over women (Sec.376(2) (k),,0,NCRB CII 2020 Table 3A.11 (1680767960TABLE3A11.xlsx)
2020,Andaman & Nicobar Islands,Other Than Custodial Rape (Section 376(2)) - By Persons in Control or Dominance over women (Sec.376(2) (k),,0,NCRB CII 2020 Table 3A.11 (1680767960TABLE3A11.xlsx)
2020,Chandigarh,Other Than Custodial Rape (Section 376(2)) - By Persons in Control or Dominance over women (Sec.376(2) (k),,0,NCRB CII 2020 Table 3A.11 (1680767960TABLE3A11.xlsx)
2020,Dadra & Nagar Haveli and Daman & Diu,Other Than Custodial Rape (Section 376(2)) - By Persons in Control or Dominance over women (Sec.376(2) (k),,0,NCRB CII 2020 Table 3A.11 (1680767960TABLE3A11.xlsx)
2020,Delhi,Other Than Custodial Rape (Section 376(2)) - By Persons in Control or Dominance over women (Sec.376(2) (k),,0,NCRB CII 2020 Table 3A.11 (1680767960TABLE3A11.xlsx)
2020,Jammu & Kashmir,Other Than Custodial Rape (Section 376(2)) - By Persons in Control or Dominance over women (Sec.376(2) (k),,0,NCRB CII 2020 Table 3A.11 (1680767960TABLE3A11.xlsx)
2020,Ladakh,Other Than Custodial Rape (Section 376(2)) - By Persons in Control or Dominance over women (Sec.376(2) (k),,0,NCRB CII 2020 Table 3A.11 (1680767960TABLE3A11.xlsx)
2020,Lakshadweep,Other Than Custodial Rape (Section 376(2)) - By Persons in Control or Dominance over women (Sec.376(2) (k),,0,NCRB CII 2020 Table 3A.11 (1680767960TABLE3A11.xlsx)
2020,Puducherry,Other Than Custodial Rape (Section 376(2)) - By Persons in Control or Dominance over women (Sec.376(2) (k),,0,NCRB CII 2020 Table 3A.11 (1680767960TABLE3A11.xlsx)
2020,All India,Other Than Custodial Rape (Section 376(2)) - By Persons in Control or Dominance over women (Sec.376(2) (k),,119,NCRB CII 2020 Table 3A.11 (1680767960TABLE3A11.xlsx)
2020,Andhra Pradesh,Other Than Custodial Rape (Section 376(2)) - On Women with Mental or Physical disability (Sec.376(2)(l),,7,NCRB CII 2020 Table 3A.11 (1680767960TABLE3A11.xlsx)
2020,Arunachal Pradesh,Other Than Custodial Rape (Section 376(2)) - On Women with Mental or Physical disability (Sec.376(2)(l),,0,NCRB CII 2020 Table 3A.11 (1680767960TABLE3A11.xlsx)
2020,Assam,Other Than Custodial Rape (Section 376(2)) - On Women with Mental or Physical disability (Sec.376(2)(l),,2,NCRB CII 2020 Table 3A.11 (1680767960TABLE3A11.xlsx)
2020,Bihar,Other Than Custodial Rape (Section 376(2)) - On Women with Mental or Physical disability (Sec.376(2)(l),,0,NCRB CII 2020 Table 3A.11 (1680767960TABLE3A11.xlsx)
2020,Chhattisgarh,Other Than Custodial Rape (Section 376(2)) - On Women with Mental or Physical disability (Sec.376(2)(l),,3,NCRB CII 2020 Table 3A.11 (1680767960TABLE3A11.xlsx)
2020,Goa,Other Than Custodial Rape (Section 376(2)) - On Women with Mental or Physical disability (Sec.376(2)(l),,1,NCRB CII 2020 Table 3A.11 (1680767960TABLE3A11.xlsx)
2020,Gujarat,Other Than Custodial Rape (Section 376(2)) - On Women with Mental or Physical disability (Sec.376(2)(l),,1,NCRB CII 2020 Table 3A.11 (1680767960TABLE3A11.xlsx)
2020,Haryana,Other Than Custodial Rape (Section 376(2)) - On Women with Mental or Physical disability (Sec.376(2)(l),,3,NCRB CII 2020 Table 3A.11 (1680767960TABLE3A11.xlsx)
2020,Himachal Pradesh,Other Than Custodial Rape (Section 376(2)) - On Women with Mental or Physical disability (Sec.376(2)(l),,1,NCRB CII 2020 Table 3A.11 (1680767960TABLE3A11.xlsx)
2020,Jharkhand,Other Than Custodial Rape (Section 376(2)) - On Women with Mental or Physical disability (Sec.376(2)(l),,0,NCRB CII 2020 Table 3A.11 (1680767960TABLE3A11.xlsx)
2020,Karnataka,Other Than Custodial Rape (Section 376(2)) - On Women with Mental or Physical disability (Sec.376(2)(l),,0,NCRB CII 2020 Table 3A.11 (1680767960TABLE3A11.xlsx)
2020,Kerala,Other Than Custodial Rape (Section 376(2)) - On Women with Mental or Physical disability (Sec.376(2)(l),,12,NCRB CII 2020 Table 3A.11 (1680767960TABLE3A11.xlsx)
2020,Madhya Pradesh,Other Than Custodial Rape (Section 376(2)) - On Women with Mental or Physical disability (Sec.376(2)(l),,7,NCRB CII 2020 Table 3A.11 (1680767960TABLE3A11.xlsx)
2020,Maharashtra,Other Than Custodial Rape (Section 376(2)) - On Women with Mental or Physical disability (Sec.376(2)(l),,26,NCRB CII 2020 Table 3A.11 (1680767960TABLE3A11.xlsx)
2020,Manipur,Other Than Custodial Rape (Section 376(2)) - On Women with Mental or Physical disability (Sec.376(2)(l),,0,NCRB CII 2020 Table 3A.11 (1680767960TABLE3A11.xlsx)
2020,Meghalaya,Other Than Custodial Rape (Section 376(2)) - On Women with Mental or Physical disability (Sec.376(2)(l),,1,NCRB CII 2020 Table 3A.11 (1680767960TABLE3A11.xlsx)
2020,Mizoram,Other Than Custodial Rape (Section 376(2)) - On Women with Mental or Physical disability (Sec.376(2)(l),,7,NCRB CII 2020 Table 3A.11 (1680767960TABLE3A11.xlsx)
2020,Nagaland,Other Than Custodial Rape (Section 376(2)) - On Women with Mental or Physical disability (Sec.376(2)(l),,0,NCRB CII 2020 Table 3A.11 (1680767960TABLE3A11.xlsx)
2020,Odisha,Other Than Custodial Rape (Section 376(2)) - On Women with Mental or Physical disability (Sec.376(2)(l),,2,NCRB CII 2020 Table 3A.11 (1680767960TABLE3A11.xlsx)
2020,Punjab,Other Than Custodial Rape (Section 376(2)) - On Women with Mental or Physical disability (Sec.376(2)(l),,0,NCRB CII 2020 Table 3A.11 (1680767960TABLE3A11.xlsx)
2020,Rajasthan,Other Than Custodial Rape (Section 376(2)) - On Women with Mental or Physical disability (Sec.376(2)(l),,9,NCRB CII 2020 Table 3A.11 (1680767960TABLE3A11.xlsx)
2020,Sikkim,Other Than Custodial Rape (Section 376(2)) - On Women with Mental or Physical disability (Sec.376(2)(l),,0,NCRB CII 2020 Table 3A.11 (1680767960TABLE3A11.xlsx)
2020,Tamil Nadu,Other Than Custodial Rape (Section 376(2)) - On Women with Mental or Physical disability (Sec.376(2)(l),,3,NCRB CII 2020 Table 3A.11 (1680767960TABLE3A11.xlsx)
2020,Telangana,Other Than Custodial Rape (Section 376(2)) - On Women with Mental or Physical disability (Sec.376(2)(l),,1,NCRB CII 2020 Table 3A.11 (1680767960TABLE3A11.xlsx)
2020,Tripura,Other Than Custodial Rape (Section 376(2)) - On Women with Mental or Physical disability (Sec.376(2)(l),,2,NCRB CII 2020 Table 3A.11 (1680767960TABLE3A11.xlsx)
2020,Uttar Pradesh,Other Than Custodial Rape (Section 376(2)) - On Women with Mental or Physical disability (Sec.376(2)(l),,0,NCRB CII 2020 Table 3A.11 (1680767960TABLE3A11.xlsx)
2020,Uttarakhand,Other Than Custodial Rape (Section 376(2)) - On Women with Mental or Physical disability (Sec.376(2)(l),,0,NCRB CII 2020 Table 3A.11 (1680767960TABLE3A11.xlsx)
2020,West Bengal,Other Than Custodial Rape (Section 376(2)) - On Women with Mental or Physical disability (Sec.376(2)(l),,5,NCRB CII 2020 Table 3A.11 (1680767960TABLE3A11.xlsx)
2020,Andaman & Nicobar Islands,Other Than Custodial Rape (Section 376(2)) - On Women with Mental or Physical disability (Sec.376(2)(l),,0,NCRB CII 2020 Table 3A.11 (1680767960TABLE3A11.xlsx)
2020,Chandigarh,Other Than Custodial Rape (Section 376(2)) - On Women with Mental or Physical disability (Sec.376(2)(l),,0,NCRB CII 2020 Table 3A.11 (1680767960TABLE3A11.xlsx)
2020,Dadra & Nagar Haveli and Daman & Diu,Other Than Custodial Rape (Section 376(2)) - On Women with Mental or Physical disability (Sec.376(2)(l),,0,NCRB CII 2020 Table 3A.11 (1680767960TABLE3A11.xlsx)
2020,Delhi,Other Than Custodial Rape (Section 376(2)) - On Women with Mental or Physical disability (Sec.376(2)(l),,0,NCRB CII 2020 Table 3A.11 (1680767960TABLE3A11.xlsx)
2020,Jammu & Kashmir,Other Than Custodial Rape (Section 376(2)) - On Women with Mental or Physical disability (Sec.376(2)(l),,1,NCRB CII 2020 Table 3A.11 (1680767960TABLE3A11.xlsx)
2020,Ladakh,Other Than Custodial Rape (Section 376(2)) - On Women with Mental or Physical disability (Sec.376(2)(l),,0,NCRB CII 2020 Table 3A.11 (1680767960TABLE3A11.xlsx)
2020,Lakshadweep,Other Than Custodial Rape (Section 376(2)) - On Women with Mental or Physical disability (Sec.376(2)(l),,0,NCRB CII 2020 Table 3A.11 (1680767960TABLE3A11.xlsx)
2020,Puducherry,Other Than Custodial Rape (Section 376(2)) - On Women with Mental or Physical disability (Sec.376(2)(l),,0,NCRB CII 2020 Table 3A.11 (1680767960TABLE3A11.xlsx)
2020,All India,Other Than Custodial Rape (Section 376(2)) - On Women with Mental or Physical disability (Sec.376(2)(l),,94,NCRB CII 2020 Table 3A.11 (1680767960TABLE3A11.xlsx)
2020,Andhra Pradesh,Other Than Custodial Rape (Section 376(2)) - Endanger life of Women after Rape (Sec.376(2)(m),,2,NCRB CII 2020 Table 3A.11 (1680767960TABLE3A11.xlsx)
2020,Arunachal Pradesh,Other Than Custodial Rape (Section 376(2)) - Endanger life of Women after Rape (Sec.376(2)(m),,0,NCRB CII 2020 Table 3A.11 (1680767960TABLE3A11.xlsx)
2020,Assam,Other Than Custodial Rape (Section 376(2)) - Endanger life of Women after Rape (Sec.376(2)(m),,0,NCRB CII 2020 Table 3A.11 (1680767960TABLE3A11.xlsx)
2020,Bihar,Other Than Custodial Rape (Section 376(2)) - Endanger life of Women after Rape (Sec.376(2)(m),,0,NCRB CII 2020 Table 3A.11 (1680767960TABLE3A11.xlsx)
2020,Chhattisgarh,Other Than Custodial Rape (Section 376(2)) - Endanger life of Women after Rape (Sec.376(2)(m),,0,NCRB CII 2020 Table 3A.11 (1680767960TABLE3A11.xlsx)
2020,Goa,Other Than Custodial Rape (Section 376(2)) - Endanger life of Women after Rape (Sec.376(2)(m),,0,NCRB CII 2020 Table 3A.11 (1680767960TABLE3A11.xlsx)
2020,Gujarat,Other Than Custodial Rape (Section 376(2)) - Endanger life of Women after Rape (Sec.376(2)(m),,3,NCRB CII 2020 Table 3A.11 (1680767960TABLE3A11.xlsx)
2020,Haryana,Other Than Custodial Rape (Section 376(2)) - Endanger life of Women after Rape (Sec.376(2)(m),,0,NCRB CII 2020 Table 3A.11 (1680767960TABLE3A11.xlsx)
2020,Himachal Pradesh,Other Than Custodial Rape (Section 376(2)) - Endanger life of Women after Rape (Sec.376(2)(m),,0,NCRB CII 2020 Table 3A.11 (1680767960TABLE3A11.xlsx)
2020,Jharkhand,Other Than Custodial Rape (Section 376(2)) - Endanger life of Women after Rape (Sec.376(2)(m),,0,NCRB CII 2020 Table 3A.11 (1680767960TABLE3A11.xlsx)
2020,Karnataka,Other Than Custodial Rape (Section 376(2)) - Endanger life of Women after Rape (Sec.376(2)(m),,0,NCRB CII 2020 Table 3A.11 (1680767960TABLE3A11.xlsx)
2020,Kerala,Other Than Custodial Rape (Section 376(2)) - Endanger life of Women after Rape (Sec.376(2)(m),,0,NCRB CII 2020 Table 3A.11 (1680767960TABLE3A11.xlsx)
2020,Madhya Pradesh,Other Than Custodial Rape (Section 376(2)) - Endanger life of Women after Rape (Sec.376(2)(m),,2,NCRB CII 2020 Table 3A.11 (1680767960TABLE3A11.xlsx)
2020,Maharashtra,Other Than Custodial Rape (Section 376(2)) - Endanger life of Women after Rape (Sec.376(2)(m),,6,NCRB CII 2020 Table 3A.11 (1680767960TABLE3A11.xlsx)
2020,Manipur,Other Than Custodial Rape (Section 376(2)) - Endanger life of Women after Rape (Sec.376(2)(m),,0,NCRB CII 2020 Table 3A.11 (1680767960TABLE3A11.xlsx)
2020,Meghalaya,Other Than Custodial Rape (Section 376(2)) - Endanger life of Women after Rape (Sec.376(2)(m),,1,NCRB CII 2020 Table 3A.11 (1680767960TABLE3A11.xlsx)
2020,Mizoram,Other Than Custodial Rape (Section 376(2)) - Endanger life of Women after Rape (Sec.376(2)(m),,0,NCRB CII 2020 Table 3A.11 (1680767960TABLE3A11.xlsx)
2020,Nagaland,Other Than Custodial Rape (Section 376(2)) - Endanger life of Women after Rape (Sec.376(2)(m),,0,NCRB CII 2020 Table 3A.11 (1680767960TABLE3A11.xlsx)
2020,Odisha,Other Than Custodial Rape (Section 376(2)) - Endanger life of Women after Rape (Sec.376(2)(m),,0,NCRB CII 2020 Table 3A.11 (1680767960TABLE3A11.xlsx)
2020,Punjab,Other Than Custodial Rape (Section 376(2)) - Endanger life of Women after Rape (Sec.376(2)(m),,0,NCRB CII 2020 Table 3A.11 (1680767960TABLE3A11.xlsx)
2020,Rajasthan,Other Than Custodial Rape (Section 376(2)) - Endanger life of Women after Rape (Sec.376(2)(m),,3,NCRB CII 2020 Table 3A.11 (1680767960TABLE3A11.xlsx)
2020,Sikkim,Other Than Custodial Rape (Section 376(2)) - Endanger life of Women after Rape (Sec.376(2)(m),,0,NCRB CII 2020 Table 3A.11 (1680767960TABLE3A11.xlsx)
2020,Tamil Nadu,Other Than Custodial Rape (Section 376(2)) - Endanger life of Women after Rape (Sec.376(2)(m),,3,NCRB CII 2020 Table 3A.11 (1680767960TABLE3A11.xlsx)
2020,Telangana,Other Than Custodial Rape (Section 376(2)) - Endanger life of Women after Rape (Sec.376(2)(m),,2,NCRB CII 2020 Table 3A.11 (1680767960TABLE3A11.xlsx)
2020,Tripura,Other Than Custodial Rape (Section 376(2)) - Endanger life of Women after Rape (Sec.376(2)(m),,0,NCRB CII 2020 Table 3A.11 (1680767960TABLE3A11.xlsx)
2020,Uttar Pradesh,Other Than Custodial Rape (Section 376(2)) - Endanger life of Women after Rape (Sec.376(2)(m),,0,NCRB CII 2020 Table 3A.11 (1680767960TABLE3A11.xlsx)
2020,Uttarakhand,Other Than Custodial Rape (Section 376(2)) - Endanger life of Women after Rape (Sec.376(2)(m),,0,NCRB CII 2020 Table 3A.11 (1680767960TABLE3A11.xlsx)
2020,West Bengal,Other Than Custodial Rape (Section 376(2)) - Endanger life of Women after Rape (Sec.376(2)(m),,2,NCRB CII 2020 Table 3A.11 (1680767960TABLE3A11.xlsx)
2020,Andaman & Nicobar Islands,Other Than Custodial Rape (Section 376(2)) - Endanger life of Women after Rape (Sec.376(2)(m),,0,NCRB CII 2020 Table 3A.11 (1680767960TABLE3A11.xlsx)
2020,Chandigarh,Other Than Custodial Rape (Section 376(2)) - Endanger life of Women after Rape (Sec.376(2)(m),,0,NCRB CII 2020 Table 3A.11 (1680767960TABLE3A11.xlsx)
2020,Dadra & Nagar Haveli and Daman & Diu,Other Than Custodial Rape (Section 376(2)) - Endanger life of Women after Rape (Sec.376(2)(m),,0,NCRB CII 2020 Table 3A.11 (1680767960TABLE3A11.xlsx)
2020,Delhi,Other Than Custodial Rape (Section 376(2)) - Endanger life of Women after Rape (Sec.376(2)(m),,0,NCRB CII 2020 Table 3A.11 (1680767960TABLE3A11.xlsx)
2020,Jammu & Kashmir,Other Than Custodial Rape (Section 376(2)) - Endanger life of Women after Rape (Sec.376(2)(m),,0,NCRB CII 2020 Table 3A.11 (1680767960TABLE3A11.xlsx)
2020,Ladakh,Other Than Custodial Rape (Section 376(2)) - Endanger life of Women after Rape (Sec.376(2)(m),,0,NCRB CII 2020 Table 3A.11 (1680767960TABLE3A11.xlsx)
2020,Lakshadweep,Other Than Custodial Rape (Section 376(2)) - Endanger life of Women after Rape (Sec.376(2)(m),,0,NCRB CII 2020 Table 3A.11 (1680767960TABLE3A11.xlsx)
2020,Puducherry,Other Than Custodial Rape (Section 376(2)) - Endanger life of Women after Rape (Sec.376(2)(m),,0,NCRB CII 2020 Table 3A.11 (1680767960TABLE3A11.xlsx)
2020,All India,Other Than Custodial Rape (Section 376(2)) - Endanger life of Women after Rape (Sec.376(2)(m),,24,NCRB CII 2020 Table 3A.11 (1680767960TABLE3A11.xlsx)
2020,Andhra Pradesh,Other Than Custodial Rape (Section 376(2)) - Repeated Rape on same women (Sec.376(2)(n),,139,NCRB CII 2020 Table 3A.11 (1680767960TABLE3A11.xlsx)
2020,Arunachal Pradesh,Other Than Custodial Rape (Section 376(2)) - Repeated Rape on same women (Sec.376(2)(n),,0,NCRB CII 2020 Table 3A.11 (1680767960TABLE3A11.xlsx)
2020,Assam,Other Than Custodial Rape (Section 376(2)) - Repeated Rape on same women (Sec.376(2)(n),,0,NCRB CII 2020 Table 3A.11 (1680767960TABLE3A11.xlsx)
2020,Bihar,Other Than Custodial Rape (Section 376(2)) - Repeated Rape on same women (Sec.376(2)(n),,0,NCRB CII 2020 Table 3A.11 (1680767960TABLE3A11.xlsx)
2020,Chhattisgarh,Other Than Custodial Rape (Section 376(2)) - Repeated Rape on same women (Sec.376(2)(n),,85,NCRB CII 2020 Table 3A.11 (1680767960TABLE3A11.xlsx)
2020,Goa,Other Than Custodial Rape (Section 376(2)) - Repeated Rape on same women (Sec.376(2)(n),,0,NCRB CII 2020 Table 3A.11 (1680767960TABLE3A11.xlsx)
2020,Gujarat,Other Than Custodial Rape (Section 376(2)) - Repeated Rape on same women (Sec.376(2)(n),,112,NCRB CII 2020 Table 3A.11 (1680767960TABLE3A11.xlsx)
2020,Haryana,Other Than Custodial Rape (Section 376(2)) - Repeated Rape on same women (Sec.376(2)(n),,452,NCRB CII 2020 Table 3A.11 (1680767960TABLE3A11.xlsx)
2020,Himachal Pradesh,Other Than Custodial Rape (Section 376(2)) - Repeated Rape on same women (Sec.376(2)(n),,2,NCRB CII 2020 Table 3A.11 (1680767960TABLE3A11.xlsx)
2020,Jharkhand,Other Than Custodial Rape (Section 376(2)) - Repeated Rape on same women (Sec.376(2)(n),,10,NCRB CII 2020 Table 3A.11 (1680767960TABLE3A11.xlsx)
2020,Karnataka,Other Than Custodial Rape (Section 376(2)) - Repeated Rape on same women (Sec.376(2)(n),,22,NCRB CII 2020 Table 3A.11 (1680767960TABLE3A11.xlsx)
2020,Kerala,Other Than Custodial Rape (Section 376(2)) - Repeated Rape on same women (Sec.376(2)(n),,147,NCRB CII 2020 Table 3A.11 (1680767960TABLE3A11.xlsx)
2020,Madhya Pradesh,Other Than Custodial Rape (Section 376(2)) - Repeated Rape on same women (Sec.376(2)(n),,832,NCRB CII 2020 Table 3A.11 (1680767960TABLE3A11.xlsx)
2020,Maharashtra,Other Than Custodial Rape (Section 376(2)) - Repeated Rape on same women (Sec.376(2)(n),,599,NCRB CII 2020 Table 3A.11 (1680767960TABLE3A11.xlsx)
2020,Manipur,Other Than Custodial Rape (Section 376(2)) - Repeated Rape on same women (Sec.376(2)(n),,0,NCRB CII 2020 Table 3A.11 (1680767960TABLE3A11.xlsx)
2020,Meghalaya,Other Than Custodial Rape (Section 376(2)) - Repeated Rape on same women (Sec.376(2)(n),,0,NCRB CII 2020 Table 3A.11 (1680767960TABLE3A11.xlsx)
2020,Mizoram,Other Than Custodial Rape (Section 376(2)) - Repeated Rape on same women (Sec.376(2)(n),,0,NCRB CII 2020 Table 3A.11 (1680767960TABLE3A11.xlsx)
2020,Nagaland,Other Than Custodial Rape (Section 376(2)) - Repeated Rape on same women (Sec.376(2)(n),,0,NCRB CII 2020 Table 3A.11 (1680767960TABLE3A11.xlsx)
2020,Odisha,Other Than Custodial Rape (Section 376(2)) - Repeated Rape on same women (Sec.376(2)(n),,92,NCRB CII 2020 Table 3A.11 (1680767960TABLE3A11.xlsx)
2020,Punjab,Other Than Custodial Rape (Section 376(2)) - Repeated Rape on same women (Sec.376(2)(n),,4,NCRB CII 2020 Table 3A.11 (1680767960TABLE3A11.xlsx)
2020,Rajasthan,Other Than Custodial Rape (Section 376(2)) - Repeated Rape on same women (Sec.376(2)(n),,228,NCRB CII 2020 Table 3A.11 (1680767960TABLE3A11.xlsx)
2020,Sikkim,Other Than Custodial Rape (Section 376(2)) - Repeated Rape on same women (Sec.376(2)(n),,0,NCRB CII 2020 Table 3A.11 (1680767960TABLE3A11.xlsx)
2020,Tamil Nadu,Other Than Custodial Rape (Section 376(2)) - Repeated Rape on same women (Sec.376(2)(n),,2,NCRB CII 2020 Table 3A.11 (1680767960TABLE3A11.xlsx)
2020,Telangana,Other Than Custodial Rape (Section 376(2)) - Repeated Rape on same women (Sec.376(2)(n),,121,NCRB CII 2020 Table 3A.11 (1680767960TABLE3A11.xlsx)
2020,Tripura,Other Than Custodial Rape (Section 376(2)) - Repeated Rape on same women (Sec.376(2)(n),,5,NCRB CII 2020 Table 3A.11 (1680767960TABLE3A11.xlsx)
2020,Uttar Pradesh,Other Than Custodial Rape (Section 376(2)) - Repeated Rape on same women (Sec.376(2)(n),,0,NCRB CII 2020 Table 3A.11 (1680767960TABLE3A11.xlsx)
2020,Uttarakhand,Other Than Custodial Rape (Section 376(2)) - Repeated Rape on same women (Sec.376(2)(n),,0,NCRB CII 2020 Table 3A.11 (1680767960TABLE3A11.xlsx)
2020,West Bengal,Other Than Custodial Rape (Section 376(2)) - Repeated Rape on same women (Sec.376(2)(n),,6,NCRB CII 2020 Table 3A.11 (1680767960TABLE3A11.xlsx)
2020,Andaman & Nicobar Islands,Other Than Custodial Rape (Section 376(2)) - Repeated Rape on same women (Sec.376(2)(n),,0,NCRB CII 2020 Table 3A.11 (1680767960TABLE3A11.xlsx)
2020,Chandigarh,Other Than Custodial Rape (Section 376(2)) - Repeated Rape on same women (Sec.376(2)(n),,9,NCRB CII 2020 Table 3A.11 (1680767960TABLE3A11.xlsx)
2020,Dadra & Nagar Haveli and Daman & Diu,Other Than Custodial Rape (Section 376(2)) - Repeated Rape on same women (Sec.376(2)(n),,0,NCRB CII 2020 Table 3A.11 (1680767960TABLE3A11.xlsx)
2020,Delhi,Other Than Custodial Rape (Section 376(2)) - Repeated Rape on same women (Sec.376(2)(n),,12,NCRB CII 2020 Table 3A.11 (1680767960TABLE3A11.xlsx)
2020,Jammu & Kashmir,Other Than Custodial Rape (Section 376(2)) - Repeated Rape on same women (Sec.376(2)(n),,0,NCRB CII 2020 Table 3A.11 (1680767960TABLE3A11.xlsx)
2020,Ladakh,Other Than Custodial Rape (Section 376(2)) - Repeated Rape on same women (Sec.376(2)(n),,0,NCRB CII 2020 Table 3A.11 (1680767960TABLE3A11.xlsx)
2020,Lakshadweep,Other Than Custodial Rape (Section 376(2)) - Repeated Rape on same women (Sec.376(2)(n),,0,NCRB CII 2020 Table 3A.11 (1680767960TABLE3A11.xlsx)
2020,Puducherry,Other Than Custodial Rape (Section 376(2)) - Repeated Rape on same women (Sec.376(2)(n),,0,NCRB CII 2020 Table 3A.11 (1680767960TABLE3A11.xlsx)
2020,All India,Other Than Custodial Rape (Section 376(2)) - Repeated Rape on same women (Sec.376(2)(n),,2879,NCRB CII 2020 Table 3A.11 (1680767960TABLE3A11.xlsx)
2020,Andhra Pradesh,Other Than Custodial Rape (Section 376(2)) - Other Custodial Rapes,,60,NCRB CII 2020 Table 3A.11 (1680767960TABLE3A11.xlsx)
2020,Arunachal Pradesh,Other Than Custodial Rape (Section 376(2)) - Other Custodial Rapes,,0,NCRB CII 2020 Table 3A.11 (1680767960TABLE3A11.xlsx)
2020,Assam,Other Than Custodial Rape (Section 376(2)) - Other Custodial Rapes,,22,NCRB CII 2020 Table 3A.11 (1680767960TABLE3A11.xlsx)
2020,Bihar,Other Than Custodial Rape (Section 376(2)) - Other Custodial Rapes,,0,NCRB CII 2020 Table 3A.11 (1680767960TABLE3A11.xlsx)
2020,Chhattisgarh,Other Than Custodial Rape (Section 376(2)) - Other Custodial Rapes,,23,NCRB CII 2020 Table 3A.11 (1680767960TABLE3A11.xlsx)
2020,Goa,Other Than Custodial Rape (Section 376(2)) - Other Custodial Rapes,,0,NCRB CII 2020 Table 3A.11 (1680767960TABLE3A11.xlsx)
2020,Gujarat,Other Than Custodial Rape (Section 376(2)) - Other Custodial Rapes,,0,NCRB CII 2020 Table 3A.11 (1680767960TABLE3A11.xlsx)
2020,Haryana,Other Than Custodial Rape (Section 376(2)) - Other Custodial Rapes,,137,NCRB CII 2020 Table 3A.11 (1680767960TABLE3A11.xlsx)
2020,Himachal Pradesh,Other Than Custodial Rape (Section 376(2)) - Other Custodial Rapes,,0,NCRB CII 2020 Table 3A.11 (1680767960TABLE3A11.xlsx)
2020,Jharkhand,Other Than Custodial Rape (Section 376(2)) - Other Custodial Rapes,,0,NCRB CII 2020 Table 3A.11 (1680767960TABLE3A11.xlsx)
2020,Karnataka,Other Than Custodial Rape (Section 376(2)) - Other Custodial Rapes,,14,NCRB CII 2020 Table 3A.11 (1680767960TABLE3A11.xlsx)
2020,Kerala,Other Than Custodial Rape (Section 376(2)) - Other Custodial Rapes,,52,NCRB CII 2020 Table 3A.11 (1680767960TABLE3A11.xlsx)
2020,Madhya Pradesh,Other Than Custodial Rape (Section 376(2)) - Other Custodial Rapes,,175,NCRB CII 2020 Table 3A.11 (1680767960TABLE3A11.xlsx)
2020,Maharashtra,Other Than Custodial Rape (Section 376(2)) - Other Custodial Rapes,,63,NCRB CII 2020 Table 3A.11 (1680767960TABLE3A11.xlsx)
2020,Manipur,Other Than Custodial Rape (Section 376(2)) - Other Custodial Rapes,,0,NCRB CII 2020 Table 3A.11 (1680767960TABLE3A11.xlsx)
2020,Meghalaya,Other Than Custodial Rape (Section 376(2)) - Other Custodial Rapes,,0,NCRB CII 2020 Table 3A.11 (1680767960TABLE3A11.xlsx)
2020,Mizoram,Other Than Custodial Rape (Section 376(2)) - Other Custodial Rapes,,1,NCRB CII 2020 Table 3A.11 (1680767960TABLE3A11.xlsx)
2020,Nagaland,Other Than Custodial Rape (Section 376(2)) - Other Custodial Rapes,,0,NCRB CII 2020 Table 3A.11 (1680767960TABLE3A11.xlsx)
2020,Odisha,Other Than Custodial Rape (Section 376(2)) - Other Custodial Rapes,,0,NCRB CII 2020 Table 3A.11 (1680767960TABLE3A11.xlsx)
2020,Punjab,Other Than Custodial Rape (Section 376(2)) - Other Custodial Rapes,,0,NCRB CII 2020 Table 3A.11 (1680767960TABLE3A11.xlsx)
2020,Rajasthan,Other Than Custodial Rape (Section 376(2)) - Other Custodial Rapes,,111,NCRB CII 2020 Table 3A.11 (1680767960TABLE3A11.xlsx)
2020,Sikkim,Other Than Custodial Rape (Section 376(2)) - Other Custodial Rapes,,0,NCRB CII 2020 Table 3A.11 (1680767960TABLE3A11.xlsx)
2020,Tamil Nadu,Other Than Custodial Rape (Section 376(2)) - Other Custodial Rapes,,1,NCRB CII 2020 Table 3A.11 (1680767960TABLE3A11.xlsx)
2020,Telangana,Other Than Custodial Rape (Section 376(2)) - Other Custodial Rapes,,48,NCRB CII 2020 Table 3A.11 (1680767960TABLE3A11.xlsx)
2020,Tripura,Other Than Custodial Rape (Section 376(2)) - Other Custodial Rapes,,0,NCRB CII 2020 Table 3A.11 (1680767960TABLE3A11.xlsx)
2020,Uttar Pradesh,Other Than Custodial Rape (Section 376(2)) - Other Custodial Rapes,,61,NCRB CII 2020 Table 3A.11 (1680767960TABLE3A11.xlsx)
2020,Uttarakhand,Other Than Custodial Rape (Section 376(2)) - Other Custodial Rapes,,1,NCRB CII 2020 Table 3A.11 (1680767960TABLE3A11.xlsx)
2020,West Bengal,Other Than Custodial Rape (Section 376(2)) - Other Custodial Rapes,,83,NCRB CII 2020 Table 3A.11 (1680767960TABLE3A11.xlsx)
2020,Andaman & Nicobar Islands,Other Than Custodial Rape (Section 376(2)) - Other Custodial Rapes,,0,NCRB CII 2020 Table 3A.11 (1680767960TABLE3A11.xlsx)
2020,Chandigarh,Other Than Custodial Rape (Section 376(2)) - Other Custodial Rapes,,6,NCRB CII 2020 Table 3A.11 (1680767960TABLE3A11.xlsx)
2020,Dadra & Nagar Haveli and Daman & Diu,Other Than Custodial Rape (Section 376(2)) - Other Custodial Rapes,,0,NCRB CII 2020 Table 3A.11 (1680767960TABLE3A11.xlsx)
2020,Delhi,Other Than Custodial Rape (Section 376(2)) - Other Custodial Rapes,,3,NCRB CII 2020 Table 3A.11 (1680767960TABLE3A11.xlsx)
2020,Jammu & Kashmir,Other Than Custodial Rape (Section 376(2)) - Other Custodial Rapes,,14,NCRB CII 2020 Table 3A.11 (1680767960TABLE3A11.xlsx)
2020,Ladakh,Other Than Custodial Rape (Section 376(2)) - Other Custodial Rapes,,0,NCRB CII 2020 Table 3A.11 (1680767960TABLE3A11.xlsx)
2020,Lakshadweep,Other Than Custodial Rape (Section 376(2)) - Other Custodial Rapes,,0,NCRB CII 2020 Table 3A.11 (1680767960TABLE3A11.xlsx)
2020,Puducherry,Other Than Custodial Rape (Section 376(2)) - Other Custodial Rapes,,0,NCRB CII 2020 Table 3A.11 (1680767960TABLE3A11.xlsx)
2020,All India,Other Than Custodial Rape (Section 376(2)) - Other Custodial Rapes,,875,NCRB CII 2020 Table 3A.11 (1680767960TABLE3A11.xlsx)
2020,Andhra Pradesh,Punishment upto 20 years extended to life for Rape (Below 16 Yrs) (Sec.376(3)),,51,NCRB CII 2020 Table 3A.11 (1680767960TABLE3A11.xlsx)
2020,Arunachal Pradesh,Punishment upto 20 years extended to life for Rape (Below 16 Yrs) (Sec.376(3)),,0,NCRB CII 2020 Table 3A.11 (1680767960TABLE3A11.xlsx)
2020,Assam,Punishment upto 20 years extended to life for Rape (Below 16 Yrs) (Sec.376(3)),,0,NCRB CII 2020 Table 3A.11 (1680767960TABLE3A11.xlsx)
2020,Bihar,Punishment upto 20 years extended to life for Rape (Below 16 Yrs) (Sec.376(3)),,0,NCRB CII 2020 Table 3A.11 (1680767960TABLE3A11.xlsx)
2020,Chhattisgarh,Punishment upto 20 years extended to life for Rape (Below 16 Yrs) (Sec.376(3)),,0,NCRB CII 2020 Table 3A.11 (1680767960TABLE3A11.xlsx)
2020,Goa,Punishment upto 20 years extended to life for Rape (Below 16 Yrs) (Sec.376(3)),,6,NCRB CII 2020 Table 3A.11 (1680767960TABLE3A11.xlsx)
2020,Gujarat,Punishment upto 20 years extended to life for Rape (Below 16 Yrs) (Sec.376(3)),,0,NCRB CII 2020 Table 3A.11 (1680767960TABLE3A11.xlsx)
2020,Haryana,Punishment upto 20 years extended to life for Rape (Below 16 Yrs) (Sec.376(3)),,0,NCRB CII 2020 Table 3A.11 (1680767960TABLE3A11.xlsx)
2020,Himachal Pradesh,Punishment upto 20 years extended to life for Rape (Below 16 Yrs) (Sec.376(3)),,2,NCRB CII 2020 Table 3A.11 (1680767960TABLE3A11.xlsx)
2020,Jharkhand,Punishment upto 20 years extended to life for Rape (Below 16 Yrs) (Sec.376(3)),,0,NCRB CII 2020 Table 3A.11 (1680767960TABLE3A11.xlsx)
2020,Karnataka,Punishment upto 20 years extended to life for Rape (Below 16 Yrs) (Sec.376(3)),,0,NCRB CII 2020 Table 3A.11 (1680767960TABLE3A11.xlsx)
2020,Kerala,Punishment upto 20 years extended to life for Rape (Below 16 Yrs) (Sec.376(3)),,3,NCRB CII 2020 Table 3A.11 (1680767960TABLE3A11.xlsx)
2020,Madhya Pradesh,Punishment upto 20 years extended to life for Rape (Below 16 Yrs) (Sec.376(3)),,0,NCRB CII 2020 Table 3A.11 (1680767960TABLE3A11.xlsx)
2020,Maharashtra,Punishment upto 20 years extended to life for Rape (Below 16 Yrs) (Sec.376(3)),,0,NCRB CII 2020 Table 3A.11 (1680767960TABLE3A11.xlsx)
2020,Manipur,Punishment upto 20 years extended to life for Rape (Below 16 Yrs) (Sec.376(3)),,0,NCRB CII 2020 Table 3A.11 (1680767960TABLE3A11.xlsx)
2020,Meghalaya,Punishment upto 20 years extended to life for Rape (Below 16 Yrs) (Sec.376(3)),,0,NCRB CII 2020 Table 3A.11 (1680767960TABLE3A11.xlsx)
2020,Mizoram,Punishment upto 20 years extended to life for Rape (Below 16 Yrs) (Sec.376(3)),,13,NCRB CII 2020 Table 3A.11 (1680767960TABLE3A11.xlsx)
2020,Nagaland,Punishment upto 20 years extended to life for Rape (Below 16 Yrs) (Sec.376(3)),,0,NCRB CII 2020 Table 3A.11 (1680767960TABLE3A11.xlsx)
2020,Odisha,Punishment upto 20 years extended to life for Rape (Below 16 Yrs) (Sec.376(3)),,1,NCRB CII 2020 Table 3A.11 (1680767960TABLE3A11.xlsx)
2020,Punjab,Punishment upto 20 years extended to life for Rape (Below 16 Yrs) (Sec.376(3)),,0,NCRB CII 2020 Table 3A.11 (1680767960TABLE3A11.xlsx)
2020,Rajasthan,Punishment upto 20 years extended to life for Rape (Below 16 Yrs) (Sec.376(3)),,18,NCRB CII 2020 Table 3A.11 (1680767960TABLE3A11.xlsx)
2020,Sikkim,Punishment upto 20 years extended to life for Rape (Below 16 Yrs) (Sec.376(3)),,0,NCRB CII 2020 Table 3A.11 (1680767960TABLE3A11.xlsx)
2020,Tamil Nadu,Punishment upto 20 years extended to life for Rape (Below 16 Yrs) (Sec.376(3)),,0,NCRB CII 2020 Table 3A.11 (1680767960TABLE3A11.xlsx)
2020,Telangana,Punishment upto 20 years extended to life for Rape (Below 16 Yrs) (Sec.376(3)),,0,NCRB CII 2020 Table 3A.11 (1680767960TABLE3A11.xlsx)
2020,Tripura,Punishment upto 20 years extended to life for Rape (Below 16 Yrs) (Sec.376(3)),,0,NCRB CII 2020 Table 3A.11 (1680767960TABLE3A11.xlsx)
2020,Uttar Pradesh,Punishment upto 20 years extended to life for Rape (Below 16 Yrs) (Sec.376(3)),,2,NCRB CII 2020 Table 3A.11 (1680767960TABLE3A11.xlsx)
2020,Uttarakhand,Punishment upto 20 years extended to life for Rape (Below 16 Yrs) (Sec.376(3)),,0,NCRB CII 2020 Table 3A.11 (1680767960TABLE3A11.xlsx)
2020,West Bengal,Punishment upto 20 years extended to life for Rape (Below 16 Yrs) (Sec.376(3)),,0,NCRB CII 2020 Table 3A.11 (1680767960TABLE3A11.xlsx)
2020,Andaman & Nicobar Islands,Punishment upto 20 years extended to life for Rape (Below 16 Yrs) (Sec.376(3)),,0,NCRB CII 2020 Table 3A.11 (1680767960TABLE3A11.xlsx)
2020,Chandigarh,Punishment upto 20 years extended to life for Rape (Below 16 Yrs) (Sec.376(3)),,11,NCRB CII 2020 Table 3A.11 (1680767960TABLE3A11.xlsx)
2020,Dadra & Nagar Haveli and Daman & Diu,Punishment upto 20 years extended to life for Rape (Below 16 Yrs) (Sec.376(3)),,0,NCRB CII 2020 Table 3A.11 (1680767960TABLE3A11.xlsx)
2020,Delhi,Punishment upto 20 years extended to life for Rape (Below 16 Yrs) (Sec.376(3)),,0,NCRB CII 2020 Table 3A.11 (1680767960TABLE3A11.xlsx)
2020,Jammu & Kashmir,Punishment upto 20 years extended to life for Rape (Below 16 Yrs) (Sec.376(3)),,0,NCRB CII 2020 Table 3A.11 (1680767960TABLE3A11.xlsx)
2020,Ladakh,Punishment upto 20 years extended to life for Rape (Below 16 Yrs) (Sec.376(3)),,0,NCRB CII 2020 Table 3A.11 (1680767960TABLE3A11.xlsx)
2020,Lakshadweep,Punishment upto 20 years extended to life for Rape (Below 16 Yrs) (Sec.376(3)),,0,NCRB CII 2020 Table 3A.11 (1680767960TABLE3A11.xlsx)
2020,Puducherry,Punishment upto 20 years extended to life for Rape (Below 16 Yrs) (Sec.376(3)),,0,NCRB CII 2020 Table 3A.11 (1680767960TABLE3A11.xlsx)
2020,All India,Punishment upto 20 years extended to life for Rape (Below 16 Yrs) (Sec.376(3)),,107,NCRB CII 2020 Table 3A.11 (1680767960TABLE3A11.xlsx)
2020,Andhra Pradesh,Punishment for causing Death (Sec.376(A)),,5,NCRB CII 2020 Table 3A.11 (1680767960TABLE3A11.xlsx)
2020,Arunachal Pradesh,Punishment for causing Death (Sec.376(A)),,0,NCRB CII 2020 Table 3A.11 (1680767960TABLE3A11.xlsx)
2020,Assam,Punishment for causing Death (Sec.376(A)),,0,NCRB CII 2020 Table 3A.11 (1680767960TABLE3A11.xlsx)
2020,Bihar,Punishment for causing Death (Sec.376(A)),,0,NCRB CII 2020 Table 3A.11 (1680767960TABLE3A11.xlsx)
2020,Chhattisgarh,Punishment for causing Death (Sec.376(A)),,0,NCRB CII 2020 Table 3A.11 (1680767960TABLE3A11.xlsx)
2020,Goa,Punishment for causing Death (Sec.376(A)),,0,NCRB CII 2020 Table 3A.11 (1680767960TABLE3A11.xlsx)
2020,Gujarat,Punishment for causing Death (Sec.376(A)),,0,NCRB CII 2020 Table 3A.11 (1680767960TABLE3A11.xlsx)
2020,Haryana,Punishment for causing Death (Sec.376(A)),,1,NCRB CII 2020 Table 3A.11 (1680767960TABLE3A11.xlsx)
2020,Himachal Pradesh,Punishment for causing Death (Sec.376(A)),,0,NCRB CII 2020 Table 3A.11 (1680767960TABLE3A11.xlsx)
2020,Jharkhand,Punishment for causing Death (Sec.376(A)),,0,NCRB CII 2020 Table 3A.11 (1680767960TABLE3A11.xlsx)
2020,Karnataka,Punishment for causing Death (Sec.376(A)),,0,NCRB CII 2020 Table 3A.11 (1680767960TABLE3A11.xlsx)
2020,Kerala,Punishment for causing Death (Sec.376(A)),,0,NCRB CII 2020 Table 3A.11 (1680767960TABLE3A11.xlsx)
2020,Madhya Pradesh,Punishment for causing Death (Sec.376(A)),,2,NCRB CII 2020 Table 3A.11 (1680767960TABLE3A11.xlsx)
2020,Maharashtra,Punishment for causing Death (Sec.376(A)),,0,NCRB CII 2020 Table 3A.11 (1680767960TABLE3A11.xlsx)
2020,Manipur,Punishment for causing Death (Sec.376(A)),,0,NCRB CII 2020 Table 3A.11 (1680767960TABLE3A11.xlsx)
2020,Meghalaya,Punishment for causing Death (Sec.376(A)),,0,NCRB CII 2020 Table 3A.11 (1680767960TABLE3A11.xlsx)
2020,Mizoram,Punishment for causing Death (Sec.376(A)),,0,NCRB CII 2020 Table 3A.11 (1680767960TABLE3A11.xlsx)
2020,Nagaland,Punishment for causing Death (Sec.376(A)),,0,NCRB CII 2020 Table 3A.11 (1680767960TABLE3A11.xlsx)
2020,Odisha,Punishment for causing Death (Sec.376(A)),,1,NCRB CII 2020 Table 3A.11 (1680767960TABLE3A11.xlsx)
2020,Punjab,Punishment for causing Death (Sec.376(A)),,0,NCRB CII 2020 Table 3A.11 (1680767960TABLE3A11.xlsx)
2020,Rajasthan,Punishment for causing Death (Sec.376(A)),,0,NCRB CII 2020 Table 3A.11 (1680767960TABLE3A11.xlsx)
2020,Sikkim,Punishment for causing Death (Sec.376(A)),,0,NCRB CII 2020 Table 3A.11 (1680767960TABLE3A11.xlsx)
2020,Tamil Nadu,Punishment for causing Death (Sec.376(A)),,0,NCRB CII 2020 Table 3A.11 (1680767960TABLE3A11.xlsx)
2020,Telangana,Punishment for causing Death (Sec.376(A)),,0,NCRB CII 2020 Table 3A.11 (1680767960TABLE3A11.xlsx)
2020,Tripura,Punishment for causing Death (Sec.376(A)),,0,NCRB CII 2020 Table 3A.11 (1680767960TABLE3A11.xlsx)
2020,Uttar Pradesh,Punishment for causing Death (Sec.376(A)),,0,NCRB CII 2020 Table 3A.11 (1680767960TABLE3A11.xlsx)
2020,Uttarakhand,Punishment for causing Death (Sec.376(A)),,0,NCRB CII 2020 Table 3A.11 (1680767960TABLE3A11.xlsx)
2020,West Bengal,Punishment for causing Death (Sec.376(A)),,0,NCRB CII 2020 Table 3A.11 (1680767960TABLE3A11.xlsx)
2020,Andaman & Nicobar Islands,Punishment for causing Death (Sec.376(A)),,0,NCRB CII 2020 Table 3A.11 (1680767960TABLE3A11.xlsx)
2020,Chandigarh,Punishment for causing Death (Sec.376(A)),,0,NCRB CII 2020 Table 3A.11 (1680767960TABLE3A11.xlsx)
2020,Dadra & Nagar Haveli and Daman & Diu,Punishment for causing Death (Sec.376(A)),,0,NCRB CII 2020 Table 3A.11 (1680767960TABLE3A11.xlsx)
2020,Delhi,Punishment for causing Death (Sec.376(A)),,1,NCRB CII 2020 Table 3A.11 (1680767960TABLE3A11.xlsx)
2020,Jammu & Kashmir,Punishment for causing Death (Sec.376(A)),,0,NCRB CII 2020 Table 3A.11 (1680767960TABLE3A11.xlsx)
2020,Ladakh,Punishment for causing Death (Sec.376(A)),,0,NCRB CII 2020 Table 3A.11 (1680767960TABLE3A11.xlsx)
2020,Lakshadweep,Punishment for causing Death (Sec.376(A)),,0,NCRB CII 2020 Table 3A.11 (1680767960TABLE3A11.xlsx)
2020,Puducherry,Punishment for causing Death (Sec.376(A)),,0,NCRB CII 2020 Table 3A.11 (1680767960TABLE3A11.xlsx)
2020,All India,Punishment for causing Death (Sec.376(A)),,10,NCRB CII 2020 Table 3A.11 (1680767960TABLE3A11.xlsx)
2020,Andhra Pradesh,By Separated husband (Sec.376 (B)),,1,NCRB CII 2020 Table 3A.11 (1680767960TABLE3A11.xlsx)
2020,Arunachal Pradesh,By Separated husband (Sec.376 (B)),,0,NCRB CII 2020 Table 3A.11 (1680767960TABLE3A11.xlsx)
2020,Assam,By Separated husband (Sec.376 (B)),,3,NCRB CII 2020 Table 3A.11 (1680767960TABLE3A11.xlsx)
2020,Bihar,By Separated husband (Sec.376 (B)),,0,NCRB CII 2020 Table 3A.11 (1680767960TABLE3A11.xlsx)
2020,Chhattisgarh,By Separated husband (Sec.376 (B)),,0,NCRB CII 2020 Table 3A.11 (1680767960TABLE3A11.xlsx)
2020,Goa,By Separated husband (Sec.376 (B)),,0,NCRB CII 2020 Table 3A.11 (1680767960TABLE3A11.xlsx)
2020,Gujarat,By Separated husband (Sec.376 (B)),,1,NCRB CII 2020 Table 3A.11 (1680767960TABLE3A11.xlsx)
2020,Haryana,By Separated husband (Sec.376 (B)),,7,NCRB CII 2020 Table 3A.11 (1680767960TABLE3A11.xlsx)
2020,Himachal Pradesh,By Separated husband (Sec.376 (B)),,0,NCRB CII 2020 Table 3A.11 (1680767960TABLE3A11.xlsx)
2020,Jharkhand,By Separated husband (Sec.376 (B)),,0,NCRB CII 2020 Table 3A.11 (1680767960TABLE3A11.xlsx)
2020,Karnataka,By Separated husband (Sec.376 (B)),,0,NCRB CII 2020 Table 3A.11 (1680767960TABLE3A11.xlsx)
2020,Kerala,By Separated husband (Sec.376 (B)),,1,NCRB CII 2020 Table 3A.11 (1680767960TABLE3A11.xlsx)
2020,Madhya Pradesh,By Separated husband (Sec.376 (B)),,4,NCRB CII 2020 Table 3A.11 (1680767960TABLE3A11.xlsx)
2020,Maharashtra,By Separated husband (Sec.376 (B)),,7,NCRB CII 2020 Table 3A.11 (1680767960TABLE3A11.xlsx)
2020,Manipur,By Separated husband (Sec.376 (B)),,0,NCRB CII 2020 Table 3A.11 (1680767960TABLE3A11.xlsx)
2020,Meghalaya,By Separated husband (Sec.376 (B)),,0,NCRB CII 2020 Table 3A.11 (1680767960TABLE3A11.xlsx)
2020,Mizoram,By Separated husband (Sec.376 (B)),,0,NCRB CII 2020 Table 3A.11 (1680767960TABLE3A11.xlsx)
2020,Nagaland,By Separated husband (Sec.376 (B)),,0,NCRB CII 2020 Table 3A.11 (1680767960TABLE3A11.xlsx)
2020,Odisha,By Separated husband (Sec.376 (B)),,1,NCRB CII 2020 Table 3A.11 (1680767960TABLE3A11.xlsx)
2020,Punjab,By Separated husband (Sec.376 (B)),,0,NCRB CII 2020 Table 3A.11 (1680767960TABLE3A11.xlsx)
2020,Rajasthan,By Separated husband (Sec.376 (B)),,1,NCRB CII 2020 Table 3A.11 (1680767960TABLE3A11.xlsx)
2020,Sikkim,By Separated husband (Sec.376 (B)),,0,NCRB CII 2020 Table 3A.11 (1680767960TABLE3A11.xlsx)
2020,Tamil Nadu,By Separated husband (Sec.376 (B)),,0,NCRB CII 2020 Table 3A.11 (1680767960TABLE3A11.xlsx)
2020,Telangana,By Separated husband (Sec.376 (B)),,0,NCRB CII 2020 Table 3A.11 (1680767960TABLE3A11.xlsx)
2020,Tripura,By Separated husband (Sec.376 (B)),,0,NCRB CII 2020 Table 3A.11 (1680767960TABLE3A11.xlsx)
2020,Uttar Pradesh,By Separated husband (Sec.376 (B)),,0,NCRB CII 2020 Table 3A.11 (1680767960TABLE3A11.xlsx)
2020,Uttarakhand,By Separated husband (Sec.376 (B)),,0,NCRB CII 2020 Table 3A.11 (1680767960TABLE3A11.xlsx)
2020,West Bengal,By Separated husband (Sec.376 (B)),,3,NCRB CII 2020 Table 3A.11 (1680767960TABLE3A11.xlsx)
2020,Andaman & Nicobar Islands,By Separated husband (Sec.376 (B)),,0,NCRB CII 2020 Table 3A.11 (1680767960TABLE3A11.xlsx)
2020,Chandigarh,By Separated husband (Sec.376 (B)),,0,NCRB CII 2020 Table 3A.11 (1680767960TABLE3A11.xlsx)
2020,Dadra & Nagar Haveli and Daman & Diu,By Separated husband (Sec.376 (B)),,0,NCRB CII 2020 Table 3A.11 (1680767960TABLE3A11.xlsx)
2020,Delhi,By Separated husband (Sec.376 (B)),,3,NCRB CII 2020 Table 3A.11 (1680767960TABLE3A11.xlsx)
2020,Jammu & Kashmir,By Separated husband (Sec.376 (B)),,0,NCRB CII 2020 Table 3A.11 (1680767960TABLE3A11.xlsx)
2020,Ladakh,By Separated husband (Sec.376 (B)),,0,NCRB CII 2020 Table 3A.11 (1680767960TABLE3A11.xlsx)
2020,Lakshadweep,By Separated husband (Sec.376 (B)),,0,NCRB CII 2020 Table 3A.11 (1680767960TABLE3A11.xlsx)
2020,Puducherry,By Separated husband (Sec.376 (B)),,0,NCRB CII 2020 Table 3A.11 (1680767960TABLE3A11.xlsx)
2020,All India,By Separated husband (Sec.376 (B)),,32,NCRB CII 2020 Table 3A.11 (1680767960TABLE3A11.xlsx)
2020,Andhra Pradesh,Rape/Gang Rape of Girl Below 16 Yrs (Imprisonment for life till death) (Sec.376(DA)),,36,NCRB CII 2020 Table 3A.11 (1680767960TABLE3A11.xlsx)
2020,Arunachal Pradesh,Rape/Gang Rape of Girl Below 16 Yrs (Imprisonment for life till death) (Sec.376(DA)),,0,NCRB CII 2020 Table 3A.11 (1680767960TABLE3A11.xlsx)
2020,Assam,Rape/Gang Rape of Girl Below 16 Yrs (Imprisonment for life till death) (Sec.376(DA)),,0,NCRB CII 2020 Table 3A.11 (1680767960TABLE3A11.xlsx)
2020,Bihar,Rape/Gang Rape of Girl Below 16 Yrs (Imprisonment for life till death) (Sec.376(DA)),,1,NCRB CII 2020 Table 3A.11 (1680767960TABLE3A11.xlsx)
2020,Chhattisgarh,Rape/Gang Rape of Girl Below 16 Yrs (Imprisonment for life till death) (Sec.376(DA)),,1,NCRB CII 2020 Table 3A.11 (1680767960TABLE3A11.xlsx)
2020,Goa,Rape/Gang Rape of Girl Below 16 Yrs (Imprisonment for life till death) (Sec.376(DA)),,2,NCRB CII 2020 Table 3A.11 (1680767960TABLE3A11.xlsx)
2020,Gujarat,Rape/Gang Rape of Girl Below 16 Yrs (Imprisonment for life till death) (Sec.376(DA)),,0,NCRB CII 2020 Table 3A.11 (1680767960TABLE3A11.xlsx)
2020,Haryana,Rape/Gang Rape of Girl Below 16 Yrs (Imprisonment for life till death) (Sec.376(DA)),,0,NCRB CII 2020 Table 3A.11 (1680767960TABLE3A11.xlsx)
2020,Himachal Pradesh,Rape/Gang Rape of Girl Below 16 Yrs (Imprisonment for life till death) (Sec.376(DA)),,11,NCRB CII 2020 Table 3A.11 (1680767960TABLE3A11.xlsx)
2020,Jharkhand,Rape/Gang Rape of Girl Below 16 Yrs (Imprisonment for life till death) (Sec.376(DA)),,0,NCRB CII 2020 Table 3A.11 (1680767960TABLE3A11.xlsx)
2020,Karnataka,Rape/Gang Rape of Girl Below 16 Yrs (Imprisonment for life till death) (Sec.376(DA)),,0,NCRB CII 2020 Table 3A.11 (1680767960TABLE3A11.xlsx)
2020,Kerala,Rape/Gang Rape of Girl Below 16 Yrs (Imprisonment for life till death) (Sec.376(DA)),,0,NCRB CII 2020 Table 3A.11 (1680767960TABLE3A11.xlsx)
2020,Madhya Pradesh,Rape/Gang Rape of Girl Below 16 Yrs (Imprisonment for life till death) (Sec.376(DA)),,0,NCRB CII 2020 Table 3A.11 (1680767960TABLE3A11.xlsx)
2020,Maharashtra,Rape/Gang Rape of Girl Below 16 Yrs (Imprisonment for life till death) (Sec.376(DA)),,0,NCRB CII 2020 Table 3A.11 (1680767960TABLE3A11.xlsx)
2020,Manipur,Rape/Gang Rape of Girl Below 16 Yrs (Imprisonment for life till death) (Sec.376(DA)),,0,NCRB CII 2020 Table 3A.11 (1680767960TABLE3A11.xlsx)
2020,Meghalaya,Rape/Gang Rape of Girl Below 16 Yrs (Imprisonment for life till death) (Sec.376(DA)),,0,NCRB CII 2020 Table 3A.11 (1680767960TABLE3A11.xlsx)
2020,Mizoram,Rape/Gang Rape of Girl Below 16 Yrs (Imprisonment for life till death) (Sec.376(DA)),,1,NCRB CII 2020 Table 3A.11 (1680767960TABLE3A11.xlsx)
2020,Nagaland,Rape/Gang Rape of Girl Below 16 Yrs (Imprisonment for life till death) (Sec.376(DA)),,0,NCRB CII 2020 Table 3A.11 (1680767960TABLE3A11.xlsx)
2020,Odisha,Rape/Gang Rape of Girl Below 16 Yrs (Imprisonment for life till death) (Sec.376(DA)),,2,NCRB CII 2020 Table 3A.11 (1680767960TABLE3A11.xlsx)
2020,Punjab,Rape/Gang Rape of Girl Below 16 Yrs (Imprisonment for life till death) (Sec.376(DA)),,0,NCRB CII 2020 Table 3A.11 (1680767960TABLE3A11.xlsx)
2020,Rajasthan,Rape/Gang Rape of Girl Below 16 Yrs (Imprisonment for life till death) (Sec.376(DA)),,48,NCRB CII 2020 Table 3A.11 (1680767960TABLE3A11.xlsx)
2020,Sikkim,Rape/Gang Rape of Girl Below 16 Yrs (Imprisonment for life till death) (Sec.376(DA)),,0,NCRB CII 2020 Table 3A.11 (1680767960TABLE3A11.xlsx)
2020,Tamil Nadu,Rape/Gang Rape of Girl Below 16 Yrs (Imprisonment for life till death) (Sec.376(DA)),,0,NCRB CII 2020 Table 3A.11 (1680767960TABLE3A11.xlsx)
2020,Telangana,Rape/Gang Rape of Girl Below 16 Yrs (Imprisonment for life till death) (Sec.376(DA)),,0,NCRB CII 2020 Table 3A.11 (1680767960TABLE3A11.xlsx)
2020,Tripura,Rape/Gang Rape of Girl Below 16 Yrs (Imprisonment for life till death) (Sec.376(DA)),,0,NCRB CII 2020 Table 3A.11 (1680767960TABLE3A11.xlsx)
2020,Uttar Pradesh,Rape/Gang Rape of Girl Below 16 Yrs (Imprisonment for life till death) (Sec.376(DA)),,5,NCRB CII 2020 Table 3A.11 (1680767960TABLE3A11.xlsx)
2020,Uttarakhand,Rape/Gang Rape of Girl Below 16 Yrs (Imprisonment for life till death) (Sec.376(DA)),,0,NCRB CII 2020 Table 3A.11 (1680767960TABLE3A11.xlsx)
2020,West Bengal,Rape/Gang Rape of Girl Below 16 Yrs (Imprisonment for life till death) (Sec.376(DA)),,0,NCRB CII 2020 Table 3A.11 (1680767960TABLE3A11.xlsx)
2020,Andaman & Nicobar Islands,Rape/Gang Rape of Girl Below 16 Yrs (Imprisonment for life till death) (Sec.376(DA)),,0,NCRB CII 2020 Table 3A.11 (1680767960TABLE3A11.xlsx)
2020,Chandigarh,Rape/Gang Rape of Girl Below 16 Yrs (Imprisonment for life till death) (Sec.376(DA)),,2,NCRB CII 2020 Table 3A.11 (1680767960TABLE3A11.xlsx)
2020,Dadra & Nagar Haveli and Daman & Diu,Rape/Gang Rape of Girl Below 16 Yrs (Imprisonment for life till death) (Sec.376(DA)),,0,NCRB CII 2020 Table 3A.11 (1680767960TABLE3A11.xlsx)
2020,Delhi,Rape/Gang Rape of Girl Below 16 Yrs (Imprisonment for life till death) (Sec.376(DA)),,0,NCRB CII 2020 Table 3A.11 (1680767960TABLE3A11.xlsx)
2020,Jammu & Kashmir,Rape/Gang Rape of Girl Below 16 Yrs (Imprisonment for life till death) (Sec.376(DA)),,0,NCRB CII 2020 Table 3A.11 (1680767960TABLE3A11.xlsx)
2020,Ladakh,Rape/Gang Rape of Girl Below 16 Yrs (Imprisonment for life till death) (Sec.376(DA)),,0,NCRB CII 2020 Table 3A.11 (1680767960TABLE3A11.xlsx)
2020,Lakshadweep,Rape/Gang Rape of Girl Below 16 Yrs (Imprisonment for life till death) (Sec.376(DA)),,0,NCRB CII 2020 Table 3A.11 (1680767960TABLE3A11.xlsx)
2020,Puducherry,Rape/Gang Rape of Girl Below 16 Yrs (Imprisonment for life till death) (Sec.376(DA)),,0,NCRB CII 2020 Table 3A.11 (1680767960TABLE3A11.xlsx)
2020,All India,Rape/Gang Rape of Girl Below 16 Yrs (Imprisonment for life till death) (Sec.376(DA)),,109,NCRB CII 2020 Table 3A.11 (1680767960TABLE3A11.xlsx)
2020,Andhra Pradesh,By Person in Authority (Sec.376 (C)),,3,NCRB CII 2020 Table 3A.11 (1680767960TABLE3A11.xlsx)
2020,Arunachal Pradesh,By Person in Authority (Sec.376 (C)),,0,NCRB CII 2020 Table 3A.11 (1680767960TABLE3A11.xlsx)
2020,Assam,By Person in Authority (Sec.376 (C)),,0,NCRB CII 2020 Table 3A.11 (1680767960TABLE3A11.xlsx)
2020,Bihar,By Person in Authority (Sec.376 (C)),,0,NCRB CII 2020 Table 3A.11 (1680767960TABLE3A11.xlsx)
2020,Chhattisgarh,By Person in Authority (Sec.376 (C)),,0,NCRB CII 2020 Table 3A.11 (1680767960TABLE3A11.xlsx)
2020,Goa,By Person in Authority (Sec.376 (C)),,0,NCRB CII 2020 Table 3A.11 (1680767960TABLE3A11.xlsx)
2020,Gujarat,By Person in Authority (Sec.376 (C)),,0,NCRB CII 2020 Table 3A.11 (1680767960TABLE3A11.xlsx)
2020,Haryana,By Person in Authority (Sec.376 (C)),,1,NCRB CII 2020 Table 3A.11 (1680767960TABLE3A11.xlsx)
2020,Himachal Pradesh,By Person in Authority (Sec.376 (C)),,0,NCRB CII 2020 Table 3A.11 (1680767960TABLE3A11.xlsx)
2020,Jharkhand,By Person in Authority (Sec.376 (C)),,0,NCRB CII 2020 Table 3A.11 (1680767960TABLE3A11.xlsx)
2020,Karnataka,By Person in Authority (Sec.376 (C)),,1,NCRB CII 2020 Table 3A.11 (1680767960TABLE3A11.xlsx)
2020,Kerala,By Person in Authority (Sec.376 (C)),,0,NCRB CII 2020 Table 3A.11 (1680767960TABLE3A11.xlsx)
2020,Madhya Pradesh,By Person in Authority (Sec.376 (C)),,3,NCRB CII 2020 Table 3A.11 (1680767960TABLE3A11.xlsx)
2020,Maharashtra,By Person in Authority (Sec.376 (C)),,2,NCRB CII 2020 Table 3A.11 (1680767960TABLE3A11.xlsx)
2020,Manipur,By Person in Authority (Sec.376 (C)),,0,NCRB CII 2020 Table 3A.11 (1680767960TABLE3A11.xlsx)
2020,Meghalaya,By Person in Authority (Sec.376 (C)),,0,NCRB CII 2020 Table 3A.11 (1680767960TABLE3A11.xlsx)
2020,Mizoram,By Person in Authority (Sec.376 (C)),,0,NCRB CII 2020 Table 3A.11 (1680767960TABLE3A11.xlsx)
2020,Nagaland,By Person in Authority (Sec.376 (C)),,0,NCRB CII 2020 Table 3A.11 (1680767960TABLE3A11.xlsx)
2020,Odisha,By Person in Authority (Sec.376 (C)),,0,NCRB CII 2020 Table 3A.11 (1680767960TABLE3A11.xlsx)
2020,Punjab,By Person in Authority (Sec.376 (C)),,0,NCRB CII 2020 Table 3A.11 (1680767960TABLE3A11.xlsx)
2020,Rajasthan,By Person in Authority (Sec.376 (C)),,0,NCRB CII 2020 Table 3A.11 (1680767960TABLE3A11.xlsx)
2020,Sikkim,By Person in Authority (Sec.376 (C)),,0,NCRB CII 2020 Table 3A.11 (1680767960TABLE3A11.xlsx)
2020,Tamil Nadu,By Person in Authority (Sec.376 (C)),,0,NCRB CII 2020 Table 3A.11 (1680767960TABLE3A11.xlsx)
2020,Telangana,By Person in Authority (Sec.376 (C)),,0,NCRB CII 2020 Table 3A.11 (1680767960TABLE3A11.xlsx)
2020,Tripura,By Person in Authority (Sec.376 (C)),,0,NCRB CII 2020 Table 3A.11 (1680767960TABLE3A11.xlsx)
2020,Uttar Pradesh,By Person in Authority (Sec.376 (C)),,0,NCRB CII 2020 Table 3A.11 (1680767960TABLE3A11.xlsx)
2020,Uttarakhand,By Person in Authority (Sec.376 (C)),,0,NCRB CII 2020 Table 3A.11 (1680767960TABLE3A11.xlsx)
2020,West Bengal,By Person in Authority (Sec.376 (C)),,0,NCRB CII 2020 Table 3A.11 (1680767960TABLE3A11.xlsx)
2020,Andaman & Nicobar Islands,By Person in Authority (Sec.376 (C)),,0,NCRB CII 2020 Table 3A.11 (1680767960TABLE3A11.xlsx)
2020,Chandigarh,By Person in Authority (Sec.376 (C)),,0,NCRB CII 2020 Table 3A.11 (1680767960TABLE3A11.xlsx)
2020,Dadra & Nagar Haveli and Daman & Diu,By Person in Authority (Sec.376 (C)),,0,NCRB CII 2020 Table 3A.11 (1680767960TABLE3A11.xlsx)
2020,Delhi,By Person in Authority (Sec.376 (C)),,0,NCRB CII 2020 Table 3A.11 (1680767960TABLE3A11.xlsx)
2020,Jammu & Kashmir,By Person in Authority (Sec.376 (C)),,0,NCRB CII 2020 Table 3A.11 (1680767960TABLE3A11.xlsx)
2020,Ladakh,By Person in Authority (Sec.376 (C)),,0,NCRB CII 2020 Table 3A.11 (1680767960TABLE3A11.xlsx)
2020,Lakshadweep,By Person in Authority (Sec.376 (C)),,0,NCRB CII 2020 Table 3A.11 (1680767960TABLE3A11.xlsx)
2020,Puducherry,By Person in Authority (Sec.376 (C)),,0,NCRB CII 2020 Table 3A.11 (1680767960TABLE3A11.xlsx)
2020,All India,By Person in Authority (Sec.376 (C)),,10,NCRB CII 2020 Table 3A.11 (1680767960TABLE3A11.xlsx)
2020,Andhra Pradesh,Gang Rape (Sec.376(D)),,17,NCRB CII 2020 Table 3A.11 (1680767960TABLE3A11.xlsx)
2020,Arunachal Pradesh,Gang Rape (Sec.376(D)),,0,NCRB CII 2020 Table 3A.11 (1680767960TABLE3A11.xlsx)
2020,Assam,Gang Rape (Sec.376(D)),,19,NCRB CII 2020 Table 3A.11 (1680767960TABLE3A11.xlsx)
2020,Bihar,Gang Rape (Sec.376(D)),,6,NCRB CII 2020 Table 3A.11 (1680767960TABLE3A11.xlsx)
2020,Chhattisgarh,Gang Rape (Sec.376(D)),,16,NCRB CII 2020 Table 3A.11 (1680767960TABLE3A11.xlsx)
2020,Goa,Gang Rape (Sec.376(D)),,0,NCRB CII 2020 Table 3A.11 (1680767960TABLE3A11.xlsx)
2020,Gujarat,Gang Rape (Sec.376(D)),,18,NCRB CII 2020 Table 3A.11 (1680767960TABLE3A11.xlsx)
2020,Haryana,Gang Rape (Sec.376(D)),,163,NCRB CII 2020 Table 3A.11 (1680767960TABLE3A11.xlsx)
2020,Himachal Pradesh,Gang Rape (Sec.376(D)),,4,NCRB CII 2020 Table 3A.11 (1680767960TABLE3A11.xlsx)
2020,Jharkhand,Gang Rape (Sec.376(D)),,54,NCRB CII 2020 Table 3A.11 (1680767960TABLE3A11.xlsx)
2020,Karnataka,Gang Rape (Sec.376(D)),,8,NCRB CII 2020 Table 3A.11 (1680767960TABLE3A11.xlsx)
2020,Kerala,Gang Rape (Sec.376(D)),,12,NCRB CII 2020 Table 3A.11 (1680767960TABLE3A11.xlsx)
2020,Madhya Pradesh,Gang Rape (Sec.376(D)),,155,NCRB CII 2020 Table 3A.11 (1680767960TABLE3A11.xlsx)
2020,Maharashtra,Gang Rape (Sec.376(D)),,58,NCRB CII 2020 Table 3A.11 (1680767960TABLE3A11.xlsx)
2020,Manipur,Gang Rape (Sec.376(D)),,1,NCRB CII 2020 Table 3A.11 (1680767960TABLE3A11.xlsx)
2020,Meghalaya,Gang Rape (Sec.376(D)),,5,NCRB CII 2020 Table 3A.11 (1680767960TABLE3A11.xlsx)
2020,Mizoram,Gang Rape (Sec.376(D)),,1,NCRB CII 2020 Table 3A.11 (1680767960TABLE3A11.xlsx)
2020,Nagaland,Gang Rape (Sec.376(D)),,0,NCRB CII 2020 Table 3A.11 (1680767960TABLE3A11.xlsx)
2020,Odisha,Gang Rape (Sec.376(D)),,15,NCRB CII 2020 Table 3A.11 (1680767960TABLE3A11.xlsx)
2020,Punjab,Gang Rape (Sec.376(D)),,35,NCRB CII 2020 Table 3A.11 (1680767960TABLE3A11.xlsx)
2020,Rajasthan,Gang Rape (Sec.376(D)),,941,NCRB CII 2020 Table 3A.11 (1680767960TABLE3A11.xlsx)
2020,Sikkim,Gang Rape (Sec.376(D)),,0,NCRB CII 2020 Table 3A.11 (1680767960TABLE3A11.xlsx)
2020,Tamil Nadu,Gang Rape (Sec.376(D)),,2,NCRB CII 2020 Table 3A.11 (1680767960TABLE3A11.xlsx)
2020,Telangana,Gang Rape (Sec.376(D)),,10,NCRB CII 2020 Table 3A.11 (1680767960TABLE3A11.xlsx)
2020,Tripura,Gang Rape (Sec.376(D)),,2,NCRB CII 2020 Table 3A.11 (1680767960TABLE3A11.xlsx)
2020,Uttar Pradesh,Gang Rape (Sec.376(D)),,271,NCRB CII 2020 Table 3A.11 (1680767960TABLE3A11.xlsx)
2020,Uttarakhand,Gang Rape (Sec.376(D)),,0,NCRB CII 2020 Table 3A.11 (1680767960TABLE3A11.xlsx)
2020,West Bengal,Gang Rape (Sec.376(D)),,73,NCRB CII 2020 Table 3A.11 (1680767960TABLE3A11.xlsx)
2020,Andaman & Nicobar Islands,Gang Rape (Sec.376(D)),,0,NCRB CII 2020 Table 3A.11 (1680767960TABLE3A11.xlsx)
2020,Chandigarh,Gang Rape (Sec.376(D)),,1,NCRB CII 2020 Table 3A.11 (1680767960TABLE3A11.xlsx)
2020,Dadra & Nagar Haveli and Daman & Diu,Gang Rape (Sec.376(D)),,0,NCRB CII 2020 Table 3A.11 (1680767960TABLE3A11.xlsx)
2020,Delhi,Gang Rape (Sec.376(D)),,46,NCRB CII 2020 Table 3A.11 (1680767960TABLE3A11.xlsx)
2020,Jammu & Kashmir,Gang Rape (Sec.376(D)),,0,NCRB CII 2020 Table 3A.11 (1680767960TABLE3A11.xlsx)
2020,Ladakh,Gang Rape (Sec.376(D)),,0,NCRB CII 2020 Table 3A.11 (1680767960TABLE3A11.xlsx)
2020,Lakshadweep,Gang Rape (Sec.376(D)),,0,NCRB CII 2020 Table 3A.11 (1680767960TABLE3A11.xlsx)
2020,Puducherry,Gang Rape (Sec.376(D)),,0,NCRB CII 2020 Table 3A.11 (1680767960TABLE3A11.xlsx)
2020,All India,Gang Rape (Sec.376(D)),,1933,NCRB CII 2020 Table 3A.11 (1680767960TABLE3A11.xlsx)
2020,Andhra Pradesh,Rape/Gang Rape of Girl Below 12 Yrs (Imprisonment for life till death) (Sec.376(DB)),,0,NCRB CII 2020 Table 3A.11 (1680767960TABLE3A11.xlsx)
2020,Arunachal Pradesh,Rape/Gang Rape of Girl Below 12 Yrs (Imprisonment for life till death) (Sec.376(DB)),,0,NCRB CII 2020 Table 3A.11 (1680767960TABLE3A11.xlsx)
2020,Assam,Rape/Gang Rape of Girl Below 12 Yrs (Imprisonment for life till death) (Sec.376(DB)),,0,NCRB CII 2020 Table 3A.11 (1680767960TABLE3A11.xlsx)
2020,Bihar,Rape/Gang Rape of Girl Below 12 Yrs (Imprisonment for life till death) (Sec.376(DB)),,0,NCRB CII 2020 Table 3A.11 (1680767960TABLE3A11.xlsx)
2020,Chhattisgarh,Rape/Gang Rape of Girl Below 12 Yrs (Imprisonment for life till death) (Sec.376(DB)),,0,NCRB CII 2020 Table 3A.11 (1680767960TABLE3A11.xlsx)
2020,Goa,Rape/Gang Rape of Girl Below 12 Yrs (Imprisonment for life till death) (Sec.376(DB)),,0,NCRB CII 2020 Table 3A.11 (1680767960TABLE3A11.xlsx)
2020,Gujarat,Rape/Gang Rape of Girl Below 12 Yrs (Imprisonment for life till death) (Sec.376(DB)),,0,NCRB CII 2020 Table 3A.11 (1680767960TABLE3A11.xlsx)
2020,Haryana,Rape/Gang Rape of Girl Below 12 Yrs (Imprisonment for life till death) (Sec.376(DB)),,0,NCRB CII 2020 Table 3A.11 (1680767960TABLE3A11.xlsx)
2020,Himachal Pradesh,Rape/Gang Rape of Girl Below 12 Yrs (Imprisonment for life till death) (Sec.376(DB)),,0,NCRB CII 2020 Table 3A.11 (1680767960TABLE3A11.xlsx)
2020,Jharkhand,Rape/Gang Rape of Girl Below 12 Yrs (Imprisonment for life till death) (Sec.376(DB)),,0,NCRB CII 2020 Table 3A.11 (1680767960TABLE3A11.xlsx)
2020,Karnataka,Rape/Gang Rape of Girl Below 12 Yrs (Imprisonment for life till death) (Sec.376(DB)),,0,NCRB CII 2020 Table 3A.11 (1680767960TABLE3A11.xlsx)
2020,Kerala,Rape/Gang Rape of Girl Below 12 Yrs (Imprisonment for life till death) (Sec.376(DB)),,0,NCRB CII 2020 Table 3A.11 (1680767960TABLE3A11.xlsx)
2020,Madhya Pradesh,Rape/Gang Rape of Girl Below 12 Yrs (Imprisonment for life till death) (Sec.376(DB)),,9,NCRB CII 2020 Table 3A.11 (1680767960TABLE3A11.xlsx)
2020,Maharashtra,Rape/Gang Rape of Girl Below 12 Yrs (Imprisonment for life till death) (Sec.376(DB)),,0,NCRB CII 2020 Table 3A.11 (1680767960TABLE3A11.xlsx)
2020,Manipur,Rape/Gang Rape of Girl Below 12 Yrs (Imprisonment for life till death) (Sec.376(DB)),,0,NCRB CII 2020 Table 3A.11 (1680767960TABLE3A11.xlsx)
2020,Meghalaya,Rape/Gang Rape of Girl Below 12 Yrs (Imprisonment for life till death) (Sec.376(DB)),,0,NCRB CII 2020 Table 3A.11 (1680767960TABLE3A11.xlsx)
2020,Mizoram,Rape/Gang Rape of Girl Below 12 Yrs (Imprisonment for life till death) (Sec.376(DB)),,0,NCRB CII 2020 Table 3A.11 (1680767960TABLE3A11.xlsx)
2020,Nagaland,Rape/Gang Rape of Girl Below 12 Yrs (Imprisonment for life till death) (Sec.376(DB)),,0,NCRB CII 2020 Table 3A.11 (1680767960TABLE3A11.xlsx)
2020,Odisha,Rape/Gang Rape of Girl Below 12 Yrs (Imprisonment for life till death) (Sec.376(DB)),,0,NCRB CII 2020 Table 3A.11 (1680767960TABLE3A11.xlsx)
2020,Punjab,Rape/Gang Rape of Girl Below 12 Yrs (Imprisonment for life till death) (Sec.376(DB)),,0,NCRB CII 2020 Table 3A.11 (1680767960TABLE3A11.xlsx)
2020,Rajasthan,Rape/Gang Rape of Girl Below 12 Yrs (Imprisonment for life till death) (Sec.376(DB)),,9,NCRB CII 2020 Table 3A.11 (1680767960TABLE3A11.xlsx)
2020,Sikkim,Rape/Gang Rape of Girl Below 12 Yrs (Imprisonment for life till death) (Sec.376(DB)),,0,NCRB CII 2020 Table 3A.11 (1680767960TABLE3A11.xlsx)
2020,Tamil Nadu,Rape/Gang Rape of Girl Below 12 Yrs (Imprisonment for life till death) (Sec.376(DB)),,0,NCRB CII 2020 Table 3A.11 (1680767960TABLE3A11.xlsx)
2020,Telangana,Rape/Gang Rape of Girl Below 12 Yrs (Imprisonment for life till death) (Sec.376(DB)),,0,NCRB CII 2020 Table 3A.11 (1680767960TABLE3A11.xlsx)
2020,Tripura,Rape/Gang Rape of Girl Below 12 Yrs (Imprisonment for life till death) (Sec.376(DB)),,0,NCRB CII 2020 Table 3A.11 (1680767960TABLE3A11.xlsx)
2020,Uttar Pradesh,Rape/Gang Rape of Girl Below 12 Yrs (Imprisonment for life till death) (Sec.376(DB)),,1,NCRB CII 2020 Table 3A.11 (1680767960TABLE3A11.xlsx)
2020,Uttarakhand,Rape/Gang Rape of Girl Below 12 Yrs (Imprisonment for life till death) (Sec.376(DB)),,0,NCRB CII 2020 Table 3A.11 (1680767960TABLE3A11.xlsx)
2020,West Bengal,Rape/Gang Rape of Girl Below 12 Yrs (Imprisonment for life till death) (Sec.376(DB)),,0,NCRB CII 2020 Table 3A.11 (1680767960TABLE3A11.xlsx)
2020,Andaman & Nicobar Islands,Rape/Gang Rape of Girl Below 12 Yrs (Imprisonment for life till death) (Sec.376(DB)),,0,NCRB CII 2020 Table 3A.11 (1680767960TABLE3A11.xlsx)
2020,Chandigarh,Rape/Gang Rape of Girl Below 12 Yrs (Imprisonment for life till death) (Sec.376(DB)),,0,NCRB CII 2020 Table 3A.11 (1680767960TABLE3A11.xlsx)
2020,Dadra & Nagar Haveli and Daman & Diu,Rape/Gang Rape of Girl Below 12 Yrs (Imprisonment for life till death) (Sec.376(DB)),,0,NCRB CII 2020 Table 3A.11 (1680767960TABLE3A11.xlsx)
2020,Delhi,Rape/Gang Rape of Girl Below 12 Yrs (Imprisonment for life till death) (Sec.376(DB)),,0,NCRB CII 2020 Table 3A.11 (1680767960TABLE3A11.xlsx)
2020,Jammu & Kashmir,Rape/Gang Rape of Girl Below 12 Yrs (Imprisonment for life till death) (Sec.376(DB)),,0,NCRB CII 2020 Table 3A.11 (1680767960TABLE3A11.xlsx)
2020,Ladakh,Rape/Gang Rape of Girl Below 12 Yrs (Imprisonment for life till death) (Sec.376(DB)),,0,NCRB CII 2020 Table 3A.11 (1680767960TABLE3A11.xlsx)
2020,Lakshadweep,Rape/Gang Rape of Girl Below 12 Yrs (Imprisonment for life till death) (Sec.376(DB)),,0,NCRB CII 2020 Table 3A.11 (1680767960TABLE3A11.xlsx)
2020,Puducherry,Rape/Gang Rape of Girl Below 12 Yrs (Imprisonment for life till death) (Sec.376(DB)),,0,NCRB CII 2020 Table 3A.11 (1680767960TABLE3A11.xlsx)
2020,All India,Rape/Gang Rape of Girl Below 12 Yrs (Imprisonment for life till death) (Sec.376(DB)),,19,NCRB CII 2020 Table 3A.11 (1680767960TABLE3A11.xlsx)
2020,Andhra Pradesh,Punishment for Repeat offenders (Sec.376(E)),,0,NCRB CII 2020 Table 3A.11 (1680767960TABLE3A11.xlsx)
2020,Arunachal Pradesh,Punishment for Repeat offenders (Sec.376(E)),,0,NCRB CII 2020 Table 3A.11 (1680767960TABLE3A11.xlsx)
2020,Assam,Punishment for Repeat offenders (Sec.376(E)),,48,NCRB CII 2020 Table 3A.11 (1680767960TABLE3A11.xlsx)
2020,Bihar,Punishment for Repeat offenders (Sec.376(E)),,0,NCRB CII 2020 Table 3A.11 (1680767960TABLE3A11.xlsx)
2020,Chhattisgarh,Punishment for Repeat offenders (Sec.376(E)),,0,NCRB CII 2020 Table 3A.11 (1680767960TABLE3A11.xlsx)
2020,Goa,Punishment for Repeat offenders (Sec.376(E)),,0,NCRB CII 2020 Table 3A.11 (1680767960TABLE3A11.xlsx)
2020,Gujarat,Punishment for Repeat offenders (Sec.376(E)),,0,NCRB CII 2020 Table 3A.11 (1680767960TABLE3A11.xlsx)
2020,Haryana,Punishment for Repeat offenders (Sec.376(E)),,49,NCRB CII 2020 Table 3A.11 (1680767960TABLE3A11.xlsx)
2020,Himachal Pradesh,Punishment for Repeat offenders (Sec.376(E)),,0,NCRB CII 2020 Table 3A.11 (1680767960TABLE3A11.xlsx)
2020,Jharkhand,Punishment for Repeat offenders (Sec.376(E)),,0,NCRB CII 2020 Table 3A.11 (1680767960TABLE3A11.xlsx)
2020,Karnataka,Punishment for Repeat offenders (Sec.376(E)),,1,NCRB CII 2020 Table 3A.11 (1680767960TABLE3A11.xlsx)
2020,Kerala,Punishment for Repeat offenders (Sec.376(E)),,0,NCRB CII 2020 Table 3A.11 (1680767960TABLE3A11.xlsx)
2020,Madhya Pradesh,Punishment for Repeat offenders (Sec.376(E)),,138,NCRB CII 2020 Table 3A.11 (1680767960TABLE3A11.xlsx)
2020,Maharashtra,Punishment for Repeat offenders (Sec.376(E)),,0,NCRB CII 2020 Table 3A.11 (1680767960TABLE3A11.xlsx)
2020,Manipur,Punishment for Repeat offenders (Sec.376(E)),,1,NCRB CII 2020 Table 3A.11 (1680767960TABLE3A11.xlsx)
2020,Meghalaya,Punishment for Repeat offenders (Sec.376(E)),,0,NCRB CII 2020 Table 3A.11 (1680767960TABLE3A11.xlsx)
2020,Mizoram,Punishment for Repeat offenders (Sec.376(E)),,0,NCRB CII 2020 Table 3A.11 (1680767960TABLE3A11.xlsx)
2020,Nagaland,Punishment for Repeat offenders (Sec.376(E)),,0,NCRB CII 2020 Table 3A.11 (1680767960TABLE3A11.xlsx)
2020,Odisha,Punishment for Repeat offenders (Sec.376(E)),,0,NCRB CII 2020 Table 3A.11 (1680767960TABLE3A11.xlsx)
2020,Punjab,Punishment for Repeat offenders (Sec.376(E)),,0,NCRB CII 2020 Table 3A.11 (1680767960TABLE3A11.xlsx)
2020,Rajasthan,Punishment for Repeat offenders (Sec.376(E)),,0,NCRB CII 2020 Table 3A.11 (1680767960TABLE3A11.xlsx)
2020,Sikkim,Punishment for Repeat offenders (Sec.376(E)),,0,NCRB CII 2020 Table 3A.11 (1680767960TABLE3A11.xlsx)
2020,Tamil Nadu,Punishment for Repeat offenders (Sec.376(E)),,0,NCRB CII 2020 Table 3A.11 (1680767960TABLE3A11.xlsx)
2020,Telangana,Punishment for Repeat offenders (Sec.376(E)),,0,NCRB CII 2020 Table 3A.11 (1680767960TABLE3A11.xlsx)
2020,Tripura,Punishment for Repeat offenders (Sec.376(E)),,0,NCRB CII 2020 Table 3A.11 (1680767960TABLE3A11.xlsx)
2020,Uttar Pradesh,Punishment for Repeat offenders (Sec.376(E)),,1,NCRB CII 2020 Table 3A.11 (1680767960TABLE3A11.xlsx)
2020,Uttarakhand,Punishment for Repeat offenders (Sec.376(E)),,0,NCRB CII 2020 Table 3A.11 (1680767960TABLE3A11.xlsx)
2020,West Bengal,Punishment for Repeat offenders (Sec.376(E)),,0,NCRB CII 2020 Table 3A.11 (1680767960TABLE3A11.xlsx)
2020,Andaman & Nicobar Islands,Punishment for Repeat offenders (Sec.376(E)),,0,NCRB CII 2020 Table 3A.11 (1680767960TABLE3A11.xlsx)
2020,Chandigarh,Punishment for Repeat offenders (Sec.376(E)),,0,NCRB CII 2020 Table 3A.11 (1680767960TABLE3A11.xlsx)
2020,Dadra & Nagar Haveli and Daman & Diu,Punishment for Repeat offenders (Sec.376(E)),,0,NCRB CII 2020 Table 3A.11 (1680767960TABLE3A11.xlsx)
2020,Delhi,Punishment for Repeat offenders (Sec.376(E)),,0,NCRB CII 2020 Table 3A.11 (1680767960TABLE3A11.xlsx)
2020,Jammu & Kashmir,Punishment for Repeat offenders (Sec.376(E)),,0,NCRB CII 2020 Table 3A.11 (1680767960TABLE3A11.xlsx)
2020,Ladakh,Punishment for Repeat offenders (Sec.376(E)),,0,NCRB CII 2020 Table 3A.11 (1680767960TABLE3A11.xlsx)
2020,Lakshadweep,Punishment for Repeat offenders (Sec.376(E)),,0,NCRB CII 2020 Table 3A.11 (1680767960TABLE3A11.xlsx)
2020,Puducherry,Punishment for Repeat offenders (Sec.376(E)),,0,NCRB CII 2020 Table 3A.11 (1680767960TABLE3A11.xlsx)
2020,All India,Punishment for Repeat offenders (Sec.376(E)),,238,NCRB CII 2020 Table 3A.11 (1680767960TABLE3A11.xlsx)
2020,Andhra Pradesh,Rape (Total) (Sec.376 IPC),,1095,NCRB CII 2020 Table 3A.11 (1680767960TABLE3A11.xlsx)
2020,Arunachal Pradesh,Rape (Total) (Sec.376 IPC),,60,NCRB CII 2020 Table 3A.11 (1680767960TABLE3A11.xlsx)
2020,Assam,Rape (Total) (Sec.376 IPC),,1657,NCRB CII 2020 Table 3A.11 (1680767960TABLE3A11.xlsx)
2020,Bihar,Rape (Total) (Sec.376 IPC),,806,NCRB CII 2020 Table 3A.11 (1680767960TABLE3A11.xlsx)
2020,Chhattisgarh,Rape (Total) (Sec.376 IPC),,1210,NCRB CII 2020 Table 3A.11 (1680767960TABLE3A11.xlsx)
2020,Goa,Rape (Total) (Sec.376 IPC),,60,NCRB CII 2020 Table 3A.11 (1680767960TABLE3A11.xlsx)
2020,Gujarat,Rape (Total) (Sec.376 IPC),,486,NCRB CII 2020 Table 3A.11 (1680767960TABLE3A11.xlsx)
2020,Haryana,Rape (Total) (Sec.376 IPC),,1373,NCRB CII 2020 Table 3A.11 (1680767960TABLE3A11.xlsx)
2020,Himachal Pradesh,Rape (Total) (Sec.376 IPC),,331,NCRB CII 2020 Table 3A.11 (1680767960TABLE3A11.xlsx)
2020,Jharkhand,Rape (Total) (Sec.376 IPC),,1321,NCRB CII 2020 Table 3A.11 (1680767960TABLE3A11.xlsx)
2020,Karnataka,Rape (Total) (Sec.376 IPC),,504,NCRB CII 2020 Table 3A.11 (1680767960TABLE3A11.xlsx)
2020,Kerala,Rape (Total) (Sec.376 IPC),,637,NCRB CII 2020 Table 3A.11 (1680767960TABLE3A11.xlsx)
2020,Madhya Pradesh,Rape (Total) (Sec.376 IPC),,2339,NCRB CII 2020 Table 3A.11 (1680767960TABLE3A11.xlsx)
2020,Maharashtra,Rape (Total) (Sec.376 IPC),,2061,NCRB CII 2020 Table 3A.11 (1680767960TABLE3A11.xlsx)
2020,Manipur,Rape (Total) (Sec.376 IPC),,32,NCRB CII 2020 Table 3A.11 (1680767960TABLE3A11.xlsx)
2020,Meghalaya,Rape (Total) (Sec.376 IPC),,67,NCRB CII 2020 Table 3A.11 (1680767960TABLE3A11.xlsx)
2020,Mizoram,Rape (Total) (Sec.376 IPC),,33,NCRB CII 2020 Table 3A.11 (1680767960TABLE3A11.xlsx)
2020,Nagaland,Rape (Total) (Sec.376 IPC),,4,NCRB CII 2020 Table 3A.11 (1680767960TABLE3A11.xlsx)
2020,Odisha,Rape (Total) (Sec.376 IPC),,1211,NCRB CII 2020 Table 3A.11 (1680767960TABLE3A11.xlsx)
2020,Punjab,Rape (Total) (Sec.376 IPC),,502,NCRB CII 2020 Table 3A.11 (1680767960TABLE3A11.xlsx)
2020,Rajasthan,Rape (Total) (Sec.376 IPC),,5310,NCRB CII 2020 Table 3A.11 (1680767960TABLE3A11.xlsx)
2020,Sikkim,Rape (Total) (Sec.376 IPC),,12,NCRB CII 2020 Table 3A.11 (1680767960TABLE3A11.xlsx)
2020,Tamil Nadu,Rape (Total) (Sec.376 IPC),,389,NCRB CII 2020 Table 3A.11 (1680767960TABLE3A11.xlsx)
2020,Telangana,Rape (Total) (Sec.376 IPC),,764,NCRB CII 2020 Table 3A.11 (1680767960TABLE3A11.xlsx)
2020,Tripura,Rape (Total) (Sec.376 IPC),,79,NCRB CII 2020 Table 3A.11 (1680767960TABLE3A11.xlsx)
2020,Uttar Pradesh,Rape (Total) (Sec.376 IPC),,2769,NCRB CII 2020 Table 3A.11 (1680767960TABLE3A11.xlsx)
2020,Uttarakhand,Rape (Total) (Sec.376 IPC),,487,NCRB CII 2020 Table 3A.11 (1680767960TABLE3A11.xlsx)
2020,West Bengal,Rape (Total) (Sec.376 IPC),,1128,NCRB CII 2020 Table 3A.11 (1680767960TABLE3A11.xlsx)
2020,Andaman & Nicobar Islands,Rape (Total) (Sec.376 IPC),,2,NCRB CII 2020 Table 3A.11 (1680767960TABLE3A11.xlsx)
2020,Chandigarh,Rape (Total) (Sec.376 IPC),,60,NCRB CII 2020 Table 3A.11 (1680767960TABLE3A11.xlsx)
2020,Dadra & Nagar Haveli and Daman & Diu,Rape (Total) (Sec.376 IPC),,4,NCRB CII 2020 Table 3A.11 (1680767960TABLE3A11.xlsx)
2020,Delhi,Rape (Total) (Sec.376 IPC),,997,NCRB CII 2020 Table 3A.11 (1680767960TABLE3A11.xlsx)
2020,Jammu & Kashmir,Rape (Total) (Sec.376 IPC),,243,NCRB CII 2020 Table 3A.11 (1680767960TABLE3A11.xlsx)
2020,Ladakh,Rape (Total) (Sec.376 IPC),,2,NCRB CII 2020 Table 3A.11 (1680767960TABLE3A11.xlsx)
2020,Lakshadweep,Rape (Total) (Sec.376 IPC),,3,NCRB CII 2020 Table 3A.11 (1680767960TABLE3A11.xlsx)
2020,Puducherry,Rape (Total) (Sec.376 IPC),,8,NCRB CII 2020 Table 3A.11 (1680767960TABLE3A11.xlsx)
2020,All India,Rape (Total) (Sec.376 IPC),,28046,NCRB CII 2020 Table 3A.11 (1680767960TABLE3A11.xlsx)
2021,Andhra Pradesh,Punishment for Rape (Sec.376 & 376(I),,753,NCRB CII 2021 Table 3A.11 (1679653232TABLE3A11.xlsx)
2021,Arunachal Pradesh,Punishment for Rape (Sec.376 & 376(I),,66,NCRB CII 2021 Table 3A.11 (1679653232TABLE3A11.xlsx)
2021,Assam,Punishment for Rape (Sec.376 & 376(I),,1455,NCRB CII 2021 Table 3A.11 (1679653232TABLE3A11.xlsx)
2021,Bihar,Punishment for Rape (Sec.376 & 376(I),,778,NCRB CII 2021 Table 3A.11 (1679653232TABLE3A11.xlsx)
2021,Chhattisgarh,Punishment for Rape (Sec.376 & 376(I),,676,NCRB CII 2021 Table 3A.11 (1679653232TABLE3A11.xlsx)
2021,Goa,Punishment for Rape (Sec.376 & 376(I),,59,NCRB CII 2021 Table 3A.11 (1679653232TABLE3A11.xlsx)
2021,Gujarat,Punishment for Rape (Sec.376 & 376(I),,373,NCRB CII 2021 Table 3A.11 (1679653232TABLE3A11.xlsx)
2021,Haryana,Punishment for Rape (Sec.376 & 376(I),,656,NCRB CII 2021 Table 3A.11 (1679653232TABLE3A11.xlsx)
2021,Himachal Pradesh,Punishment for Rape (Sec.376 & 376(I),,282,NCRB CII 2021 Table 3A.11 (1679653232TABLE3A11.xlsx)
2021,Jharkhand,Punishment for Rape (Sec.376 & 376(I),,1105,NCRB CII 2021 Table 3A.11 (1679653232TABLE3A11.xlsx)
2021,Karnataka,Punishment for Rape (Sec.376 & 376(I),,442,NCRB CII 2021 Table 3A.11 (1679653232TABLE3A11.xlsx)
2021,Kerala,Punishment for Rape (Sec.376 & 376(I),,370,NCRB CII 2021 Table 3A.11 (1679653232TABLE3A11.xlsx)
2021,Madhya Pradesh,Punishment for Rape (Sec.376 & 376(I),,1042,NCRB CII 2021 Table 3A.11 (1679653232TABLE3A11.xlsx)
2021,Maharashtra,Punishment for Rape (Sec.376 & 376(I),,1361,NCRB CII 2021 Table 3A.11 (1679653232TABLE3A11.xlsx)
2021,Manipur,Punishment for Rape (Sec.376 & 376(I),,22,NCRB CII 2021 Table 3A.11 (1679653232TABLE3A11.xlsx)
2021,Meghalaya,Punishment for Rape (Sec.376 & 376(I),,63,NCRB CII 2021 Table 3A.11 (1679653232TABLE3A11.xlsx)
2021,Mizoram,Punishment for Rape (Sec.376 & 376(I),,14,NCRB CII 2021 Table 3A.11 (1679653232TABLE3A11.xlsx)
2021,Nagaland,Punishment for Rape (Sec.376 & 376(I),,1,NCRB CII 2021 Table 3A.11 (1679653232TABLE3A11.xlsx)
2021,Odisha,Punishment for Rape (Sec.376 & 376(I),,990,NCRB CII 2021 Table 3A.11 (1679653232TABLE3A11.xlsx)
2021,Punjab,Punishment for Rape (Sec.376 & 376(I),,436,NCRB CII 2021 Table 3A.11 (1679653232TABLE3A11.xlsx)
2021,Rajasthan,Punishment for Rape (Sec.376 & 376(I),,3847,NCRB CII 2021 Table 3A.11 (1679653232TABLE3A11.xlsx)
2021,Sikkim,Punishment for Rape (Sec.376 & 376(I),,8,NCRB CII 2021 Table 3A.11 (1679653232TABLE3A11.xlsx)
2021,Tamil Nadu,Punishment for Rape (Sec.376 & 376(I),,344,NCRB CII 2021 Table 3A.11 (1679653232TABLE3A11.xlsx)
2021,Telangana,Punishment for Rape (Sec.376 & 376(I),,556,NCRB CII 2021 Table 3A.11 (1679653232TABLE3A11.xlsx)
2021,Tripura,Punishment for Rape (Sec.376 & 376(I),,57,NCRB CII 2021 Table 3A.11 (1679653232TABLE3A11.xlsx)
2021,Uttar Pradesh,Punishment for Rape (Sec.376 & 376(I),,2511,NCRB CII 2021 Table 3A.11 (1679653232TABLE3A11.xlsx)
2021,Uttarakhand,Punishment for Rape (Sec.376 & 376(I),,519,NCRB CII 2021 Table 3A.11 (1679653232TABLE3A11.xlsx)
2021,West Bengal,Punishment for Rape (Sec.376 & 376(I),,875,NCRB CII 2021 Table 3A.11 (1679653232TABLE3A11.xlsx)
2021,Andaman & Nicobar Islands,Punishment for Rape (Sec.376 & 376(I),,13,NCRB CII 2021 Table 3A.11 (1679653232TABLE3A11.xlsx)
2021,Chandigarh,Punishment for Rape (Sec.376 & 376(I),,21,NCRB CII 2021 Table 3A.11 (1679653232TABLE3A11.xlsx)
2021,Dadra & Nagar Haveli and Daman & Diu,Punishment for Rape (Sec.376 & 376(I),,3,NCRB CII 2021 Table 3A.11 (1679653232TABLE3A11.xlsx)
2021,Delhi,Punishment for Rape (Sec.376 & 376(I),,1125,NCRB CII 2021 Table 3A.11 (1679653232TABLE3A11.xlsx)
2021,Jammu & Kashmir,Punishment for Rape (Sec.376 & 376(I),,260,NCRB CII 2021 Table 3A.11 (1679653232TABLE3A11.xlsx)
2021,Ladakh,Punishment for Rape (Sec.376 & 376(I),,2,NCRB CII 2021 Table 3A.11 (1679653232TABLE3A11.xlsx)
2021,Lakshadweep,Punishment for Rape (Sec.376 & 376(I),,0,NCRB CII 2021 Table 3A.11 (1679653232TABLE3A11.xlsx)
2021,Puducherry,Punishment for Rape (Sec.376 & 376(I),,2,NCRB CII 2021 Table 3A.11 (1679653232TABLE3A11.xlsx)
2021,All India,Punishment for Rape (Sec.376 & 376(I),,21087,NCRB CII 2021 Table 3A.11 (1679653232TABLE3A11.xlsx)
2021,Andhra Pradesh,Rape in Custody (Section 376(2)) - Rape in Custody (Total),custodial_total,0,NCRB CII 2021 Table 3A.11 (1679653232TABLE3A11.xlsx)
2021,Arunachal Pradesh,Rape in Custody (Section 376(2)) - Rape in Custody (Total),custodial_total,0,NCRB CII 2021 Table 3A.11 (1679653232TABLE3A11.xlsx)
2021,Assam,Rape in Custody (Section 376(2)) - Rape in Custody (Total),custodial_total,1,NCRB CII 2021 Table 3A.11 (1679653232TABLE3A11.xlsx)
2021,Bihar,Rape in Custody (Section 376(2)) - Rape in Custody (Total),custodial_total,0,NCRB CII 2021 Table 3A.11 (1679653232TABLE3A11.xlsx)
2021,Chhattisgarh,Rape in Custody (Section 376(2)) - Rape in Custody (Total),custodial_total,3,NCRB CII 2021 Table 3A.11 (1679653232TABLE3A11.xlsx)
2021,Goa,Rape in Custody (Section 376(2)) - Rape in Custody (Total),custodial_total,0,NCRB CII 2021 Table 3A.11 (1679653232TABLE3A11.xlsx)
2021,Gujarat,Rape in Custody (Section 376(2)) - Rape in Custody (Total),custodial_total,0,NCRB CII 2021 Table 3A.11 (1679653232TABLE3A11.xlsx)
2021,Haryana,Rape in Custody (Section 376(2)) - Rape in Custody (Total),custodial_total,0,NCRB CII 2021 Table 3A.11 (1679653232TABLE3A11.xlsx)
2021,Himachal Pradesh,Rape in Custody (Section 376(2)) - Rape in Custody (Total),custodial_total,1,NCRB CII 2021 Table 3A.11 (1679653232TABLE3A11.xlsx)
2021,Jharkhand,Rape in Custody (Section 376(2)) - Rape in Custody (Total),custodial_total,0,NCRB CII 2021 Table 3A.11 (1679653232TABLE3A11.xlsx)
2021,Karnataka,Rape in Custody (Section 376(2)) - Rape in Custody (Total),custodial_total,0,NCRB CII 2021 Table 3A.11 (1679653232TABLE3A11.xlsx)
2021,Kerala,Rape in Custody (Section 376(2)) - Rape in Custody (Total),custodial_total,4,NCRB CII 2021 Table 3A.11 (1679653232TABLE3A11.xlsx)
2021,Madhya Pradesh,Rape in Custody (Section 376(2)) - Rape in Custody (Total),custodial_total,1,NCRB CII 2021 Table 3A.11 (1679653232TABLE3A11.xlsx)
2021,Maharashtra,Rape in Custody (Section 376(2)) - Rape in Custody (Total),custodial_total,0,NCRB CII 2021 Table 3A.11 (1679653232TABLE3A11.xlsx)
2021,Manipur,Rape in Custody (Section 376(2)) - Rape in Custody (Total),custodial_total,0,NCRB CII 2021 Table 3A.11 (1679653232TABLE3A11.xlsx)
2021,Meghalaya,Rape in Custody (Section 376(2)) - Rape in Custody (Total),custodial_total,0,NCRB CII 2021 Table 3A.11 (1679653232TABLE3A11.xlsx)
2021,Mizoram,Rape in Custody (Section 376(2)) - Rape in Custody (Total),custodial_total,1,NCRB CII 2021 Table 3A.11 (1679653232TABLE3A11.xlsx)
2021,Nagaland,Rape in Custody (Section 376(2)) - Rape in Custody (Total),custodial_total,0,NCRB CII 2021 Table 3A.11 (1679653232TABLE3A11.xlsx)
2021,Odisha,Rape in Custody (Section 376(2)) - Rape in Custody (Total),custodial_total,0,NCRB CII 2021 Table 3A.11 (1679653232TABLE3A11.xlsx)
2021,Punjab,Rape in Custody (Section 376(2)) - Rape in Custody (Total),custodial_total,1,NCRB CII 2021 Table 3A.11 (1679653232TABLE3A11.xlsx)
2021,Rajasthan,Rape in Custody (Section 376(2)) - Rape in Custody (Total),custodial_total,1,NCRB CII 2021 Table 3A.11 (1679653232TABLE3A11.xlsx)
2021,Sikkim,Rape in Custody (Section 376(2)) - Rape in Custody (Total),custodial_total,0,NCRB CII 2021 Table 3A.11 (1679653232TABLE3A11.xlsx)
2021,Tamil Nadu,Rape in Custody (Section 376(2)) - Rape in Custody (Total),custodial_total,0,NCRB CII 2021 Table 3A.11 (1679653232TABLE3A11.xlsx)
2021,Telangana,Rape in Custody (Section 376(2)) - Rape in Custody (Total),custodial_total,1,NCRB CII 2021 Table 3A.11 (1679653232TABLE3A11.xlsx)
2021,Tripura,Rape in Custody (Section 376(2)) - Rape in Custody (Total),custodial_total,0,NCRB CII 2021 Table 3A.11 (1679653232TABLE3A11.xlsx)
2021,Uttar Pradesh,Rape in Custody (Section 376(2)) - Rape in Custody (Total),custodial_total,12,NCRB CII 2021 Table 3A.11 (1679653232TABLE3A11.xlsx)
2021,Uttarakhand,Rape in Custody (Section 376(2)) - Rape in Custody (Total),custodial_total,0,NCRB CII 2021 Table 3A.11 (1679653232TABLE3A11.xlsx)
2021,West Bengal,Rape in Custody (Section 376(2)) - Rape in Custody (Total),custodial_total,0,NCRB CII 2021 Table 3A.11 (1679653232TABLE3A11.xlsx)
2021,Andaman & Nicobar Islands,Rape in Custody (Section 376(2)) - Rape in Custody (Total),custodial_total,0,NCRB CII 2021 Table 3A.11 (1679653232TABLE3A11.xlsx)
2021,Chandigarh,Rape in Custody (Section 376(2)) - Rape in Custody (Total),custodial_total,0,NCRB CII 2021 Table 3A.11 (1679653232TABLE3A11.xlsx)
2021,Dadra & Nagar Haveli and Daman & Diu,Rape in Custody (Section 376(2)) - Rape in Custody (Total),custodial_total,0,NCRB CII 2021 Table 3A.11 (1679653232TABLE3A11.xlsx)
2021,Delhi,Rape in Custody (Section 376(2)) - Rape in Custody (Total),custodial_total,0,NCRB CII 2021 Table 3A.11 (1679653232TABLE3A11.xlsx)
2021,Jammu & Kashmir,Rape in Custody (Section 376(2)) - Rape in Custody (Total),custodial_total,0,NCRB CII 2021 Table 3A.11 (1679653232TABLE3A11.xlsx)
2021,Ladakh,Rape in Custody (Section 376(2)) - Rape in Custody (Total),custodial_total,0,NCRB CII 2021 Table 3A.11 (1679653232TABLE3A11.xlsx)
2021,Lakshadweep,Rape in Custody (Section 376(2)) - Rape in Custody (Total),custodial_total,0,NCRB CII 2021 Table 3A.11 (1679653232TABLE3A11.xlsx)
2021,Puducherry,Rape in Custody (Section 376(2)) - Rape in Custody (Total),custodial_total,0,NCRB CII 2021 Table 3A.11 (1679653232TABLE3A11.xlsx)
2021,All India,Rape in Custody (Section 376(2)) - Rape in Custody (Total),custodial_total,26,NCRB CII 2021 Table 3A.11 (1679653232TABLE3A11.xlsx)
2021,Andhra Pradesh,Rape in Custody (Section 376(2)) - By Police Personnel (Sec.376(2) (a),police_personnel,0,NCRB CII 2021 Table 3A.11 (1679653232TABLE3A11.xlsx)
2021,Arunachal Pradesh,Rape in Custody (Section 376(2)) - By Police Personnel (Sec.376(2) (a),police_personnel,0,NCRB CII 2021 Table 3A.11 (1679653232TABLE3A11.xlsx)
2021,Assam,Rape in Custody (Section 376(2)) - By Police Personnel (Sec.376(2) (a),police_personnel,0,NCRB CII 2021 Table 3A.11 (1679653232TABLE3A11.xlsx)
2021,Bihar,Rape in Custody (Section 376(2)) - By Police Personnel (Sec.376(2) (a),police_personnel,0,NCRB CII 2021 Table 3A.11 (1679653232TABLE3A11.xlsx)
2021,Chhattisgarh,Rape in Custody (Section 376(2)) - By Police Personnel (Sec.376(2) (a),police_personnel,1,NCRB CII 2021 Table 3A.11 (1679653232TABLE3A11.xlsx)
2021,Goa,Rape in Custody (Section 376(2)) - By Police Personnel (Sec.376(2) (a),police_personnel,0,NCRB CII 2021 Table 3A.11 (1679653232TABLE3A11.xlsx)
2021,Gujarat,Rape in Custody (Section 376(2)) - By Police Personnel (Sec.376(2) (a),police_personnel,0,NCRB CII 2021 Table 3A.11 (1679653232TABLE3A11.xlsx)
2021,Haryana,Rape in Custody (Section 376(2)) - By Police Personnel (Sec.376(2) (a),police_personnel,0,NCRB CII 2021 Table 3A.11 (1679653232TABLE3A11.xlsx)
2021,Himachal Pradesh,Rape in Custody (Section 376(2)) - By Police Personnel (Sec.376(2) (a),police_personnel,0,NCRB CII 2021 Table 3A.11 (1679653232TABLE3A11.xlsx)
2021,Jharkhand,Rape in Custody (Section 376(2)) - By Police Personnel (Sec.376(2) (a),police_personnel,0,NCRB CII 2021 Table 3A.11 (1679653232TABLE3A11.xlsx)
2021,Karnataka,Rape in Custody (Section 376(2)) - By Police Personnel (Sec.376(2) (a),police_personnel,0,NCRB CII 2021 Table 3A.11 (1679653232TABLE3A11.xlsx)
2021,Kerala,Rape in Custody (Section 376(2)) - By Police Personnel (Sec.376(2) (a),police_personnel,0,NCRB CII 2021 Table 3A.11 (1679653232TABLE3A11.xlsx)
2021,Madhya Pradesh,Rape in Custody (Section 376(2)) - By Police Personnel (Sec.376(2) (a),police_personnel,0,NCRB CII 2021 Table 3A.11 (1679653232TABLE3A11.xlsx)
2021,Maharashtra,Rape in Custody (Section 376(2)) - By Police Personnel (Sec.376(2) (a),police_personnel,0,NCRB CII 2021 Table 3A.11 (1679653232TABLE3A11.xlsx)
2021,Manipur,Rape in Custody (Section 376(2)) - By Police Personnel (Sec.376(2) (a),police_personnel,0,NCRB CII 2021 Table 3A.11 (1679653232TABLE3A11.xlsx)
2021,Meghalaya,Rape in Custody (Section 376(2)) - By Police Personnel (Sec.376(2) (a),police_personnel,0,NCRB CII 2021 Table 3A.11 (1679653232TABLE3A11.xlsx)
2021,Mizoram,Rape in Custody (Section 376(2)) - By Police Personnel (Sec.376(2) (a),police_personnel,1,NCRB CII 2021 Table 3A.11 (1679653232TABLE3A11.xlsx)
2021,Nagaland,Rape in Custody (Section 376(2)) - By Police Personnel (Sec.376(2) (a),police_personnel,0,NCRB CII 2021 Table 3A.11 (1679653232TABLE3A11.xlsx)
2021,Odisha,Rape in Custody (Section 376(2)) - By Police Personnel (Sec.376(2) (a),police_personnel,0,NCRB CII 2021 Table 3A.11 (1679653232TABLE3A11.xlsx)
2021,Punjab,Rape in Custody (Section 376(2)) - By Police Personnel (Sec.376(2) (a),police_personnel,0,NCRB CII 2021 Table 3A.11 (1679653232TABLE3A11.xlsx)
2021,Rajasthan,Rape in Custody (Section 376(2)) - By Police Personnel (Sec.376(2) (a),police_personnel,1,NCRB CII 2021 Table 3A.11 (1679653232TABLE3A11.xlsx)
2021,Sikkim,Rape in Custody (Section 376(2)) - By Police Personnel (Sec.376(2) (a),police_personnel,0,NCRB CII 2021 Table 3A.11 (1679653232TABLE3A11.xlsx)
2021,Tamil Nadu,Rape in Custody (Section 376(2)) - By Police Personnel (Sec.376(2) (a),police_personnel,0,NCRB CII 2021 Table 3A.11 (1679653232TABLE3A11.xlsx)
2021,Telangana,Rape in Custody (Section 376(2)) - By Police Personnel (Sec.376(2) (a),police_personnel,0,NCRB CII 2021 Table 3A.11 (1679653232TABLE3A11.xlsx)
2021,Tripura,Rape in Custody (Section 376(2)) - By Police Personnel (Sec.376(2) (a),police_personnel,0,NCRB CII 2021 Table 3A.11 (1679653232TABLE3A11.xlsx)
2021,Uttar Pradesh,Rape in Custody (Section 376(2)) - By Police Personnel (Sec.376(2) (a),police_personnel,0,NCRB CII 2021 Table 3A.11 (1679653232TABLE3A11.xlsx)
2021,Uttarakhand,Rape in Custody (Section 376(2)) - By Police Personnel (Sec.376(2) (a),police_personnel,0,NCRB CII 2021 Table 3A.11 (1679653232TABLE3A11.xlsx)
2021,West Bengal,Rape in Custody (Section 376(2)) - By Police Personnel (Sec.376(2) (a),police_personnel,0,NCRB CII 2021 Table 3A.11 (1679653232TABLE3A11.xlsx)
2021,Andaman & Nicobar Islands,Rape in Custody (Section 376(2)) - By Police Personnel (Sec.376(2) (a),police_personnel,0,NCRB CII 2021 Table 3A.11 (1679653232TABLE3A11.xlsx)
2021,Chandigarh,Rape in Custody (Section 376(2)) - By Police Personnel (Sec.376(2) (a),police_personnel,0,NCRB CII 2021 Table 3A.11 (1679653232TABLE3A11.xlsx)
2021,Dadra & Nagar Haveli and Daman & Diu,Rape in Custody (Section 376(2)) - By Police Personnel (Sec.376(2) (a),police_personnel,0,NCRB CII 2021 Table 3A.11 (1679653232TABLE3A11.xlsx)
2021,Delhi,Rape in Custody (Section 376(2)) - By Police Personnel (Sec.376(2) (a),police_personnel,0,NCRB CII 2021 Table 3A.11 (1679653232TABLE3A11.xlsx)
2021,Jammu & Kashmir,Rape in Custody (Section 376(2)) - By Police Personnel (Sec.376(2) (a),police_personnel,0,NCRB CII 2021 Table 3A.11 (1679653232TABLE3A11.xlsx)
2021,Ladakh,Rape in Custody (Section 376(2)) - By Police Personnel (Sec.376(2) (a),police_personnel,0,NCRB CII 2021 Table 3A.11 (1679653232TABLE3A11.xlsx)
2021,Lakshadweep,Rape in Custody (Section 376(2)) - By Police Personnel (Sec.376(2) (a),police_personnel,0,NCRB CII 2021 Table 3A.11 (1679653232TABLE3A11.xlsx)
2021,Puducherry,Rape in Custody (Section 376(2)) - By Police Personnel (Sec.376(2) (a),police_personnel,0,NCRB CII 2021 Table 3A.11 (1679653232TABLE3A11.xlsx)
2021,All India,Rape in Custody (Section 376(2)) - By Police Personnel (Sec.376(2) (a),police_personnel,3,NCRB CII 2021 Table 3A.11 (1679653232TABLE3A11.xlsx)
2021,Andhra Pradesh,Rape in Custody (Section 376(2)) - By Public Servant (Sec.376(2) (b),public_servant,0,NCRB CII 2021 Table 3A.11 (1679653232TABLE3A11.xlsx)
2021,Arunachal Pradesh,Rape in Custody (Section 376(2)) - By Public Servant (Sec.376(2) (b),public_servant,0,NCRB CII 2021 Table 3A.11 (1679653232TABLE3A11.xlsx)
2021,Assam,Rape in Custody (Section 376(2)) - By Public Servant (Sec.376(2) (b),public_servant,1,NCRB CII 2021 Table 3A.11 (1679653232TABLE3A11.xlsx)
2021,Bihar,Rape in Custody (Section 376(2)) - By Public Servant (Sec.376(2) (b),public_servant,0,NCRB CII 2021 Table 3A.11 (1679653232TABLE3A11.xlsx)
2021,Chhattisgarh,Rape in Custody (Section 376(2)) - By Public Servant (Sec.376(2) (b),public_servant,0,NCRB CII 2021 Table 3A.11 (1679653232TABLE3A11.xlsx)
2021,Goa,Rape in Custody (Section 376(2)) - By Public Servant (Sec.376(2) (b),public_servant,0,NCRB CII 2021 Table 3A.11 (1679653232TABLE3A11.xlsx)
2021,Gujarat,Rape in Custody (Section 376(2)) - By Public Servant (Sec.376(2) (b),public_servant,0,NCRB CII 2021 Table 3A.11 (1679653232TABLE3A11.xlsx)
2021,Haryana,Rape in Custody (Section 376(2)) - By Public Servant (Sec.376(2) (b),public_servant,0,NCRB CII 2021 Table 3A.11 (1679653232TABLE3A11.xlsx)
2021,Himachal Pradesh,Rape in Custody (Section 376(2)) - By Public Servant (Sec.376(2) (b),public_servant,0,NCRB CII 2021 Table 3A.11 (1679653232TABLE3A11.xlsx)
2021,Jharkhand,Rape in Custody (Section 376(2)) - By Public Servant (Sec.376(2) (b),public_servant,0,NCRB CII 2021 Table 3A.11 (1679653232TABLE3A11.xlsx)
2021,Karnataka,Rape in Custody (Section 376(2)) - By Public Servant (Sec.376(2) (b),public_servant,0,NCRB CII 2021 Table 3A.11 (1679653232TABLE3A11.xlsx)
2021,Kerala,Rape in Custody (Section 376(2)) - By Public Servant (Sec.376(2) (b),public_servant,1,NCRB CII 2021 Table 3A.11 (1679653232TABLE3A11.xlsx)
2021,Madhya Pradesh,Rape in Custody (Section 376(2)) - By Public Servant (Sec.376(2) (b),public_servant,0,NCRB CII 2021 Table 3A.11 (1679653232TABLE3A11.xlsx)
2021,Maharashtra,Rape in Custody (Section 376(2)) - By Public Servant (Sec.376(2) (b),public_servant,0,NCRB CII 2021 Table 3A.11 (1679653232TABLE3A11.xlsx)
2021,Manipur,Rape in Custody (Section 376(2)) - By Public Servant (Sec.376(2) (b),public_servant,0,NCRB CII 2021 Table 3A.11 (1679653232TABLE3A11.xlsx)
2021,Meghalaya,Rape in Custody (Section 376(2)) - By Public Servant (Sec.376(2) (b),public_servant,0,NCRB CII 2021 Table 3A.11 (1679653232TABLE3A11.xlsx)
2021,Mizoram,Rape in Custody (Section 376(2)) - By Public Servant (Sec.376(2) (b),public_servant,0,NCRB CII 2021 Table 3A.11 (1679653232TABLE3A11.xlsx)
2021,Nagaland,Rape in Custody (Section 376(2)) - By Public Servant (Sec.376(2) (b),public_servant,0,NCRB CII 2021 Table 3A.11 (1679653232TABLE3A11.xlsx)
2021,Odisha,Rape in Custody (Section 376(2)) - By Public Servant (Sec.376(2) (b),public_servant,0,NCRB CII 2021 Table 3A.11 (1679653232TABLE3A11.xlsx)
2021,Punjab,Rape in Custody (Section 376(2)) - By Public Servant (Sec.376(2) (b),public_servant,0,NCRB CII 2021 Table 3A.11 (1679653232TABLE3A11.xlsx)
2021,Rajasthan,Rape in Custody (Section 376(2)) - By Public Servant (Sec.376(2) (b),public_servant,0,NCRB CII 2021 Table 3A.11 (1679653232TABLE3A11.xlsx)
2021,Sikkim,Rape in Custody (Section 376(2)) - By Public Servant (Sec.376(2) (b),public_servant,0,NCRB CII 2021 Table 3A.11 (1679653232TABLE3A11.xlsx)
2021,Tamil Nadu,Rape in Custody (Section 376(2)) - By Public Servant (Sec.376(2) (b),public_servant,0,NCRB CII 2021 Table 3A.11 (1679653232TABLE3A11.xlsx)
2021,Telangana,Rape in Custody (Section 376(2)) - By Public Servant (Sec.376(2) (b),public_servant,0,NCRB CII 2021 Table 3A.11 (1679653232TABLE3A11.xlsx)
2021,Tripura,Rape in Custody (Section 376(2)) - By Public Servant (Sec.376(2) (b),public_servant,0,NCRB CII 2021 Table 3A.11 (1679653232TABLE3A11.xlsx)
2021,Uttar Pradesh,Rape in Custody (Section 376(2)) - By Public Servant (Sec.376(2) (b),public_servant,9,NCRB CII 2021 Table 3A.11 (1679653232TABLE3A11.xlsx)
2021,Uttarakhand,Rape in Custody (Section 376(2)) - By Public Servant (Sec.376(2) (b),public_servant,0,NCRB CII 2021 Table 3A.11 (1679653232TABLE3A11.xlsx)
2021,West Bengal,Rape in Custody (Section 376(2)) - By Public Servant (Sec.376(2) (b),public_servant,0,NCRB CII 2021 Table 3A.11 (1679653232TABLE3A11.xlsx)
2021,Andaman & Nicobar Islands,Rape in Custody (Section 376(2)) - By Public Servant (Sec.376(2) (b),public_servant,0,NCRB CII 2021 Table 3A.11 (1679653232TABLE3A11.xlsx)
2021,Chandigarh,Rape in Custody (Section 376(2)) - By Public Servant (Sec.376(2) (b),public_servant,0,NCRB CII 2021 Table 3A.11 (1679653232TABLE3A11.xlsx)
2021,Dadra & Nagar Haveli and Daman & Diu,Rape in Custody (Section 376(2)) - By Public Servant (Sec.376(2) (b),public_servant,0,NCRB CII 2021 Table 3A.11 (1679653232TABLE3A11.xlsx)
2021,Delhi,Rape in Custody (Section 376(2)) - By Public Servant (Sec.376(2) (b),public_servant,0,NCRB CII 2021 Table 3A.11 (1679653232TABLE3A11.xlsx)
2021,Jammu & Kashmir,Rape in Custody (Section 376(2)) - By Public Servant (Sec.376(2) (b),public_servant,0,NCRB CII 2021 Table 3A.11 (1679653232TABLE3A11.xlsx)
2021,Ladakh,Rape in Custody (Section 376(2)) - By Public Servant (Sec.376(2) (b),public_servant,0,NCRB CII 2021 Table 3A.11 (1679653232TABLE3A11.xlsx)
2021,Lakshadweep,Rape in Custody (Section 376(2)) - By Public Servant (Sec.376(2) (b),public_servant,0,NCRB CII 2021 Table 3A.11 (1679653232TABLE3A11.xlsx)
2021,Puducherry,Rape in Custody (Section 376(2)) - By Public Servant (Sec.376(2) (b),public_servant,0,NCRB CII 2021 Table 3A.11 (1679653232TABLE3A11.xlsx)
2021,All India,Rape in Custody (Section 376(2)) - By Public Servant (Sec.376(2) (b),public_servant,11,NCRB CII 2021 Table 3A.11 (1679653232TABLE3A11.xlsx)
2021,Andhra Pradesh,Rape in Custody (Section 376(2)) - By Member of Armed Forces (Sec.376(2) (c),armed_forces,0,NCRB CII 2021 Table 3A.11 (1679653232TABLE3A11.xlsx)
2021,Arunachal Pradesh,Rape in Custody (Section 376(2)) - By Member of Armed Forces (Sec.376(2) (c),armed_forces,0,NCRB CII 2021 Table 3A.11 (1679653232TABLE3A11.xlsx)
2021,Assam,Rape in Custody (Section 376(2)) - By Member of Armed Forces (Sec.376(2) (c),armed_forces,0,NCRB CII 2021 Table 3A.11 (1679653232TABLE3A11.xlsx)
2021,Bihar,Rape in Custody (Section 376(2)) - By Member of Armed Forces (Sec.376(2) (c),armed_forces,0,NCRB CII 2021 Table 3A.11 (1679653232TABLE3A11.xlsx)
2021,Chhattisgarh,Rape in Custody (Section 376(2)) - By Member of Armed Forces (Sec.376(2) (c),armed_forces,1,NCRB CII 2021 Table 3A.11 (1679653232TABLE3A11.xlsx)
2021,Goa,Rape in Custody (Section 376(2)) - By Member of Armed Forces (Sec.376(2) (c),armed_forces,0,NCRB CII 2021 Table 3A.11 (1679653232TABLE3A11.xlsx)
2021,Gujarat,Rape in Custody (Section 376(2)) - By Member of Armed Forces (Sec.376(2) (c),armed_forces,0,NCRB CII 2021 Table 3A.11 (1679653232TABLE3A11.xlsx)
2021,Haryana,Rape in Custody (Section 376(2)) - By Member of Armed Forces (Sec.376(2) (c),armed_forces,0,NCRB CII 2021 Table 3A.11 (1679653232TABLE3A11.xlsx)
2021,Himachal Pradesh,Rape in Custody (Section 376(2)) - By Member of Armed Forces (Sec.376(2) (c),armed_forces,0,NCRB CII 2021 Table 3A.11 (1679653232TABLE3A11.xlsx)
2021,Jharkhand,Rape in Custody (Section 376(2)) - By Member of Armed Forces (Sec.376(2) (c),armed_forces,0,NCRB CII 2021 Table 3A.11 (1679653232TABLE3A11.xlsx)
2021,Karnataka,Rape in Custody (Section 376(2)) - By Member of Armed Forces (Sec.376(2) (c),armed_forces,0,NCRB CII 2021 Table 3A.11 (1679653232TABLE3A11.xlsx)
2021,Kerala,Rape in Custody (Section 376(2)) - By Member of Armed Forces (Sec.376(2) (c),armed_forces,0,NCRB CII 2021 Table 3A.11 (1679653232TABLE3A11.xlsx)
2021,Madhya Pradesh,Rape in Custody (Section 376(2)) - By Member of Armed Forces (Sec.376(2) (c),armed_forces,0,NCRB CII 2021 Table 3A.11 (1679653232TABLE3A11.xlsx)
2021,Maharashtra,Rape in Custody (Section 376(2)) - By Member of Armed Forces (Sec.376(2) (c),armed_forces,0,NCRB CII 2021 Table 3A.11 (1679653232TABLE3A11.xlsx)
2021,Manipur,Rape in Custody (Section 376(2)) - By Member of Armed Forces (Sec.376(2) (c),armed_forces,0,NCRB CII 2021 Table 3A.11 (1679653232TABLE3A11.xlsx)
2021,Meghalaya,Rape in Custody (Section 376(2)) - By Member of Armed Forces (Sec.376(2) (c),armed_forces,0,NCRB CII 2021 Table 3A.11 (1679653232TABLE3A11.xlsx)
2021,Mizoram,Rape in Custody (Section 376(2)) - By Member of Armed Forces (Sec.376(2) (c),armed_forces,0,NCRB CII 2021 Table 3A.11 (1679653232TABLE3A11.xlsx)
2021,Nagaland,Rape in Custody (Section 376(2)) - By Member of Armed Forces (Sec.376(2) (c),armed_forces,0,NCRB CII 2021 Table 3A.11 (1679653232TABLE3A11.xlsx)
2021,Odisha,Rape in Custody (Section 376(2)) - By Member of Armed Forces (Sec.376(2) (c),armed_forces,0,NCRB CII 2021 Table 3A.11 (1679653232TABLE3A11.xlsx)
2021,Punjab,Rape in Custody (Section 376(2)) - By Member of Armed Forces (Sec.376(2) (c),armed_forces,0,NCRB CII 2021 Table 3A.11 (1679653232TABLE3A11.xlsx)
2021,Rajasthan,Rape in Custody (Section 376(2)) - By Member of Armed Forces (Sec.376(2) (c),armed_forces,0,NCRB CII 2021 Table 3A.11 (1679653232TABLE3A11.xlsx)
2021,Sikkim,Rape in Custody (Section 376(2)) - By Member of Armed Forces (Sec.376(2) (c),armed_forces,0,NCRB CII 2021 Table 3A.11 (1679653232TABLE3A11.xlsx)
2021,Tamil Nadu,Rape in Custody (Section 376(2)) - By Member of Armed Forces (Sec.376(2) (c),armed_forces,0,NCRB CII 2021 Table 3A.11 (1679653232TABLE3A11.xlsx)
2021,Telangana,Rape in Custody (Section 376(2)) - By Member of Armed Forces (Sec.376(2) (c),armed_forces,0,NCRB CII 2021 Table 3A.11 (1679653232TABLE3A11.xlsx)
2021,Tripura,Rape in Custody (Section 376(2)) - By Member of Armed Forces (Sec.376(2) (c),armed_forces,0,NCRB CII 2021 Table 3A.11 (1679653232TABLE3A11.xlsx)
2021,Uttar Pradesh,Rape in Custody (Section 376(2)) - By Member of Armed Forces (Sec.376(2) (c),armed_forces,0,NCRB CII 2021 Table 3A.11 (1679653232TABLE3A11.xlsx)
2021,Uttarakhand,Rape in Custody (Section 376(2)) - By Member of Armed Forces (Sec.376(2) (c),armed_forces,0,NCRB CII 2021 Table 3A.11 (1679653232TABLE3A11.xlsx)
2021,West Bengal,Rape in Custody (Section 376(2)) - By Member of Armed Forces (Sec.376(2) (c),armed_forces,0,NCRB CII 2021 Table 3A.11 (1679653232TABLE3A11.xlsx)
2021,Andaman & Nicobar Islands,Rape in Custody (Section 376(2)) - By Member of Armed Forces (Sec.376(2) (c),armed_forces,0,NCRB CII 2021 Table 3A.11 (1679653232TABLE3A11.xlsx)
2021,Chandigarh,Rape in Custody (Section 376(2)) - By Member of Armed Forces (Sec.376(2) (c),armed_forces,0,NCRB CII 2021 Table 3A.11 (1679653232TABLE3A11.xlsx)
2021,Dadra & Nagar Haveli and Daman & Diu,Rape in Custody (Section 376(2)) - By Member of Armed Forces (Sec.376(2) (c),armed_forces,0,NCRB CII 2021 Table 3A.11 (1679653232TABLE3A11.xlsx)
2021,Delhi,Rape in Custody (Section 376(2)) - By Member of Armed Forces (Sec.376(2) (c),armed_forces,0,NCRB CII 2021 Table 3A.11 (1679653232TABLE3A11.xlsx)
2021,Jammu & Kashmir,Rape in Custody (Section 376(2)) - By Member of Armed Forces (Sec.376(2) (c),armed_forces,0,NCRB CII 2021 Table 3A.11 (1679653232TABLE3A11.xlsx)
2021,Ladakh,Rape in Custody (Section 376(2)) - By Member of Armed Forces (Sec.376(2) (c),armed_forces,0,NCRB CII 2021 Table 3A.11 (1679653232TABLE3A11.xlsx)
2021,Lakshadweep,Rape in Custody (Section 376(2)) - By Member of Armed Forces (Sec.376(2) (c),armed_forces,0,NCRB CII 2021 Table 3A.11 (1679653232TABLE3A11.xlsx)
2021,Puducherry,Rape in Custody (Section 376(2)) - By Member of Armed Forces (Sec.376(2) (c),armed_forces,0,NCRB CII 2021 Table 3A.11 (1679653232TABLE3A11.xlsx)
2021,All India,Rape in Custody (Section 376(2)) - By Member of Armed Forces (Sec.376(2) (c),armed_forces,1,NCRB CII 2021 Table 3A.11 (1679653232TABLE3A11.xlsx)
2021,Andhra Pradesh,Rape in Custody (Section 376(2)) - By Management/Staff of Jail/Remand Home/Place of Custody (Sec.376(2)(d),jail_remand_home_place_of_custody,0,NCRB CII 2021 Table 3A.11 (1679653232TABLE3A11.xlsx)
2021,Arunachal Pradesh,Rape in Custody (Section 376(2)) - By Management/Staff of Jail/Remand Home/Place of Custody (Sec.376(2)(d),jail_remand_home_place_of_custody,0,NCRB CII 2021 Table 3A.11 (1679653232TABLE3A11.xlsx)
2021,Assam,Rape in Custody (Section 376(2)) - By Management/Staff of Jail/Remand Home/Place of Custody (Sec.376(2)(d),jail_remand_home_place_of_custody,0,NCRB CII 2021 Table 3A.11 (1679653232TABLE3A11.xlsx)
2021,Bihar,Rape in Custody (Section 376(2)) - By Management/Staff of Jail/Remand Home/Place of Custody (Sec.376(2)(d),jail_remand_home_place_of_custody,0,NCRB CII 2021 Table 3A.11 (1679653232TABLE3A11.xlsx)
2021,Chhattisgarh,Rape in Custody (Section 376(2)) - By Management/Staff of Jail/Remand Home/Place of Custody (Sec.376(2)(d),jail_remand_home_place_of_custody,1,NCRB CII 2021 Table 3A.11 (1679653232TABLE3A11.xlsx)
2021,Goa,Rape in Custody (Section 376(2)) - By Management/Staff of Jail/Remand Home/Place of Custody (Sec.376(2)(d),jail_remand_home_place_of_custody,0,NCRB CII 2021 Table 3A.11 (1679653232TABLE3A11.xlsx)
2021,Gujarat,Rape in Custody (Section 376(2)) - By Management/Staff of Jail/Remand Home/Place of Custody (Sec.376(2)(d),jail_remand_home_place_of_custody,0,NCRB CII 2021 Table 3A.11 (1679653232TABLE3A11.xlsx)
2021,Haryana,Rape in Custody (Section 376(2)) - By Management/Staff of Jail/Remand Home/Place of Custody (Sec.376(2)(d),jail_remand_home_place_of_custody,0,NCRB CII 2021 Table 3A.11 (1679653232TABLE3A11.xlsx)
2021,Himachal Pradesh,Rape in Custody (Section 376(2)) - By Management/Staff of Jail/Remand Home/Place of Custody (Sec.376(2)(d),jail_remand_home_place_of_custody,0,NCRB CII 2021 Table 3A.11 (1679653232TABLE3A11.xlsx)
2021,Jharkhand,Rape in Custody (Section 376(2)) - By Management/Staff of Jail/Remand Home/Place of Custody (Sec.376(2)(d),jail_remand_home_place_of_custody,0,NCRB CII 2021 Table 3A.11 (1679653232TABLE3A11.xlsx)
2021,Karnataka,Rape in Custody (Section 376(2)) - By Management/Staff of Jail/Remand Home/Place of Custody (Sec.376(2)(d),jail_remand_home_place_of_custody,0,NCRB CII 2021 Table 3A.11 (1679653232TABLE3A11.xlsx)
2021,Kerala,Rape in Custody (Section 376(2)) - By Management/Staff of Jail/Remand Home/Place of Custody (Sec.376(2)(d),jail_remand_home_place_of_custody,0,NCRB CII 2021 Table 3A.11 (1679653232TABLE3A11.xlsx)
2021,Madhya Pradesh,Rape in Custody (Section 376(2)) - By Management/Staff of Jail/Remand Home/Place of Custody (Sec.376(2)(d),jail_remand_home_place_of_custody,0,NCRB CII 2021 Table 3A.11 (1679653232TABLE3A11.xlsx)
2021,Maharashtra,Rape in Custody (Section 376(2)) - By Management/Staff of Jail/Remand Home/Place of Custody (Sec.376(2)(d),jail_remand_home_place_of_custody,0,NCRB CII 2021 Table 3A.11 (1679653232TABLE3A11.xlsx)
2021,Manipur,Rape in Custody (Section 376(2)) - By Management/Staff of Jail/Remand Home/Place of Custody (Sec.376(2)(d),jail_remand_home_place_of_custody,0,NCRB CII 2021 Table 3A.11 (1679653232TABLE3A11.xlsx)
2021,Meghalaya,Rape in Custody (Section 376(2)) - By Management/Staff of Jail/Remand Home/Place of Custody (Sec.376(2)(d),jail_remand_home_place_of_custody,0,NCRB CII 2021 Table 3A.11 (1679653232TABLE3A11.xlsx)
2021,Mizoram,Rape in Custody (Section 376(2)) - By Management/Staff of Jail/Remand Home/Place of Custody (Sec.376(2)(d),jail_remand_home_place_of_custody,0,NCRB CII 2021 Table 3A.11 (1679653232TABLE3A11.xlsx)
2021,Nagaland,Rape in Custody (Section 376(2)) - By Management/Staff of Jail/Remand Home/Place of Custody (Sec.376(2)(d),jail_remand_home_place_of_custody,0,NCRB CII 2021 Table 3A.11 (1679653232TABLE3A11.xlsx)
2021,Odisha,Rape in Custody (Section 376(2)) - By Management/Staff of Jail/Remand Home/Place of Custody (Sec.376(2)(d),jail_remand_home_place_of_custody,0,NCRB CII 2021 Table 3A.11 (1679653232TABLE3A11.xlsx)
2021,Punjab,Rape in Custody (Section 376(2)) - By Management/Staff of Jail/Remand Home/Place of Custody (Sec.376(2)(d),jail_remand_home_place_of_custody,1,NCRB CII 2021 Table 3A.11 (1679653232TABLE3A11.xlsx)
2021,Rajasthan,Rape in Custody (Section 376(2)) - By Management/Staff of Jail/Remand Home/Place of Custody (Sec.376(2)(d),jail_remand_home_place_of_custody,0,NCRB CII 2021 Table 3A.11 (1679653232TABLE3A11.xlsx)
2021,Sikkim,Rape in Custody (Section 376(2)) - By Management/Staff of Jail/Remand Home/Place of Custody (Sec.376(2)(d),jail_remand_home_place_of_custody,0,NCRB CII 2021 Table 3A.11 (1679653232TABLE3A11.xlsx)
2021,Tamil Nadu,Rape in Custody (Section 376(2)) - By Management/Staff of Jail/Remand Home/Place of Custody (Sec.376(2)(d),jail_remand_home_place_of_custody,0,NCRB CII 2021 Table 3A.11 (1679653232TABLE3A11.xlsx)
2021,Telangana,Rape in Custody (Section 376(2)) - By Management/Staff of Jail/Remand Home/Place of Custody (Sec.376(2)(d),jail_remand_home_place_of_custody,0,NCRB CII 2021 Table 3A.11 (1679653232TABLE3A11.xlsx)
2021,Tripura,Rape in Custody (Section 376(2)) - By Management/Staff of Jail/Remand Home/Place of Custody (Sec.376(2)(d),jail_remand_home_place_of_custody,0,NCRB CII 2021 Table 3A.11 (1679653232TABLE3A11.xlsx)
2021,Uttar Pradesh,Rape in Custody (Section 376(2)) - By Management/Staff of Jail/Remand Home/Place of Custody (Sec.376(2)(d),jail_remand_home_place_of_custody,2,NCRB CII 2021 Table 3A.11 (1679653232TABLE3A11.xlsx)
2021,Uttarakhand,Rape in Custody (Section 376(2)) - By Management/Staff of Jail/Remand Home/Place of Custody (Sec.376(2)(d),jail_remand_home_place_of_custody,0,NCRB CII 2021 Table 3A.11 (1679653232TABLE3A11.xlsx)
2021,West Bengal,Rape in Custody (Section 376(2)) - By Management/Staff of Jail/Remand Home/Place of Custody (Sec.376(2)(d),jail_remand_home_place_of_custody,0,NCRB CII 2021 Table 3A.11 (1679653232TABLE3A11.xlsx)
2021,Andaman & Nicobar Islands,Rape in Custody (Section 376(2)) - By Management/Staff of Jail/Remand Home/Place of Custody (Sec.376(2)(d),jail_remand_home_place_of_custody,0,NCRB CII 2021 Table 3A.11 (1679653232TABLE3A11.xlsx)
2021,Chandigarh,Rape in Custody (Section 376(2)) - By Management/Staff of Jail/Remand Home/Place of Custody (Sec.376(2)(d),jail_remand_home_place_of_custody,0,NCRB CII 2021 Table 3A.11 (1679653232TABLE3A11.xlsx)
2021,Dadra & Nagar Haveli and Daman & Diu,Rape in Custody (Section 376(2)) - By Management/Staff of Jail/Remand Home/Place of Custody (Sec.376(2)(d),jail_remand_home_place_of_custody,0,NCRB CII 2021 Table 3A.11 (1679653232TABLE3A11.xlsx)
2021,Delhi,Rape in Custody (Section 376(2)) - By Management/Staff of Jail/Remand Home/Place of Custody (Sec.376(2)(d),jail_remand_home_place_of_custody,0,NCRB CII 2021 Table 3A.11 (1679653232TABLE3A11.xlsx)
2021,Jammu & Kashmir,Rape in Custody (Section 376(2)) - By Management/Staff of Jail/Remand Home/Place of Custody (Sec.376(2)(d),jail_remand_home_place_of_custody,0,NCRB CII 2021 Table 3A.11 (1679653232TABLE3A11.xlsx)
2021,Ladakh,Rape in Custody (Section 376(2)) - By Management/Staff of Jail/Remand Home/Place of Custody (Sec.376(2)(d),jail_remand_home_place_of_custody,0,NCRB CII 2021 Table 3A.11 (1679653232TABLE3A11.xlsx)
2021,Lakshadweep,Rape in Custody (Section 376(2)) - By Management/Staff of Jail/Remand Home/Place of Custody (Sec.376(2)(d),jail_remand_home_place_of_custody,0,NCRB CII 2021 Table 3A.11 (1679653232TABLE3A11.xlsx)
2021,Puducherry,Rape in Custody (Section 376(2)) - By Management/Staff of Jail/Remand Home/Place of Custody (Sec.376(2)(d),jail_remand_home_place_of_custody,0,NCRB CII 2021 Table 3A.11 (1679653232TABLE3A11.xlsx)
2021,All India,Rape in Custody (Section 376(2)) - By Management/Staff of Jail/Remand Home/Place of Custody (Sec.376(2)(d),jail_remand_home_place_of_custody,4,NCRB CII 2021 Table 3A.11 (1679653232TABLE3A11.xlsx)
2021,Andhra Pradesh,Rape in Custody (Section 376(2)) - By Management/ Staff of Hospital (Sec.376(2)e),hospital,0,NCRB CII 2021 Table 3A.11 (1679653232TABLE3A11.xlsx)
2021,Arunachal Pradesh,Rape in Custody (Section 376(2)) - By Management/ Staff of Hospital (Sec.376(2)e),hospital,0,NCRB CII 2021 Table 3A.11 (1679653232TABLE3A11.xlsx)
2021,Assam,Rape in Custody (Section 376(2)) - By Management/ Staff of Hospital (Sec.376(2)e),hospital,0,NCRB CII 2021 Table 3A.11 (1679653232TABLE3A11.xlsx)
2021,Bihar,Rape in Custody (Section 376(2)) - By Management/ Staff of Hospital (Sec.376(2)e),hospital,0,NCRB CII 2021 Table 3A.11 (1679653232TABLE3A11.xlsx)
2021,Chhattisgarh,Rape in Custody (Section 376(2)) - By Management/ Staff of Hospital (Sec.376(2)e),hospital,0,NCRB CII 2021 Table 3A.11 (1679653232TABLE3A11.xlsx)
2021,Goa,Rape in Custody (Section 376(2)) - By Management/ Staff of Hospital (Sec.376(2)e),hospital,0,NCRB CII 2021 Table 3A.11 (1679653232TABLE3A11.xlsx)
2021,Gujarat,Rape in Custody (Section 376(2)) - By Management/ Staff of Hospital (Sec.376(2)e),hospital,0,NCRB CII 2021 Table 3A.11 (1679653232TABLE3A11.xlsx)
2021,Haryana,Rape in Custody (Section 376(2)) - By Management/ Staff of Hospital (Sec.376(2)e),hospital,0,NCRB CII 2021 Table 3A.11 (1679653232TABLE3A11.xlsx)
2021,Himachal Pradesh,Rape in Custody (Section 376(2)) - By Management/ Staff of Hospital (Sec.376(2)e),hospital,1,NCRB CII 2021 Table 3A.11 (1679653232TABLE3A11.xlsx)
2021,Jharkhand,Rape in Custody (Section 376(2)) - By Management/ Staff of Hospital (Sec.376(2)e),hospital,0,NCRB CII 2021 Table 3A.11 (1679653232TABLE3A11.xlsx)
2021,Karnataka,Rape in Custody (Section 376(2)) - By Management/ Staff of Hospital (Sec.376(2)e),hospital,0,NCRB CII 2021 Table 3A.11 (1679653232TABLE3A11.xlsx)
2021,Kerala,Rape in Custody (Section 376(2)) - By Management/ Staff of Hospital (Sec.376(2)e),hospital,3,NCRB CII 2021 Table 3A.11 (1679653232TABLE3A11.xlsx)
2021,Madhya Pradesh,Rape in Custody (Section 376(2)) - By Management/ Staff of Hospital (Sec.376(2)e),hospital,1,NCRB CII 2021 Table 3A.11 (1679653232TABLE3A11.xlsx)
2021,Maharashtra,Rape in Custody (Section 376(2)) - By Management/ Staff of Hospital (Sec.376(2)e),hospital,0,NCRB CII 2021 Table 3A.11 (1679653232TABLE3A11.xlsx)
2021,Manipur,Rape in Custody (Section 376(2)) - By Management/ Staff of Hospital (Sec.376(2)e),hospital,0,NCRB CII 2021 Table 3A.11 (1679653232TABLE3A11.xlsx)
2021,Meghalaya,Rape in Custody (Section 376(2)) - By Management/ Staff of Hospital (Sec.376(2)e),hospital,0,NCRB CII 2021 Table 3A.11 (1679653232TABLE3A11.xlsx)
2021,Mizoram,Rape in Custody (Section 376(2)) - By Management/ Staff of Hospital (Sec.376(2)e),hospital,0,NCRB CII 2021 Table 3A.11 (1679653232TABLE3A11.xlsx)
2021,Nagaland,Rape in Custody (Section 376(2)) - By Management/ Staff of Hospital (Sec.376(2)e),hospital,0,NCRB CII 2021 Table 3A.11 (1679653232TABLE3A11.xlsx)
2021,Odisha,Rape in Custody (Section 376(2)) - By Management/ Staff of Hospital (Sec.376(2)e),hospital,0,NCRB CII 2021 Table 3A.11 (1679653232TABLE3A11.xlsx)
2021,Punjab,Rape in Custody (Section 376(2)) - By Management/ Staff of Hospital (Sec.376(2)e),hospital,0,NCRB CII 2021 Table 3A.11 (1679653232TABLE3A11.xlsx)
2021,Rajasthan,Rape in Custody (Section 376(2)) - By Management/ Staff of Hospital (Sec.376(2)e),hospital,0,NCRB CII 2021 Table 3A.11 (1679653232TABLE3A11.xlsx)
2021,Sikkim,Rape in Custody (Section 376(2)) - By Management/ Staff of Hospital (Sec.376(2)e),hospital,0,NCRB CII 2021 Table 3A.11 (1679653232TABLE3A11.xlsx)
2021,Tamil Nadu,Rape in Custody (Section 376(2)) - By Management/ Staff of Hospital (Sec.376(2)e),hospital,0,NCRB CII 2021 Table 3A.11 (1679653232TABLE3A11.xlsx)
2021,Telangana,Rape in Custody (Section 376(2)) - By Management/ Staff of Hospital (Sec.376(2)e),hospital,1,NCRB CII 2021 Table 3A.11 (1679653232TABLE3A11.xlsx)
2021,Tripura,Rape in Custody (Section 376(2)) - By Management/ Staff of Hospital (Sec.376(2)e),hospital,0,NCRB CII 2021 Table 3A.11 (1679653232TABLE3A11.xlsx)
2021,Uttar Pradesh,Rape in Custody (Section 376(2)) - By Management/ Staff of Hospital (Sec.376(2)e),hospital,1,NCRB CII 2021 Table 3A.11 (1679653232TABLE3A11.xlsx)
2021,Uttarakhand,Rape in Custody (Section 376(2)) - By Management/ Staff of Hospital (Sec.376(2)e),hospital,0,NCRB CII 2021 Table 3A.11 (1679653232TABLE3A11.xlsx)
2021,West Bengal,Rape in Custody (Section 376(2)) - By Management/ Staff of Hospital (Sec.376(2)e),hospital,0,NCRB CII 2021 Table 3A.11 (1679653232TABLE3A11.xlsx)
2021,Andaman & Nicobar Islands,Rape in Custody (Section 376(2)) - By Management/ Staff of Hospital (Sec.376(2)e),hospital,0,NCRB CII 2021 Table 3A.11 (1679653232TABLE3A11.xlsx)
2021,Chandigarh,Rape in Custody (Section 376(2)) - By Management/ Staff of Hospital (Sec.376(2)e),hospital,0,NCRB CII 2021 Table 3A.11 (1679653232TABLE3A11.xlsx)
2021,Dadra & Nagar Haveli and Daman & Diu,Rape in Custody (Section 376(2)) - By Management/ Staff of Hospital (Sec.376(2)e),hospital,0,NCRB CII 2021 Table 3A.11 (1679653232TABLE3A11.xlsx)
2021,Delhi,Rape in Custody (Section 376(2)) - By Management/ Staff of Hospital (Sec.376(2)e),hospital,0,NCRB CII 2021 Table 3A.11 (1679653232TABLE3A11.xlsx)
2021,Jammu & Kashmir,Rape in Custody (Section 376(2)) - By Management/ Staff of Hospital (Sec.376(2)e),hospital,0,NCRB CII 2021 Table 3A.11 (1679653232TABLE3A11.xlsx)
2021,Ladakh,Rape in Custody (Section 376(2)) - By Management/ Staff of Hospital (Sec.376(2)e),hospital,0,NCRB CII 2021 Table 3A.11 (1679653232TABLE3A11.xlsx)
2021,Lakshadweep,Rape in Custody (Section 376(2)) - By Management/ Staff of Hospital (Sec.376(2)e),hospital,0,NCRB CII 2021 Table 3A.11 (1679653232TABLE3A11.xlsx)
2021,Puducherry,Rape in Custody (Section 376(2)) - By Management/ Staff of Hospital (Sec.376(2)e),hospital,0,NCRB CII 2021 Table 3A.11 (1679653232TABLE3A11.xlsx)
2021,All India,Rape in Custody (Section 376(2)) - By Management/ Staff of Hospital (Sec.376(2)e),hospital,7,NCRB CII 2021 Table 3A.11 (1679653232TABLE3A11.xlsx)
2021,Andhra Pradesh,Other Than Custodial Rape (Section 376(2)) - Rape Other than Custodial (Total),,315,NCRB CII 2021 Table 3A.11 (1679653232TABLE3A11.xlsx)
2021,Arunachal Pradesh,Other Than Custodial Rape (Section 376(2)) - Rape Other than Custodial (Total),,12,NCRB CII 2021 Table 3A.11 (1679653232TABLE3A11.xlsx)
2021,Assam,Other Than Custodial Rape (Section 376(2)) - Rape Other than Custodial (Total),,207,NCRB CII 2021 Table 3A.11 (1679653232TABLE3A11.xlsx)
2021,Bihar,Other Than Custodial Rape (Section 376(2)) - Rape Other than Custodial (Total),,6,NCRB CII 2021 Table 3A.11 (1679653232TABLE3A11.xlsx)
2021,Chhattisgarh,Other Than Custodial Rape (Section 376(2)) - Rape Other than Custodial (Total),,381,NCRB CII 2021 Table 3A.11 (1679653232TABLE3A11.xlsx)
2021,Goa,Other Than Custodial Rape (Section 376(2)) - Rape Other than Custodial (Total),,8,NCRB CII 2021 Table 3A.11 (1679653232TABLE3A11.xlsx)
2021,Gujarat,Other Than Custodial Rape (Section 376(2)) - Rape Other than Custodial (Total),,199,NCRB CII 2021 Table 3A.11 (1679653232TABLE3A11.xlsx)
2021,Haryana,Other Than Custodial Rape (Section 376(2)) - Rape Other than Custodial (Total),,814,NCRB CII 2021 Table 3A.11 (1679653232TABLE3A11.xlsx)
2021,Himachal Pradesh,Other Than Custodial Rape (Section 376(2)) - Rape Other than Custodial (Total),,70,NCRB CII 2021 Table 3A.11 (1679653232TABLE3A11.xlsx)
2021,Jharkhand,Other Than Custodial Rape (Section 376(2)) - Rape Other than Custodial (Total),,215,NCRB CII 2021 Table 3A.11 (1679653232TABLE3A11.xlsx)
2021,Karnataka,Other Than Custodial Rape (Section 376(2)) - Rape Other than Custodial (Total),,100,NCRB CII 2021 Table 3A.11 (1679653232TABLE3A11.xlsx)
2021,Kerala,Other Than Custodial Rape (Section 376(2)) - Rape Other than Custodial (Total),,381,NCRB CII 2021 Table 3A.11 (1679653232TABLE3A11.xlsx)
2021,Madhya Pradesh,Other Than Custodial Rape (Section 376(2)) - Rape Other than Custodial (Total),,1754,NCRB CII 2021 Table 3A.11 (1679653232TABLE3A11.xlsx)
2021,Maharashtra,Other Than Custodial Rape (Section 376(2)) - Rape Other than Custodial (Total),,1031,NCRB CII 2021 Table 3A.11 (1679653232TABLE3A11.xlsx)
2021,Manipur,Other Than Custodial Rape (Section 376(2)) - Rape Other than Custodial (Total),,4,NCRB CII 2021 Table 3A.11 (1679653232TABLE3A11.xlsx)
2021,Meghalaya,Other Than Custodial Rape (Section 376(2)) - Rape Other than Custodial (Total),,10,NCRB CII 2021 Table 3A.11 (1679653232TABLE3A11.xlsx)
2021,Mizoram,Other Than Custodial Rape (Section 376(2)) - Rape Other than Custodial (Total),,7,NCRB CII 2021 Table 3A.11 (1679653232TABLE3A11.xlsx)
2021,Nagaland,Other Than Custodial Rape (Section 376(2)) - Rape Other than Custodial (Total),,3,NCRB CII 2021 Table 3A.11 (1679653232TABLE3A11.xlsx)
2021,Odisha,Other Than Custodial Rape (Section 376(2)) - Rape Other than Custodial (Total),,457,NCRB CII 2021 Table 3A.11 (1679653232TABLE3A11.xlsx)
2021,Punjab,Other Than Custodial Rape (Section 376(2)) - Rape Other than Custodial (Total),,4,NCRB CII 2021 Table 3A.11 (1679653232TABLE3A11.xlsx)
2021,Rajasthan,Other Than Custodial Rape (Section 376(2)) - Rape Other than Custodial (Total),,1232,NCRB CII 2021 Table 3A.11 (1679653232TABLE3A11.xlsx)
2021,Sikkim,Other Than Custodial Rape (Section 376(2)) - Rape Other than Custodial (Total),,0,NCRB CII 2021 Table 3A.11 (1679653232TABLE3A11.xlsx)
2021,Tamil Nadu,Other Than Custodial Rape (Section 376(2)) - Rape Other than Custodial (Total),,72,NCRB CII 2021 Table 3A.11 (1679653232TABLE3A11.xlsx)
2021,Telangana,Other Than Custodial Rape (Section 376(2)) - Rape Other than Custodial (Total),,245,NCRB CII 2021 Table 3A.11 (1679653232TABLE3A11.xlsx)
2021,Tripura,Other Than Custodial Rape (Section 376(2)) - Rape Other than Custodial (Total),,3,NCRB CII 2021 Table 3A.11 (1679653232TABLE3A11.xlsx)
2021,Uttar Pradesh,Other Than Custodial Rape (Section 376(2)) - Rape Other than Custodial (Total),,63,NCRB CII 2021 Table 3A.11 (1679653232TABLE3A11.xlsx)
2021,Uttarakhand,Other Than Custodial Rape (Section 376(2)) - Rape Other than Custodial (Total),,15,NCRB CII 2021 Table 3A.11 (1679653232TABLE3A11.xlsx)
2021,West Bengal,Other Than Custodial Rape (Section 376(2)) - Rape Other than Custodial (Total),,135,NCRB CII 2021 Table 3A.11 (1679653232TABLE3A11.xlsx)
2021,Andaman & Nicobar Islands,Other Than Custodial Rape (Section 376(2)) - Rape Other than Custodial (Total),,2,NCRB CII 2021 Table 3A.11 (1679653232TABLE3A11.xlsx)
2021,Chandigarh,Other Than Custodial Rape (Section 376(2)) - Rape Other than Custodial (Total),,32,NCRB CII 2021 Table 3A.11 (1679653232TABLE3A11.xlsx)
2021,Dadra & Nagar Haveli and Daman & Diu,Other Than Custodial Rape (Section 376(2)) - Rape Other than Custodial (Total),,0,NCRB CII 2021 Table 3A.11 (1679653232TABLE3A11.xlsx)
2021,Delhi,Other Than Custodial Rape (Section 376(2)) - Rape Other than Custodial (Total),,59,NCRB CII 2021 Table 3A.11 (1679653232TABLE3A11.xlsx)
2021,Jammu & Kashmir,Other Than Custodial Rape (Section 376(2)) - Rape Other than Custodial (Total),,55,NCRB CII 2021 Table 3A.11 (1679653232TABLE3A11.xlsx)
2021,Ladakh,Other Than Custodial Rape (Section 376(2)) - Rape Other than Custodial (Total),,0,NCRB CII 2021 Table 3A.11 (1679653232TABLE3A11.xlsx)
2021,Lakshadweep,Other Than Custodial Rape (Section 376(2)) - Rape Other than Custodial (Total),,0,NCRB CII 2021 Table 3A.11 (1679653232TABLE3A11.xlsx)
2021,Puducherry,Other Than Custodial Rape (Section 376(2)) - Rape Other than Custodial (Total),,0,NCRB CII 2021 Table 3A.11 (1679653232TABLE3A11.xlsx)
2021,All India,Other Than Custodial Rape (Section 376(2)) - Rape Other than Custodial (Total),,7891,NCRB CII 2021 Table 3A.11 (1679653232TABLE3A11.xlsx)
2021,Andhra Pradesh,Other Than Custodial Rape (Section 376(2)) - By Relative/ Guardian / Teacher/ Person in position of trust (Sec.376(2) (f),,18,NCRB CII 2021 Table 3A.11 (1679653232TABLE3A11.xlsx)
2021,Arunachal Pradesh,Other Than Custodial Rape (Section 376(2)) - By Relative/ Guardian / Teacher/ Person in position of trust (Sec.376(2) (f),,3,NCRB CII 2021 Table 3A.11 (1679653232TABLE3A11.xlsx)
2021,Assam,Other Than Custodial Rape (Section 376(2)) - By Relative/ Guardian / Teacher/ Person in position of trust (Sec.376(2) (f),,27,NCRB CII 2021 Table 3A.11 (1679653232TABLE3A11.xlsx)
2021,Bihar,Other Than Custodial Rape (Section 376(2)) - By Relative/ Guardian / Teacher/ Person in position of trust (Sec.376(2) (f),,6,NCRB CII 2021 Table 3A.11 (1679653232TABLE3A11.xlsx)
2021,Chhattisgarh,Other Than Custodial Rape (Section 376(2)) - By Relative/ Guardian / Teacher/ Person in position of trust (Sec.376(2) (f),,222,NCRB CII 2021 Table 3A.11 (1679653232TABLE3A11.xlsx)
2021,Goa,Other Than Custodial Rape (Section 376(2)) - By Relative/ Guardian / Teacher/ Person in position of trust (Sec.376(2) (f),,4,NCRB CII 2021 Table 3A.11 (1679653232TABLE3A11.xlsx)
2021,Gujarat,Other Than Custodial Rape (Section 376(2)) - By Relative/ Guardian / Teacher/ Person in position of trust (Sec.376(2) (f),,22,NCRB CII 2021 Table 3A.11 (1679653232TABLE3A11.xlsx)
2021,Haryana,Other Than Custodial Rape (Section 376(2)) - By Relative/ Guardian / Teacher/ Person in position of trust (Sec.376(2) (f),,13,NCRB CII 2021 Table 3A.11 (1679653232TABLE3A11.xlsx)
2021,Himachal Pradesh,Other Than Custodial Rape (Section 376(2)) - By Relative/ Guardian / Teacher/ Person in position of trust (Sec.376(2) (f),,24,NCRB CII 2021 Table 3A.11 (1679653232TABLE3A11.xlsx)
2021,Jharkhand,Other Than Custodial Rape (Section 376(2)) - By Relative/ Guardian / Teacher/ Person in position of trust (Sec.376(2) (f),,93,NCRB CII 2021 Table 3A.11 (1679653232TABLE3A11.xlsx)
2021,Karnataka,Other Than Custodial Rape (Section 376(2)) - By Relative/ Guardian / Teacher/ Person in position of trust (Sec.376(2) (f),,17,NCRB CII 2021 Table 3A.11 (1679653232TABLE3A11.xlsx)
2021,Kerala,Other Than Custodial Rape (Section 376(2)) - By Relative/ Guardian / Teacher/ Person in position of trust (Sec.376(2) (f),,32,NCRB CII 2021 Table 3A.11 (1679653232TABLE3A11.xlsx)
2021,Madhya Pradesh,Other Than Custodial Rape (Section 376(2)) - By Relative/ Guardian / Teacher/ Person in position of trust (Sec.376(2) (f),,169,NCRB CII 2021 Table 3A.11 (1679653232TABLE3A11.xlsx)
2021,Maharashtra,Other Than Custodial Rape (Section 376(2)) - By Relative/ Guardian / Teacher/ Person in position of trust (Sec.376(2) (f),,77,NCRB CII 2021 Table 3A.11 (1679653232TABLE3A11.xlsx)
2021,Manipur,Other Than Custodial Rape (Section 376(2)) - By Relative/ Guardian / Teacher/ Person in position of trust (Sec.376(2) (f),,4,NCRB CII 2021 Table 3A.11 (1679653232TABLE3A11.xlsx)
2021,Meghalaya,Other Than Custodial Rape (Section 376(2)) - By Relative/ Guardian / Teacher/ Person in position of trust (Sec.376(2) (f),,3,NCRB CII 2021 Table 3A.11 (1679653232TABLE3A11.xlsx)
2021,Mizoram,Other Than Custodial Rape (Section 376(2)) - By Relative/ Guardian / Teacher/ Person in position of trust (Sec.376(2) (f),,1,NCRB CII 2021 Table 3A.11 (1679653232TABLE3A11.xlsx)
2021,Nagaland,Other Than Custodial Rape (Section 376(2)) - By Relative/ Guardian / Teacher/ Person in position of trust (Sec.376(2) (f),,1,NCRB CII 2021 Table 3A.11 (1679653232TABLE3A11.xlsx)
2021,Odisha,Other Than Custodial Rape (Section 376(2)) - By Relative/ Guardian / Teacher/ Person in position of trust (Sec.376(2) (f),,394,NCRB CII 2021 Table 3A.11 (1679653232TABLE3A11.xlsx)
2021,Punjab,Other Than Custodial Rape (Section 376(2)) - By Relative/ Guardian / Teacher/ Person in position of trust (Sec.376(2) (f),,0,NCRB CII 2021 Table 3A.11 (1679653232TABLE3A11.xlsx)
2021,Rajasthan,Other Than Custodial Rape (Section 376(2)) - By Relative/ Guardian / Teacher/ Person in position of trust (Sec.376(2) (f),,406,NCRB CII 2021 Table 3A.11 (1679653232TABLE3A11.xlsx)
2021,Sikkim,Other Than Custodial Rape (Section 376(2)) - By Relative/ Guardian / Teacher/ Person in position of trust (Sec.376(2) (f),,0,NCRB CII 2021 Table 3A.11 (1679653232TABLE3A11.xlsx)
2021,Tamil Nadu,Other Than Custodial Rape (Section 376(2)) - By Relative/ Guardian / Teacher/ Person in position of trust (Sec.376(2) (f),,30,NCRB CII 2021 Table 3A.11 (1679653232TABLE3A11.xlsx)
2021,Telangana,Other Than Custodial Rape (Section 376(2)) - By Relative/ Guardian / Teacher/ Person in position of trust (Sec.376(2) (f),,12,NCRB CII 2021 Table 3A.11 (1679653232TABLE3A11.xlsx)
2021,Tripura,Other Than Custodial Rape (Section 376(2)) - By Relative/ Guardian / Teacher/ Person in position of trust (Sec.376(2) (f),,0,NCRB CII 2021 Table 3A.11 (1679653232TABLE3A11.xlsx)
2021,Uttar Pradesh,Other Than Custodial Rape (Section 376(2)) - By Relative/ Guardian / Teacher/ Person in position of trust (Sec.376(2) (f),,5,NCRB CII 2021 Table 3A.11 (1679653232TABLE3A11.xlsx)
2021,Uttarakhand,Other Than Custodial Rape (Section 376(2)) - By Relative/ Guardian / Teacher/ Person in position of trust (Sec.376(2) (f),,7,NCRB CII 2021 Table 3A.11 (1679653232TABLE3A11.xlsx)
2021,West Bengal,Other Than Custodial Rape (Section 376(2)) - By Relative/ Guardian / Teacher/ Person in position of trust (Sec.376(2) (f),,4,NCRB CII 2021 Table 3A.11 (1679653232TABLE3A11.xlsx)
2021,Andaman & Nicobar Islands,Other Than Custodial Rape (Section 376(2)) - By Relative/ Guardian / Teacher/ Person in position of trust (Sec.376(2) (f),,1,NCRB CII 2021 Table 3A.11 (1679653232TABLE3A11.xlsx)
2021,Chandigarh,Other Than Custodial Rape (Section 376(2)) - By Relative/ Guardian / Teacher/ Person in position of trust (Sec.376(2) (f),,0,NCRB CII 2021 Table 3A.11 (1679653232TABLE3A11.xlsx)
2021,Dadra & Nagar Haveli and Daman & Diu,Other Than Custodial Rape (Section 376(2)) - By Relative/ Guardian / Teacher/ Person in position of trust (Sec.376(2) (f),,0,NCRB CII 2021 Table 3A.11 (1679653232TABLE3A11.xlsx)
2021,Delhi,Other Than Custodial Rape (Section 376(2)) - By Relative/ Guardian / Teacher/ Person in position of trust (Sec.376(2) (f),,9,NCRB CII 2021 Table 3A.11 (1679653232TABLE3A11.xlsx)
2021,Jammu & Kashmir,Other Than Custodial Rape (Section 376(2)) - By Relative/ Guardian / Teacher/ Person in position of trust (Sec.376(2) (f),,50,NCRB CII 2021 Table 3A.11 (1679653232TABLE3A11.xlsx)
2021,Ladakh,Other Than Custodial Rape (Section 376(2)) - By Relative/ Guardian / Teacher/ Person in position of trust (Sec.376(2) (f),,0,NCRB CII 2021 Table 3A.11 (1679653232TABLE3A11.xlsx)
2021,Lakshadweep,Other Than Custodial Rape (Section 376(2)) - By Relative/ Guardian / Teacher/ Person in position of trust (Sec.376(2) (f),,0,NCRB CII 2021 Table 3A.11 (1679653232TABLE3A11.xlsx)
2021,Puducherry,Other Than Custodial Rape (Section 376(2)) - By Relative/ Guardian / Teacher/ Person in position of trust (Sec.376(2) (f),,0,NCRB CII 2021 Table 3A.11 (1679653232TABLE3A11.xlsx)
2021,All India,Other Than Custodial Rape (Section 376(2)) - By Relative/ Guardian / Teacher/ Person in position of trust (Sec.376(2) (f),,1654,NCRB CII 2021 Table 3A.11 (1679653232TABLE3A11.xlsx)
2021,Andhra Pradesh,Other Than Custodial Rape (Section 376(2)) - On Pregnant Women (Sec.376(2)(h),,1,NCRB CII 2021 Table 3A.11 (1679653232TABLE3A11.xlsx)
2021,Arunachal Pradesh,Other Than Custodial Rape (Section 376(2)) - On Pregnant Women (Sec.376(2)(h),,0,NCRB CII 2021 Table 3A.11 (1679653232TABLE3A11.xlsx)
2021,Assam,Other Than Custodial Rape (Section 376(2)) - On Pregnant Women (Sec.376(2)(h),,1,NCRB CII 2021 Table 3A.11 (1679653232TABLE3A11.xlsx)
2021,Bihar,Other Than Custodial Rape (Section 376(2)) - On Pregnant Women (Sec.376(2)(h),,0,NCRB CII 2021 Table 3A.11 (1679653232TABLE3A11.xlsx)
2021,Chhattisgarh,Other Than Custodial Rape (Section 376(2)) - On Pregnant Women (Sec.376(2)(h),,0,NCRB CII 2021 Table 3A.11 (1679653232TABLE3A11.xlsx)
2021,Goa,Other Than Custodial Rape (Section 376(2)) - On Pregnant Women (Sec.376(2)(h),,0,NCRB CII 2021 Table 3A.11 (1679653232TABLE3A11.xlsx)
2021,Gujarat,Other Than Custodial Rape (Section 376(2)) - On Pregnant Women (Sec.376(2)(h),,1,NCRB CII 2021 Table 3A.11 (1679653232TABLE3A11.xlsx)
2021,Haryana,Other Than Custodial Rape (Section 376(2)) - On Pregnant Women (Sec.376(2)(h),,4,NCRB CII 2021 Table 3A.11 (1679653232TABLE3A11.xlsx)
2021,Himachal Pradesh,Other Than Custodial Rape (Section 376(2)) - On Pregnant Women (Sec.376(2)(h),,1,NCRB CII 2021 Table 3A.11 (1679653232TABLE3A11.xlsx)
2021,Jharkhand,Other Than Custodial Rape (Section 376(2)) - On Pregnant Women (Sec.376(2)(h),,0,NCRB CII 2021 Table 3A.11 (1679653232TABLE3A11.xlsx)
2021,Karnataka,Other Than Custodial Rape (Section 376(2)) - On Pregnant Women (Sec.376(2)(h),,0,NCRB CII 2021 Table 3A.11 (1679653232TABLE3A11.xlsx)
2021,Kerala,Other Than Custodial Rape (Section 376(2)) - On Pregnant Women (Sec.376(2)(h),,2,NCRB CII 2021 Table 3A.11 (1679653232TABLE3A11.xlsx)
2021,Madhya Pradesh,Other Than Custodial Rape (Section 376(2)) - On Pregnant Women (Sec.376(2)(h),,12,NCRB CII 2021 Table 3A.11 (1679653232TABLE3A11.xlsx)
2021,Maharashtra,Other Than Custodial Rape (Section 376(2)) - On Pregnant Women (Sec.376(2)(h),,3,NCRB CII 2021 Table 3A.11 (1679653232TABLE3A11.xlsx)
2021,Manipur,Other Than Custodial Rape (Section 376(2)) - On Pregnant Women (Sec.376(2)(h),,0,NCRB CII 2021 Table 3A.11 (1679653232TABLE3A11.xlsx)
2021,Meghalaya,Other Than Custodial Rape (Section 376(2)) - On Pregnant Women (Sec.376(2)(h),,0,NCRB CII 2021 Table 3A.11 (1679653232TABLE3A11.xlsx)
2021,Mizoram,Other Than Custodial Rape (Section 376(2)) - On Pregnant Women (Sec.376(2)(h),,0,NCRB CII 2021 Table 3A.11 (1679653232TABLE3A11.xlsx)
2021,Nagaland,Other Than Custodial Rape (Section 376(2)) - On Pregnant Women (Sec.376(2)(h),,1,NCRB CII 2021 Table 3A.11 (1679653232TABLE3A11.xlsx)
2021,Odisha,Other Than Custodial Rape (Section 376(2)) - On Pregnant Women (Sec.376(2)(h),,0,NCRB CII 2021 Table 3A.11 (1679653232TABLE3A11.xlsx)
2021,Punjab,Other Than Custodial Rape (Section 376(2)) - On Pregnant Women (Sec.376(2)(h),,0,NCRB CII 2021 Table 3A.11 (1679653232TABLE3A11.xlsx)
2021,Rajasthan,Other Than Custodial Rape (Section 376(2)) - On Pregnant Women (Sec.376(2)(h),,1,NCRB CII 2021 Table 3A.11 (1679653232TABLE3A11.xlsx)
2021,Sikkim,Other Than Custodial Rape (Section 376(2)) - On Pregnant Women (Sec.376(2)(h),,0,NCRB CII 2021 Table 3A.11 (1679653232TABLE3A11.xlsx)
2021,Tamil Nadu,Other Than Custodial Rape (Section 376(2)) - On Pregnant Women (Sec.376(2)(h),,0,NCRB CII 2021 Table 3A.11 (1679653232TABLE3A11.xlsx)
2021,Telangana,Other Than Custodial Rape (Section 376(2)) - On Pregnant Women (Sec.376(2)(h),,0,NCRB CII 2021 Table 3A.11 (1679653232TABLE3A11.xlsx)
2021,Tripura,Other Than Custodial Rape (Section 376(2)) - On Pregnant Women (Sec.376(2)(h),,0,NCRB CII 2021 Table 3A.11 (1679653232TABLE3A11.xlsx)
2021,Uttar Pradesh,Other Than Custodial Rape (Section 376(2)) - On Pregnant Women (Sec.376(2)(h),,0,NCRB CII 2021 Table 3A.11 (1679653232TABLE3A11.xlsx)
2021,Uttarakhand,Other Than Custodial Rape (Section 376(2)) - On Pregnant Women (Sec.376(2)(h),,0,NCRB CII 2021 Table 3A.11 (1679653232TABLE3A11.xlsx)
2021,West Bengal,Other Than Custodial Rape (Section 376(2)) - On Pregnant Women (Sec.376(2)(h),,0,NCRB CII 2021 Table 3A.11 (1679653232TABLE3A11.xlsx)
2021,Andaman & Nicobar Islands,Other Than Custodial Rape (Section 376(2)) - On Pregnant Women (Sec.376(2)(h),,0,NCRB CII 2021 Table 3A.11 (1679653232TABLE3A11.xlsx)
2021,Chandigarh,Other Than Custodial Rape (Section 376(2)) - On Pregnant Women (Sec.376(2)(h),,1,NCRB CII 2021 Table 3A.11 (1679653232TABLE3A11.xlsx)
2021,Dadra & Nagar Haveli and Daman & Diu,Other Than Custodial Rape (Section 376(2)) - On Pregnant Women (Sec.376(2)(h),,0,NCRB CII 2021 Table 3A.11 (1679653232TABLE3A11.xlsx)
2021,Delhi,Other Than Custodial Rape (Section 376(2)) - On Pregnant Women (Sec.376(2)(h),,0,NCRB CII 2021 Table 3A.11 (1679653232TABLE3A11.xlsx)
2021,Jammu & Kashmir,Other Than Custodial Rape (Section 376(2)) - On Pregnant Women (Sec.376(2)(h),,0,NCRB CII 2021 Table 3A.11 (1679653232TABLE3A11.xlsx)
2021,Ladakh,Other Than Custodial Rape (Section 376(2)) - On Pregnant Women (Sec.376(2)(h),,0,NCRB CII 2021 Table 3A.11 (1679653232TABLE3A11.xlsx)
2021,Lakshadweep,Other Than Custodial Rape (Section 376(2)) - On Pregnant Women (Sec.376(2)(h),,0,NCRB CII 2021 Table 3A.11 (1679653232TABLE3A11.xlsx)
2021,Puducherry,Other Than Custodial Rape (Section 376(2)) - On Pregnant Women (Sec.376(2)(h),,0,NCRB CII 2021 Table 3A.11 (1679653232TABLE3A11.xlsx)
2021,All India,Other Than Custodial Rape (Section 376(2)) - On Pregnant Women (Sec.376(2)(h),,28,NCRB CII 2021 Table 3A.11 (1679653232TABLE3A11.xlsx)
2021,Andhra Pradesh,Other Than Custodial Rape (Section 376(2)) - On Women Below 16 years of age (Sec.376(2) (i),,40,NCRB CII 2021 Table 3A.11 (1679653232TABLE3A11.xlsx)
2021,Arunachal Pradesh,Other Than Custodial Rape (Section 376(2)) - On Women Below 16 years of age (Sec.376(2) (i),,4,NCRB CII 2021 Table 3A.11 (1679653232TABLE3A11.xlsx)
2021,Assam,Other Than Custodial Rape (Section 376(2)) - On Women Below 16 years of age (Sec.376(2) (i),,0,NCRB CII 2021 Table 3A.11 (1679653232TABLE3A11.xlsx)
2021,Bihar,Other Than Custodial Rape (Section 376(2)) - On Women Below 16 years of age (Sec.376(2) (i),,0,NCRB CII 2021 Table 3A.11 (1679653232TABLE3A11.xlsx)
2021,Chhattisgarh,Other Than Custodial Rape (Section 376(2)) - On Women Below 16 years of age (Sec.376(2) (i),,0,NCRB CII 2021 Table 3A.11 (1679653232TABLE3A11.xlsx)
2021,Goa,Other Than Custodial Rape (Section 376(2)) - On Women Below 16 years of age (Sec.376(2) (i),,3,NCRB CII 2021 Table 3A.11 (1679653232TABLE3A11.xlsx)
2021,Gujarat,Other Than Custodial Rape (Section 376(2)) - On Women Below 16 years of age (Sec.376(2) (i),,0,NCRB CII 2021 Table 3A.11 (1679653232TABLE3A11.xlsx)
2021,Haryana,Other Than Custodial Rape (Section 376(2)) - On Women Below 16 years of age (Sec.376(2) (i),,0,NCRB CII 2021 Table 3A.11 (1679653232TABLE3A11.xlsx)
2021,Himachal Pradesh,Other Than Custodial Rape (Section 376(2)) - On Women Below 16 years of age (Sec.376(2) (i),,42,NCRB CII 2021 Table 3A.11 (1679653232TABLE3A11.xlsx)
2021,Jharkhand,Other Than Custodial Rape (Section 376(2)) - On Women Below 16 years of age (Sec.376(2) (i),,38,NCRB CII 2021 Table 3A.11 (1679653232TABLE3A11.xlsx)
2021,Karnataka,Other Than Custodial Rape (Section 376(2)) - On Women Below 16 years of age (Sec.376(2) (i),,0,NCRB CII 2021 Table 3A.11 (1679653232TABLE3A11.xlsx)
2021,Kerala,Other Than Custodial Rape (Section 376(2)) - On Women Below 16 years of age (Sec.376(2) (i),,0,NCRB CII 2021 Table 3A.11 (1679653232TABLE3A11.xlsx)
2021,Madhya Pradesh,Other Than Custodial Rape (Section 376(2)) - On Women Below 16 years of age (Sec.376(2) (i),,0,NCRB CII 2021 Table 3A.11 (1679653232TABLE3A11.xlsx)
2021,Maharashtra,Other Than Custodial Rape (Section 376(2)) - On Women Below 16 years of age (Sec.376(2) (i),,0,NCRB CII 2021 Table 3A.11 (1679653232TABLE3A11.xlsx)
2021,Manipur,Other Than Custodial Rape (Section 376(2)) - On Women Below 16 years of age (Sec.376(2) (i),,0,NCRB CII 2021 Table 3A.11 (1679653232TABLE3A11.xlsx)
2021,Meghalaya,Other Than Custodial Rape (Section 376(2)) - On Women Below 16 years of age (Sec.376(2) (i),,0,NCRB CII 2021 Table 3A.11 (1679653232TABLE3A11.xlsx)
2021,Mizoram,Other Than Custodial Rape (Section 376(2)) - On Women Below 16 years of age (Sec.376(2) (i),,0,NCRB CII 2021 Table 3A.11 (1679653232TABLE3A11.xlsx)
2021,Nagaland,Other Than Custodial Rape (Section 376(2)) - On Women Below 16 years of age (Sec.376(2) (i),,0,NCRB CII 2021 Table 3A.11 (1679653232TABLE3A11.xlsx)
2021,Odisha,Other Than Custodial Rape (Section 376(2)) - On Women Below 16 years of age (Sec.376(2) (i),,0,NCRB CII 2021 Table 3A.11 (1679653232TABLE3A11.xlsx)
2021,Punjab,Other Than Custodial Rape (Section 376(2)) - On Women Below 16 years of age (Sec.376(2) (i),,0,NCRB CII 2021 Table 3A.11 (1679653232TABLE3A11.xlsx)
2021,Rajasthan,Other Than Custodial Rape (Section 376(2)) - On Women Below 16 years of age (Sec.376(2) (i),,116,NCRB CII 2021 Table 3A.11 (1679653232TABLE3A11.xlsx)
2021,Sikkim,Other Than Custodial Rape (Section 376(2)) - On Women Below 16 years of age (Sec.376(2) (i),,0,NCRB CII 2021 Table 3A.11 (1679653232TABLE3A11.xlsx)
2021,Tamil Nadu,Other Than Custodial Rape (Section 376(2)) - On Women Below 16 years of age (Sec.376(2) (i),,0,NCRB CII 2021 Table 3A.11 (1679653232TABLE3A11.xlsx)
2021,Telangana,Other Than Custodial Rape (Section 376(2)) - On Women Below 16 years of age (Sec.376(2) (i),,0,NCRB CII 2021 Table 3A.11 (1679653232TABLE3A11.xlsx)
2021,Tripura,Other Than Custodial Rape (Section 376(2)) - On Women Below 16 years of age (Sec.376(2) (i),,0,NCRB CII 2021 Table 3A.11 (1679653232TABLE3A11.xlsx)
2021,Uttar Pradesh,Other Than Custodial Rape (Section 376(2)) - On Women Below 16 years of age (Sec.376(2) (i),,1,NCRB CII 2021 Table 3A.11 (1679653232TABLE3A11.xlsx)
2021,Uttarakhand,Other Than Custodial Rape (Section 376(2)) - On Women Below 16 years of age (Sec.376(2) (i),,0,NCRB CII 2021 Table 3A.11 (1679653232TABLE3A11.xlsx)
2021,West Bengal,Other Than Custodial Rape (Section 376(2)) - On Women Below 16 years of age (Sec.376(2) (i),,0,NCRB CII 2021 Table 3A.11 (1679653232TABLE3A11.xlsx)
2021,Andaman & Nicobar Islands,Other Than Custodial Rape (Section 376(2)) - On Women Below 16 years of age (Sec.376(2) (i),,0,NCRB CII 2021 Table 3A.11 (1679653232TABLE3A11.xlsx)
2021,Chandigarh,Other Than Custodial Rape (Section 376(2)) - On Women Below 16 years of age (Sec.376(2) (i),,2,NCRB CII 2021 Table 3A.11 (1679653232TABLE3A11.xlsx)
2021,Dadra & Nagar Haveli and Daman & Diu,Other Than Custodial Rape (Section 376(2)) - On Women Below 16 years of age (Sec.376(2) (i),,0,NCRB CII 2021 Table 3A.11 (1679653232TABLE3A11.xlsx)
2021,Delhi,Other Than Custodial Rape (Section 376(2)) - On Women Below 16 years of age (Sec.376(2) (i),,0,NCRB CII 2021 Table 3A.11 (1679653232TABLE3A11.xlsx)
2021,Jammu & Kashmir,Other Than Custodial Rape (Section 376(2)) - On Women Below 16 years of age (Sec.376(2) (i),,0,NCRB CII 2021 Table 3A.11 (1679653232TABLE3A11.xlsx)
2021,Ladakh,Other Than Custodial Rape (Section 376(2)) - On Women Below 16 years of age (Sec.376(2) (i),,0,NCRB CII 2021 Table 3A.11 (1679653232TABLE3A11.xlsx)
2021,Lakshadweep,Other Than Custodial Rape (Section 376(2)) - On Women Below 16 years of age (Sec.376(2) (i),,0,NCRB CII 2021 Table 3A.11 (1679653232TABLE3A11.xlsx)
2021,Puducherry,Other Than Custodial Rape (Section 376(2)) - On Women Below 16 years of age (Sec.376(2) (i),,0,NCRB CII 2021 Table 3A.11 (1679653232TABLE3A11.xlsx)
2021,All India,Other Than Custodial Rape (Section 376(2)) - On Women Below 16 years of age (Sec.376(2) (i),,246,NCRB CII 2021 Table 3A.11 (1679653232TABLE3A11.xlsx)
2021,Andhra Pradesh,Other Than Custodial Rape (Section 376(2)) - On Women Incapable of giving Consent (Sec.376(2) (j),,1,NCRB CII 2021 Table 3A.11 (1679653232TABLE3A11.xlsx)
2021,Arunachal Pradesh,Other Than Custodial Rape (Section 376(2)) - On Women Incapable of giving Consent (Sec.376(2) (j),,0,NCRB CII 2021 Table 3A.11 (1679653232TABLE3A11.xlsx)
2021,Assam,Other Than Custodial Rape (Section 376(2)) - On Women Incapable of giving Consent (Sec.376(2) (j),,0,NCRB CII 2021 Table 3A.11 (1679653232TABLE3A11.xlsx)
2021,Bihar,Other Than Custodial Rape (Section 376(2)) - On Women Incapable of giving Consent (Sec.376(2) (j),,0,NCRB CII 2021 Table 3A.11 (1679653232TABLE3A11.xlsx)
2021,Chhattisgarh,Other Than Custodial Rape (Section 376(2)) - On Women Incapable of giving Consent (Sec.376(2) (j),,3,NCRB CII 2021 Table 3A.11 (1679653232TABLE3A11.xlsx)
2021,Goa,Other Than Custodial Rape (Section 376(2)) - On Women Incapable of giving Consent (Sec.376(2) (j),,0,NCRB CII 2021 Table 3A.11 (1679653232TABLE3A11.xlsx)
2021,Gujarat,Other Than Custodial Rape (Section 376(2)) - On Women Incapable of giving Consent (Sec.376(2) (j),,4,NCRB CII 2021 Table 3A.11 (1679653232TABLE3A11.xlsx)
2021,Haryana,Other Than Custodial Rape (Section 376(2)) - On Women Incapable of giving Consent (Sec.376(2) (j),,0,NCRB CII 2021 Table 3A.11 (1679653232TABLE3A11.xlsx)
2021,Himachal Pradesh,Other Than Custodial Rape (Section 376(2)) - On Women Incapable of giving Consent (Sec.376(2) (j),,0,NCRB CII 2021 Table 3A.11 (1679653232TABLE3A11.xlsx)
2021,Jharkhand,Other Than Custodial Rape (Section 376(2)) - On Women Incapable of giving Consent (Sec.376(2) (j),,0,NCRB CII 2021 Table 3A.11 (1679653232TABLE3A11.xlsx)
2021,Karnataka,Other Than Custodial Rape (Section 376(2)) - On Women Incapable of giving Consent (Sec.376(2) (j),,2,NCRB CII 2021 Table 3A.11 (1679653232TABLE3A11.xlsx)
2021,Kerala,Other Than Custodial Rape (Section 376(2)) - On Women Incapable of giving Consent (Sec.376(2) (j),,3,NCRB CII 2021 Table 3A.11 (1679653232TABLE3A11.xlsx)
2021,Madhya Pradesh,Other Than Custodial Rape (Section 376(2)) - On Women Incapable of giving Consent (Sec.376(2) (j),,0,NCRB CII 2021 Table 3A.11 (1679653232TABLE3A11.xlsx)
2021,Maharashtra,Other Than Custodial Rape (Section 376(2)) - On Women Incapable of giving Consent (Sec.376(2) (j),,24,NCRB CII 2021 Table 3A.11 (1679653232TABLE3A11.xlsx)
2021,Manipur,Other Than Custodial Rape (Section 376(2)) - On Women Incapable of giving Consent (Sec.376(2) (j),,0,NCRB CII 2021 Table 3A.11 (1679653232TABLE3A11.xlsx)
2021,Meghalaya,Other Than Custodial Rape (Section 376(2)) - On Women Incapable of giving Consent (Sec.376(2) (j),,0,NCRB CII 2021 Table 3A.11 (1679653232TABLE3A11.xlsx)
2021,Mizoram,Other Than Custodial Rape (Section 376(2)) - On Women Incapable of giving Consent (Sec.376(2) (j),,0,NCRB CII 2021 Table 3A.11 (1679653232TABLE3A11.xlsx)
2021,Nagaland,Other Than Custodial Rape (Section 376(2)) - On Women Incapable of giving Consent (Sec.376(2) (j),,0,NCRB CII 2021 Table 3A.11 (1679653232TABLE3A11.xlsx)
2021,Odisha,Other Than Custodial Rape (Section 376(2)) - On Women Incapable of giving Consent (Sec.376(2) (j),,0,NCRB CII 2021 Table 3A.11 (1679653232TABLE3A11.xlsx)
2021,Punjab,Other Than Custodial Rape (Section 376(2)) - On Women Incapable of giving Consent (Sec.376(2) (j),,0,NCRB CII 2021 Table 3A.11 (1679653232TABLE3A11.xlsx)
2021,Rajasthan,Other Than Custodial Rape (Section 376(2)) - On Women Incapable of giving Consent (Sec.376(2) (j),,175,NCRB CII 2021 Table 3A.11 (1679653232TABLE3A11.xlsx)
2021,Sikkim,Other Than Custodial Rape (Section 376(2)) - On Women Incapable of giving Consent (Sec.376(2) (j),,0,NCRB CII 2021 Table 3A.11 (1679653232TABLE3A11.xlsx)
2021,Tamil Nadu,Other Than Custodial Rape (Section 376(2)) - On Women Incapable of giving Consent (Sec.376(2) (j),,16,NCRB CII 2021 Table 3A.11 (1679653232TABLE3A11.xlsx)
2021,Telangana,Other Than Custodial Rape (Section 376(2)) - On Women Incapable of giving Consent (Sec.376(2) (j),,27,NCRB CII 2021 Table 3A.11 (1679653232TABLE3A11.xlsx)
2021,Tripura,Other Than Custodial Rape (Section 376(2)) - On Women Incapable of giving Consent (Sec.376(2) (j),,0,NCRB CII 2021 Table 3A.11 (1679653232TABLE3A11.xlsx)
2021,Uttar Pradesh,Other Than Custodial Rape (Section 376(2)) - On Women Incapable of giving Consent (Sec.376(2) (j),,0,NCRB CII 2021 Table 3A.11 (1679653232TABLE3A11.xlsx)
2021,Uttarakhand,Other Than Custodial Rape (Section 376(2)) - On Women Incapable of giving Consent (Sec.376(2) (j),,0,NCRB CII 2021 Table 3A.11 (1679653232TABLE3A11.xlsx)
2021,West Bengal,Other Than Custodial Rape (Section 376(2)) - On Women Incapable of giving Consent (Sec.376(2) (j),,0,NCRB CII 2021 Table 3A.11 (1679653232TABLE3A11.xlsx)
2021,Andaman & Nicobar Islands,Other Than Custodial Rape (Section 376(2)) - On Women Incapable of giving Consent (Sec.376(2) (j),,0,NCRB CII 2021 Table 3A.11 (1679653232TABLE3A11.xlsx)
2021,Chandigarh,Other Than Custodial Rape (Section 376(2)) - On Women Incapable of giving Consent (Sec.376(2) (j),,1,NCRB CII 2021 Table 3A.11 (1679653232TABLE3A11.xlsx)
2021,Dadra & Nagar Haveli and Daman & Diu,Other Than Custodial Rape (Section 376(2)) - On Women Incapable of giving Consent (Sec.376(2) (j),,0,NCRB CII 2021 Table 3A.11 (1679653232TABLE3A11.xlsx)
2021,Delhi,Other Than Custodial Rape (Section 376(2)) - On Women Incapable of giving Consent (Sec.376(2) (j),,0,NCRB CII 2021 Table 3A.11 (1679653232TABLE3A11.xlsx)
2021,Jammu & Kashmir,Other Than Custodial Rape (Section 376(2)) - On Women Incapable of giving Consent (Sec.376(2) (j),,0,NCRB CII 2021 Table 3A.11 (1679653232TABLE3A11.xlsx)
2021,Ladakh,Other Than Custodial Rape (Section 376(2)) - On Women Incapable of giving Consent (Sec.376(2) (j),,0,NCRB CII 2021 Table 3A.11 (1679653232TABLE3A11.xlsx)
2021,Lakshadweep,Other Than Custodial Rape (Section 376(2)) - On Women Incapable of giving Consent (Sec.376(2) (j),,0,NCRB CII 2021 Table 3A.11 (1679653232TABLE3A11.xlsx)
2021,Puducherry,Other Than Custodial Rape (Section 376(2)) - On Women Incapable of giving Consent (Sec.376(2) (j),,0,NCRB CII 2021 Table 3A.11 (1679653232TABLE3A11.xlsx)
2021,All India,Other Than Custodial Rape (Section 376(2)) - On Women Incapable of giving Consent (Sec.376(2) (j),,256,NCRB CII 2021 Table 3A.11 (1679653232TABLE3A11.xlsx)
2021,Andhra Pradesh,Other Than Custodial Rape (Section 376(2)) - By Persons in Control or Dominance over women (Sec.376(2) (k),,0,NCRB CII 2021 Table 3A.11 (1679653232TABLE3A11.xlsx)
2021,Arunachal Pradesh,Other Than Custodial Rape (Section 376(2)) - By Persons in Control or Dominance over women (Sec.376(2) (k),,0,NCRB CII 2021 Table 3A.11 (1679653232TABLE3A11.xlsx)
2021,Assam,Other Than Custodial Rape (Section 376(2)) - By Persons in Control or Dominance over women (Sec.376(2) (k),,0,NCRB CII 2021 Table 3A.11 (1679653232TABLE3A11.xlsx)
2021,Bihar,Other Than Custodial Rape (Section 376(2)) - By Persons in Control or Dominance over women (Sec.376(2) (k),,0,NCRB CII 2021 Table 3A.11 (1679653232TABLE3A11.xlsx)
2021,Chhattisgarh,Other Than Custodial Rape (Section 376(2)) - By Persons in Control or Dominance over women (Sec.376(2) (k),,0,NCRB CII 2021 Table 3A.11 (1679653232TABLE3A11.xlsx)
2021,Goa,Other Than Custodial Rape (Section 376(2)) - By Persons in Control or Dominance over women (Sec.376(2) (k),,0,NCRB CII 2021 Table 3A.11 (1679653232TABLE3A11.xlsx)
2021,Gujarat,Other Than Custodial Rape (Section 376(2)) - By Persons in Control or Dominance over women (Sec.376(2) (k),,2,NCRB CII 2021 Table 3A.11 (1679653232TABLE3A11.xlsx)
2021,Haryana,Other Than Custodial Rape (Section 376(2)) - By Persons in Control or Dominance over women (Sec.376(2) (k),,0,NCRB CII 2021 Table 3A.11 (1679653232TABLE3A11.xlsx)
2021,Himachal Pradesh,Other Than Custodial Rape (Section 376(2)) - By Persons in Control or Dominance over women (Sec.376(2) (k),,0,NCRB CII 2021 Table 3A.11 (1679653232TABLE3A11.xlsx)
2021,Jharkhand,Other Than Custodial Rape (Section 376(2)) - By Persons in Control or Dominance over women (Sec.376(2) (k),,0,NCRB CII 2021 Table 3A.11 (1679653232TABLE3A11.xlsx)
2021,Karnataka,Other Than Custodial Rape (Section 376(2)) - By Persons in Control or Dominance over women (Sec.376(2) (k),,1,NCRB CII 2021 Table 3A.11 (1679653232TABLE3A11.xlsx)
2021,Kerala,Other Than Custodial Rape (Section 376(2)) - By Persons in Control or Dominance over women (Sec.376(2) (k),,2,NCRB CII 2021 Table 3A.11 (1679653232TABLE3A11.xlsx)
2021,Madhya Pradesh,Other Than Custodial Rape (Section 376(2)) - By Persons in Control or Dominance over women (Sec.376(2) (k),,18,NCRB CII 2021 Table 3A.11 (1679653232TABLE3A11.xlsx)
2021,Maharashtra,Other Than Custodial Rape (Section 376(2)) - By Persons in Control or Dominance over women (Sec.376(2) (k),,3,NCRB CII 2021 Table 3A.11 (1679653232TABLE3A11.xlsx)
2021,Manipur,Other Than Custodial Rape (Section 376(2)) - By Persons in Control or Dominance over women (Sec.376(2) (k),,0,NCRB CII 2021 Table 3A.11 (1679653232TABLE3A11.xlsx)
2021,Meghalaya,Other Than Custodial Rape (Section 376(2)) - By Persons in Control or Dominance over women (Sec.376(2) (k),,0,NCRB CII 2021 Table 3A.11 (1679653232TABLE3A11.xlsx)
2021,Mizoram,Other Than Custodial Rape (Section 376(2)) - By Persons in Control or Dominance over women (Sec.376(2) (k),,0,NCRB CII 2021 Table 3A.11 (1679653232TABLE3A11.xlsx)
2021,Nagaland,Other Than Custodial Rape (Section 376(2)) - By Persons in Control or Dominance over women (Sec.376(2) (k),,0,NCRB CII 2021 Table 3A.11 (1679653232TABLE3A11.xlsx)
2021,Odisha,Other Than Custodial Rape (Section 376(2)) - By Persons in Control or Dominance over women (Sec.376(2) (k),,0,NCRB CII 2021 Table 3A.11 (1679653232TABLE3A11.xlsx)
2021,Punjab,Other Than Custodial Rape (Section 376(2)) - By Persons in Control or Dominance over women (Sec.376(2) (k),,0,NCRB CII 2021 Table 3A.11 (1679653232TABLE3A11.xlsx)
2021,Rajasthan,Other Than Custodial Rape (Section 376(2)) - By Persons in Control or Dominance over women (Sec.376(2) (k),,22,NCRB CII 2021 Table 3A.11 (1679653232TABLE3A11.xlsx)
2021,Sikkim,Other Than Custodial Rape (Section 376(2)) - By Persons in Control or Dominance over women (Sec.376(2) (k),,0,NCRB CII 2021 Table 3A.11 (1679653232TABLE3A11.xlsx)
2021,Tamil Nadu,Other Than Custodial Rape (Section 376(2)) - By Persons in Control or Dominance over women (Sec.376(2) (k),,2,NCRB CII 2021 Table 3A.11 (1679653232TABLE3A11.xlsx)
2021,Telangana,Other Than Custodial Rape (Section 376(2)) - By Persons in Control or Dominance over women (Sec.376(2) (k),,2,NCRB CII 2021 Table 3A.11 (1679653232TABLE3A11.xlsx)
2021,Tripura,Other Than Custodial Rape (Section 376(2)) - By Persons in Control or Dominance over women (Sec.376(2) (k),,0,NCRB CII 2021 Table 3A.11 (1679653232TABLE3A11.xlsx)
2021,Uttar Pradesh,Other Than Custodial Rape (Section 376(2)) - By Persons in Control or Dominance over women (Sec.376(2) (k),,0,NCRB CII 2021 Table 3A.11 (1679653232TABLE3A11.xlsx)
2021,Uttarakhand,Other Than Custodial Rape (Section 376(2)) - By Persons in Control or Dominance over women (Sec.376(2) (k),,0,NCRB CII 2021 Table 3A.11 (1679653232TABLE3A11.xlsx)
2021,West Bengal,Other Than Custodial Rape (Section 376(2)) - By Persons in Control or Dominance over women (Sec.376(2) (k),,0,NCRB CII 2021 Table 3A.11 (1679653232TABLE3A11.xlsx)
2021,Andaman & Nicobar Islands,Other Than Custodial Rape (Section 376(2)) - By Persons in Control or Dominance over women (Sec.376(2) (k),,0,NCRB CII 2021 Table 3A.11 (1679653232TABLE3A11.xlsx)
2021,Chandigarh,Other Than Custodial Rape (Section 376(2)) - By Persons in Control or Dominance over women (Sec.376(2) (k),,1,NCRB CII 2021 Table 3A.11 (1679653232TABLE3A11.xlsx)
2021,Dadra & Nagar Haveli and Daman & Diu,Other Than Custodial Rape (Section 376(2)) - By Persons in Control or Dominance over women (Sec.376(2) (k),,0,NCRB CII 2021 Table 3A.11 (1679653232TABLE3A11.xlsx)
2021,Delhi,Other Than Custodial Rape (Section 376(2)) - By Persons in Control or Dominance over women (Sec.376(2) (k),,0,NCRB CII 2021 Table 3A.11 (1679653232TABLE3A11.xlsx)
2021,Jammu & Kashmir,Other Than Custodial Rape (Section 376(2)) - By Persons in Control or Dominance over women (Sec.376(2) (k),,0,NCRB CII 2021 Table 3A.11 (1679653232TABLE3A11.xlsx)
2021,Ladakh,Other Than Custodial Rape (Section 376(2)) - By Persons in Control or Dominance over women (Sec.376(2) (k),,0,NCRB CII 2021 Table 3A.11 (1679653232TABLE3A11.xlsx)
2021,Lakshadweep,Other Than Custodial Rape (Section 376(2)) - By Persons in Control or Dominance over women (Sec.376(2) (k),,0,NCRB CII 2021 Table 3A.11 (1679653232TABLE3A11.xlsx)
2021,Puducherry,Other Than Custodial Rape (Section 376(2)) - By Persons in Control or Dominance over women (Sec.376(2) (k),,0,NCRB CII 2021 Table 3A.11 (1679653232TABLE3A11.xlsx)
2021,All India,Other Than Custodial Rape (Section 376(2)) - By Persons in Control or Dominance over women (Sec.376(2) (k),,53,NCRB CII 2021 Table 3A.11 (1679653232TABLE3A11.xlsx)
2021,Andhra Pradesh,Other Than Custodial Rape (Section 376(2)) - On Women with Mental or Physical disability (Sec.376(2)(l),,17,NCRB CII 2021 Table 3A.11 (1679653232TABLE3A11.xlsx)
2021,Arunachal Pradesh,Other Than Custodial Rape (Section 376(2)) - On Women with Mental or Physical disability (Sec.376(2)(l),,1,NCRB CII 2021 Table 3A.11 (1679653232TABLE3A11.xlsx)
2021,Assam,Other Than Custodial Rape (Section 376(2)) - On Women with Mental or Physical disability (Sec.376(2)(l),,4,NCRB CII 2021 Table 3A.11 (1679653232TABLE3A11.xlsx)
2021,Bihar,Other Than Custodial Rape (Section 376(2)) - On Women with Mental or Physical disability (Sec.376(2)(l),,0,NCRB CII 2021 Table 3A.11 (1679653232TABLE3A11.xlsx)
2021,Chhattisgarh,Other Than Custodial Rape (Section 376(2)) - On Women with Mental or Physical disability (Sec.376(2)(l),,3,NCRB CII 2021 Table 3A.11 (1679653232TABLE3A11.xlsx)
2021,Goa,Other Than Custodial Rape (Section 376(2)) - On Women with Mental or Physical disability (Sec.376(2)(l),,0,NCRB CII 2021 Table 3A.11 (1679653232TABLE3A11.xlsx)
2021,Gujarat,Other Than Custodial Rape (Section 376(2)) - On Women with Mental or Physical disability (Sec.376(2)(l),,4,NCRB CII 2021 Table 3A.11 (1679653232TABLE3A11.xlsx)
2021,Haryana,Other Than Custodial Rape (Section 376(2)) - On Women with Mental or Physical disability (Sec.376(2)(l),,1,NCRB CII 2021 Table 3A.11 (1679653232TABLE3A11.xlsx)
2021,Himachal Pradesh,Other Than Custodial Rape (Section 376(2)) - On Women with Mental or Physical disability (Sec.376(2)(l),,1,NCRB CII 2021 Table 3A.11 (1679653232TABLE3A11.xlsx)
2021,Jharkhand,Other Than Custodial Rape (Section 376(2)) - On Women with Mental or Physical disability (Sec.376(2)(l),,1,NCRB CII 2021 Table 3A.11 (1679653232TABLE3A11.xlsx)
2021,Karnataka,Other Than Custodial Rape (Section 376(2)) - On Women with Mental or Physical disability (Sec.376(2)(l),,5,NCRB CII 2021 Table 3A.11 (1679653232TABLE3A11.xlsx)
2021,Kerala,Other Than Custodial Rape (Section 376(2)) - On Women with Mental or Physical disability (Sec.376(2)(l),,10,NCRB CII 2021 Table 3A.11 (1679653232TABLE3A11.xlsx)
2021,Madhya Pradesh,Other Than Custodial Rape (Section 376(2)) - On Women with Mental or Physical disability (Sec.376(2)(l),,5,NCRB CII 2021 Table 3A.11 (1679653232TABLE3A11.xlsx)
2021,Maharashtra,Other Than Custodial Rape (Section 376(2)) - On Women with Mental or Physical disability (Sec.376(2)(l),,35,NCRB CII 2021 Table 3A.11 (1679653232TABLE3A11.xlsx)
2021,Manipur,Other Than Custodial Rape (Section 376(2)) - On Women with Mental or Physical disability (Sec.376(2)(l),,0,NCRB CII 2021 Table 3A.11 (1679653232TABLE3A11.xlsx)
2021,Meghalaya,Other Than Custodial Rape (Section 376(2)) - On Women with Mental or Physical disability (Sec.376(2)(l),,5,NCRB CII 2021 Table 3A.11 (1679653232TABLE3A11.xlsx)
2021,Mizoram,Other Than Custodial Rape (Section 376(2)) - On Women with Mental or Physical disability (Sec.376(2)(l),,6,NCRB CII 2021 Table 3A.11 (1679653232TABLE3A11.xlsx)
2021,Nagaland,Other Than Custodial Rape (Section 376(2)) - On Women with Mental or Physical disability (Sec.376(2)(l),,0,NCRB CII 2021 Table 3A.11 (1679653232TABLE3A11.xlsx)
2021,Odisha,Other Than Custodial Rape (Section 376(2)) - On Women with Mental or Physical disability (Sec.376(2)(l),,0,NCRB CII 2021 Table 3A.11 (1679653232TABLE3A11.xlsx)
2021,Punjab,Other Than Custodial Rape (Section 376(2)) - On Women with Mental or Physical disability (Sec.376(2)(l),,1,NCRB CII 2021 Table 3A.11 (1679653232TABLE3A11.xlsx)
2021,Rajasthan,Other Than Custodial Rape (Section 376(2)) - On Women with Mental or Physical disability (Sec.376(2)(l),,1,NCRB CII 2021 Table 3A.11 (1679653232TABLE3A11.xlsx)
2021,Sikkim,Other Than Custodial Rape (Section 376(2)) - On Women with Mental or Physical disability (Sec.376(2)(l),,0,NCRB CII 2021 Table 3A.11 (1679653232TABLE3A11.xlsx)
2021,Tamil Nadu,Other Than Custodial Rape (Section 376(2)) - On Women with Mental or Physical disability (Sec.376(2)(l),,6,NCRB CII 2021 Table 3A.11 (1679653232TABLE3A11.xlsx)
2021,Telangana,Other Than Custodial Rape (Section 376(2)) - On Women with Mental or Physical disability (Sec.376(2)(l),,9,NCRB CII 2021 Table 3A.11 (1679653232TABLE3A11.xlsx)
2021,Tripura,Other Than Custodial Rape (Section 376(2)) - On Women with Mental or Physical disability (Sec.376(2)(l),,0,NCRB CII 2021 Table 3A.11 (1679653232TABLE3A11.xlsx)
2021,Uttar Pradesh,Other Than Custodial Rape (Section 376(2)) - On Women with Mental or Physical disability (Sec.376(2)(l),,0,NCRB CII 2021 Table 3A.11 (1679653232TABLE3A11.xlsx)
2021,Uttarakhand,Other Than Custodial Rape (Section 376(2)) - On Women with Mental or Physical disability (Sec.376(2)(l),,0,NCRB CII 2021 Table 3A.11 (1679653232TABLE3A11.xlsx)
2021,West Bengal,Other Than Custodial Rape (Section 376(2)) - On Women with Mental or Physical disability (Sec.376(2)(l),,1,NCRB CII 2021 Table 3A.11 (1679653232TABLE3A11.xlsx)
2021,Andaman & Nicobar Islands,Other Than Custodial Rape (Section 376(2)) - On Women with Mental or Physical disability (Sec.376(2)(l),,1,NCRB CII 2021 Table 3A.11 (1679653232TABLE3A11.xlsx)
2021,Chandigarh,Other Than Custodial Rape (Section 376(2)) - On Women with Mental or Physical disability (Sec.376(2)(l),,0,NCRB CII 2021 Table 3A.11 (1679653232TABLE3A11.xlsx)
2021,Dadra & Nagar Haveli and Daman & Diu,Other Than Custodial Rape (Section 376(2)) - On Women with Mental or Physical disability (Sec.376(2)(l),,0,NCRB CII 2021 Table 3A.11 (1679653232TABLE3A11.xlsx)
2021,Delhi,Other Than Custodial Rape (Section 376(2)) - On Women with Mental or Physical disability (Sec.376(2)(l),,0,NCRB CII 2021 Table 3A.11 (1679653232TABLE3A11.xlsx)
2021,Jammu & Kashmir,Other Than Custodial Rape (Section 376(2)) - On Women with Mental or Physical disability (Sec.376(2)(l),,0,NCRB CII 2021 Table 3A.11 (1679653232TABLE3A11.xlsx)
2021,Ladakh,Other Than Custodial Rape (Section 376(2)) - On Women with Mental or Physical disability (Sec.376(2)(l),,0,NCRB CII 2021 Table 3A.11 (1679653232TABLE3A11.xlsx)
2021,Lakshadweep,Other Than Custodial Rape (Section 376(2)) - On Women with Mental or Physical disability (Sec.376(2)(l),,0,NCRB CII 2021 Table 3A.11 (1679653232TABLE3A11.xlsx)
2021,Puducherry,Other Than Custodial Rape (Section 376(2)) - On Women with Mental or Physical disability (Sec.376(2)(l),,0,NCRB CII 2021 Table 3A.11 (1679653232TABLE3A11.xlsx)
2021,All India,Other Than Custodial Rape (Section 376(2)) - On Women with Mental or Physical disability (Sec.376(2)(l),,117,NCRB CII 2021 Table 3A.11 (1679653232TABLE3A11.xlsx)
2021,Andhra Pradesh,Other Than Custodial Rape (Section 376(2)) - Endanger life of Women after Rape (Sec.376(2)(m),,1,NCRB CII 2021 Table 3A.11 (1679653232TABLE3A11.xlsx)
2021,Arunachal Pradesh,Other Than Custodial Rape (Section 376(2)) - Endanger life of Women after Rape (Sec.376(2)(m),,0,NCRB CII 2021 Table 3A.11 (1679653232TABLE3A11.xlsx)
2021,Assam,Other Than Custodial Rape (Section 376(2)) - Endanger life of Women after Rape (Sec.376(2)(m),,0,NCRB CII 2021 Table 3A.11 (1679653232TABLE3A11.xlsx)
2021,Bihar,Other Than Custodial Rape (Section 376(2)) - Endanger life of Women after Rape (Sec.376(2)(m),,0,NCRB CII 2021 Table 3A.11 (1679653232TABLE3A11.xlsx)
2021,Chhattisgarh,Other Than Custodial Rape (Section 376(2)) - Endanger life of Women after Rape (Sec.376(2)(m),,0,NCRB CII 2021 Table 3A.11 (1679653232TABLE3A11.xlsx)
2021,Goa,Other Than Custodial Rape (Section 376(2)) - Endanger life of Women after Rape (Sec.376(2)(m),,0,NCRB CII 2021 Table 3A.11 (1679653232TABLE3A11.xlsx)
2021,Gujarat,Other Than Custodial Rape (Section 376(2)) - Endanger life of Women after Rape (Sec.376(2)(m),,3,NCRB CII 2021 Table 3A.11 (1679653232TABLE3A11.xlsx)
2021,Haryana,Other Than Custodial Rape (Section 376(2)) - Endanger life of Women after Rape (Sec.376(2)(m),,0,NCRB CII 2021 Table 3A.11 (1679653232TABLE3A11.xlsx)
2021,Himachal Pradesh,Other Than Custodial Rape (Section 376(2)) - Endanger life of Women after Rape (Sec.376(2)(m),,0,NCRB CII 2021 Table 3A.11 (1679653232TABLE3A11.xlsx)
2021,Jharkhand,Other Than Custodial Rape (Section 376(2)) - Endanger life of Women after Rape (Sec.376(2)(m),,0,NCRB CII 2021 Table 3A.11 (1679653232TABLE3A11.xlsx)
2021,Karnataka,Other Than Custodial Rape (Section 376(2)) - Endanger life of Women after Rape (Sec.376(2)(m),,1,NCRB CII 2021 Table 3A.11 (1679653232TABLE3A11.xlsx)
2021,Kerala,Other Than Custodial Rape (Section 376(2)) - Endanger life of Women after Rape (Sec.376(2)(m),,3,NCRB CII 2021 Table 3A.11 (1679653232TABLE3A11.xlsx)
2021,Madhya Pradesh,Other Than Custodial Rape (Section 376(2)) - Endanger life of Women after Rape (Sec.376(2)(m),,1,NCRB CII 2021 Table 3A.11 (1679653232TABLE3A11.xlsx)
2021,Maharashtra,Other Than Custodial Rape (Section 376(2)) - Endanger life of Women after Rape (Sec.376(2)(m),,7,NCRB CII 2021 Table 3A.11 (1679653232TABLE3A11.xlsx)
2021,Manipur,Other Than Custodial Rape (Section 376(2)) - Endanger life of Women after Rape (Sec.376(2)(m),,0,NCRB CII 2021 Table 3A.11 (1679653232TABLE3A11.xlsx)
2021,Meghalaya,Other Than Custodial Rape (Section 376(2)) - Endanger life of Women after Rape (Sec.376(2)(m),,1,NCRB CII 2021 Table 3A.11 (1679653232TABLE3A11.xlsx)
2021,Mizoram,Other Than Custodial Rape (Section 376(2)) - Endanger life of Women after Rape (Sec.376(2)(m),,0,NCRB CII 2021 Table 3A.11 (1679653232TABLE3A11.xlsx)
2021,Nagaland,Other Than Custodial Rape (Section 376(2)) - Endanger life of Women after Rape (Sec.376(2)(m),,0,NCRB CII 2021 Table 3A.11 (1679653232TABLE3A11.xlsx)
2021,Odisha,Other Than Custodial Rape (Section 376(2)) - Endanger life of Women after Rape (Sec.376(2)(m),,0,NCRB CII 2021 Table 3A.11 (1679653232TABLE3A11.xlsx)
2021,Punjab,Other Than Custodial Rape (Section 376(2)) - Endanger life of Women after Rape (Sec.376(2)(m),,0,NCRB CII 2021 Table 3A.11 (1679653232TABLE3A11.xlsx)
2021,Rajasthan,Other Than Custodial Rape (Section 376(2)) - Endanger life of Women after Rape (Sec.376(2)(m),,0,NCRB CII 2021 Table 3A.11 (1679653232TABLE3A11.xlsx)
2021,Sikkim,Other Than Custodial Rape (Section 376(2)) - Endanger life of Women after Rape (Sec.376(2)(m),,0,NCRB CII 2021 Table 3A.11 (1679653232TABLE3A11.xlsx)
2021,Tamil Nadu,Other Than Custodial Rape (Section 376(2)) - Endanger life of Women after Rape (Sec.376(2)(m),,1,NCRB CII 2021 Table 3A.11 (1679653232TABLE3A11.xlsx)
2021,Telangana,Other Than Custodial Rape (Section 376(2)) - Endanger life of Women after Rape (Sec.376(2)(m),,0,NCRB CII 2021 Table 3A.11 (1679653232TABLE3A11.xlsx)
2021,Tripura,Other Than Custodial Rape (Section 376(2)) - Endanger life of Women after Rape (Sec.376(2)(m),,0,NCRB CII 2021 Table 3A.11 (1679653232TABLE3A11.xlsx)
2021,Uttar Pradesh,Other Than Custodial Rape (Section 376(2)) - Endanger life of Women after Rape (Sec.376(2)(m),,0,NCRB CII 2021 Table 3A.11 (1679653232TABLE3A11.xlsx)
2021,Uttarakhand,Other Than Custodial Rape (Section 376(2)) - Endanger life of Women after Rape (Sec.376(2)(m),,0,NCRB CII 2021 Table 3A.11 (1679653232TABLE3A11.xlsx)
2021,West Bengal,Other Than Custodial Rape (Section 376(2)) - Endanger life of Women after Rape (Sec.376(2)(m),,3,NCRB CII 2021 Table 3A.11 (1679653232TABLE3A11.xlsx)
2021,Andaman & Nicobar Islands,Other Than Custodial Rape (Section 376(2)) - Endanger life of Women after Rape (Sec.376(2)(m),,0,NCRB CII 2021 Table 3A.11 (1679653232TABLE3A11.xlsx)
2021,Chandigarh,Other Than Custodial Rape (Section 376(2)) - Endanger life of Women after Rape (Sec.376(2)(m),,1,NCRB CII 2021 Table 3A.11 (1679653232TABLE3A11.xlsx)
2021,Dadra & Nagar Haveli and Daman & Diu,Other Than Custodial Rape (Section 376(2)) - Endanger life of Women after Rape (Sec.376(2)(m),,0,NCRB CII 2021 Table 3A.11 (1679653232TABLE3A11.xlsx)
2021,Delhi,Other Than Custodial Rape (Section 376(2)) - Endanger life of Women after Rape (Sec.376(2)(m),,1,NCRB CII 2021 Table 3A.11 (1679653232TABLE3A11.xlsx)
2021,Jammu & Kashmir,Other Than Custodial Rape (Section 376(2)) - Endanger life of Women after Rape (Sec.376(2)(m),,0,NCRB CII 2021 Table 3A.11 (1679653232TABLE3A11.xlsx)
2021,Ladakh,Other Than Custodial Rape (Section 376(2)) - Endanger life of Women after Rape (Sec.376(2)(m),,0,NCRB CII 2021 Table 3A.11 (1679653232TABLE3A11.xlsx)
2021,Lakshadweep,Other Than Custodial Rape (Section 376(2)) - Endanger life of Women after Rape (Sec.376(2)(m),,0,NCRB CII 2021 Table 3A.11 (1679653232TABLE3A11.xlsx)
2021,Puducherry,Other Than Custodial Rape (Section 376(2)) - Endanger life of Women after Rape (Sec.376(2)(m),,0,NCRB CII 2021 Table 3A.11 (1679653232TABLE3A11.xlsx)
2021,All India,Other Than Custodial Rape (Section 376(2)) - Endanger life of Women after Rape (Sec.376(2)(m),,23,NCRB CII 2021 Table 3A.11 (1679653232TABLE3A11.xlsx)
2021,Andhra Pradesh,Other Than Custodial Rape (Section 376(2)) - Repeated Rape on same women (Sec.376(2)(n),,197,NCRB CII 2021 Table 3A.11 (1679653232TABLE3A11.xlsx)
2021,Arunachal Pradesh,Other Than Custodial Rape (Section 376(2)) - Repeated Rape on same women (Sec.376(2)(n),,0,NCRB CII 2021 Table 3A.11 (1679653232TABLE3A11.xlsx)
2021,Assam,Other Than Custodial Rape (Section 376(2)) - Repeated Rape on same women (Sec.376(2)(n),,4,NCRB CII 2021 Table 3A.11 (1679653232TABLE3A11.xlsx)
2021,Bihar,Other Than Custodial Rape (Section 376(2)) - Repeated Rape on same women (Sec.376(2)(n),,0,NCRB CII 2021 Table 3A.11 (1679653232TABLE3A11.xlsx)
2021,Chhattisgarh,Other Than Custodial Rape (Section 376(2)) - Repeated Rape on same women (Sec.376(2)(n),,119,NCRB CII 2021 Table 3A.11 (1679653232TABLE3A11.xlsx)
2021,Goa,Other Than Custodial Rape (Section 376(2)) - Repeated Rape on same women (Sec.376(2)(n),,1,NCRB CII 2021 Table 3A.11 (1679653232TABLE3A11.xlsx)
2021,Gujarat,Other Than Custodial Rape (Section 376(2)) - Repeated Rape on same women (Sec.376(2)(n),,163,NCRB CII 2021 Table 3A.11 (1679653232TABLE3A11.xlsx)
2021,Haryana,Other Than Custodial Rape (Section 376(2)) - Repeated Rape on same women (Sec.376(2)(n),,584,NCRB CII 2021 Table 3A.11 (1679653232TABLE3A11.xlsx)
2021,Himachal Pradesh,Other Than Custodial Rape (Section 376(2)) - Repeated Rape on same women (Sec.376(2)(n),,2,NCRB CII 2021 Table 3A.11 (1679653232TABLE3A11.xlsx)
2021,Jharkhand,Other Than Custodial Rape (Section 376(2)) - Repeated Rape on same women (Sec.376(2)(n),,46,NCRB CII 2021 Table 3A.11 (1679653232TABLE3A11.xlsx)
2021,Karnataka,Other Than Custodial Rape (Section 376(2)) - Repeated Rape on same women (Sec.376(2)(n),,51,NCRB CII 2021 Table 3A.11 (1679653232TABLE3A11.xlsx)
2021,Kerala,Other Than Custodial Rape (Section 376(2)) - Repeated Rape on same women (Sec.376(2)(n),,286,NCRB CII 2021 Table 3A.11 (1679653232TABLE3A11.xlsx)
2021,Madhya Pradesh,Other Than Custodial Rape (Section 376(2)) - Repeated Rape on same women (Sec.376(2)(n),,1111,NCRB CII 2021 Table 3A.11 (1679653232TABLE3A11.xlsx)
2021,Maharashtra,Other Than Custodial Rape (Section 376(2)) - Repeated Rape on same women (Sec.376(2)(n),,864,NCRB CII 2021 Table 3A.11 (1679653232TABLE3A11.xlsx)
2021,Manipur,Other Than Custodial Rape (Section 376(2)) - Repeated Rape on same women (Sec.376(2)(n),,0,NCRB CII 2021 Table 3A.11 (1679653232TABLE3A11.xlsx)
2021,Meghalaya,Other Than Custodial Rape (Section 376(2)) - Repeated Rape on same women (Sec.376(2)(n),,1,NCRB CII 2021 Table 3A.11 (1679653232TABLE3A11.xlsx)
2021,Mizoram,Other Than Custodial Rape (Section 376(2)) - Repeated Rape on same women (Sec.376(2)(n),,0,NCRB CII 2021 Table 3A.11 (1679653232TABLE3A11.xlsx)
2021,Nagaland,Other Than Custodial Rape (Section 376(2)) - Repeated Rape on same women (Sec.376(2)(n),,0,NCRB CII 2021 Table 3A.11 (1679653232TABLE3A11.xlsx)
2021,Odisha,Other Than Custodial Rape (Section 376(2)) - Repeated Rape on same women (Sec.376(2)(n),,63,NCRB CII 2021 Table 3A.11 (1679653232TABLE3A11.xlsx)
2021,Punjab,Other Than Custodial Rape (Section 376(2)) - Repeated Rape on same women (Sec.376(2)(n),,3,NCRB CII 2021 Table 3A.11 (1679653232TABLE3A11.xlsx)
2021,Rajasthan,Other Than Custodial Rape (Section 376(2)) - Repeated Rape on same women (Sec.376(2)(n),,390,NCRB CII 2021 Table 3A.11 (1679653232TABLE3A11.xlsx)
2021,Sikkim,Other Than Custodial Rape (Section 376(2)) - Repeated Rape on same women (Sec.376(2)(n),,0,NCRB CII 2021 Table 3A.11 (1679653232TABLE3A11.xlsx)
2021,Tamil Nadu,Other Than Custodial Rape (Section 376(2)) - Repeated Rape on same women (Sec.376(2)(n),,16,NCRB CII 2021 Table 3A.11 (1679653232TABLE3A11.xlsx)
2021,Telangana,Other Than Custodial Rape (Section 376(2)) - Repeated Rape on same women (Sec.376(2)(n),,161,NCRB CII 2021 Table 3A.11 (1679653232TABLE3A11.xlsx)
2021,Tripura,Other Than Custodial Rape (Section 376(2)) - Repeated Rape on same women (Sec.376(2)(n),,3,NCRB CII 2021 Table 3A.11 (1679653232TABLE3A11.xlsx)
2021,Uttar Pradesh,Other Than Custodial Rape (Section 376(2)) - Repeated Rape on same women (Sec.376(2)(n),,0,NCRB CII 2021 Table 3A.11 (1679653232TABLE3A11.xlsx)
2021,Uttarakhand,Other Than Custodial Rape (Section 376(2)) - Repeated Rape on same women (Sec.376(2)(n),,8,NCRB CII 2021 Table 3A.11 (1679653232TABLE3A11.xlsx)
2021,West Bengal,Other Than Custodial Rape (Section 376(2)) - Repeated Rape on same women (Sec.376(2)(n),,14,NCRB CII 2021 Table 3A.11 (1679653232TABLE3A11.xlsx)
2021,Andaman & Nicobar Islands,Other Than Custodial Rape (Section 376(2)) - Repeated Rape on same women (Sec.376(2)(n),,0,NCRB CII 2021 Table 3A.11 (1679653232TABLE3A11.xlsx)
2021,Chandigarh,Other Than Custodial Rape (Section 376(2)) - Repeated Rape on same women (Sec.376(2)(n),,25,NCRB CII 2021 Table 3A.11 (1679653232TABLE3A11.xlsx)
2021,Dadra & Nagar Haveli and Daman & Diu,Other Than Custodial Rape (Section 376(2)) - Repeated Rape on same women (Sec.376(2)(n),,0,NCRB CII 2021 Table 3A.11 (1679653232TABLE3A11.xlsx)
2021,Delhi,Other Than Custodial Rape (Section 376(2)) - Repeated Rape on same women (Sec.376(2)(n),,43,NCRB CII 2021 Table 3A.11 (1679653232TABLE3A11.xlsx)
2021,Jammu & Kashmir,Other Than Custodial Rape (Section 376(2)) - Repeated Rape on same women (Sec.376(2)(n),,0,NCRB CII 2021 Table 3A.11 (1679653232TABLE3A11.xlsx)
2021,Ladakh,Other Than Custodial Rape (Section 376(2)) - Repeated Rape on same women (Sec.376(2)(n),,0,NCRB CII 2021 Table 3A.11 (1679653232TABLE3A11.xlsx)
2021,Lakshadweep,Other Than Custodial Rape (Section 376(2)) - Repeated Rape on same women (Sec.376(2)(n),,0,NCRB CII 2021 Table 3A.11 (1679653232TABLE3A11.xlsx)
2021,Puducherry,Other Than Custodial Rape (Section 376(2)) - Repeated Rape on same women (Sec.376(2)(n),,0,NCRB CII 2021 Table 3A.11 (1679653232TABLE3A11.xlsx)
2021,All India,Other Than Custodial Rape (Section 376(2)) - Repeated Rape on same women (Sec.376(2)(n),,4155,NCRB CII 2021 Table 3A.11 (1679653232TABLE3A11.xlsx)
2021,Andhra Pradesh,Other Than Custodial Rape (Section 376(2)) - Other Custodial Rapes,,40,NCRB CII 2021 Table 3A.11 (1679653232TABLE3A11.xlsx)
2021,Arunachal Pradesh,Other Than Custodial Rape (Section 376(2)) - Other Custodial Rapes,,4,NCRB CII 2021 Table 3A.11 (1679653232TABLE3A11.xlsx)
2021,Assam,Other Than Custodial Rape (Section 376(2)) - Other Custodial Rapes,,171,NCRB CII 2021 Table 3A.11 (1679653232TABLE3A11.xlsx)
2021,Bihar,Other Than Custodial Rape (Section 376(2)) - Other Custodial Rapes,,0,NCRB CII 2021 Table 3A.11 (1679653232TABLE3A11.xlsx)
2021,Chhattisgarh,Other Than Custodial Rape (Section 376(2)) - Other Custodial Rapes,,34,NCRB CII 2021 Table 3A.11 (1679653232TABLE3A11.xlsx)
2021,Goa,Other Than Custodial Rape (Section 376(2)) - Other Custodial Rapes,,0,NCRB CII 2021 Table 3A.11 (1679653232TABLE3A11.xlsx)
2021,Gujarat,Other Than Custodial Rape (Section 376(2)) - Other Custodial Rapes,,0,NCRB CII 2021 Table 3A.11 (1679653232TABLE3A11.xlsx)
2021,Haryana,Other Than Custodial Rape (Section 376(2)) - Other Custodial Rapes,,212,NCRB CII 2021 Table 3A.11 (1679653232TABLE3A11.xlsx)
2021,Himachal Pradesh,Other Than Custodial Rape (Section 376(2)) - Other Custodial Rapes,,0,NCRB CII 2021 Table 3A.11 (1679653232TABLE3A11.xlsx)
2021,Jharkhand,Other Than Custodial Rape (Section 376(2)) - Other Custodial Rapes,,37,NCRB CII 2021 Table 3A.11 (1679653232TABLE3A11.xlsx)
2021,Karnataka,Other Than Custodial Rape (Section 376(2)) - Other Custodial Rapes,,23,NCRB CII 2021 Table 3A.11 (1679653232TABLE3A11.xlsx)
2021,Kerala,Other Than Custodial Rape (Section 376(2)) - Other Custodial Rapes,,43,NCRB CII 2021 Table 3A.11 (1679653232TABLE3A11.xlsx)
2021,Madhya Pradesh,Other Than Custodial Rape (Section 376(2)) - Other Custodial Rapes,,438,NCRB CII 2021 Table 3A.11 (1679653232TABLE3A11.xlsx)
2021,Maharashtra,Other Than Custodial Rape (Section 376(2)) - Other Custodial Rapes,,18,NCRB CII 2021 Table 3A.11 (1679653232TABLE3A11.xlsx)
2021,Manipur,Other Than Custodial Rape (Section 376(2)) - Other Custodial Rapes,,0,NCRB CII 2021 Table 3A.11 (1679653232TABLE3A11.xlsx)
2021,Meghalaya,Other Than Custodial Rape (Section 376(2)) - Other Custodial Rapes,,0,NCRB CII 2021 Table 3A.11 (1679653232TABLE3A11.xlsx)
2021,Mizoram,Other Than Custodial Rape (Section 376(2)) - Other Custodial Rapes,,0,NCRB CII 2021 Table 3A.11 (1679653232TABLE3A11.xlsx)
2021,Nagaland,Other Than Custodial Rape (Section 376(2)) - Other Custodial Rapes,,1,NCRB CII 2021 Table 3A.11 (1679653232TABLE3A11.xlsx)
2021,Odisha,Other Than Custodial Rape (Section 376(2)) - Other Custodial Rapes,,0,NCRB CII 2021 Table 3A.11 (1679653232TABLE3A11.xlsx)
2021,Punjab,Other Than Custodial Rape (Section 376(2)) - Other Custodial Rapes,,0,NCRB CII 2021 Table 3A.11 (1679653232TABLE3A11.xlsx)
2021,Rajasthan,Other Than Custodial Rape (Section 376(2)) - Other Custodial Rapes,,121,NCRB CII 2021 Table 3A.11 (1679653232TABLE3A11.xlsx)
2021,Sikkim,Other Than Custodial Rape (Section 376(2)) - Other Custodial Rapes,,0,NCRB CII 2021 Table 3A.11 (1679653232TABLE3A11.xlsx)
2021,Tamil Nadu,Other Than Custodial Rape (Section 376(2)) - Other Custodial Rapes,,1,NCRB CII 2021 Table 3A.11 (1679653232TABLE3A11.xlsx)
2021,Telangana,Other Than Custodial Rape (Section 376(2)) - Other Custodial Rapes,,34,NCRB CII 2021 Table 3A.11 (1679653232TABLE3A11.xlsx)
2021,Tripura,Other Than Custodial Rape (Section 376(2)) - Other Custodial Rapes,,0,NCRB CII 2021 Table 3A.11 (1679653232TABLE3A11.xlsx)
2021,Uttar Pradesh,Other Than Custodial Rape (Section 376(2)) - Other Custodial Rapes,,57,NCRB CII 2021 Table 3A.11 (1679653232TABLE3A11.xlsx)
2021,Uttarakhand,Other Than Custodial Rape (Section 376(2)) - Other Custodial Rapes,,0,NCRB CII 2021 Table 3A.11 (1679653232TABLE3A11.xlsx)
2021,West Bengal,Other Than Custodial Rape (Section 376(2)) - Other Custodial Rapes,,113,NCRB CII 2021 Table 3A.11 (1679653232TABLE3A11.xlsx)
2021,Andaman & Nicobar Islands,Other Than Custodial Rape (Section 376(2)) - Other Custodial Rapes,,0,NCRB CII 2021 Table 3A.11 (1679653232TABLE3A11.xlsx)
2021,Chandigarh,Other Than Custodial Rape (Section 376(2)) - Other Custodial Rapes,,1,NCRB CII 2021 Table 3A.11 (1679653232TABLE3A11.xlsx)
2021,Dadra & Nagar Haveli and Daman & Diu,Other Than Custodial Rape (Section 376(2)) - Other Custodial Rapes,,0,NCRB CII 2021 Table 3A.11 (1679653232TABLE3A11.xlsx)
2021,Delhi,Other Than Custodial Rape (Section 376(2)) - Other Custodial Rapes,,6,NCRB CII 2021 Table 3A.11 (1679653232TABLE3A11.xlsx)
2021,Jammu & Kashmir,Other Than Custodial Rape (Section 376(2)) - Other Custodial Rapes,,5,NCRB CII 2021 Table 3A.11 (1679653232TABLE3A11.xlsx)
2021,Ladakh,Other Than Custodial Rape (Section 376(2)) - Other Custodial Rapes,,0,NCRB CII 2021 Table 3A.11 (1679653232TABLE3A11.xlsx)
2021,Lakshadweep,Other Than Custodial Rape (Section 376(2)) - Other Custodial Rapes,,0,NCRB CII 2021 Table 3A.11 (1679653232TABLE3A11.xlsx)
2021,Puducherry,Other Than Custodial Rape (Section 376(2)) - Other Custodial Rapes,,0,NCRB CII 2021 Table 3A.11 (1679653232TABLE3A11.xlsx)
2021,All India,Other Than Custodial Rape (Section 376(2)) - Other Custodial Rapes,,1359,NCRB CII 2021 Table 3A.11 (1679653232TABLE3A11.xlsx)
2021,Andhra Pradesh,Punishment upto 20 years extended to life for Rape (Below 16 Yrs) (Sec.376(3)),,72,NCRB CII 2021 Table 3A.11 (1679653232TABLE3A11.xlsx)
2021,Arunachal Pradesh,Punishment upto 20 years extended to life for Rape (Below 16 Yrs) (Sec.376(3)),,2,NCRB CII 2021 Table 3A.11 (1679653232TABLE3A11.xlsx)
2021,Assam,Punishment upto 20 years extended to life for Rape (Below 16 Yrs) (Sec.376(3)),,0,NCRB CII 2021 Table 3A.11 (1679653232TABLE3A11.xlsx)
2021,Bihar,Punishment upto 20 years extended to life for Rape (Below 16 Yrs) (Sec.376(3)),,0,NCRB CII 2021 Table 3A.11 (1679653232TABLE3A11.xlsx)
2021,Chhattisgarh,Punishment upto 20 years extended to life for Rape (Below 16 Yrs) (Sec.376(3)),,0,NCRB CII 2021 Table 3A.11 (1679653232TABLE3A11.xlsx)
2021,Goa,Punishment upto 20 years extended to life for Rape (Below 16 Yrs) (Sec.376(3)),,0,NCRB CII 2021 Table 3A.11 (1679653232TABLE3A11.xlsx)
2021,Gujarat,Punishment upto 20 years extended to life for Rape (Below 16 Yrs) (Sec.376(3)),,0,NCRB CII 2021 Table 3A.11 (1679653232TABLE3A11.xlsx)
2021,Haryana,Punishment upto 20 years extended to life for Rape (Below 16 Yrs) (Sec.376(3)),,0,NCRB CII 2021 Table 3A.11 (1679653232TABLE3A11.xlsx)
2021,Himachal Pradesh,Punishment upto 20 years extended to life for Rape (Below 16 Yrs) (Sec.376(3)),,0,NCRB CII 2021 Table 3A.11 (1679653232TABLE3A11.xlsx)
2021,Jharkhand,Punishment upto 20 years extended to life for Rape (Below 16 Yrs) (Sec.376(3)),,50,NCRB CII 2021 Table 3A.11 (1679653232TABLE3A11.xlsx)
2021,Karnataka,Punishment upto 20 years extended to life for Rape (Below 16 Yrs) (Sec.376(3)),,0,NCRB CII 2021 Table 3A.11 (1679653232TABLE3A11.xlsx)
2021,Kerala,Punishment upto 20 years extended to life for Rape (Below 16 Yrs) (Sec.376(3)),,0,NCRB CII 2021 Table 3A.11 (1679653232TABLE3A11.xlsx)
2021,Madhya Pradesh,Punishment upto 20 years extended to life for Rape (Below 16 Yrs) (Sec.376(3)),,0,NCRB CII 2021 Table 3A.11 (1679653232TABLE3A11.xlsx)
2021,Maharashtra,Punishment upto 20 years extended to life for Rape (Below 16 Yrs) (Sec.376(3)),,15,NCRB CII 2021 Table 3A.11 (1679653232TABLE3A11.xlsx)
2021,Manipur,Punishment upto 20 years extended to life for Rape (Below 16 Yrs) (Sec.376(3)),,0,NCRB CII 2021 Table 3A.11 (1679653232TABLE3A11.xlsx)
2021,Meghalaya,Punishment upto 20 years extended to life for Rape (Below 16 Yrs) (Sec.376(3)),,0,NCRB CII 2021 Table 3A.11 (1679653232TABLE3A11.xlsx)
2021,Mizoram,Punishment upto 20 years extended to life for Rape (Below 16 Yrs) (Sec.376(3)),,0,NCRB CII 2021 Table 3A.11 (1679653232TABLE3A11.xlsx)
2021,Nagaland,Punishment upto 20 years extended to life for Rape (Below 16 Yrs) (Sec.376(3)),,0,NCRB CII 2021 Table 3A.11 (1679653232TABLE3A11.xlsx)
2021,Odisha,Punishment upto 20 years extended to life for Rape (Below 16 Yrs) (Sec.376(3)),,0,NCRB CII 2021 Table 3A.11 (1679653232TABLE3A11.xlsx)
2021,Punjab,Punishment upto 20 years extended to life for Rape (Below 16 Yrs) (Sec.376(3)),,0,NCRB CII 2021 Table 3A.11 (1679653232TABLE3A11.xlsx)
2021,Rajasthan,Punishment upto 20 years extended to life for Rape (Below 16 Yrs) (Sec.376(3)),,21,NCRB CII 2021 Table 3A.11 (1679653232TABLE3A11.xlsx)
2021,Sikkim,Punishment upto 20 years extended to life for Rape (Below 16 Yrs) (Sec.376(3)),,0,NCRB CII 2021 Table 3A.11 (1679653232TABLE3A11.xlsx)
2021,Tamil Nadu,Punishment upto 20 years extended to life for Rape (Below 16 Yrs) (Sec.376(3)),,0,NCRB CII 2021 Table 3A.11 (1679653232TABLE3A11.xlsx)
2021,Telangana,Punishment upto 20 years extended to life for Rape (Below 16 Yrs) (Sec.376(3)),,0,NCRB CII 2021 Table 3A.11 (1679653232TABLE3A11.xlsx)
2021,Tripura,Punishment upto 20 years extended to life for Rape (Below 16 Yrs) (Sec.376(3)),,0,NCRB CII 2021 Table 3A.11 (1679653232TABLE3A11.xlsx)
2021,Uttar Pradesh,Punishment upto 20 years extended to life for Rape (Below 16 Yrs) (Sec.376(3)),,0,NCRB CII 2021 Table 3A.11 (1679653232TABLE3A11.xlsx)
2021,Uttarakhand,Punishment upto 20 years extended to life for Rape (Below 16 Yrs) (Sec.376(3)),,0,NCRB CII 2021 Table 3A.11 (1679653232TABLE3A11.xlsx)
2021,West Bengal,Punishment upto 20 years extended to life for Rape (Below 16 Yrs) (Sec.376(3)),,0,NCRB CII 2021 Table 3A.11 (1679653232TABLE3A11.xlsx)
2021,Andaman & Nicobar Islands,Punishment upto 20 years extended to life for Rape (Below 16 Yrs) (Sec.376(3)),,0,NCRB CII 2021 Table 3A.11 (1679653232TABLE3A11.xlsx)
2021,Chandigarh,Punishment upto 20 years extended to life for Rape (Below 16 Yrs) (Sec.376(3)),,12,NCRB CII 2021 Table 3A.11 (1679653232TABLE3A11.xlsx)
2021,Dadra & Nagar Haveli and Daman & Diu,Punishment upto 20 years extended to life for Rape (Below 16 Yrs) (Sec.376(3)),,0,NCRB CII 2021 Table 3A.11 (1679653232TABLE3A11.xlsx)
2021,Delhi,Punishment upto 20 years extended to life for Rape (Below 16 Yrs) (Sec.376(3)),,0,NCRB CII 2021 Table 3A.11 (1679653232TABLE3A11.xlsx)
2021,Jammu & Kashmir,Punishment upto 20 years extended to life for Rape (Below 16 Yrs) (Sec.376(3)),,0,NCRB CII 2021 Table 3A.11 (1679653232TABLE3A11.xlsx)
2021,Ladakh,Punishment upto 20 years extended to life for Rape (Below 16 Yrs) (Sec.376(3)),,0,NCRB CII 2021 Table 3A.11 (1679653232TABLE3A11.xlsx)
2021,Lakshadweep,Punishment upto 20 years extended to life for Rape (Below 16 Yrs) (Sec.376(3)),,0,NCRB CII 2021 Table 3A.11 (1679653232TABLE3A11.xlsx)
2021,Puducherry,Punishment upto 20 years extended to life for Rape (Below 16 Yrs) (Sec.376(3)),,0,NCRB CII 2021 Table 3A.11 (1679653232TABLE3A11.xlsx)
2021,All India,Punishment upto 20 years extended to life for Rape (Below 16 Yrs) (Sec.376(3)),,172,NCRB CII 2021 Table 3A.11 (1679653232TABLE3A11.xlsx)
2021,Andhra Pradesh,Punishment for causing Death (Sec.376(A)),,0,NCRB CII 2021 Table 3A.11 (1679653232TABLE3A11.xlsx)
2021,Arunachal Pradesh,Punishment for causing Death (Sec.376(A)),,0,NCRB CII 2021 Table 3A.11 (1679653232TABLE3A11.xlsx)
2021,Assam,Punishment for causing Death (Sec.376(A)),,3,NCRB CII 2021 Table 3A.11 (1679653232TABLE3A11.xlsx)
2021,Bihar,Punishment for causing Death (Sec.376(A)),,0,NCRB CII 2021 Table 3A.11 (1679653232TABLE3A11.xlsx)
2021,Chhattisgarh,Punishment for causing Death (Sec.376(A)),,0,NCRB CII 2021 Table 3A.11 (1679653232TABLE3A11.xlsx)
2021,Goa,Punishment for causing Death (Sec.376(A)),,0,NCRB CII 2021 Table 3A.11 (1679653232TABLE3A11.xlsx)
2021,Gujarat,Punishment for causing Death (Sec.376(A)),,0,NCRB CII 2021 Table 3A.11 (1679653232TABLE3A11.xlsx)
2021,Haryana,Punishment for causing Death (Sec.376(A)),,0,NCRB CII 2021 Table 3A.11 (1679653232TABLE3A11.xlsx)
2021,Himachal Pradesh,Punishment for causing Death (Sec.376(A)),,0,NCRB CII 2021 Table 3A.11 (1679653232TABLE3A11.xlsx)
2021,Jharkhand,Punishment for causing Death (Sec.376(A)),,0,NCRB CII 2021 Table 3A.11 (1679653232TABLE3A11.xlsx)
2021,Karnataka,Punishment for causing Death (Sec.376(A)),,0,NCRB CII 2021 Table 3A.11 (1679653232TABLE3A11.xlsx)
2021,Kerala,Punishment for causing Death (Sec.376(A)),,0,NCRB CII 2021 Table 3A.11 (1679653232TABLE3A11.xlsx)
2021,Madhya Pradesh,Punishment for causing Death (Sec.376(A)),,0,NCRB CII 2021 Table 3A.11 (1679653232TABLE3A11.xlsx)
2021,Maharashtra,Punishment for causing Death (Sec.376(A)),,2,NCRB CII 2021 Table 3A.11 (1679653232TABLE3A11.xlsx)
2021,Manipur,Punishment for causing Death (Sec.376(A)),,0,NCRB CII 2021 Table 3A.11 (1679653232TABLE3A11.xlsx)
2021,Meghalaya,Punishment for causing Death (Sec.376(A)),,0,NCRB CII 2021 Table 3A.11 (1679653232TABLE3A11.xlsx)
2021,Mizoram,Punishment for causing Death (Sec.376(A)),,0,NCRB CII 2021 Table 3A.11 (1679653232TABLE3A11.xlsx)
2021,Nagaland,Punishment for causing Death (Sec.376(A)),,0,NCRB CII 2021 Table 3A.11 (1679653232TABLE3A11.xlsx)
2021,Odisha,Punishment for causing Death (Sec.376(A)),,2,NCRB CII 2021 Table 3A.11 (1679653232TABLE3A11.xlsx)
2021,Punjab,Punishment for causing Death (Sec.376(A)),,0,NCRB CII 2021 Table 3A.11 (1679653232TABLE3A11.xlsx)
2021,Rajasthan,Punishment for causing Death (Sec.376(A)),,1,NCRB CII 2021 Table 3A.11 (1679653232TABLE3A11.xlsx)
2021,Sikkim,Punishment for causing Death (Sec.376(A)),,0,NCRB CII 2021 Table 3A.11 (1679653232TABLE3A11.xlsx)
2021,Tamil Nadu,Punishment for causing Death (Sec.376(A)),,0,NCRB CII 2021 Table 3A.11 (1679653232TABLE3A11.xlsx)
2021,Telangana,Punishment for causing Death (Sec.376(A)),,0,NCRB CII 2021 Table 3A.11 (1679653232TABLE3A11.xlsx)
2021,Tripura,Punishment for causing Death (Sec.376(A)),,0,NCRB CII 2021 Table 3A.11 (1679653232TABLE3A11.xlsx)
2021,Uttar Pradesh,Punishment for causing Death (Sec.376(A)),,0,NCRB CII 2021 Table 3A.11 (1679653232TABLE3A11.xlsx)
2021,Uttarakhand,Punishment for causing Death (Sec.376(A)),,0,NCRB CII 2021 Table 3A.11 (1679653232TABLE3A11.xlsx)
2021,West Bengal,Punishment for causing Death (Sec.376(A)),,0,NCRB CII 2021 Table 3A.11 (1679653232TABLE3A11.xlsx)
2021,Andaman & Nicobar Islands,Punishment for causing Death (Sec.376(A)),,0,NCRB CII 2021 Table 3A.11 (1679653232TABLE3A11.xlsx)
2021,Chandigarh,Punishment for causing Death (Sec.376(A)),,0,NCRB CII 2021 Table 3A.11 (1679653232TABLE3A11.xlsx)
2021,Dadra & Nagar Haveli and Daman & Diu,Punishment for causing Death (Sec.376(A)),,0,NCRB CII 2021 Table 3A.11 (1679653232TABLE3A11.xlsx)
2021,Delhi,Punishment for causing Death (Sec.376(A)),,1,NCRB CII 2021 Table 3A.11 (1679653232TABLE3A11.xlsx)
2021,Jammu & Kashmir,Punishment for causing Death (Sec.376(A)),,0,NCRB CII 2021 Table 3A.11 (1679653232TABLE3A11.xlsx)
2021,Ladakh,Punishment for causing Death (Sec.376(A)),,0,NCRB CII 2021 Table 3A.11 (1679653232TABLE3A11.xlsx)
2021,Lakshadweep,Punishment for causing Death (Sec.376(A)),,0,NCRB CII 2021 Table 3A.11 (1679653232TABLE3A11.xlsx)
2021,Puducherry,Punishment for causing Death (Sec.376(A)),,0,NCRB CII 2021 Table 3A.11 (1679653232TABLE3A11.xlsx)
2021,All India,Punishment for causing Death (Sec.376(A)),,9,NCRB CII 2021 Table 3A.11 (1679653232TABLE3A11.xlsx)
2021,Andhra Pradesh,By Separated husband (Sec.376 (B)),,1,NCRB CII 2021 Table 3A.11 (1679653232TABLE3A11.xlsx)
2021,Arunachal Pradesh,By Separated husband (Sec.376 (B)),,0,NCRB CII 2021 Table 3A.11 (1679653232TABLE3A11.xlsx)
2021,Assam,By Separated husband (Sec.376 (B)),,6,NCRB CII 2021 Table 3A.11 (1679653232TABLE3A11.xlsx)
2021,Bihar,By Separated husband (Sec.376 (B)),,0,NCRB CII 2021 Table 3A.11 (1679653232TABLE3A11.xlsx)
2021,Chhattisgarh,By Separated husband (Sec.376 (B)),,0,NCRB CII 2021 Table 3A.11 (1679653232TABLE3A11.xlsx)
2021,Goa,By Separated husband (Sec.376 (B)),,0,NCRB CII 2021 Table 3A.11 (1679653232TABLE3A11.xlsx)
2021,Gujarat,By Separated husband (Sec.376 (B)),,0,NCRB CII 2021 Table 3A.11 (1679653232TABLE3A11.xlsx)
2021,Haryana,By Separated husband (Sec.376 (B)),,3,NCRB CII 2021 Table 3A.11 (1679653232TABLE3A11.xlsx)
2021,Himachal Pradesh,By Separated husband (Sec.376 (B)),,1,NCRB CII 2021 Table 3A.11 (1679653232TABLE3A11.xlsx)
2021,Jharkhand,By Separated husband (Sec.376 (B)),,0,NCRB CII 2021 Table 3A.11 (1679653232TABLE3A11.xlsx)
2021,Karnataka,By Separated husband (Sec.376 (B)),,0,NCRB CII 2021 Table 3A.11 (1679653232TABLE3A11.xlsx)
2021,Kerala,By Separated husband (Sec.376 (B)),,3,NCRB CII 2021 Table 3A.11 (1679653232TABLE3A11.xlsx)
2021,Madhya Pradesh,By Separated husband (Sec.376 (B)),,5,NCRB CII 2021 Table 3A.11 (1679653232TABLE3A11.xlsx)
2021,Maharashtra,By Separated husband (Sec.376 (B)),,5,NCRB CII 2021 Table 3A.11 (1679653232TABLE3A11.xlsx)
2021,Manipur,By Separated husband (Sec.376 (B)),,0,NCRB CII 2021 Table 3A.11 (1679653232TABLE3A11.xlsx)
2021,Meghalaya,By Separated husband (Sec.376 (B)),,0,NCRB CII 2021 Table 3A.11 (1679653232TABLE3A11.xlsx)
2021,Mizoram,By Separated husband (Sec.376 (B)),,0,NCRB CII 2021 Table 3A.11 (1679653232TABLE3A11.xlsx)
2021,Nagaland,By Separated husband (Sec.376 (B)),,0,NCRB CII 2021 Table 3A.11 (1679653232TABLE3A11.xlsx)
2021,Odisha,By Separated husband (Sec.376 (B)),,0,NCRB CII 2021 Table 3A.11 (1679653232TABLE3A11.xlsx)
2021,Punjab,By Separated husband (Sec.376 (B)),,0,NCRB CII 2021 Table 3A.11 (1679653232TABLE3A11.xlsx)
2021,Rajasthan,By Separated husband (Sec.376 (B)),,2,NCRB CII 2021 Table 3A.11 (1679653232TABLE3A11.xlsx)
2021,Sikkim,By Separated husband (Sec.376 (B)),,0,NCRB CII 2021 Table 3A.11 (1679653232TABLE3A11.xlsx)
2021,Tamil Nadu,By Separated husband (Sec.376 (B)),,2,NCRB CII 2021 Table 3A.11 (1679653232TABLE3A11.xlsx)
2021,Telangana,By Separated husband (Sec.376 (B)),,2,NCRB CII 2021 Table 3A.11 (1679653232TABLE3A11.xlsx)
2021,Tripura,By Separated husband (Sec.376 (B)),,0,NCRB CII 2021 Table 3A.11 (1679653232TABLE3A11.xlsx)
2021,Uttar Pradesh,By Separated husband (Sec.376 (B)),,0,NCRB CII 2021 Table 3A.11 (1679653232TABLE3A11.xlsx)
2021,Uttarakhand,By Separated husband (Sec.376 (B)),,0,NCRB CII 2021 Table 3A.11 (1679653232TABLE3A11.xlsx)
2021,West Bengal,By Separated husband (Sec.376 (B)),,5,NCRB CII 2021 Table 3A.11 (1679653232TABLE3A11.xlsx)
2021,Andaman & Nicobar Islands,By Separated husband (Sec.376 (B)),,0,NCRB CII 2021 Table 3A.11 (1679653232TABLE3A11.xlsx)
2021,Chandigarh,By Separated husband (Sec.376 (B)),,0,NCRB CII 2021 Table 3A.11 (1679653232TABLE3A11.xlsx)
2021,Dadra & Nagar Haveli and Daman & Diu,By Separated husband (Sec.376 (B)),,0,NCRB CII 2021 Table 3A.11 (1679653232TABLE3A11.xlsx)
2021,Delhi,By Separated husband (Sec.376 (B)),,1,NCRB CII 2021 Table 3A.11 (1679653232TABLE3A11.xlsx)
2021,Jammu & Kashmir,By Separated husband (Sec.376 (B)),,0,NCRB CII 2021 Table 3A.11 (1679653232TABLE3A11.xlsx)
2021,Ladakh,By Separated husband (Sec.376 (B)),,0,NCRB CII 2021 Table 3A.11 (1679653232TABLE3A11.xlsx)
2021,Lakshadweep,By Separated husband (Sec.376 (B)),,0,NCRB CII 2021 Table 3A.11 (1679653232TABLE3A11.xlsx)
2021,Puducherry,By Separated husband (Sec.376 (B)),,0,NCRB CII 2021 Table 3A.11 (1679653232TABLE3A11.xlsx)
2021,All India,By Separated husband (Sec.376 (B)),,36,NCRB CII 2021 Table 3A.11 (1679653232TABLE3A11.xlsx)
2021,Andhra Pradesh,Rape of Girl Below 12 Yrs (Imprisonment for life till death) (Sec.376(AB)),,31,NCRB CII 2021 Table 3A.11 (1679653232TABLE3A11.xlsx)
2021,Arunachal Pradesh,Rape of Girl Below 12 Yrs (Imprisonment for life till death) (Sec.376(AB)),,2,NCRB CII 2021 Table 3A.11 (1679653232TABLE3A11.xlsx)
2021,Assam,Rape of Girl Below 12 Yrs (Imprisonment for life till death) (Sec.376(AB)),,1,NCRB CII 2021 Table 3A.11 (1679653232TABLE3A11.xlsx)
2021,Bihar,Rape of Girl Below 12 Yrs (Imprisonment for life till death) (Sec.376(AB)),,0,NCRB CII 2021 Table 3A.11 (1679653232TABLE3A11.xlsx)
2021,Chhattisgarh,Rape of Girl Below 12 Yrs (Imprisonment for life till death) (Sec.376(AB)),,0,NCRB CII 2021 Table 3A.11 (1679653232TABLE3A11.xlsx)
2021,Goa,Rape of Girl Below 12 Yrs (Imprisonment for life till death) (Sec.376(AB)),,3,NCRB CII 2021 Table 3A.11 (1679653232TABLE3A11.xlsx)
2021,Gujarat,Rape of Girl Below 12 Yrs (Imprisonment for life till death) (Sec.376(AB)),,0,NCRB CII 2021 Table 3A.11 (1679653232TABLE3A11.xlsx)
2021,Haryana,Rape of Girl Below 12 Yrs (Imprisonment for life till death) (Sec.376(AB)),,0,NCRB CII 2021 Table 3A.11 (1679653232TABLE3A11.xlsx)
2021,Himachal Pradesh,Rape of Girl Below 12 Yrs (Imprisonment for life till death) (Sec.376(AB)),,1,NCRB CII 2021 Table 3A.11 (1679653232TABLE3A11.xlsx)
2021,Jharkhand,Rape of Girl Below 12 Yrs (Imprisonment for life till death) (Sec.376(AB)),,0,NCRB CII 2021 Table 3A.11 (1679653232TABLE3A11.xlsx)
2021,Karnataka,Rape of Girl Below 12 Yrs (Imprisonment for life till death) (Sec.376(AB)),,0,NCRB CII 2021 Table 3A.11 (1679653232TABLE3A11.xlsx)
2021,Kerala,Rape of Girl Below 12 Yrs (Imprisonment for life till death) (Sec.376(AB)),,0,NCRB CII 2021 Table 3A.11 (1679653232TABLE3A11.xlsx)
2021,Madhya Pradesh,Rape of Girl Below 12 Yrs (Imprisonment for life till death) (Sec.376(AB)),,0,NCRB CII 2021 Table 3A.11 (1679653232TABLE3A11.xlsx)
2021,Maharashtra,Rape of Girl Below 12 Yrs (Imprisonment for life till death) (Sec.376(AB)),,9,NCRB CII 2021 Table 3A.11 (1679653232TABLE3A11.xlsx)
2021,Manipur,Rape of Girl Below 12 Yrs (Imprisonment for life till death) (Sec.376(AB)),,0,NCRB CII 2021 Table 3A.11 (1679653232TABLE3A11.xlsx)
2021,Meghalaya,Rape of Girl Below 12 Yrs (Imprisonment for life till death) (Sec.376(AB)),,0,NCRB CII 2021 Table 3A.11 (1679653232TABLE3A11.xlsx)
2021,Mizoram,Rape of Girl Below 12 Yrs (Imprisonment for life till death) (Sec.376(AB)),,1,NCRB CII 2021 Table 3A.11 (1679653232TABLE3A11.xlsx)
2021,Nagaland,Rape of Girl Below 12 Yrs (Imprisonment for life till death) (Sec.376(AB)),,0,NCRB CII 2021 Table 3A.11 (1679653232TABLE3A11.xlsx)
2021,Odisha,Rape of Girl Below 12 Yrs (Imprisonment for life till death) (Sec.376(AB)),,0,NCRB CII 2021 Table 3A.11 (1679653232TABLE3A11.xlsx)
2021,Punjab,Rape of Girl Below 12 Yrs (Imprisonment for life till death) (Sec.376(AB)),,1,NCRB CII 2021 Table 3A.11 (1679653232TABLE3A11.xlsx)
2021,Rajasthan,Rape of Girl Below 12 Yrs (Imprisonment for life till death) (Sec.376(AB)),,35,NCRB CII 2021 Table 3A.11 (1679653232TABLE3A11.xlsx)
2021,Sikkim,Rape of Girl Below 12 Yrs (Imprisonment for life till death) (Sec.376(AB)),,0,NCRB CII 2021 Table 3A.11 (1679653232TABLE3A11.xlsx)
2021,Tamil Nadu,Rape of Girl Below 12 Yrs (Imprisonment for life till death) (Sec.376(AB)),,0,NCRB CII 2021 Table 3A.11 (1679653232TABLE3A11.xlsx)
2021,Telangana,Rape of Girl Below 12 Yrs (Imprisonment for life till death) (Sec.376(AB)),,0,NCRB CII 2021 Table 3A.11 (1679653232TABLE3A11.xlsx)
2021,Tripura,Rape of Girl Below 12 Yrs (Imprisonment for life till death) (Sec.376(AB)),,0,NCRB CII 2021 Table 3A.11 (1679653232TABLE3A11.xlsx)
2021,Uttar Pradesh,Rape of Girl Below 12 Yrs (Imprisonment for life till death) (Sec.376(AB)),,0,NCRB CII 2021 Table 3A.11 (1679653232TABLE3A11.xlsx)
2021,Uttarakhand,Rape of Girl Below 12 Yrs (Imprisonment for life till death) (Sec.376(AB)),,0,NCRB CII 2021 Table 3A.11 (1679653232TABLE3A11.xlsx)
2021,West Bengal,Rape of Girl Below 12 Yrs (Imprisonment for life till death) (Sec.376(AB)),,0,NCRB CII 2021 Table 3A.11 (1679653232TABLE3A11.xlsx)
2021,Andaman & Nicobar Islands,Rape of Girl Below 12 Yrs (Imprisonment for life till death) (Sec.376(AB)),,0,NCRB CII 2021 Table 3A.11 (1679653232TABLE3A11.xlsx)
2021,Chandigarh,Rape of Girl Below 12 Yrs (Imprisonment for life till death) (Sec.376(AB)),,7,NCRB CII 2021 Table 3A.11 (1679653232TABLE3A11.xlsx)
2021,Dadra & Nagar Haveli and Daman & Diu,Rape of Girl Below 12 Yrs (Imprisonment for life till death) (Sec.376(AB)),,0,NCRB CII 2021 Table 3A.11 (1679653232TABLE3A11.xlsx)
2021,Delhi,Rape of Girl Below 12 Yrs (Imprisonment for life till death) (Sec.376(AB)),,0,NCRB CII 2021 Table 3A.11 (1679653232TABLE3A11.xlsx)
2021,Jammu & Kashmir,Rape of Girl Below 12 Yrs (Imprisonment for life till death) (Sec.376(AB)),,0,NCRB CII 2021 Table 3A.11 (1679653232TABLE3A11.xlsx)
2021,Ladakh,Rape of Girl Below 12 Yrs (Imprisonment for life till death) (Sec.376(AB)),,0,NCRB CII 2021 Table 3A.11 (1679653232TABLE3A11.xlsx)
2021,Lakshadweep,Rape of Girl Below 12 Yrs (Imprisonment for life till death) (Sec.376(AB)),,0,NCRB CII 2021 Table 3A.11 (1679653232TABLE3A11.xlsx)
2021,Puducherry,Rape of Girl Below 12 Yrs (Imprisonment for life till death) (Sec.376(AB)),,0,NCRB CII 2021 Table 3A.11 (1679653232TABLE3A11.xlsx)
2021,All India,Rape of Girl Below 12 Yrs (Imprisonment for life till death) (Sec.376(AB)),,91,NCRB CII 2021 Table 3A.11 (1679653232TABLE3A11.xlsx)
2021,Andhra Pradesh,By Person in Authority (Sec.376 (C)),,1,NCRB CII 2021 Table 3A.11 (1679653232TABLE3A11.xlsx)
2021,Arunachal Pradesh,By Person in Authority (Sec.376 (C)),,0,NCRB CII 2021 Table 3A.11 (1679653232TABLE3A11.xlsx)
2021,Assam,By Person in Authority (Sec.376 (C)),,1,NCRB CII 2021 Table 3A.11 (1679653232TABLE3A11.xlsx)
2021,Bihar,By Person in Authority (Sec.376 (C)),,1,NCRB CII 2021 Table 3A.11 (1679653232TABLE3A11.xlsx)
2021,Chhattisgarh,By Person in Authority (Sec.376 (C)),,0,NCRB CII 2021 Table 3A.11 (1679653232TABLE3A11.xlsx)
2021,Goa,By Person in Authority (Sec.376 (C)),,0,NCRB CII 2021 Table 3A.11 (1679653232TABLE3A11.xlsx)
2021,Gujarat,By Person in Authority (Sec.376 (C)),,0,NCRB CII 2021 Table 3A.11 (1679653232TABLE3A11.xlsx)
2021,Haryana,By Person in Authority (Sec.376 (C)),,0,NCRB CII 2021 Table 3A.11 (1679653232TABLE3A11.xlsx)
2021,Himachal Pradesh,By Person in Authority (Sec.376 (C)),,0,NCRB CII 2021 Table 3A.11 (1679653232TABLE3A11.xlsx)
2021,Jharkhand,By Person in Authority (Sec.376 (C)),,0,NCRB CII 2021 Table 3A.11 (1679653232TABLE3A11.xlsx)
2021,Karnataka,By Person in Authority (Sec.376 (C)),,1,NCRB CII 2021 Table 3A.11 (1679653232TABLE3A11.xlsx)
2021,Kerala,By Person in Authority (Sec.376 (C)),,0,NCRB CII 2021 Table 3A.11 (1679653232TABLE3A11.xlsx)
2021,Madhya Pradesh,By Person in Authority (Sec.376 (C)),,0,NCRB CII 2021 Table 3A.11 (1679653232TABLE3A11.xlsx)
2021,Maharashtra,By Person in Authority (Sec.376 (C)),,1,NCRB CII 2021 Table 3A.11 (1679653232TABLE3A11.xlsx)
2021,Manipur,By Person in Authority (Sec.376 (C)),,0,NCRB CII 2021 Table 3A.11 (1679653232TABLE3A11.xlsx)
2021,Meghalaya,By Person in Authority (Sec.376 (C)),,0,NCRB CII 2021 Table 3A.11 (1679653232TABLE3A11.xlsx)
2021,Mizoram,By Person in Authority (Sec.376 (C)),,1,NCRB CII 2021 Table 3A.11 (1679653232TABLE3A11.xlsx)
2021,Nagaland,By Person in Authority (Sec.376 (C)),,0,NCRB CII 2021 Table 3A.11 (1679653232TABLE3A11.xlsx)
2021,Odisha,By Person in Authority (Sec.376 (C)),,0,NCRB CII 2021 Table 3A.11 (1679653232TABLE3A11.xlsx)
2021,Punjab,By Person in Authority (Sec.376 (C)),,0,NCRB CII 2021 Table 3A.11 (1679653232TABLE3A11.xlsx)
2021,Rajasthan,By Person in Authority (Sec.376 (C)),,0,NCRB CII 2021 Table 3A.11 (1679653232TABLE3A11.xlsx)
2021,Sikkim,By Person in Authority (Sec.376 (C)),,0,NCRB CII 2021 Table 3A.11 (1679653232TABLE3A11.xlsx)
2021,Tamil Nadu,By Person in Authority (Sec.376 (C)),,0,NCRB CII 2021 Table 3A.11 (1679653232TABLE3A11.xlsx)
2021,Telangana,By Person in Authority (Sec.376 (C)),,1,NCRB CII 2021 Table 3A.11 (1679653232TABLE3A11.xlsx)
2021,Tripura,By Person in Authority (Sec.376 (C)),,0,NCRB CII 2021 Table 3A.11 (1679653232TABLE3A11.xlsx)
2021,Uttar Pradesh,By Person in Authority (Sec.376 (C)),,0,NCRB CII 2021 Table 3A.11 (1679653232TABLE3A11.xlsx)
2021,Uttarakhand,By Person in Authority (Sec.376 (C)),,0,NCRB CII 2021 Table 3A.11 (1679653232TABLE3A11.xlsx)
2021,West Bengal,By Person in Authority (Sec.376 (C)),,0,NCRB CII 2021 Table 3A.11 (1679653232TABLE3A11.xlsx)
2021,Andaman & Nicobar Islands,By Person in Authority (Sec.376 (C)),,0,NCRB CII 2021 Table 3A.11 (1679653232TABLE3A11.xlsx)
2021,Chandigarh,By Person in Authority (Sec.376 (C)),,0,NCRB CII 2021 Table 3A.11 (1679653232TABLE3A11.xlsx)
2021,Dadra & Nagar Haveli and Daman & Diu,By Person in Authority (Sec.376 (C)),,0,NCRB CII 2021 Table 3A.11 (1679653232TABLE3A11.xlsx)
2021,Delhi,By Person in Authority (Sec.376 (C)),,0,NCRB CII 2021 Table 3A.11 (1679653232TABLE3A11.xlsx)
2021,Jammu & Kashmir,By Person in Authority (Sec.376 (C)),,0,NCRB CII 2021 Table 3A.11 (1679653232TABLE3A11.xlsx)
2021,Ladakh,By Person in Authority (Sec.376 (C)),,0,NCRB CII 2021 Table 3A.11 (1679653232TABLE3A11.xlsx)
2021,Lakshadweep,By Person in Authority (Sec.376 (C)),,0,NCRB CII 2021 Table 3A.11 (1679653232TABLE3A11.xlsx)
2021,Puducherry,By Person in Authority (Sec.376 (C)),,0,NCRB CII 2021 Table 3A.11 (1679653232TABLE3A11.xlsx)
2021,All India,By Person in Authority (Sec.376 (C)),,7,NCRB CII 2021 Table 3A.11 (1679653232TABLE3A11.xlsx)
2021,Andhra Pradesh,Gang Rape (Sec.376(D)),,13,NCRB CII 2021 Table 3A.11 (1679653232TABLE3A11.xlsx)
2021,Arunachal Pradesh,Gang Rape (Sec.376(D)),,1,NCRB CII 2021 Table 3A.11 (1679653232TABLE3A11.xlsx)
2021,Assam,Gang Rape (Sec.376(D)),,57,NCRB CII 2021 Table 3A.11 (1679653232TABLE3A11.xlsx)
2021,Bihar,Gang Rape (Sec.376(D)),,1,NCRB CII 2021 Table 3A.11 (1679653232TABLE3A11.xlsx)
2021,Chhattisgarh,Gang Rape (Sec.376(D)),,33,NCRB CII 2021 Table 3A.11 (1679653232TABLE3A11.xlsx)
2021,Goa,Gang Rape (Sec.376(D)),,1,NCRB CII 2021 Table 3A.11 (1679653232TABLE3A11.xlsx)
2021,Gujarat,Gang Rape (Sec.376(D)),,17,NCRB CII 2021 Table 3A.11 (1679653232TABLE3A11.xlsx)
2021,Haryana,Gang Rape (Sec.376(D)),,171,NCRB CII 2021 Table 3A.11 (1679653232TABLE3A11.xlsx)
2021,Himachal Pradesh,Gang Rape (Sec.376(D)),,3,NCRB CII 2021 Table 3A.11 (1679653232TABLE3A11.xlsx)
2021,Jharkhand,Gang Rape (Sec.376(D)),,55,NCRB CII 2021 Table 3A.11 (1679653232TABLE3A11.xlsx)
2021,Karnataka,Gang Rape (Sec.376(D)),,12,NCRB CII 2021 Table 3A.11 (1679653232TABLE3A11.xlsx)
2021,Kerala,Gang Rape (Sec.376(D)),,13,NCRB CII 2021 Table 3A.11 (1679653232TABLE3A11.xlsx)
2021,Madhya Pradesh,Gang Rape (Sec.376(D)),,145,NCRB CII 2021 Table 3A.11 (1679653232TABLE3A11.xlsx)
2021,Maharashtra,Gang Rape (Sec.376(D)),,68,NCRB CII 2021 Table 3A.11 (1679653232TABLE3A11.xlsx)
2021,Manipur,Gang Rape (Sec.376(D)),,0,NCRB CII 2021 Table 3A.11 (1679653232TABLE3A11.xlsx)
2021,Meghalaya,Gang Rape (Sec.376(D)),,2,NCRB CII 2021 Table 3A.11 (1679653232TABLE3A11.xlsx)
2021,Mizoram,Gang Rape (Sec.376(D)),,2,NCRB CII 2021 Table 3A.11 (1679653232TABLE3A11.xlsx)
2021,Nagaland,Gang Rape (Sec.376(D)),,0,NCRB CII 2021 Table 3A.11 (1679653232TABLE3A11.xlsx)
2021,Odisha,Gang Rape (Sec.376(D)),,7,NCRB CII 2021 Table 3A.11 (1679653232TABLE3A11.xlsx)
2021,Punjab,Gang Rape (Sec.376(D)),,21,NCRB CII 2021 Table 3A.11 (1679653232TABLE3A11.xlsx)
2021,Rajasthan,Gang Rape (Sec.376(D)),,1153,NCRB CII 2021 Table 3A.11 (1679653232TABLE3A11.xlsx)
2021,Sikkim,Gang Rape (Sec.376(D)),,0,NCRB CII 2021 Table 3A.11 (1679653232TABLE3A11.xlsx)
2021,Tamil Nadu,Gang Rape (Sec.376(D)),,4,NCRB CII 2021 Table 3A.11 (1679653232TABLE3A11.xlsx)
2021,Telangana,Gang Rape (Sec.376(D)),,18,NCRB CII 2021 Table 3A.11 (1679653232TABLE3A11.xlsx)
2021,Tripura,Gang Rape (Sec.376(D)),,1,NCRB CII 2021 Table 3A.11 (1679653232TABLE3A11.xlsx)
2021,Uttar Pradesh,Gang Rape (Sec.376(D)),,229,NCRB CII 2021 Table 3A.11 (1679653232TABLE3A11.xlsx)
2021,Uttarakhand,Gang Rape (Sec.376(D)),,0,NCRB CII 2021 Table 3A.11 (1679653232TABLE3A11.xlsx)
2021,West Bengal,Gang Rape (Sec.376(D)),,107,NCRB CII 2021 Table 3A.11 (1679653232TABLE3A11.xlsx)
2021,Andaman & Nicobar Islands,Gang Rape (Sec.376(D)),,0,NCRB CII 2021 Table 3A.11 (1679653232TABLE3A11.xlsx)
2021,Chandigarh,Gang Rape (Sec.376(D)),,2,NCRB CII 2021 Table 3A.11 (1679653232TABLE3A11.xlsx)
2021,Dadra & Nagar Haveli and Daman & Diu,Gang Rape (Sec.376(D)),,0,NCRB CII 2021 Table 3A.11 (1679653232TABLE3A11.xlsx)
2021,Delhi,Gang Rape (Sec.376(D)),,64,NCRB CII 2021 Table 3A.11 (1679653232TABLE3A11.xlsx)
2021,Jammu & Kashmir,Gang Rape (Sec.376(D)),,0,NCRB CII 2021 Table 3A.11 (1679653232TABLE3A11.xlsx)
2021,Ladakh,Gang Rape (Sec.376(D)),,0,NCRB CII 2021 Table 3A.11 (1679653232TABLE3A11.xlsx)
2021,Lakshadweep,Gang Rape (Sec.376(D)),,0,NCRB CII 2021 Table 3A.11 (1679653232TABLE3A11.xlsx)
2021,Puducherry,Gang Rape (Sec.376(D)),,0,NCRB CII 2021 Table 3A.11 (1679653232TABLE3A11.xlsx)
2021,All India,Gang Rape (Sec.376(D)),,2200,NCRB CII 2021 Table 3A.11 (1679653232TABLE3A11.xlsx)
2021,Andhra Pradesh,Rape/Gang Rape of Girl Below 16 Yrs (Imprisonment for life till death) (Sec.376(DA)),,1,NCRB CII 2021 Table 3A.11 (1679653232TABLE3A11.xlsx)
2021,Arunachal Pradesh,Rape/Gang Rape of Girl Below 16 Yrs (Imprisonment for life till death) (Sec.376(DA)),,0,NCRB CII 2021 Table 3A.11 (1679653232TABLE3A11.xlsx)
2021,Assam,Rape/Gang Rape of Girl Below 16 Yrs (Imprisonment for life till death) (Sec.376(DA)),,2,NCRB CII 2021 Table 3A.11 (1679653232TABLE3A11.xlsx)
2021,Bihar,Rape/Gang Rape of Girl Below 16 Yrs (Imprisonment for life till death) (Sec.376(DA)),,0,NCRB CII 2021 Table 3A.11 (1679653232TABLE3A11.xlsx)
2021,Chhattisgarh,Rape/Gang Rape of Girl Below 16 Yrs (Imprisonment for life till death) (Sec.376(DA)),,0,NCRB CII 2021 Table 3A.11 (1679653232TABLE3A11.xlsx)
2021,Goa,Rape/Gang Rape of Girl Below 16 Yrs (Imprisonment for life till death) (Sec.376(DA)),,1,NCRB CII 2021 Table 3A.11 (1679653232TABLE3A11.xlsx)
2021,Gujarat,Rape/Gang Rape of Girl Below 16 Yrs (Imprisonment for life till death) (Sec.376(DA)),,0,NCRB CII 2021 Table 3A.11 (1679653232TABLE3A11.xlsx)
2021,Haryana,Rape/Gang Rape of Girl Below 16 Yrs (Imprisonment for life till death) (Sec.376(DA)),,0,NCRB CII 2021 Table 3A.11 (1679653232TABLE3A11.xlsx)
2021,Himachal Pradesh,Rape/Gang Rape of Girl Below 16 Yrs (Imprisonment for life till death) (Sec.376(DA)),,0,NCRB CII 2021 Table 3A.11 (1679653232TABLE3A11.xlsx)
2021,Jharkhand,Rape/Gang Rape of Girl Below 16 Yrs (Imprisonment for life till death) (Sec.376(DA)),,0,NCRB CII 2021 Table 3A.11 (1679653232TABLE3A11.xlsx)
2021,Karnataka,Rape/Gang Rape of Girl Below 16 Yrs (Imprisonment for life till death) (Sec.376(DA)),,0,NCRB CII 2021 Table 3A.11 (1679653232TABLE3A11.xlsx)
2021,Kerala,Rape/Gang Rape of Girl Below 16 Yrs (Imprisonment for life till death) (Sec.376(DA)),,0,NCRB CII 2021 Table 3A.11 (1679653232TABLE3A11.xlsx)
2021,Madhya Pradesh,Rape/Gang Rape of Girl Below 16 Yrs (Imprisonment for life till death) (Sec.376(DA)),,0,NCRB CII 2021 Table 3A.11 (1679653232TABLE3A11.xlsx)
2021,Maharashtra,Rape/Gang Rape of Girl Below 16 Yrs (Imprisonment for life till death) (Sec.376(DA)),,3,NCRB CII 2021 Table 3A.11 (1679653232TABLE3A11.xlsx)
2021,Manipur,Rape/Gang Rape of Girl Below 16 Yrs (Imprisonment for life till death) (Sec.376(DA)),,0,NCRB CII 2021 Table 3A.11 (1679653232TABLE3A11.xlsx)
2021,Meghalaya,Rape/Gang Rape of Girl Below 16 Yrs (Imprisonment for life till death) (Sec.376(DA)),,0,NCRB CII 2021 Table 3A.11 (1679653232TABLE3A11.xlsx)
2021,Mizoram,Rape/Gang Rape of Girl Below 16 Yrs (Imprisonment for life till death) (Sec.376(DA)),,0,NCRB CII 2021 Table 3A.11 (1679653232TABLE3A11.xlsx)
2021,Nagaland,Rape/Gang Rape of Girl Below 16 Yrs (Imprisonment for life till death) (Sec.376(DA)),,0,NCRB CII 2021 Table 3A.11 (1679653232TABLE3A11.xlsx)
2021,Odisha,Rape/Gang Rape of Girl Below 16 Yrs (Imprisonment for life till death) (Sec.376(DA)),,0,NCRB CII 2021 Table 3A.11 (1679653232TABLE3A11.xlsx)
2021,Punjab,Rape/Gang Rape of Girl Below 16 Yrs (Imprisonment for life till death) (Sec.376(DA)),,1,NCRB CII 2021 Table 3A.11 (1679653232TABLE3A11.xlsx)
2021,Rajasthan,Rape/Gang Rape of Girl Below 16 Yrs (Imprisonment for life till death) (Sec.376(DA)),,40,NCRB CII 2021 Table 3A.11 (1679653232TABLE3A11.xlsx)
2021,Sikkim,Rape/Gang Rape of Girl Below 16 Yrs (Imprisonment for life till death) (Sec.376(DA)),,0,NCRB CII 2021 Table 3A.11 (1679653232TABLE3A11.xlsx)
2021,Tamil Nadu,Rape/Gang Rape of Girl Below 16 Yrs (Imprisonment for life till death) (Sec.376(DA)),,0,NCRB CII 2021 Table 3A.11 (1679653232TABLE3A11.xlsx)
2021,Telangana,Rape/Gang Rape of Girl Below 16 Yrs (Imprisonment for life till death) (Sec.376(DA)),,0,NCRB CII 2021 Table 3A.11 (1679653232TABLE3A11.xlsx)
2021,Tripura,Rape/Gang Rape of Girl Below 16 Yrs (Imprisonment for life till death) (Sec.376(DA)),,0,NCRB CII 2021 Table 3A.11 (1679653232TABLE3A11.xlsx)
2021,Uttar Pradesh,Rape/Gang Rape of Girl Below 16 Yrs (Imprisonment for life till death) (Sec.376(DA)),,19,NCRB CII 2021 Table 3A.11 (1679653232TABLE3A11.xlsx)
2021,Uttarakhand,Rape/Gang Rape of Girl Below 16 Yrs (Imprisonment for life till death) (Sec.376(DA)),,0,NCRB CII 2021 Table 3A.11 (1679653232TABLE3A11.xlsx)
2021,West Bengal,Rape/Gang Rape of Girl Below 16 Yrs (Imprisonment for life till death) (Sec.376(DA)),,0,NCRB CII 2021 Table 3A.11 (1679653232TABLE3A11.xlsx)
2021,Andaman & Nicobar Islands,Rape/Gang Rape of Girl Below 16 Yrs (Imprisonment for life till death) (Sec.376(DA)),,0,NCRB CII 2021 Table 3A.11 (1679653232TABLE3A11.xlsx)
2021,Chandigarh,Rape/Gang Rape of Girl Below 16 Yrs (Imprisonment for life till death) (Sec.376(DA)),,0,NCRB CII 2021 Table 3A.11 (1679653232TABLE3A11.xlsx)
2021,Dadra & Nagar Haveli and Daman & Diu,Rape/Gang Rape of Girl Below 16 Yrs (Imprisonment for life till death) (Sec.376(DA)),,0,NCRB CII 2021 Table 3A.11 (1679653232TABLE3A11.xlsx)
2021,Delhi,Rape/Gang Rape of Girl Below 16 Yrs (Imprisonment for life till death) (Sec.376(DA)),,0,NCRB CII 2021 Table 3A.11 (1679653232TABLE3A11.xlsx)
2021,Jammu & Kashmir,Rape/Gang Rape of Girl Below 16 Yrs (Imprisonment for life till death) (Sec.376(DA)),,0,NCRB CII 2021 Table 3A.11 (1679653232TABLE3A11.xlsx)
2021,Ladakh,Rape/Gang Rape of Girl Below 16 Yrs (Imprisonment for life till death) (Sec.376(DA)),,0,NCRB CII 2021 Table 3A.11 (1679653232TABLE3A11.xlsx)
2021,Lakshadweep,Rape/Gang Rape of Girl Below 16 Yrs (Imprisonment for life till death) (Sec.376(DA)),,0,NCRB CII 2021 Table 3A.11 (1679653232TABLE3A11.xlsx)
2021,Puducherry,Rape/Gang Rape of Girl Below 16 Yrs (Imprisonment for life till death) (Sec.376(DA)),,0,NCRB CII 2021 Table 3A.11 (1679653232TABLE3A11.xlsx)
2021,All India,Rape/Gang Rape of Girl Below 16 Yrs (Imprisonment for life till death) (Sec.376(DA)),,67,NCRB CII 2021 Table 3A.11 (1679653232TABLE3A11.xlsx)
2021,Andhra Pradesh,Rape/Gang Rape of Girl Below 12 Yrs (Imprisonment for life till death) (Sec.376(DB)),,0,NCRB CII 2021 Table 3A.11 (1679653232TABLE3A11.xlsx)
2021,Arunachal Pradesh,Rape/Gang Rape of Girl Below 12 Yrs (Imprisonment for life till death) (Sec.376(DB)),,0,NCRB CII 2021 Table 3A.11 (1679653232TABLE3A11.xlsx)
2021,Assam,Rape/Gang Rape of Girl Below 12 Yrs (Imprisonment for life till death) (Sec.376(DB)),,0,NCRB CII 2021 Table 3A.11 (1679653232TABLE3A11.xlsx)
2021,Bihar,Rape/Gang Rape of Girl Below 12 Yrs (Imprisonment for life till death) (Sec.376(DB)),,0,NCRB CII 2021 Table 3A.11 (1679653232TABLE3A11.xlsx)
2021,Chhattisgarh,Rape/Gang Rape of Girl Below 12 Yrs (Imprisonment for life till death) (Sec.376(DB)),,0,NCRB CII 2021 Table 3A.11 (1679653232TABLE3A11.xlsx)
2021,Goa,Rape/Gang Rape of Girl Below 12 Yrs (Imprisonment for life till death) (Sec.376(DB)),,0,NCRB CII 2021 Table 3A.11 (1679653232TABLE3A11.xlsx)
2021,Gujarat,Rape/Gang Rape of Girl Below 12 Yrs (Imprisonment for life till death) (Sec.376(DB)),,0,NCRB CII 2021 Table 3A.11 (1679653232TABLE3A11.xlsx)
2021,Haryana,Rape/Gang Rape of Girl Below 12 Yrs (Imprisonment for life till death) (Sec.376(DB)),,0,NCRB CII 2021 Table 3A.11 (1679653232TABLE3A11.xlsx)
2021,Himachal Pradesh,Rape/Gang Rape of Girl Below 12 Yrs (Imprisonment for life till death) (Sec.376(DB)),,0,NCRB CII 2021 Table 3A.11 (1679653232TABLE3A11.xlsx)
2021,Jharkhand,Rape/Gang Rape of Girl Below 12 Yrs (Imprisonment for life till death) (Sec.376(DB)),,0,NCRB CII 2021 Table 3A.11 (1679653232TABLE3A11.xlsx)
2021,Karnataka,Rape/Gang Rape of Girl Below 12 Yrs (Imprisonment for life till death) (Sec.376(DB)),,0,NCRB CII 2021 Table 3A.11 (1679653232TABLE3A11.xlsx)
2021,Kerala,Rape/Gang Rape of Girl Below 12 Yrs (Imprisonment for life till death) (Sec.376(DB)),,0,NCRB CII 2021 Table 3A.11 (1679653232TABLE3A11.xlsx)
2021,Madhya Pradesh,Rape/Gang Rape of Girl Below 12 Yrs (Imprisonment for life till death) (Sec.376(DB)),,0,NCRB CII 2021 Table 3A.11 (1679653232TABLE3A11.xlsx)
2021,Maharashtra,Rape/Gang Rape of Girl Below 12 Yrs (Imprisonment for life till death) (Sec.376(DB)),,1,NCRB CII 2021 Table 3A.11 (1679653232TABLE3A11.xlsx)
2021,Manipur,Rape/Gang Rape of Girl Below 12 Yrs (Imprisonment for life till death) (Sec.376(DB)),,0,NCRB CII 2021 Table 3A.11 (1679653232TABLE3A11.xlsx)
2021,Meghalaya,Rape/Gang Rape of Girl Below 12 Yrs (Imprisonment for life till death) (Sec.376(DB)),,0,NCRB CII 2021 Table 3A.11 (1679653232TABLE3A11.xlsx)
2021,Mizoram,Rape/Gang Rape of Girl Below 12 Yrs (Imprisonment for life till death) (Sec.376(DB)),,0,NCRB CII 2021 Table 3A.11 (1679653232TABLE3A11.xlsx)
2021,Nagaland,Rape/Gang Rape of Girl Below 12 Yrs (Imprisonment for life till death) (Sec.376(DB)),,0,NCRB CII 2021 Table 3A.11 (1679653232TABLE3A11.xlsx)
2021,Odisha,Rape/Gang Rape of Girl Below 12 Yrs (Imprisonment for life till death) (Sec.376(DB)),,0,NCRB CII 2021 Table 3A.11 (1679653232TABLE3A11.xlsx)
2021,Punjab,Rape/Gang Rape of Girl Below 12 Yrs (Imprisonment for life till death) (Sec.376(DB)),,0,NCRB CII 2021 Table 3A.11 (1679653232TABLE3A11.xlsx)
2021,Rajasthan,Rape/Gang Rape of Girl Below 12 Yrs (Imprisonment for life till death) (Sec.376(DB)),,5,NCRB CII 2021 Table 3A.11 (1679653232TABLE3A11.xlsx)
2021,Sikkim,Rape/Gang Rape of Girl Below 12 Yrs (Imprisonment for life till death) (Sec.376(DB)),,0,NCRB CII 2021 Table 3A.11 (1679653232TABLE3A11.xlsx)
2021,Tamil Nadu,Rape/Gang Rape of Girl Below 12 Yrs (Imprisonment for life till death) (Sec.376(DB)),,0,NCRB CII 2021 Table 3A.11 (1679653232TABLE3A11.xlsx)
2021,Telangana,Rape/Gang Rape of Girl Below 12 Yrs (Imprisonment for life till death) (Sec.376(DB)),,0,NCRB CII 2021 Table 3A.11 (1679653232TABLE3A11.xlsx)
2021,Tripura,Rape/Gang Rape of Girl Below 12 Yrs (Imprisonment for life till death) (Sec.376(DB)),,0,NCRB CII 2021 Table 3A.11 (1679653232TABLE3A11.xlsx)
2021,Uttar Pradesh,Rape/Gang Rape of Girl Below 12 Yrs (Imprisonment for life till death) (Sec.376(DB)),,11,NCRB CII 2021 Table 3A.11 (1679653232TABLE3A11.xlsx)
2021,Uttarakhand,Rape/Gang Rape of Girl Below 12 Yrs (Imprisonment for life till death) (Sec.376(DB)),,0,NCRB CII 2021 Table 3A.11 (1679653232TABLE3A11.xlsx)
2021,West Bengal,Rape/Gang Rape of Girl Below 12 Yrs (Imprisonment for life till death) (Sec.376(DB)),,0,NCRB CII 2021 Table 3A.11 (1679653232TABLE3A11.xlsx)
2021,Andaman & Nicobar Islands,Rape/Gang Rape of Girl Below 12 Yrs (Imprisonment for life till death) (Sec.376(DB)),,0,NCRB CII 2021 Table 3A.11 (1679653232TABLE3A11.xlsx)
2021,Chandigarh,Rape/Gang Rape of Girl Below 12 Yrs (Imprisonment for life till death) (Sec.376(DB)),,0,NCRB CII 2021 Table 3A.11 (1679653232TABLE3A11.xlsx)
2021,Dadra & Nagar Haveli and Daman & Diu,Rape/Gang Rape of Girl Below 12 Yrs (Imprisonment for life till death) (Sec.376(DB)),,0,NCRB CII 2021 Table 3A.11 (1679653232TABLE3A11.xlsx)
2021,Delhi,Rape/Gang Rape of Girl Below 12 Yrs (Imprisonment for life till death) (Sec.376(DB)),,0,NCRB CII 2021 Table 3A.11 (1679653232TABLE3A11.xlsx)
2021,Jammu & Kashmir,Rape/Gang Rape of Girl Below 12 Yrs (Imprisonment for life till death) (Sec.376(DB)),,0,NCRB CII 2021 Table 3A.11 (1679653232TABLE3A11.xlsx)
2021,Ladakh,Rape/Gang Rape of Girl Below 12 Yrs (Imprisonment for life till death) (Sec.376(DB)),,0,NCRB CII 2021 Table 3A.11 (1679653232TABLE3A11.xlsx)
2021,Lakshadweep,Rape/Gang Rape of Girl Below 12 Yrs (Imprisonment for life till death) (Sec.376(DB)),,0,NCRB CII 2021 Table 3A.11 (1679653232TABLE3A11.xlsx)
2021,Puducherry,Rape/Gang Rape of Girl Below 12 Yrs (Imprisonment for life till death) (Sec.376(DB)),,0,NCRB CII 2021 Table 3A.11 (1679653232TABLE3A11.xlsx)
2021,All India,Rape/Gang Rape of Girl Below 12 Yrs (Imprisonment for life till death) (Sec.376(DB)),,17,NCRB CII 2021 Table 3A.11 (1679653232TABLE3A11.xlsx)
2021,Andhra Pradesh,Punishment for Repeat offenders (Sec.376(E)),,1,NCRB CII 2021 Table 3A.11 (1679653232TABLE3A11.xlsx)
2021,Arunachal Pradesh,Punishment for Repeat offenders (Sec.376(E)),,0,NCRB CII 2021 Table 3A.11 (1679653232TABLE3A11.xlsx)
2021,Assam,Punishment for Repeat offenders (Sec.376(E)),,0,NCRB CII 2021 Table 3A.11 (1679653232TABLE3A11.xlsx)
2021,Bihar,Punishment for Repeat offenders (Sec.376(E)),,0,NCRB CII 2021 Table 3A.11 (1679653232TABLE3A11.xlsx)
2021,Chhattisgarh,Punishment for Repeat offenders (Sec.376(E)),,0,NCRB CII 2021 Table 3A.11 (1679653232TABLE3A11.xlsx)
2021,Goa,Punishment for Repeat offenders (Sec.376(E)),,0,NCRB CII 2021 Table 3A.11 (1679653232TABLE3A11.xlsx)
2021,Gujarat,Punishment for Repeat offenders (Sec.376(E)),,0,NCRB CII 2021 Table 3A.11 (1679653232TABLE3A11.xlsx)
2021,Haryana,Punishment for Repeat offenders (Sec.376(E)),,72,NCRB CII 2021 Table 3A.11 (1679653232TABLE3A11.xlsx)
2021,Himachal Pradesh,Punishment for Repeat offenders (Sec.376(E)),,0,NCRB CII 2021 Table 3A.11 (1679653232TABLE3A11.xlsx)
2021,Jharkhand,Punishment for Repeat offenders (Sec.376(E)),,0,NCRB CII 2021 Table 3A.11 (1679653232TABLE3A11.xlsx)
2021,Karnataka,Punishment for Repeat offenders (Sec.376(E)),,0,NCRB CII 2021 Table 3A.11 (1679653232TABLE3A11.xlsx)
2021,Kerala,Punishment for Repeat offenders (Sec.376(E)),,0,NCRB CII 2021 Table 3A.11 (1679653232TABLE3A11.xlsx)
2021,Madhya Pradesh,Punishment for Repeat offenders (Sec.376(E)),,0,NCRB CII 2021 Table 3A.11 (1679653232TABLE3A11.xlsx)
2021,Maharashtra,Punishment for Repeat offenders (Sec.376(E)),,0,NCRB CII 2021 Table 3A.11 (1679653232TABLE3A11.xlsx)
2021,Manipur,Punishment for Repeat offenders (Sec.376(E)),,0,NCRB CII 2021 Table 3A.11 (1679653232TABLE3A11.xlsx)
2021,Meghalaya,Punishment for Repeat offenders (Sec.376(E)),,0,NCRB CII 2021 Table 3A.11 (1679653232TABLE3A11.xlsx)
2021,Mizoram,Punishment for Repeat offenders (Sec.376(E)),,0,NCRB CII 2021 Table 3A.11 (1679653232TABLE3A11.xlsx)
2021,Nagaland,Punishment for Repeat offenders (Sec.376(E)),,0,NCRB CII 2021 Table 3A.11 (1679653232TABLE3A11.xlsx)
2021,Odisha,Punishment for Repeat offenders (Sec.376(E)),,0,NCRB CII 2021 Table 3A.11 (1679653232TABLE3A11.xlsx)
2021,Punjab,Punishment for Repeat offenders (Sec.376(E)),,0,NCRB CII 2021 Table 3A.11 (1679653232TABLE3A11.xlsx)
2021,Rajasthan,Punishment for Repeat offenders (Sec.376(E)),,0,NCRB CII 2021 Table 3A.11 (1679653232TABLE3A11.xlsx)
2021,Sikkim,Punishment for Repeat offenders (Sec.376(E)),,0,NCRB CII 2021 Table 3A.11 (1679653232TABLE3A11.xlsx)
2021,Tamil Nadu,Punishment for Repeat offenders (Sec.376(E)),,0,NCRB CII 2021 Table 3A.11 (1679653232TABLE3A11.xlsx)
2021,Telangana,Punishment for Repeat offenders (Sec.376(E)),,0,NCRB CII 2021 Table 3A.11 (1679653232TABLE3A11.xlsx)
2021,Tripura,Punishment for Repeat offenders (Sec.376(E)),,0,NCRB CII 2021 Table 3A.11 (1679653232TABLE3A11.xlsx)
2021,Uttar Pradesh,Punishment for Repeat offenders (Sec.376(E)),,0,NCRB CII 2021 Table 3A.11 (1679653232TABLE3A11.xlsx)
2021,Uttarakhand,Punishment for Repeat offenders (Sec.376(E)),,0,NCRB CII 2021 Table 3A.11 (1679653232TABLE3A11.xlsx)
2021,West Bengal,Punishment for Repeat offenders (Sec.376(E)),,1,NCRB CII 2021 Table 3A.11 (1679653232TABLE3A11.xlsx)
2021,Andaman & Nicobar Islands,Punishment for Repeat offenders (Sec.376(E)),,0,NCRB CII 2021 Table 3A.11 (1679653232TABLE3A11.xlsx)
2021,Chandigarh,Punishment for Repeat offenders (Sec.376(E)),,0,NCRB CII 2021 Table 3A.11 (1679653232TABLE3A11.xlsx)
2021,Dadra & Nagar Haveli and Daman & Diu,Punishment for Repeat offenders (Sec.376(E)),,0,NCRB CII 2021 Table 3A.11 (1679653232TABLE3A11.xlsx)
2021,Delhi,Punishment for Repeat offenders (Sec.376(E)),,0,NCRB CII 2021 Table 3A.11 (1679653232TABLE3A11.xlsx)
2021,Jammu & Kashmir,Punishment for Repeat offenders (Sec.376(E)),,0,NCRB CII 2021 Table 3A.11 (1679653232TABLE3A11.xlsx)
2021,Ladakh,Punishment for Repeat offenders (Sec.376(E)),,0,NCRB CII 2021 Table 3A.11 (1679653232TABLE3A11.xlsx)
2021,Lakshadweep,Punishment for Repeat offenders (Sec.376(E)),,0,NCRB CII 2021 Table 3A.11 (1679653232TABLE3A11.xlsx)
2021,Puducherry,Punishment for Repeat offenders (Sec.376(E)),,0,NCRB CII 2021 Table 3A.11 (1679653232TABLE3A11.xlsx)
2021,All India,Punishment for Repeat offenders (Sec.376(E)),,74,NCRB CII 2021 Table 3A.11 (1679653232TABLE3A11.xlsx)
2021,Andhra Pradesh,Rape (Total) (Sec.376 IPC),,1188,NCRB CII 2021 Table 3A.11 (1679653232TABLE3A11.xlsx)
2021,Arunachal Pradesh,Rape (Total) (Sec.376 IPC),,83,NCRB CII 2021 Table 3A.11 (1679653232TABLE3A11.xlsx)
2021,Assam,Rape (Total) (Sec.376 IPC),,1733,NCRB CII 2021 Table 3A.11 (1679653232TABLE3A11.xlsx)
2021,Bihar,Rape (Total) (Sec.376 IPC),,786,NCRB CII 2021 Table 3A.11 (1679653232TABLE3A11.xlsx)
2021,Chhattisgarh,Rape (Total) (Sec.376 IPC),,1093,NCRB CII 2021 Table 3A.11 (1679653232TABLE3A11.xlsx)
2021,Goa,Rape (Total) (Sec.376 IPC),,72,NCRB CII 2021 Table 3A.11 (1679653232TABLE3A11.xlsx)
2021,Gujarat,Rape (Total) (Sec.376 IPC),,589,NCRB CII 2021 Table 3A.11 (1679653232TABLE3A11.xlsx)
2021,Haryana,Rape (Total) (Sec.376 IPC),,1716,NCRB CII 2021 Table 3A.11 (1679653232TABLE3A11.xlsx)
2021,Himachal Pradesh,Rape (Total) (Sec.376 IPC),,358,NCRB CII 2021 Table 3A.11 (1679653232TABLE3A11.xlsx)
2021,Jharkhand,Rape (Total) (Sec.376 IPC),,1425,NCRB CII 2021 Table 3A.11 (1679653232TABLE3A11.xlsx)
2021,Karnataka,Rape (Total) (Sec.376 IPC),,555,NCRB CII 2021 Table 3A.11 (1679653232TABLE3A11.xlsx)
2021,Kerala,Rape (Total) (Sec.376 IPC),,771,NCRB CII 2021 Table 3A.11 (1679653232TABLE3A11.xlsx)
2021,Madhya Pradesh,Rape (Total) (Sec.376 IPC),,2947,NCRB CII 2021 Table 3A.11 (1679653232TABLE3A11.xlsx)
2021,Maharashtra,Rape (Total) (Sec.376 IPC),,2496,NCRB CII 2021 Table 3A.11 (1679653232TABLE3A11.xlsx)
2021,Manipur,Rape (Total) (Sec.376 IPC),,26,NCRB CII 2021 Table 3A.11 (1679653232TABLE3A11.xlsx)
2021,Meghalaya,Rape (Total) (Sec.376 IPC),,75,NCRB CII 2021 Table 3A.11 (1679653232TABLE3A11.xlsx)
2021,Mizoram,Rape (Total) (Sec.376 IPC),,26,NCRB CII 2021 Table 3A.11 (1679653232TABLE3A11.xlsx)
2021,Nagaland,Rape (Total) (Sec.376 IPC),,4,NCRB CII 2021 Table 3A.11 (1679653232TABLE3A11.xlsx)
2021,Odisha,Rape (Total) (Sec.376 IPC),,1456,NCRB CII 2021 Table 3A.11 (1679653232TABLE3A11.xlsx)
2021,Punjab,Rape (Total) (Sec.376 IPC),,464,NCRB CII 2021 Table 3A.11 (1679653232TABLE3A11.xlsx)
2021,Rajasthan,Rape (Total) (Sec.376 IPC),,6337,NCRB CII 2021 Table 3A.11 (1679653232TABLE3A11.xlsx)
2021,Sikkim,Rape (Total) (Sec.376 IPC),,8,NCRB CII 2021 Table 3A.11 (1679653232TABLE3A11.xlsx)
2021,Tamil Nadu,Rape (Total) (Sec.376 IPC),,422,NCRB CII 2021 Table 3A.11 (1679653232TABLE3A11.xlsx)
2021,Telangana,Rape (Total) (Sec.376 IPC),,823,NCRB CII 2021 Table 3A.11 (1679653232TABLE3A11.xlsx)
2021,Tripura,Rape (Total) (Sec.376 IPC),,61,NCRB CII 2021 Table 3A.11 (1679653232TABLE3A11.xlsx)
2021,Uttar Pradesh,Rape (Total) (Sec.376 IPC),,2845,NCRB CII 2021 Table 3A.11 (1679653232TABLE3A11.xlsx)
2021,Uttarakhand,Rape (Total) (Sec.376 IPC),,534,NCRB CII 2021 Table 3A.11 (1679653232TABLE3A11.xlsx)
2021,West Bengal,Rape (Total) (Sec.376 IPC),,1123,NCRB CII 2021 Table 3A.11 (1679653232TABLE3A11.xlsx)
2021,Andaman & Nicobar Islands,Rape (Total) (Sec.376 IPC),,15,NCRB CII 2021 Table 3A.11 (1679653232TABLE3A11.xlsx)
2021,Chandigarh,Rape (Total) (Sec.376 IPC),,74,NCRB CII 2021 Table 3A.11 (1679653232TABLE3A11.xlsx)
2021,Dadra & Nagar Haveli and Daman & Diu,Rape (Total) (Sec.376 IPC),,3,NCRB CII 2021 Table 3A.11 (1679653232TABLE3A11.xlsx)
2021,Delhi,Rape (Total) (Sec.376 IPC),,1250,NCRB CII 2021 Table 3A.11 (1679653232TABLE3A11.xlsx)
2021,Jammu & Kashmir,Rape (Total) (Sec.376 IPC),,315,NCRB CII 2021 Table 3A.11 (1679653232TABLE3A11.xlsx)
2021,Ladakh,Rape (Total) (Sec.376 IPC),,2,NCRB CII 2021 Table 3A.11 (1679653232TABLE3A11.xlsx)
2021,Lakshadweep,Rape (Total) (Sec.376 IPC),,0,NCRB CII 2021 Table 3A.11 (1679653232TABLE3A11.xlsx)
2021,Puducherry,Rape (Total) (Sec.376 IPC),,2,NCRB CII 2021 Table 3A.11 (1679653232TABLE3A11.xlsx)
2021,All India,Rape (Total) (Sec.376 IPC),,31677,NCRB CII 2021 Table 3A.11 (1679653232TABLE3A11.xlsx)
2022,Andhra Pradesh,Punishment for Rape (Sec.376 & 376(I),,435,NCRB CII 2022 Table 3A.11 (1701935624TABLE3A11.xlsx)
2022,Arunachal Pradesh,Punishment for Rape (Sec.376 & 376(I),,54,NCRB CII 2022 Table 3A.11 (1701935624TABLE3A11.xlsx)
2022,Assam,Punishment for Rape (Sec.376 & 376(I),,1031,NCRB CII 2022 Table 3A.11 (1701935624TABLE3A11.xlsx)
2022,Bihar,Punishment for Rape (Sec.376 & 376(I),,869,NCRB CII 2022 Table 3A.11 (1701935624TABLE3A11.xlsx)
2022,Chhattisgarh,Punishment for Rape (Sec.376 & 376(I),,615,NCRB CII 2022 Table 3A.11 (1701935624TABLE3A11.xlsx)
2022,Goa,Punishment for Rape (Sec.376 & 376(I),,52,NCRB CII 2022 Table 3A.11 (1701935624TABLE3A11.xlsx)
2022,Gujarat,Punishment for Rape (Sec.376 & 376(I),,334,NCRB CII 2022 Table 3A.11 (1701935624TABLE3A11.xlsx)
2022,Haryana,Punishment for Rape (Sec.376 & 376(I),,581,NCRB CII 2022 Table 3A.11 (1701935624TABLE3A11.xlsx)
2022,Himachal Pradesh,Punishment for Rape (Sec.376 & 376(I),,270,NCRB CII 2022 Table 3A.11 (1701935624TABLE3A11.xlsx)
2022,Jharkhand,Punishment for Rape (Sec.376 & 376(I),,1043,NCRB CII 2022 Table 3A.11 (1701935624TABLE3A11.xlsx)
2022,Karnataka,Punishment for Rape (Sec.376 & 376(I),,444,NCRB CII 2022 Table 3A.11 (1701935624TABLE3A11.xlsx)
2022,Kerala,Punishment for Rape (Sec.376 & 376(I),,384,NCRB CII 2022 Table 3A.11 (1701935624TABLE3A11.xlsx)
2022,Madhya Pradesh,Punishment for Rape (Sec.376 & 376(I),,1104,NCRB CII 2022 Table 3A.11 (1701935624TABLE3A11.xlsx)
2022,Maharashtra,Punishment for Rape (Sec.376 & 376(I),,1513,NCRB CII 2022 Table 3A.11 (1701935624TABLE3A11.xlsx)
2022,Manipur,Punishment for Rape (Sec.376 & 376(I),,30,NCRB CII 2022 Table 3A.11 (1701935624TABLE3A11.xlsx)
2022,Meghalaya,Punishment for Rape (Sec.376 & 376(I),,66,NCRB CII 2022 Table 3A.11 (1701935624TABLE3A11.xlsx)
2022,Mizoram,Punishment for Rape (Sec.376 & 376(I),,8,NCRB CII 2022 Table 3A.11 (1701935624TABLE3A11.xlsx)
2022,Nagaland,Punishment for Rape (Sec.376 & 376(I),,5,NCRB CII 2022 Table 3A.11 (1701935624TABLE3A11.xlsx)
2022,Odisha,Punishment for Rape (Sec.376 & 376(I),,1315,NCRB CII 2022 Table 3A.11 (1701935624TABLE3A11.xlsx)
2022,Punjab,Punishment for Rape (Sec.376 & 376(I),,491,NCRB CII 2022 Table 3A.11 (1701935624TABLE3A11.xlsx)
2022,Rajasthan,Punishment for Rape (Sec.376 & 376(I),,3214,NCRB CII 2022 Table 3A.11 (1701935624TABLE3A11.xlsx)
2022,Sikkim,Punishment for Rape (Sec.376 & 376(I),,11,NCRB CII 2022 Table 3A.11 (1701935624TABLE3A11.xlsx)
2022,Tamil Nadu,Punishment for Rape (Sec.376 & 376(I),,371,NCRB CII 2022 Table 3A.11 (1701935624TABLE3A11.xlsx)
2022,Telangana,Punishment for Rape (Sec.376 & 376(I),,523,NCRB CII 2022 Table 3A.11 (1701935624TABLE3A11.xlsx)
2022,Tripura,Punishment for Rape (Sec.376 & 376(I),,51,NCRB CII 2022 Table 3A.11 (1701935624TABLE3A11.xlsx)
2022,Uttar Pradesh,Punishment for Rape (Sec.376 & 376(I),,3121,NCRB CII 2022 Table 3A.11 (1701935624TABLE3A11.xlsx)
2022,Uttarakhand,Punishment for Rape (Sec.376 & 376(I),,809,NCRB CII 2022 Table 3A.11 (1701935624TABLE3A11.xlsx)
2022,West Bengal,Punishment for Rape (Sec.376 & 376(I),,845,NCRB CII 2022 Table 3A.11 (1701935624TABLE3A11.xlsx)
2022,Andaman & Nicobar Islands,Punishment for Rape (Sec.376 & 376(I),,7,NCRB CII 2022 Table 3A.11 (1701935624TABLE3A11.xlsx)
2022,Chandigarh,Punishment for Rape (Sec.376 & 376(I),,24,NCRB CII 2022 Table 3A.11 (1701935624TABLE3A11.xlsx)
2022,Dadra & Nagar Haveli and Daman & Diu,Punishment for Rape (Sec.376 & 376(I),,9,NCRB CII 2022 Table 3A.11 (1701935624TABLE3A11.xlsx)
2022,Delhi,Punishment for Rape (Sec.376 & 376(I),,1099,NCRB CII 2022 Table 3A.11 (1701935624TABLE3A11.xlsx)
2022,Jammu & Kashmir,Punishment for Rape (Sec.376 & 376(I),,226,NCRB CII 2022 Table 3A.11 (1701935624TABLE3A11.xlsx)
2022,Ladakh,Punishment for Rape (Sec.376 & 376(I),,4,NCRB CII 2022 Table 3A.11 (1701935624TABLE3A11.xlsx)
2022,Lakshadweep,Punishment for Rape (Sec.376 & 376(I),,4,NCRB CII 2022 Table 3A.11 (1701935624TABLE3A11.xlsx)
2022,Puducherry,Punishment for Rape (Sec.376 & 376(I),,6,NCRB CII 2022 Table 3A.11 (1701935624TABLE3A11.xlsx)
2022,All India,Punishment for Rape (Sec.376 & 376(I),,20968,NCRB CII 2022 Table 3A.11 (1701935624TABLE3A11.xlsx)
2022,Andhra Pradesh,Rape in Custody (Section 376(2)) - Rape in Custody (Total),custodial_total,1,NCRB CII 2022 Table 3A.11 (1701935624TABLE3A11.xlsx)
2022,Arunachal Pradesh,Rape in Custody (Section 376(2)) - Rape in Custody (Total),custodial_total,0,NCRB CII 2022 Table 3A.11 (1701935624TABLE3A11.xlsx)
2022,Assam,Rape in Custody (Section 376(2)) - Rape in Custody (Total),custodial_total,0,NCRB CII 2022 Table 3A.11 (1701935624TABLE3A11.xlsx)
2022,Bihar,Rape in Custody (Section 376(2)) - Rape in Custody (Total),custodial_total,0,NCRB CII 2022 Table 3A.11 (1701935624TABLE3A11.xlsx)
2022,Chhattisgarh,Rape in Custody (Section 376(2)) - Rape in Custody (Total),custodial_total,2,NCRB CII 2022 Table 3A.11 (1701935624TABLE3A11.xlsx)
2022,Goa,Rape in Custody (Section 376(2)) - Rape in Custody (Total),custodial_total,0,NCRB CII 2022 Table 3A.11 (1701935624TABLE3A11.xlsx)
2022,Gujarat,Rape in Custody (Section 376(2)) - Rape in Custody (Total),custodial_total,0,NCRB CII 2022 Table 3A.11 (1701935624TABLE3A11.xlsx)
2022,Haryana,Rape in Custody (Section 376(2)) - Rape in Custody (Total),custodial_total,0,NCRB CII 2022 Table 3A.11 (1701935624TABLE3A11.xlsx)
2022,Himachal Pradesh,Rape in Custody (Section 376(2)) - Rape in Custody (Total),custodial_total,1,NCRB CII 2022 Table 3A.11 (1701935624TABLE3A11.xlsx)
2022,Jharkhand,Rape in Custody (Section 376(2)) - Rape in Custody (Total),custodial_total,0,NCRB CII 2022 Table 3A.11 (1701935624TABLE3A11.xlsx)
2022,Karnataka,Rape in Custody (Section 376(2)) - Rape in Custody (Total),custodial_total,1,NCRB CII 2022 Table 3A.11 (1701935624TABLE3A11.xlsx)
2022,Kerala,Rape in Custody (Section 376(2)) - Rape in Custody (Total),custodial_total,2,NCRB CII 2022 Table 3A.11 (1701935624TABLE3A11.xlsx)
2022,Madhya Pradesh,Rape in Custody (Section 376(2)) - Rape in Custody (Total),custodial_total,6,NCRB CII 2022 Table 3A.11 (1701935624TABLE3A11.xlsx)
2022,Maharashtra,Rape in Custody (Section 376(2)) - Rape in Custody (Total),custodial_total,0,NCRB CII 2022 Table 3A.11 (1701935624TABLE3A11.xlsx)
2022,Manipur,Rape in Custody (Section 376(2)) - Rape in Custody (Total),custodial_total,0,NCRB CII 2022 Table 3A.11 (1701935624TABLE3A11.xlsx)
2022,Meghalaya,Rape in Custody (Section 376(2)) - Rape in Custody (Total),custodial_total,0,NCRB CII 2022 Table 3A.11 (1701935624TABLE3A11.xlsx)
2022,Mizoram,Rape in Custody (Section 376(2)) - Rape in Custody (Total),custodial_total,0,NCRB CII 2022 Table 3A.11 (1701935624TABLE3A11.xlsx)
2022,Nagaland,Rape in Custody (Section 376(2)) - Rape in Custody (Total),custodial_total,1,NCRB CII 2022 Table 3A.11 (1701935624TABLE3A11.xlsx)
2022,Odisha,Rape in Custody (Section 376(2)) - Rape in Custody (Total),custodial_total,0,NCRB CII 2022 Table 3A.11 (1701935624TABLE3A11.xlsx)
2022,Punjab,Rape in Custody (Section 376(2)) - Rape in Custody (Total),custodial_total,1,NCRB CII 2022 Table 3A.11 (1701935624TABLE3A11.xlsx)
2022,Rajasthan,Rape in Custody (Section 376(2)) - Rape in Custody (Total),custodial_total,0,NCRB CII 2022 Table 3A.11 (1701935624TABLE3A11.xlsx)
2022,Sikkim,Rape in Custody (Section 376(2)) - Rape in Custody (Total),custodial_total,0,NCRB CII 2022 Table 3A.11 (1701935624TABLE3A11.xlsx)
2022,Tamil Nadu,Rape in Custody (Section 376(2)) - Rape in Custody (Total),custodial_total,0,NCRB CII 2022 Table 3A.11 (1701935624TABLE3A11.xlsx)
2022,Telangana,Rape in Custody (Section 376(2)) - Rape in Custody (Total),custodial_total,0,NCRB CII 2022 Table 3A.11 (1701935624TABLE3A11.xlsx)
2022,Tripura,Rape in Custody (Section 376(2)) - Rape in Custody (Total),custodial_total,0,NCRB CII 2022 Table 3A.11 (1701935624TABLE3A11.xlsx)
2022,Uttar Pradesh,Rape in Custody (Section 376(2)) - Rape in Custody (Total),custodial_total,9,NCRB CII 2022 Table 3A.11 (1701935624TABLE3A11.xlsx)
2022,Uttarakhand,Rape in Custody (Section 376(2)) - Rape in Custody (Total),custodial_total,0,NCRB CII 2022 Table 3A.11 (1701935624TABLE3A11.xlsx)
2022,West Bengal,Rape in Custody (Section 376(2)) - Rape in Custody (Total),custodial_total,0,NCRB CII 2022 Table 3A.11 (1701935624TABLE3A11.xlsx)
2022,Andaman & Nicobar Islands,Rape in Custody (Section 376(2)) - Rape in Custody (Total),custodial_total,0,NCRB CII 2022 Table 3A.11 (1701935624TABLE3A11.xlsx)
2022,Chandigarh,Rape in Custody (Section 376(2)) - Rape in Custody (Total),custodial_total,0,NCRB CII 2022 Table 3A.11 (1701935624TABLE3A11.xlsx)
2022,Dadra & Nagar Haveli and Daman & Diu,Rape in Custody (Section 376(2)) - Rape in Custody (Total),custodial_total,0,NCRB CII 2022 Table 3A.11 (1701935624TABLE3A11.xlsx)
2022,Delhi,Rape in Custody (Section 376(2)) - Rape in Custody (Total),custodial_total,0,NCRB CII 2022 Table 3A.11 (1701935624TABLE3A11.xlsx)
2022,Jammu & Kashmir,Rape in Custody (Section 376(2)) - Rape in Custody (Total),custodial_total,0,NCRB CII 2022 Table 3A.11 (1701935624TABLE3A11.xlsx)
2022,Ladakh,Rape in Custody (Section 376(2)) - Rape in Custody (Total),custodial_total,0,NCRB CII 2022 Table 3A.11 (1701935624TABLE3A11.xlsx)
2022,Lakshadweep,Rape in Custody (Section 376(2)) - Rape in Custody (Total),custodial_total,0,NCRB CII 2022 Table 3A.11 (1701935624TABLE3A11.xlsx)
2022,Puducherry,Rape in Custody (Section 376(2)) - Rape in Custody (Total),custodial_total,0,NCRB CII 2022 Table 3A.11 (1701935624TABLE3A11.xlsx)
2022,All India,Rape in Custody (Section 376(2)) - Rape in Custody (Total),custodial_total,24,NCRB CII 2022 Table 3A.11 (1701935624TABLE3A11.xlsx)
2022,Andhra Pradesh,Rape in Custody (Section 376(2)) - By Police Personnel (Sec.376(2) (a),police_personnel,1,NCRB CII 2022 Table 3A.11 (1701935624TABLE3A11.xlsx)
2022,Arunachal Pradesh,Rape in Custody (Section 376(2)) - By Police Personnel (Sec.376(2) (a),police_personnel,0,NCRB CII 2022 Table 3A.11 (1701935624TABLE3A11.xlsx)
2022,Assam,Rape in Custody (Section 376(2)) - By Police Personnel (Sec.376(2) (a),police_personnel,0,NCRB CII 2022 Table 3A.11 (1701935624TABLE3A11.xlsx)
2022,Bihar,Rape in Custody (Section 376(2)) - By Police Personnel (Sec.376(2) (a),police_personnel,0,NCRB CII 2022 Table 3A.11 (1701935624TABLE3A11.xlsx)
2022,Chhattisgarh,Rape in Custody (Section 376(2)) - By Police Personnel (Sec.376(2) (a),police_personnel,0,NCRB CII 2022 Table 3A.11 (1701935624TABLE3A11.xlsx)
2022,Goa,Rape in Custody (Section 376(2)) - By Police Personnel (Sec.376(2) (a),police_personnel,0,NCRB CII 2022 Table 3A.11 (1701935624TABLE3A11.xlsx)
2022,Gujarat,Rape in Custody (Section 376(2)) - By Police Personnel (Sec.376(2) (a),police_personnel,0,NCRB CII 2022 Table 3A.11 (1701935624TABLE3A11.xlsx)
2022,Haryana,Rape in Custody (Section 376(2)) - By Police Personnel (Sec.376(2) (a),police_personnel,0,NCRB CII 2022 Table 3A.11 (1701935624TABLE3A11.xlsx)
2022,Himachal Pradesh,Rape in Custody (Section 376(2)) - By Police Personnel (Sec.376(2) (a),police_personnel,0,NCRB CII 2022 Table 3A.11 (1701935624TABLE3A11.xlsx)
2022,Jharkhand,Rape in Custody (Section 376(2)) - By Police Personnel (Sec.376(2) (a),police_personnel,0,NCRB CII 2022 Table 3A.11 (1701935624TABLE3A11.xlsx)
2022,Karnataka,Rape in Custody (Section 376(2)) - By Police Personnel (Sec.376(2) (a),police_personnel,0,NCRB CII 2022 Table 3A.11 (1701935624TABLE3A11.xlsx)
2022,Kerala,Rape in Custody (Section 376(2)) - By Police Personnel (Sec.376(2) (a),police_personnel,1,NCRB CII 2022 Table 3A.11 (1701935624TABLE3A11.xlsx)
2022,Madhya Pradesh,Rape in Custody (Section 376(2)) - By Police Personnel (Sec.376(2) (a),police_personnel,2,NCRB CII 2022 Table 3A.11 (1701935624TABLE3A11.xlsx)
2022,Maharashtra,Rape in Custody (Section 376(2)) - By Police Personnel (Sec.376(2) (a),police_personnel,0,NCRB CII 2022 Table 3A.11 (1701935624TABLE3A11.xlsx)
2022,Manipur,Rape in Custody (Section 376(2)) - By Police Personnel (Sec.376(2) (a),police_personnel,0,NCRB CII 2022 Table 3A.11 (1701935624TABLE3A11.xlsx)
2022,Meghalaya,Rape in Custody (Section 376(2)) - By Police Personnel (Sec.376(2) (a),police_personnel,0,NCRB CII 2022 Table 3A.11 (1701935624TABLE3A11.xlsx)
2022,Mizoram,Rape in Custody (Section 376(2)) - By Police Personnel (Sec.376(2) (a),police_personnel,0,NCRB CII 2022 Table 3A.11 (1701935624TABLE3A11.xlsx)
2022,Nagaland,Rape in Custody (Section 376(2)) - By Police Personnel (Sec.376(2) (a),police_personnel,1,NCRB CII 2022 Table 3A.11 (1701935624TABLE3A11.xlsx)
2022,Odisha,Rape in Custody (Section 376(2)) - By Police Personnel (Sec.376(2) (a),police_personnel,0,NCRB CII 2022 Table 3A.11 (1701935624TABLE3A11.xlsx)
2022,Punjab,Rape in Custody (Section 376(2)) - By Police Personnel (Sec.376(2) (a),police_personnel,1,NCRB CII 2022 Table 3A.11 (1701935624TABLE3A11.xlsx)
2022,Rajasthan,Rape in Custody (Section 376(2)) - By Police Personnel (Sec.376(2) (a),police_personnel,0,NCRB CII 2022 Table 3A.11 (1701935624TABLE3A11.xlsx)
2022,Sikkim,Rape in Custody (Section 376(2)) - By Police Personnel (Sec.376(2) (a),police_personnel,0,NCRB CII 2022 Table 3A.11 (1701935624TABLE3A11.xlsx)
2022,Tamil Nadu,Rape in Custody (Section 376(2)) - By Police Personnel (Sec.376(2) (a),police_personnel,0,NCRB CII 2022 Table 3A.11 (1701935624TABLE3A11.xlsx)
2022,Telangana,Rape in Custody (Section 376(2)) - By Police Personnel (Sec.376(2) (a),police_personnel,0,NCRB CII 2022 Table 3A.11 (1701935624TABLE3A11.xlsx)
2022,Tripura,Rape in Custody (Section 376(2)) - By Police Personnel (Sec.376(2) (a),police_personnel,0,NCRB CII 2022 Table 3A.11 (1701935624TABLE3A11.xlsx)
2022,Uttar Pradesh,Rape in Custody (Section 376(2)) - By Police Personnel (Sec.376(2) (a),police_personnel,1,NCRB CII 2022 Table 3A.11 (1701935624TABLE3A11.xlsx)
2022,Uttarakhand,Rape in Custody (Section 376(2)) - By Police Personnel (Sec.376(2) (a),police_personnel,0,NCRB CII 2022 Table 3A.11 (1701935624TABLE3A11.xlsx)
2022,West Bengal,Rape in Custody (Section 376(2)) - By Police Personnel (Sec.376(2) (a),police_personnel,0,NCRB CII 2022 Table 3A.11 (1701935624TABLE3A11.xlsx)
2022,Andaman & Nicobar Islands,Rape in Custody (Section 376(2)) - By Police Personnel (Sec.376(2) (a),police_personnel,0,NCRB CII 2022 Table 3A.11 (1701935624TABLE3A11.xlsx)
2022,Chandigarh,Rape in Custody (Section 376(2)) - By Police Personnel (Sec.376(2) (a),police_personnel,0,NCRB CII 2022 Table 3A.11 (1701935624TABLE3A11.xlsx)
2022,Dadra & Nagar Haveli and Daman & Diu,Rape in Custody (Section 376(2)) - By Police Personnel (Sec.376(2) (a),police_personnel,0,NCRB CII 2022 Table 3A.11 (1701935624TABLE3A11.xlsx)
2022,Delhi,Rape in Custody (Section 376(2)) - By Police Personnel (Sec.376(2) (a),police_personnel,0,NCRB CII 2022 Table 3A.11 (1701935624TABLE3A11.xlsx)
2022,Jammu & Kashmir,Rape in Custody (Section 376(2)) - By Police Personnel (Sec.376(2) (a),police_personnel,0,NCRB CII 2022 Table 3A.11 (1701935624TABLE3A11.xlsx)
2022,Ladakh,Rape in Custody (Section 376(2)) - By Police Personnel (Sec.376(2) (a),police_personnel,0,NCRB CII 2022 Table 3A.11 (1701935624TABLE3A11.xlsx)
2022,Lakshadweep,Rape in Custody (Section 376(2)) - By Police Personnel (Sec.376(2) (a),police_personnel,0,NCRB CII 2022 Table 3A.11 (1701935624TABLE3A11.xlsx)
2022,Puducherry,Rape in Custody (Section 376(2)) - By Police Personnel (Sec.376(2) (a),police_personnel,0,NCRB CII 2022 Table 3A.11 (1701935624TABLE3A11.xlsx)
2022,All India,Rape in Custody (Section 376(2)) - By Police Personnel (Sec.376(2) (a),police_personnel,7,NCRB CII 2022 Table 3A.11 (1701935624TABLE3A11.xlsx)
2022,Andhra Pradesh,Rape in Custody (Section 376(2)) - By Public Servant (Sec.376(2) (b),public_servant,0,NCRB CII 2022 Table 3A.11 (1701935624TABLE3A11.xlsx)
2022,Arunachal Pradesh,Rape in Custody (Section 376(2)) - By Public Servant (Sec.376(2) (b),public_servant,0,NCRB CII 2022 Table 3A.11 (1701935624TABLE3A11.xlsx)
2022,Assam,Rape in Custody (Section 376(2)) - By Public Servant (Sec.376(2) (b),public_servant,0,NCRB CII 2022 Table 3A.11 (1701935624TABLE3A11.xlsx)
2022,Bihar,Rape in Custody (Section 376(2)) - By Public Servant (Sec.376(2) (b),public_servant,0,NCRB CII 2022 Table 3A.11 (1701935624TABLE3A11.xlsx)
2022,Chhattisgarh,Rape in Custody (Section 376(2)) - By Public Servant (Sec.376(2) (b),public_servant,1,NCRB CII 2022 Table 3A.11 (1701935624TABLE3A11.xlsx)
2022,Goa,Rape in Custody (Section 376(2)) - By Public Servant (Sec.376(2) (b),public_servant,0,NCRB CII 2022 Table 3A.11 (1701935624TABLE3A11.xlsx)
2022,Gujarat,Rape in Custody (Section 376(2)) - By Public Servant (Sec.376(2) (b),public_servant,0,NCRB CII 2022 Table 3A.11 (1701935624TABLE3A11.xlsx)
2022,Haryana,Rape in Custody (Section 376(2)) - By Public Servant (Sec.376(2) (b),public_servant,0,NCRB CII 2022 Table 3A.11 (1701935624TABLE3A11.xlsx)
2022,Himachal Pradesh,Rape in Custody (Section 376(2)) - By Public Servant (Sec.376(2) (b),public_servant,0,NCRB CII 2022 Table 3A.11 (1701935624TABLE3A11.xlsx)
2022,Jharkhand,Rape in Custody (Section 376(2)) - By Public Servant (Sec.376(2) (b),public_servant,0,NCRB CII 2022 Table 3A.11 (1701935624TABLE3A11.xlsx)
2022,Karnataka,Rape in Custody (Section 376(2)) - By Public Servant (Sec.376(2) (b),public_servant,0,NCRB CII 2022 Table 3A.11 (1701935624TABLE3A11.xlsx)
2022,Kerala,Rape in Custody (Section 376(2)) - By Public Servant (Sec.376(2) (b),public_servant,0,NCRB CII 2022 Table 3A.11 (1701935624TABLE3A11.xlsx)
2022,Madhya Pradesh,Rape in Custody (Section 376(2)) - By Public Servant (Sec.376(2) (b),public_servant,0,NCRB CII 2022 Table 3A.11 (1701935624TABLE3A11.xlsx)
2022,Maharashtra,Rape in Custody (Section 376(2)) - By Public Servant (Sec.376(2) (b),public_servant,0,NCRB CII 2022 Table 3A.11 (1701935624TABLE3A11.xlsx)
2022,Manipur,Rape in Custody (Section 376(2)) - By Public Servant (Sec.376(2) (b),public_servant,0,NCRB CII 2022 Table 3A.11 (1701935624TABLE3A11.xlsx)
2022,Meghalaya,Rape in Custody (Section 376(2)) - By Public Servant (Sec.376(2) (b),public_servant,0,NCRB CII 2022 Table 3A.11 (1701935624TABLE3A11.xlsx)
2022,Mizoram,Rape in Custody (Section 376(2)) - By Public Servant (Sec.376(2) (b),public_servant,0,NCRB CII 2022 Table 3A.11 (1701935624TABLE3A11.xlsx)
2022,Nagaland,Rape in Custody (Section 376(2)) - By Public Servant (Sec.376(2) (b),public_servant,0,NCRB CII 2022 Table 3A.11 (1701935624TABLE3A11.xlsx)
2022,Odisha,Rape in Custody (Section 376(2)) - By Public Servant (Sec.376(2) (b),public_servant,0,NCRB CII 2022 Table 3A.11 (1701935624TABLE3A11.xlsx)
2022,Punjab,Rape in Custody (Section 376(2)) - By Public Servant (Sec.376(2) (b),public_servant,0,NCRB CII 2022 Table 3A.11 (1701935624TABLE3A11.xlsx)
2022,Rajasthan,Rape in Custody (Section 376(2)) - By Public Servant (Sec.376(2) (b),public_servant,0,NCRB CII 2022 Table 3A.11 (1701935624TABLE3A11.xlsx)
2022,Sikkim,Rape in Custody (Section 376(2)) - By Public Servant (Sec.376(2) (b),public_servant,0,NCRB CII 2022 Table 3A.11 (1701935624TABLE3A11.xlsx)
2022,Tamil Nadu,Rape in Custody (Section 376(2)) - By Public Servant (Sec.376(2) (b),public_servant,0,NCRB CII 2022 Table 3A.11 (1701935624TABLE3A11.xlsx)
2022,Telangana,Rape in Custody (Section 376(2)) - By Public Servant (Sec.376(2) (b),public_servant,0,NCRB CII 2022 Table 3A.11 (1701935624TABLE3A11.xlsx)
2022,Tripura,Rape in Custody (Section 376(2)) - By Public Servant (Sec.376(2) (b),public_servant,0,NCRB CII 2022 Table 3A.11 (1701935624TABLE3A11.xlsx)
2022,Uttar Pradesh,Rape in Custody (Section 376(2)) - By Public Servant (Sec.376(2) (b),public_servant,0,NCRB CII 2022 Table 3A.11 (1701935624TABLE3A11.xlsx)
2022,Uttarakhand,Rape in Custody (Section 376(2)) - By Public Servant (Sec.376(2) (b),public_servant,0,NCRB CII 2022 Table 3A.11 (1701935624TABLE3A11.xlsx)
2022,West Bengal,Rape in Custody (Section 376(2)) - By Public Servant (Sec.376(2) (b),public_servant,0,NCRB CII 2022 Table 3A.11 (1701935624TABLE3A11.xlsx)
2022,Andaman & Nicobar Islands,Rape in Custody (Section 376(2)) - By Public Servant (Sec.376(2) (b),public_servant,0,NCRB CII 2022 Table 3A.11 (1701935624TABLE3A11.xlsx)
2022,Chandigarh,Rape in Custody (Section 376(2)) - By Public Servant (Sec.376(2) (b),public_servant,0,NCRB CII 2022 Table 3A.11 (1701935624TABLE3A11.xlsx)
2022,Dadra & Nagar Haveli and Daman & Diu,Rape in Custody (Section 376(2)) - By Public Servant (Sec.376(2) (b),public_servant,0,NCRB CII 2022 Table 3A.11 (1701935624TABLE3A11.xlsx)
2022,Delhi,Rape in Custody (Section 376(2)) - By Public Servant (Sec.376(2) (b),public_servant,0,NCRB CII 2022 Table 3A.11 (1701935624TABLE3A11.xlsx)
2022,Jammu & Kashmir,Rape in Custody (Section 376(2)) - By Public Servant (Sec.376(2) (b),public_servant,0,NCRB CII 2022 Table 3A.11 (1701935624TABLE3A11.xlsx)
2022,Ladakh,Rape in Custody (Section 376(2)) - By Public Servant (Sec.376(2) (b),public_servant,0,NCRB CII 2022 Table 3A.11 (1701935624TABLE3A11.xlsx)
2022,Lakshadweep,Rape in Custody (Section 376(2)) - By Public Servant (Sec.376(2) (b),public_servant,0,NCRB CII 2022 Table 3A.11 (1701935624TABLE3A11.xlsx)
2022,Puducherry,Rape in Custody (Section 376(2)) - By Public Servant (Sec.376(2) (b),public_servant,0,NCRB CII 2022 Table 3A.11 (1701935624TABLE3A11.xlsx)
2022,All India,Rape in Custody (Section 376(2)) - By Public Servant (Sec.376(2) (b),public_servant,1,NCRB CII 2022 Table 3A.11 (1701935624TABLE3A11.xlsx)
2022,Andhra Pradesh,Rape in Custody (Section 376(2)) - By Member of Armed Forces (Sec.376(2) (c),armed_forces,0,NCRB CII 2022 Table 3A.11 (1701935624TABLE3A11.xlsx)
2022,Arunachal Pradesh,Rape in Custody (Section 376(2)) - By Member of Armed Forces (Sec.376(2) (c),armed_forces,0,NCRB CII 2022 Table 3A.11 (1701935624TABLE3A11.xlsx)
2022,Assam,Rape in Custody (Section 376(2)) - By Member of Armed Forces (Sec.376(2) (c),armed_forces,0,NCRB CII 2022 Table 3A.11 (1701935624TABLE3A11.xlsx)
2022,Bihar,Rape in Custody (Section 376(2)) - By Member of Armed Forces (Sec.376(2) (c),armed_forces,0,NCRB CII 2022 Table 3A.11 (1701935624TABLE3A11.xlsx)
2022,Chhattisgarh,Rape in Custody (Section 376(2)) - By Member of Armed Forces (Sec.376(2) (c),armed_forces,0,NCRB CII 2022 Table 3A.11 (1701935624TABLE3A11.xlsx)
2022,Goa,Rape in Custody (Section 376(2)) - By Member of Armed Forces (Sec.376(2) (c),armed_forces,0,NCRB CII 2022 Table 3A.11 (1701935624TABLE3A11.xlsx)
2022,Gujarat,Rape in Custody (Section 376(2)) - By Member of Armed Forces (Sec.376(2) (c),armed_forces,0,NCRB CII 2022 Table 3A.11 (1701935624TABLE3A11.xlsx)
2022,Haryana,Rape in Custody (Section 376(2)) - By Member of Armed Forces (Sec.376(2) (c),armed_forces,0,NCRB CII 2022 Table 3A.11 (1701935624TABLE3A11.xlsx)
2022,Himachal Pradesh,Rape in Custody (Section 376(2)) - By Member of Armed Forces (Sec.376(2) (c),armed_forces,1,NCRB CII 2022 Table 3A.11 (1701935624TABLE3A11.xlsx)
2022,Jharkhand,Rape in Custody (Section 376(2)) - By Member of Armed Forces (Sec.376(2) (c),armed_forces,0,NCRB CII 2022 Table 3A.11 (1701935624TABLE3A11.xlsx)
2022,Karnataka,Rape in Custody (Section 376(2)) - By Member of Armed Forces (Sec.376(2) (c),armed_forces,0,NCRB CII 2022 Table 3A.11 (1701935624TABLE3A11.xlsx)
2022,Kerala,Rape in Custody (Section 376(2)) - By Member of Armed Forces (Sec.376(2) (c),armed_forces,1,NCRB CII 2022 Table 3A.11 (1701935624TABLE3A11.xlsx)
2022,Madhya Pradesh,Rape in Custody (Section 376(2)) - By Member of Armed Forces (Sec.376(2) (c),armed_forces,1,NCRB CII 2022 Table 3A.11 (1701935624TABLE3A11.xlsx)
2022,Maharashtra,Rape in Custody (Section 376(2)) - By Member of Armed Forces (Sec.376(2) (c),armed_forces,0,NCRB CII 2022 Table 3A.11 (1701935624TABLE3A11.xlsx)
2022,Manipur,Rape in Custody (Section 376(2)) - By Member of Armed Forces (Sec.376(2) (c),armed_forces,0,NCRB CII 2022 Table 3A.11 (1701935624TABLE3A11.xlsx)
2022,Meghalaya,Rape in Custody (Section 376(2)) - By Member of Armed Forces (Sec.376(2) (c),armed_forces,0,NCRB CII 2022 Table 3A.11 (1701935624TABLE3A11.xlsx)
2022,Mizoram,Rape in Custody (Section 376(2)) - By Member of Armed Forces (Sec.376(2) (c),armed_forces,0,NCRB CII 2022 Table 3A.11 (1701935624TABLE3A11.xlsx)
2022,Nagaland,Rape in Custody (Section 376(2)) - By Member of Armed Forces (Sec.376(2) (c),armed_forces,0,NCRB CII 2022 Table 3A.11 (1701935624TABLE3A11.xlsx)
2022,Odisha,Rape in Custody (Section 376(2)) - By Member of Armed Forces (Sec.376(2) (c),armed_forces,0,NCRB CII 2022 Table 3A.11 (1701935624TABLE3A11.xlsx)
2022,Punjab,Rape in Custody (Section 376(2)) - By Member of Armed Forces (Sec.376(2) (c),armed_forces,0,NCRB CII 2022 Table 3A.11 (1701935624TABLE3A11.xlsx)
2022,Rajasthan,Rape in Custody (Section 376(2)) - By Member of Armed Forces (Sec.376(2) (c),armed_forces,0,NCRB CII 2022 Table 3A.11 (1701935624TABLE3A11.xlsx)
2022,Sikkim,Rape in Custody (Section 376(2)) - By Member of Armed Forces (Sec.376(2) (c),armed_forces,0,NCRB CII 2022 Table 3A.11 (1701935624TABLE3A11.xlsx)
2022,Tamil Nadu,Rape in Custody (Section 376(2)) - By Member of Armed Forces (Sec.376(2) (c),armed_forces,0,NCRB CII 2022 Table 3A.11 (1701935624TABLE3A11.xlsx)
2022,Telangana,Rape in Custody (Section 376(2)) - By Member of Armed Forces (Sec.376(2) (c),armed_forces,0,NCRB CII 2022 Table 3A.11 (1701935624TABLE3A11.xlsx)
2022,Tripura,Rape in Custody (Section 376(2)) - By Member of Armed Forces (Sec.376(2) (c),armed_forces,0,NCRB CII 2022 Table 3A.11 (1701935624TABLE3A11.xlsx)
2022,Uttar Pradesh,Rape in Custody (Section 376(2)) - By Member of Armed Forces (Sec.376(2) (c),armed_forces,0,NCRB CII 2022 Table 3A.11 (1701935624TABLE3A11.xlsx)
2022,Uttarakhand,Rape in Custody (Section 376(2)) - By Member of Armed Forces (Sec.376(2) (c),armed_forces,0,NCRB CII 2022 Table 3A.11 (1701935624TABLE3A11.xlsx)
2022,West Bengal,Rape in Custody (Section 376(2)) - By Member of Armed Forces (Sec.376(2) (c),armed_forces,0,NCRB CII 2022 Table 3A.11 (1701935624TABLE3A11.xlsx)
2022,Andaman & Nicobar Islands,Rape in Custody (Section 376(2)) - By Member of Armed Forces (Sec.376(2) (c),armed_forces,0,NCRB CII 2022 Table 3A.11 (1701935624TABLE3A11.xlsx)
2022,Chandigarh,Rape in Custody (Section 376(2)) - By Member of Armed Forces (Sec.376(2) (c),armed_forces,0,NCRB CII 2022 Table 3A.11 (1701935624TABLE3A11.xlsx)
2022,Dadra & Nagar Haveli and Daman & Diu,Rape in Custody (Section 376(2)) - By Member of Armed Forces (Sec.376(2) (c),armed_forces,0,NCRB CII 2022 Table 3A.11 (1701935624TABLE3A11.xlsx)
2022,Delhi,Rape in Custody (Section 376(2)) - By Member of Armed Forces (Sec.376(2) (c),armed_forces,0,NCRB CII 2022 Table 3A.11 (1701935624TABLE3A11.xlsx)
2022,Jammu & Kashmir,Rape in Custody (Section 376(2)) - By Member of Armed Forces (Sec.376(2) (c),armed_forces,0,NCRB CII 2022 Table 3A.11 (1701935624TABLE3A11.xlsx)
2022,Ladakh,Rape in Custody (Section 376(2)) - By Member of Armed Forces (Sec.376(2) (c),armed_forces,0,NCRB CII 2022 Table 3A.11 (1701935624TABLE3A11.xlsx)
2022,Lakshadweep,Rape in Custody (Section 376(2)) - By Member of Armed Forces (Sec.376(2) (c),armed_forces,0,NCRB CII 2022 Table 3A.11 (1701935624TABLE3A11.xlsx)
2022,Puducherry,Rape in Custody (Section 376(2)) - By Member of Armed Forces (Sec.376(2) (c),armed_forces,0,NCRB CII 2022 Table 3A.11 (1701935624TABLE3A11.xlsx)
2022,All India,Rape in Custody (Section 376(2)) - By Member of Armed Forces (Sec.376(2) (c),armed_forces,3,NCRB CII 2022 Table 3A.11 (1701935624TABLE3A11.xlsx)
2022,Andhra Pradesh,Rape in Custody (Section 376(2)) - By Management/Staff of Jail/Remand Home/Place of Custody (Sec.376(2)(d),jail_remand_home_place_of_custody,0,NCRB CII 2022 Table 3A.11 (1701935624TABLE3A11.xlsx)
2022,Arunachal Pradesh,Rape in Custody (Section 376(2)) - By Management/Staff of Jail/Remand Home/Place of Custody (Sec.376(2)(d),jail_remand_home_place_of_custody,0,NCRB CII 2022 Table 3A.11 (1701935624TABLE3A11.xlsx)
2022,Assam,Rape in Custody (Section 376(2)) - By Management/Staff of Jail/Remand Home/Place of Custody (Sec.376(2)(d),jail_remand_home_place_of_custody,0,NCRB CII 2022 Table 3A.11 (1701935624TABLE3A11.xlsx)
2022,Bihar,Rape in Custody (Section 376(2)) - By Management/Staff of Jail/Remand Home/Place of Custody (Sec.376(2)(d),jail_remand_home_place_of_custody,0,NCRB CII 2022 Table 3A.11 (1701935624TABLE3A11.xlsx)
2022,Chhattisgarh,Rape in Custody (Section 376(2)) - By Management/Staff of Jail/Remand Home/Place of Custody (Sec.376(2)(d),jail_remand_home_place_of_custody,1,NCRB CII 2022 Table 3A.11 (1701935624TABLE3A11.xlsx)
2022,Goa,Rape in Custody (Section 376(2)) - By Management/Staff of Jail/Remand Home/Place of Custody (Sec.376(2)(d),jail_remand_home_place_of_custody,0,NCRB CII 2022 Table 3A.11 (1701935624TABLE3A11.xlsx)
2022,Gujarat,Rape in Custody (Section 376(2)) - By Management/Staff of Jail/Remand Home/Place of Custody (Sec.376(2)(d),jail_remand_home_place_of_custody,0,NCRB CII 2022 Table 3A.11 (1701935624TABLE3A11.xlsx)
2022,Haryana,Rape in Custody (Section 376(2)) - By Management/Staff of Jail/Remand Home/Place of Custody (Sec.376(2)(d),jail_remand_home_place_of_custody,0,NCRB CII 2022 Table 3A.11 (1701935624TABLE3A11.xlsx)
2022,Himachal Pradesh,Rape in Custody (Section 376(2)) - By Management/Staff of Jail/Remand Home/Place of Custody (Sec.376(2)(d),jail_remand_home_place_of_custody,0,NCRB CII 2022 Table 3A.11 (1701935624TABLE3A11.xlsx)
2022,Jharkhand,Rape in Custody (Section 376(2)) - By Management/Staff of Jail/Remand Home/Place of Custody (Sec.376(2)(d),jail_remand_home_place_of_custody,0,NCRB CII 2022 Table 3A.11 (1701935624TABLE3A11.xlsx)
2022,Karnataka,Rape in Custody (Section 376(2)) - By Management/Staff of Jail/Remand Home/Place of Custody (Sec.376(2)(d),jail_remand_home_place_of_custody,0,NCRB CII 2022 Table 3A.11 (1701935624TABLE3A11.xlsx)
2022,Kerala,Rape in Custody (Section 376(2)) - By Management/Staff of Jail/Remand Home/Place of Custody (Sec.376(2)(d),jail_remand_home_place_of_custody,0,NCRB CII 2022 Table 3A.11 (1701935624TABLE3A11.xlsx)
2022,Madhya Pradesh,Rape in Custody (Section 376(2)) - By Management/Staff of Jail/Remand Home/Place of Custody (Sec.376(2)(d),jail_remand_home_place_of_custody,3,NCRB CII 2022 Table 3A.11 (1701935624TABLE3A11.xlsx)
2022,Maharashtra,Rape in Custody (Section 376(2)) - By Management/Staff of Jail/Remand Home/Place of Custody (Sec.376(2)(d),jail_remand_home_place_of_custody,0,NCRB CII 2022 Table 3A.11 (1701935624TABLE3A11.xlsx)
2022,Manipur,Rape in Custody (Section 376(2)) - By Management/Staff of Jail/Remand Home/Place of Custody (Sec.376(2)(d),jail_remand_home_place_of_custody,0,NCRB CII 2022 Table 3A.11 (1701935624TABLE3A11.xlsx)
2022,Meghalaya,Rape in Custody (Section 376(2)) - By Management/Staff of Jail/Remand Home/Place of Custody (Sec.376(2)(d),jail_remand_home_place_of_custody,0,NCRB CII 2022 Table 3A.11 (1701935624TABLE3A11.xlsx)
2022,Mizoram,Rape in Custody (Section 376(2)) - By Management/Staff of Jail/Remand Home/Place of Custody (Sec.376(2)(d),jail_remand_home_place_of_custody,0,NCRB CII 2022 Table 3A.11 (1701935624TABLE3A11.xlsx)
2022,Nagaland,Rape in Custody (Section 376(2)) - By Management/Staff of Jail/Remand Home/Place of Custody (Sec.376(2)(d),jail_remand_home_place_of_custody,0,NCRB CII 2022 Table 3A.11 (1701935624TABLE3A11.xlsx)
2022,Odisha,Rape in Custody (Section 376(2)) - By Management/Staff of Jail/Remand Home/Place of Custody (Sec.376(2)(d),jail_remand_home_place_of_custody,0,NCRB CII 2022 Table 3A.11 (1701935624TABLE3A11.xlsx)
2022,Punjab,Rape in Custody (Section 376(2)) - By Management/Staff of Jail/Remand Home/Place of Custody (Sec.376(2)(d),jail_remand_home_place_of_custody,0,NCRB CII 2022 Table 3A.11 (1701935624TABLE3A11.xlsx)
2022,Rajasthan,Rape in Custody (Section 376(2)) - By Management/Staff of Jail/Remand Home/Place of Custody (Sec.376(2)(d),jail_remand_home_place_of_custody,0,NCRB CII 2022 Table 3A.11 (1701935624TABLE3A11.xlsx)
2022,Sikkim,Rape in Custody (Section 376(2)) - By Management/Staff of Jail/Remand Home/Place of Custody (Sec.376(2)(d),jail_remand_home_place_of_custody,0,NCRB CII 2022 Table 3A.11 (1701935624TABLE3A11.xlsx)
2022,Tamil Nadu,Rape in Custody (Section 376(2)) - By Management/Staff of Jail/Remand Home/Place of Custody (Sec.376(2)(d),jail_remand_home_place_of_custody,0,NCRB CII 2022 Table 3A.11 (1701935624TABLE3A11.xlsx)
2022,Telangana,Rape in Custody (Section 376(2)) - By Management/Staff of Jail/Remand Home/Place of Custody (Sec.376(2)(d),jail_remand_home_place_of_custody,0,NCRB CII 2022 Table 3A.11 (1701935624TABLE3A11.xlsx)
2022,Tripura,Rape in Custody (Section 376(2)) - By Management/Staff of Jail/Remand Home/Place of Custody (Sec.376(2)(d),jail_remand_home_place_of_custody,0,NCRB CII 2022 Table 3A.11 (1701935624TABLE3A11.xlsx)
2022,Uttar Pradesh,Rape in Custody (Section 376(2)) - By Management/Staff of Jail/Remand Home/Place of Custody (Sec.376(2)(d),jail_remand_home_place_of_custody,8,NCRB CII 2022 Table 3A.11 (1701935624TABLE3A11.xlsx)
2022,Uttarakhand,Rape in Custody (Section 376(2)) - By Management/Staff of Jail/Remand Home/Place of Custody (Sec.376(2)(d),jail_remand_home_place_of_custody,0,NCRB CII 2022 Table 3A.11 (1701935624TABLE3A11.xlsx)
2022,West Bengal,Rape in Custody (Section 376(2)) - By Management/Staff of Jail/Remand Home/Place of Custody (Sec.376(2)(d),jail_remand_home_place_of_custody,0,NCRB CII 2022 Table 3A.11 (1701935624TABLE3A11.xlsx)
2022,Andaman & Nicobar Islands,Rape in Custody (Section 376(2)) - By Management/Staff of Jail/Remand Home/Place of Custody (Sec.376(2)(d),jail_remand_home_place_of_custody,0,NCRB CII 2022 Table 3A.11 (1701935624TABLE3A11.xlsx)
2022,Chandigarh,Rape in Custody (Section 376(2)) - By Management/Staff of Jail/Remand Home/Place of Custody (Sec.376(2)(d),jail_remand_home_place_of_custody,0,NCRB CII 2022 Table 3A.11 (1701935624TABLE3A11.xlsx)
2022,Dadra & Nagar Haveli and Daman & Diu,Rape in Custody (Section 376(2)) - By Management/Staff of Jail/Remand Home/Place of Custody (Sec.376(2)(d),jail_remand_home_place_of_custody,0,NCRB CII 2022 Table 3A.11 (1701935624TABLE3A11.xlsx)
2022,Delhi,Rape in Custody (Section 376(2)) - By Management/Staff of Jail/Remand Home/Place of Custody (Sec.376(2)(d),jail_remand_home_place_of_custody,0,NCRB CII 2022 Table 3A.11 (1701935624TABLE3A11.xlsx)
2022,Jammu & Kashmir,Rape in Custody (Section 376(2)) - By Management/Staff of Jail/Remand Home/Place of Custody (Sec.376(2)(d),jail_remand_home_place_of_custody,0,NCRB CII 2022 Table 3A.11 (1701935624TABLE3A11.xlsx)
2022,Ladakh,Rape in Custody (Section 376(2)) - By Management/Staff of Jail/Remand Home/Place of Custody (Sec.376(2)(d),jail_remand_home_place_of_custody,0,NCRB CII 2022 Table 3A.11 (1701935624TABLE3A11.xlsx)
2022,Lakshadweep,Rape in Custody (Section 376(2)) - By Management/Staff of Jail/Remand Home/Place of Custody (Sec.376(2)(d),jail_remand_home_place_of_custody,0,NCRB CII 2022 Table 3A.11 (1701935624TABLE3A11.xlsx)
2022,Puducherry,Rape in Custody (Section 376(2)) - By Management/Staff of Jail/Remand Home/Place of Custody (Sec.376(2)(d),jail_remand_home_place_of_custody,0,NCRB CII 2022 Table 3A.11 (1701935624TABLE3A11.xlsx)
2022,All India,Rape in Custody (Section 376(2)) - By Management/Staff of Jail/Remand Home/Place of Custody (Sec.376(2)(d),jail_remand_home_place_of_custody,12,NCRB CII 2022 Table 3A.11 (1701935624TABLE3A11.xlsx)
2022,Andhra Pradesh,Rape in Custody (Section 376(2)) - By Management/ Staff of Hospital (Sec.376(2)e),hospital,0,NCRB CII 2022 Table 3A.11 (1701935624TABLE3A11.xlsx)
2022,Arunachal Pradesh,Rape in Custody (Section 376(2)) - By Management/ Staff of Hospital (Sec.376(2)e),hospital,0,NCRB CII 2022 Table 3A.11 (1701935624TABLE3A11.xlsx)
2022,Assam,Rape in Custody (Section 376(2)) - By Management/ Staff of Hospital (Sec.376(2)e),hospital,0,NCRB CII 2022 Table 3A.11 (1701935624TABLE3A11.xlsx)
2022,Bihar,Rape in Custody (Section 376(2)) - By Management/ Staff of Hospital (Sec.376(2)e),hospital,0,NCRB CII 2022 Table 3A.11 (1701935624TABLE3A11.xlsx)
2022,Chhattisgarh,Rape in Custody (Section 376(2)) - By Management/ Staff of Hospital (Sec.376(2)e),hospital,0,NCRB CII 2022 Table 3A.11 (1701935624TABLE3A11.xlsx)
2022,Goa,Rape in Custody (Section 376(2)) - By Management/ Staff of Hospital (Sec.376(2)e),hospital,0,NCRB CII 2022 Table 3A.11 (1701935624TABLE3A11.xlsx)
2022,Gujarat,Rape in Custody (Section 376(2)) - By Management/ Staff of Hospital (Sec.376(2)e),hospital,0,NCRB CII 2022 Table 3A.11 (1701935624TABLE3A11.xlsx)
2022,Haryana,Rape in Custody (Section 376(2)) - By Management/ Staff of Hospital (Sec.376(2)e),hospital,0,NCRB CII 2022 Table 3A.11 (1701935624TABLE3A11.xlsx)
2022,Himachal Pradesh,Rape in Custody (Section 376(2)) - By Management/ Staff of Hospital (Sec.376(2)e),hospital,0,NCRB CII 2022 Table 3A.11 (1701935624TABLE3A11.xlsx)
2022,Jharkhand,Rape in Custody (Section 376(2)) - By Management/ Staff of Hospital (Sec.376(2)e),hospital,0,NCRB CII 2022 Table 3A.11 (1701935624TABLE3A11.xlsx)
2022,Karnataka,Rape in Custody (Section 376(2)) - By Management/ Staff of Hospital (Sec.376(2)e),hospital,1,NCRB CII 2022 Table 3A.11 (1701935624TABLE3A11.xlsx)
2022,Kerala,Rape in Custody (Section 376(2)) - By Management/ Staff of Hospital (Sec.376(2)e),hospital,0,NCRB CII 2022 Table 3A.11 (1701935624TABLE3A11.xlsx)
2022,Madhya Pradesh,Rape in Custody (Section 376(2)) - By Management/ Staff of Hospital (Sec.376(2)e),hospital,0,NCRB CII 2022 Table 3A.11 (1701935624TABLE3A11.xlsx)
2022,Maharashtra,Rape in Custody (Section 376(2)) - By Management/ Staff of Hospital (Sec.376(2)e),hospital,0,NCRB CII 2022 Table 3A.11 (1701935624TABLE3A11.xlsx)
2022,Manipur,Rape in Custody (Section 376(2)) - By Management/ Staff of Hospital (Sec.376(2)e),hospital,0,NCRB CII 2022 Table 3A.11 (1701935624TABLE3A11.xlsx)
2022,Meghalaya,Rape in Custody (Section 376(2)) - By Management/ Staff of Hospital (Sec.376(2)e),hospital,0,NCRB CII 2022 Table 3A.11 (1701935624TABLE3A11.xlsx)
2022,Mizoram,Rape in Custody (Section 376(2)) - By Management/ Staff of Hospital (Sec.376(2)e),hospital,0,NCRB CII 2022 Table 3A.11 (1701935624TABLE3A11.xlsx)
2022,Nagaland,Rape in Custody (Section 376(2)) - By Management/ Staff of Hospital (Sec.376(2)e),hospital,0,NCRB CII 2022 Table 3A.11 (1701935624TABLE3A11.xlsx)
2022,Odisha,Rape in Custody (Section 376(2)) - By Management/ Staff of Hospital (Sec.376(2)e),hospital,0,NCRB CII 2022 Table 3A.11 (1701935624TABLE3A11.xlsx)
2022,Punjab,Rape in Custody (Section 376(2)) - By Management/ Staff of Hospital (Sec.376(2)e),hospital,0,NCRB CII 2022 Table 3A.11 (1701935624TABLE3A11.xlsx)
2022,Rajasthan,Rape in Custody (Section 376(2)) - By Management/ Staff of Hospital (Sec.376(2)e),hospital,0,NCRB CII 2022 Table 3A.11 (1701935624TABLE3A11.xlsx)
2022,Sikkim,Rape in Custody (Section 376(2)) - By Management/ Staff of Hospital (Sec.376(2)e),hospital,0,NCRB CII 2022 Table 3A.11 (1701935624TABLE3A11.xlsx)
2022,Tamil Nadu,Rape in Custody (Section 376(2)) - By Management/ Staff of Hospital (Sec.376(2)e),hospital,0,NCRB CII 2022 Table 3A.11 (1701935624TABLE3A11.xlsx)
2022,Telangana,Rape in Custody (Section 376(2)) - By Management/ Staff of Hospital (Sec.376(2)e),hospital,0,NCRB CII 2022 Table 3A.11 (1701935624TABLE3A11.xlsx)
2022,Tripura,Rape in Custody (Section 376(2)) - By Management/ Staff of Hospital (Sec.376(2)e),hospital,0,NCRB CII 2022 Table 3A.11 (1701935624TABLE3A11.xlsx)
2022,Uttar Pradesh,Rape in Custody (Section 376(2)) - By Management/ Staff of Hospital (Sec.376(2)e),hospital,0,NCRB CII 2022 Table 3A.11 (1701935624TABLE3A11.xlsx)
2022,Uttarakhand,Rape in Custody (Section 376(2)) - By Management/ Staff of Hospital (Sec.376(2)e),hospital,0,NCRB CII 2022 Table 3A.11 (1701935624TABLE3A11.xlsx)
2022,West Bengal,Rape in Custody (Section 376(2)) - By Management/ Staff of Hospital (Sec.376(2)e),hospital,0,NCRB CII 2022 Table 3A.11 (1701935624TABLE3A11.xlsx)
2022,Andaman & Nicobar Islands,Rape in Custody (Section 376(2)) - By Management/ Staff of Hospital (Sec.376(2)e),hospital,0,NCRB CII 2022 Table 3A.11 (1701935624TABLE3A11.xlsx)
2022,Chandigarh,Rape in Custody (Section 376(2)) - By Management/ Staff of Hospital (Sec.376(2)e),hospital,0,NCRB CII 2022 Table 3A.11 (1701935624TABLE3A11.xlsx)
2022,Dadra & Nagar Haveli and Daman & Diu,Rape in Custody (Section 376(2)) - By Management/ Staff of Hospital (Sec.376(2)e),hospital,0,NCRB CII 2022 Table 3A.11 (1701935624TABLE3A11.xlsx)
2022,Delhi,Rape in Custody (Section 376(2)) - By Management/ Staff of Hospital (Sec.376(2)e),hospital,0,NCRB CII 2022 Table 3A.11 (1701935624TABLE3A11.xlsx)
2022,Jammu & Kashmir,Rape in Custody (Section 376(2)) - By Management/ Staff of Hospital (Sec.376(2)e),hospital,0,NCRB CII 2022 Table 3A.11 (1701935624TABLE3A11.xlsx)
2022,Ladakh,Rape in Custody (Section 376(2)) - By Management/ Staff of Hospital (Sec.376(2)e),hospital,0,NCRB CII 2022 Table 3A.11 (1701935624TABLE3A11.xlsx)
2022,Lakshadweep,Rape in Custody (Section 376(2)) - By Management/ Staff of Hospital (Sec.376(2)e),hospital,0,NCRB CII 2022 Table 3A.11 (1701935624TABLE3A11.xlsx)
2022,Puducherry,Rape in Custody (Section 376(2)) - By Management/ Staff of Hospital (Sec.376(2)e),hospital,0,NCRB CII 2022 Table 3A.11 (1701935624TABLE3A11.xlsx)
2022,All India,Rape in Custody (Section 376(2)) - By Management/ Staff of Hospital (Sec.376(2)e),hospital,1,NCRB CII 2022 Table 3A.11 (1701935624TABLE3A11.xlsx)
2022,Andhra Pradesh,Other Than Custodial Rape (Section 376(2)) - Rape Other than Custodial (Total),,169,NCRB CII 2022 Table 3A.11 (1701935624TABLE3A11.xlsx)
2022,Arunachal Pradesh,Other Than Custodial Rape (Section 376(2)) - Rape Other than Custodial (Total),,16,NCRB CII 2022 Table 3A.11 (1701935624TABLE3A11.xlsx)
2022,Assam,Other Than Custodial Rape (Section 376(2)) - Rape Other than Custodial (Total),,56,NCRB CII 2022 Table 3A.11 (1701935624TABLE3A11.xlsx)
2022,Bihar,Other Than Custodial Rape (Section 376(2)) - Rape Other than Custodial (Total),,12,NCRB CII 2022 Table 3A.11 (1701935624TABLE3A11.xlsx)
2022,Chhattisgarh,Other Than Custodial Rape (Section 376(2)) - Rape Other than Custodial (Total),,614,NCRB CII 2022 Table 3A.11 (1701935624TABLE3A11.xlsx)
2022,Goa,Other Than Custodial Rape (Section 376(2)) - Rape Other than Custodial (Total),,6,NCRB CII 2022 Table 3A.11 (1701935624TABLE3A11.xlsx)
2022,Gujarat,Other Than Custodial Rape (Section 376(2)) - Rape Other than Custodial (Total),,255,NCRB CII 2022 Table 3A.11 (1701935624TABLE3A11.xlsx)
2022,Haryana,Other Than Custodial Rape (Section 376(2)) - Rape Other than Custodial (Total),,933,NCRB CII 2022 Table 3A.11 (1701935624TABLE3A11.xlsx)
2022,Himachal Pradesh,Other Than Custodial Rape (Section 376(2)) - Rape Other than Custodial (Total),,85,NCRB CII 2022 Table 3A.11 (1701935624TABLE3A11.xlsx)
2022,Jharkhand,Other Than Custodial Rape (Section 376(2)) - Rape Other than Custodial (Total),,193,NCRB CII 2022 Table 3A.11 (1701935624TABLE3A11.xlsx)
2022,Karnataka,Other Than Custodial Rape (Section 376(2)) - Rape Other than Custodial (Total),,135,NCRB CII 2022 Table 3A.11 (1701935624TABLE3A11.xlsx)
2022,Kerala,Other Than Custodial Rape (Section 376(2)) - Rape Other than Custodial (Total),,410,NCRB CII 2022 Table 3A.11 (1701935624TABLE3A11.xlsx)
2022,Madhya Pradesh,Other Than Custodial Rape (Section 376(2)) - Rape Other than Custodial (Total),,1727,NCRB CII 2022 Table 3A.11 (1701935624TABLE3A11.xlsx)
2022,Maharashtra,Other Than Custodial Rape (Section 376(2)) - Rape Other than Custodial (Total),,1301,NCRB CII 2022 Table 3A.11 (1701935624TABLE3A11.xlsx)
2022,Manipur,Other Than Custodial Rape (Section 376(2)) - Rape Other than Custodial (Total),,12,NCRB CII 2022 Table 3A.11 (1701935624TABLE3A11.xlsx)
2022,Meghalaya,Other Than Custodial Rape (Section 376(2)) - Rape Other than Custodial (Total),,5,NCRB CII 2022 Table 3A.11 (1701935624TABLE3A11.xlsx)
2022,Mizoram,Other Than Custodial Rape (Section 376(2)) - Rape Other than Custodial (Total),,3,NCRB CII 2022 Table 3A.11 (1701935624TABLE3A11.xlsx)
2022,Nagaland,Other Than Custodial Rape (Section 376(2)) - Rape Other than Custodial (Total),,1,NCRB CII 2022 Table 3A.11 (1701935624TABLE3A11.xlsx)
2022,Odisha,Other Than Custodial Rape (Section 376(2)) - Rape Other than Custodial (Total),,149,NCRB CII 2022 Table 3A.11 (1701935624TABLE3A11.xlsx)
2022,Punjab,Other Than Custodial Rape (Section 376(2)) - Rape Other than Custodial (Total),,5,NCRB CII 2022 Table 3A.11 (1701935624TABLE3A11.xlsx)
2022,Rajasthan,Other Than Custodial Rape (Section 376(2)) - Rape Other than Custodial (Total),,1163,NCRB CII 2022 Table 3A.11 (1701935624TABLE3A11.xlsx)
2022,Sikkim,Other Than Custodial Rape (Section 376(2)) - Rape Other than Custodial (Total),,2,NCRB CII 2022 Table 3A.11 (1701935624TABLE3A11.xlsx)
2022,Tamil Nadu,Other Than Custodial Rape (Section 376(2)) - Rape Other than Custodial (Total),,38,NCRB CII 2022 Table 3A.11 (1701935624TABLE3A11.xlsx)
2022,Telangana,Other Than Custodial Rape (Section 376(2)) - Rape Other than Custodial (Total),,277,NCRB CII 2022 Table 3A.11 (1701935624TABLE3A11.xlsx)
2022,Tripura,Other Than Custodial Rape (Section 376(2)) - Rape Other than Custodial (Total),,8,NCRB CII 2022 Table 3A.11 (1701935624TABLE3A11.xlsx)
2022,Uttar Pradesh,Other Than Custodial Rape (Section 376(2)) - Rape Other than Custodial (Total),,199,NCRB CII 2022 Table 3A.11 (1701935624TABLE3A11.xlsx)
2022,Uttarakhand,Other Than Custodial Rape (Section 376(2)) - Rape Other than Custodial (Total),,54,NCRB CII 2022 Table 3A.11 (1701935624TABLE3A11.xlsx)
2022,West Bengal,Other Than Custodial Rape (Section 376(2)) - Rape Other than Custodial (Total),,153,NCRB CII 2022 Table 3A.11 (1701935624TABLE3A11.xlsx)
2022,Andaman & Nicobar Islands,Other Than Custodial Rape (Section 376(2)) - Rape Other than Custodial (Total),,4,NCRB CII 2022 Table 3A.11 (1701935624TABLE3A11.xlsx)
2022,Chandigarh,Other Than Custodial Rape (Section 376(2)) - Rape Other than Custodial (Total),,28,NCRB CII 2022 Table 3A.11 (1701935624TABLE3A11.xlsx)
2022,Dadra & Nagar Haveli and Daman & Diu,Other Than Custodial Rape (Section 376(2)) - Rape Other than Custodial (Total),,0,NCRB CII 2022 Table 3A.11 (1701935624TABLE3A11.xlsx)
2022,Delhi,Other Than Custodial Rape (Section 376(2)) - Rape Other than Custodial (Total),,71,NCRB CII 2022 Table 3A.11 (1701935624TABLE3A11.xlsx)
2022,Jammu & Kashmir,Other Than Custodial Rape (Section 376(2)) - Rape Other than Custodial (Total),,59,NCRB CII 2022 Table 3A.11 (1701935624TABLE3A11.xlsx)
2022,Ladakh,Other Than Custodial Rape (Section 376(2)) - Rape Other than Custodial (Total),,1,NCRB CII 2022 Table 3A.11 (1701935624TABLE3A11.xlsx)
2022,Lakshadweep,Other Than Custodial Rape (Section 376(2)) - Rape Other than Custodial (Total),,0,NCRB CII 2022 Table 3A.11 (1701935624TABLE3A11.xlsx)
2022,Puducherry,Other Than Custodial Rape (Section 376(2)) - Rape Other than Custodial (Total),,3,NCRB CII 2022 Table 3A.11 (1701935624TABLE3A11.xlsx)
2022,All India,Other Than Custodial Rape (Section 376(2)) - Rape Other than Custodial (Total),,8147,NCRB CII 2022 Table 3A.11 (1701935624TABLE3A11.xlsx)
2022,Andhra Pradesh,Other Than Custodial Rape (Section 376(2)) - By Relative/ Guardian / Teacher/ Person in position of trust (Sec.376(2) (f),,14,NCRB CII 2022 Table 3A.11 (1701935624TABLE3A11.xlsx)
2022,Arunachal Pradesh,Other Than Custodial Rape (Section 376(2)) - By Relative/ Guardian / Teacher/ Person in position of trust (Sec.376(2) (f),,3,NCRB CII 2022 Table 3A.11 (1701935624TABLE3A11.xlsx)
2022,Assam,Other Than Custodial Rape (Section 376(2)) - By Relative/ Guardian / Teacher/ Person in position of trust (Sec.376(2) (f),,7,NCRB CII 2022 Table 3A.11 (1701935624TABLE3A11.xlsx)
2022,Bihar,Other Than Custodial Rape (Section 376(2)) - By Relative/ Guardian / Teacher/ Person in position of trust (Sec.376(2) (f),,12,NCRB CII 2022 Table 3A.11 (1701935624TABLE3A11.xlsx)
2022,Chhattisgarh,Other Than Custodial Rape (Section 376(2)) - By Relative/ Guardian / Teacher/ Person in position of trust (Sec.376(2) (f),,368,NCRB CII 2022 Table 3A.11 (1701935624TABLE3A11.xlsx)
2022,Goa,Other Than Custodial Rape (Section 376(2)) - By Relative/ Guardian / Teacher/ Person in position of trust (Sec.376(2) (f),,2,NCRB CII 2022 Table 3A.11 (1701935624TABLE3A11.xlsx)
2022,Gujarat,Other Than Custodial Rape (Section 376(2)) - By Relative/ Guardian / Teacher/ Person in position of trust (Sec.376(2) (f),,16,NCRB CII 2022 Table 3A.11 (1701935624TABLE3A11.xlsx)
2022,Haryana,Other Than Custodial Rape (Section 376(2)) - By Relative/ Guardian / Teacher/ Person in position of trust (Sec.376(2) (f),,10,NCRB CII 2022 Table 3A.11 (1701935624TABLE3A11.xlsx)
2022,Himachal Pradesh,Other Than Custodial Rape (Section 376(2)) - By Relative/ Guardian / Teacher/ Person in position of trust (Sec.376(2) (f),,36,NCRB CII 2022 Table 3A.11 (1701935624TABLE3A11.xlsx)
2022,Jharkhand,Other Than Custodial Rape (Section 376(2)) - By Relative/ Guardian / Teacher/ Person in position of trust (Sec.376(2) (f),,88,NCRB CII 2022 Table 3A.11 (1701935624TABLE3A11.xlsx)
2022,Karnataka,Other Than Custodial Rape (Section 376(2)) - By Relative/ Guardian / Teacher/ Person in position of trust (Sec.376(2) (f),,20,NCRB CII 2022 Table 3A.11 (1701935624TABLE3A11.xlsx)
2022,Kerala,Other Than Custodial Rape (Section 376(2)) - By Relative/ Guardian / Teacher/ Person in position of trust (Sec.376(2) (f),,56,NCRB CII 2022 Table 3A.11 (1701935624TABLE3A11.xlsx)
2022,Madhya Pradesh,Other Than Custodial Rape (Section 376(2)) - By Relative/ Guardian / Teacher/ Person in position of trust (Sec.376(2) (f),,238,NCRB CII 2022 Table 3A.11 (1701935624TABLE3A11.xlsx)
2022,Maharashtra,Other Than Custodial Rape (Section 376(2)) - By Relative/ Guardian / Teacher/ Person in position of trust (Sec.376(2) (f),,42,NCRB CII 2022 Table 3A.11 (1701935624TABLE3A11.xlsx)
2022,Manipur,Other Than Custodial Rape (Section 376(2)) - By Relative/ Guardian / Teacher/ Person in position of trust (Sec.376(2) (f),,9,NCRB CII 2022 Table 3A.11 (1701935624TABLE3A11.xlsx)
2022,Meghalaya,Other Than Custodial Rape (Section 376(2)) - By Relative/ Guardian / Teacher/ Person in position of trust (Sec.376(2) (f),,1,NCRB CII 2022 Table 3A.11 (1701935624TABLE3A11.xlsx)
2022,Mizoram,Other Than Custodial Rape (Section 376(2)) - By Relative/ Guardian / Teacher/ Person in position of trust (Sec.376(2) (f),,1,NCRB CII 2022 Table 3A.11 (1701935624TABLE3A11.xlsx)
2022,Nagaland,Other Than Custodial Rape (Section 376(2)) - By Relative/ Guardian / Teacher/ Person in position of trust (Sec.376(2) (f),,1,NCRB CII 2022 Table 3A.11 (1701935624TABLE3A11.xlsx)
2022,Odisha,Other Than Custodial Rape (Section 376(2)) - By Relative/ Guardian / Teacher/ Person in position of trust (Sec.376(2) (f),,143,NCRB CII 2022 Table 3A.11 (1701935624TABLE3A11.xlsx)
2022,Punjab,Other Than Custodial Rape (Section 376(2)) - By Relative/ Guardian / Teacher/ Person in position of trust (Sec.376(2) (f),,0,NCRB CII 2022 Table 3A.11 (1701935624TABLE3A11.xlsx)
2022,Rajasthan,Other Than Custodial Rape (Section 376(2)) - By Relative/ Guardian / Teacher/ Person in position of trust (Sec.376(2) (f),,393,NCRB CII 2022 Table 3A.11 (1701935624TABLE3A11.xlsx)
2022,Sikkim,Other Than Custodial Rape (Section 376(2)) - By Relative/ Guardian / Teacher/ Person in position of trust (Sec.376(2) (f),,1,NCRB CII 2022 Table 3A.11 (1701935624TABLE3A11.xlsx)
2022,Tamil Nadu,Other Than Custodial Rape (Section 376(2)) - By Relative/ Guardian / Teacher/ Person in position of trust (Sec.376(2) (f),,8,NCRB CII 2022 Table 3A.11 (1701935624TABLE3A11.xlsx)
2022,Telangana,Other Than Custodial Rape (Section 376(2)) - By Relative/ Guardian / Teacher/ Person in position of trust (Sec.376(2) (f),,3,NCRB CII 2022 Table 3A.11 (1701935624TABLE3A11.xlsx)
2022,Tripura,Other Than Custodial Rape (Section 376(2)) - By Relative/ Guardian / Teacher/ Person in position of trust (Sec.376(2) (f),,0,NCRB CII 2022 Table 3A.11 (1701935624TABLE3A11.xlsx)
2022,Uttar Pradesh,Other Than Custodial Rape (Section 376(2)) - By Relative/ Guardian / Teacher/ Person in position of trust (Sec.376(2) (f),,17,NCRB CII 2022 Table 3A.11 (1701935624TABLE3A11.xlsx)
2022,Uttarakhand,Other Than Custodial Rape (Section 376(2)) - By Relative/ Guardian / Teacher/ Person in position of trust (Sec.376(2) (f),,43,NCRB CII 2022 Table 3A.11 (1701935624TABLE3A11.xlsx)
2022,West Bengal,Other Than Custodial Rape (Section 376(2)) - By Relative/ Guardian / Teacher/ Person in position of trust (Sec.376(2) (f),,0,NCRB CII 2022 Table 3A.11 (1701935624TABLE3A11.xlsx)
2022,Andaman & Nicobar Islands,Other Than Custodial Rape (Section 376(2)) - By Relative/ Guardian / Teacher/ Person in position of trust (Sec.376(2) (f),,0,NCRB CII 2022 Table 3A.11 (1701935624TABLE3A11.xlsx)
2022,Chandigarh,Other Than Custodial Rape (Section 376(2)) - By Relative/ Guardian / Teacher/ Person in position of trust (Sec.376(2) (f),,0,NCRB CII 2022 Table 3A.11 (1701935624TABLE3A11.xlsx)
2022,Dadra & Nagar Haveli and Daman & Diu,Other Than Custodial Rape (Section 376(2)) - By Relative/ Guardian / Teacher/ Person in position of trust (Sec.376(2) (f),,0,NCRB CII 2022 Table 3A.11 (1701935624TABLE3A11.xlsx)
2022,Delhi,Other Than Custodial Rape (Section 376(2)) - By Relative/ Guardian / Teacher/ Person in position of trust (Sec.376(2) (f),,16,NCRB CII 2022 Table 3A.11 (1701935624TABLE3A11.xlsx)
2022,Jammu & Kashmir,Other Than Custodial Rape (Section 376(2)) - By Relative/ Guardian / Teacher/ Person in position of trust (Sec.376(2) (f),,50,NCRB CII 2022 Table 3A.11 (1701935624TABLE3A11.xlsx)
2022,Ladakh,Other Than Custodial Rape (Section 376(2)) - By Relative/ Guardian / Teacher/ Person in position of trust (Sec.376(2) (f),,0,NCRB CII 2022 Table 3A.11 (1701935624TABLE3A11.xlsx)
2022,Lakshadweep,Other Than Custodial Rape (Section 376(2)) - By Relative/ Guardian / Teacher/ Person in position of trust (Sec.376(2) (f),,0,NCRB CII 2022 Table 3A.11 (1701935624TABLE3A11.xlsx)
2022,Puducherry,Other Than Custodial Rape (Section 376(2)) - By Relative/ Guardian / Teacher/ Person in position of trust (Sec.376(2) (f),,0,NCRB CII 2022 Table 3A.11 (1701935624TABLE3A11.xlsx)
2022,All India,Other Than Custodial Rape (Section 376(2)) - By Relative/ Guardian / Teacher/ Person in position of trust (Sec.376(2) (f),,1598,NCRB CII 2022 Table 3A.11 (1701935624TABLE3A11.xlsx)
2022,Andhra Pradesh,Other Than Custodial Rape (Section 376(2)) - On Pregnant Women (Sec.376(2)(h),,2,NCRB CII 2022 Table 3A.11 (1701935624TABLE3A11.xlsx)
2022,Arunachal Pradesh,Other Than Custodial Rape (Section 376(2)) - On Pregnant Women (Sec.376(2)(h),,0,NCRB CII 2022 Table 3A.11 (1701935624TABLE3A11.xlsx)
2022,Assam,Other Than Custodial Rape (Section 376(2)) - On Pregnant Women (Sec.376(2)(h),,0,NCRB CII 2022 Table 3A.11 (1701935624TABLE3A11.xlsx)
2022,Bihar,Other Than Custodial Rape (Section 376(2)) - On Pregnant Women (Sec.376(2)(h),,0,NCRB CII 2022 Table 3A.11 (1701935624TABLE3A11.xlsx)
2022,Chhattisgarh,Other Than Custodial Rape (Section 376(2)) - On Pregnant Women (Sec.376(2)(h),,0,NCRB CII 2022 Table 3A.11 (1701935624TABLE3A11.xlsx)
2022,Goa,Other Than Custodial Rape (Section 376(2)) - On Pregnant Women (Sec.376(2)(h),,0,NCRB CII 2022 Table 3A.11 (1701935624TABLE3A11.xlsx)
2022,Gujarat,Other Than Custodial Rape (Section 376(2)) - On Pregnant Women (Sec.376(2)(h),,1,NCRB CII 2022 Table 3A.11 (1701935624TABLE3A11.xlsx)
2022,Haryana,Other Than Custodial Rape (Section 376(2)) - On Pregnant Women (Sec.376(2)(h),,0,NCRB CII 2022 Table 3A.11 (1701935624TABLE3A11.xlsx)
2022,Himachal Pradesh,Other Than Custodial Rape (Section 376(2)) - On Pregnant Women (Sec.376(2)(h),,0,NCRB CII 2022 Table 3A.11 (1701935624TABLE3A11.xlsx)
2022,Jharkhand,Other Than Custodial Rape (Section 376(2)) - On Pregnant Women (Sec.376(2)(h),,0,NCRB CII 2022 Table 3A.11 (1701935624TABLE3A11.xlsx)
2022,Karnataka,Other Than Custodial Rape (Section 376(2)) - On Pregnant Women (Sec.376(2)(h),,0,NCRB CII 2022 Table 3A.11 (1701935624TABLE3A11.xlsx)
2022,Kerala,Other Than Custodial Rape (Section 376(2)) - On Pregnant Women (Sec.376(2)(h),,2,NCRB CII 2022 Table 3A.11 (1701935624TABLE3A11.xlsx)
2022,Madhya Pradesh,Other Than Custodial Rape (Section 376(2)) - On Pregnant Women (Sec.376(2)(h),,24,NCRB CII 2022 Table 3A.11 (1701935624TABLE3A11.xlsx)
2022,Maharashtra,Other Than Custodial Rape (Section 376(2)) - On Pregnant Women (Sec.376(2)(h),,4,NCRB CII 2022 Table 3A.11 (1701935624TABLE3A11.xlsx)
2022,Manipur,Other Than Custodial Rape (Section 376(2)) - On Pregnant Women (Sec.376(2)(h),,0,NCRB CII 2022 Table 3A.11 (1701935624TABLE3A11.xlsx)
2022,Meghalaya,Other Than Custodial Rape (Section 376(2)) - On Pregnant Women (Sec.376(2)(h),,0,NCRB CII 2022 Table 3A.11 (1701935624TABLE3A11.xlsx)
2022,Mizoram,Other Than Custodial Rape (Section 376(2)) - On Pregnant Women (Sec.376(2)(h),,0,NCRB CII 2022 Table 3A.11 (1701935624TABLE3A11.xlsx)
2022,Nagaland,Other Than Custodial Rape (Section 376(2)) - On Pregnant Women (Sec.376(2)(h),,0,NCRB CII 2022 Table 3A.11 (1701935624TABLE3A11.xlsx)
2022,Odisha,Other Than Custodial Rape (Section 376(2)) - On Pregnant Women (Sec.376(2)(h),,0,NCRB CII 2022 Table 3A.11 (1701935624TABLE3A11.xlsx)
2022,Punjab,Other Than Custodial Rape (Section 376(2)) - On Pregnant Women (Sec.376(2)(h),,0,NCRB CII 2022 Table 3A.11 (1701935624TABLE3A11.xlsx)
2022,Rajasthan,Other Than Custodial Rape (Section 376(2)) - On Pregnant Women (Sec.376(2)(h),,1,NCRB CII 2022 Table 3A.11 (1701935624TABLE3A11.xlsx)
2022,Sikkim,Other Than Custodial Rape (Section 376(2)) - On Pregnant Women (Sec.376(2)(h),,0,NCRB CII 2022 Table 3A.11 (1701935624TABLE3A11.xlsx)
2022,Tamil Nadu,Other Than Custodial Rape (Section 376(2)) - On Pregnant Women (Sec.376(2)(h),,0,NCRB CII 2022 Table 3A.11 (1701935624TABLE3A11.xlsx)
2022,Telangana,Other Than Custodial Rape (Section 376(2)) - On Pregnant Women (Sec.376(2)(h),,0,NCRB CII 2022 Table 3A.11 (1701935624TABLE3A11.xlsx)
2022,Tripura,Other Than Custodial Rape (Section 376(2)) - On Pregnant Women (Sec.376(2)(h),,0,NCRB CII 2022 Table 3A.11 (1701935624TABLE3A11.xlsx)
2022,Uttar Pradesh,Other Than Custodial Rape (Section 376(2)) - On Pregnant Women (Sec.376(2)(h),,0,NCRB CII 2022 Table 3A.11 (1701935624TABLE3A11.xlsx)
2022,Uttarakhand,Other Than Custodial Rape (Section 376(2)) - On Pregnant Women (Sec.376(2)(h),,0,NCRB CII 2022 Table 3A.11 (1701935624TABLE3A11.xlsx)
2022,West Bengal,Other Than Custodial Rape (Section 376(2)) - On Pregnant Women (Sec.376(2)(h),,0,NCRB CII 2022 Table 3A.11 (1701935624TABLE3A11.xlsx)
2022,Andaman & Nicobar Islands,Other Than Custodial Rape (Section 376(2)) - On Pregnant Women (Sec.376(2)(h),,0,NCRB CII 2022 Table 3A.11 (1701935624TABLE3A11.xlsx)
2022,Chandigarh,Other Than Custodial Rape (Section 376(2)) - On Pregnant Women (Sec.376(2)(h),,0,NCRB CII 2022 Table 3A.11 (1701935624TABLE3A11.xlsx)
2022,Dadra & Nagar Haveli and Daman & Diu,Other Than Custodial Rape (Section 376(2)) - On Pregnant Women (Sec.376(2)(h),,0,NCRB CII 2022 Table 3A.11 (1701935624TABLE3A11.xlsx)
2022,Delhi,Other Than Custodial Rape (Section 376(2)) - On Pregnant Women (Sec.376(2)(h),,0,NCRB CII 2022 Table 3A.11 (1701935624TABLE3A11.xlsx)
2022,Jammu & Kashmir,Other Than Custodial Rape (Section 376(2)) - On Pregnant Women (Sec.376(2)(h),,0,NCRB CII 2022 Table 3A.11 (1701935624TABLE3A11.xlsx)
2022,Ladakh,Other Than Custodial Rape (Section 376(2)) - On Pregnant Women (Sec.376(2)(h),,0,NCRB CII 2022 Table 3A.11 (1701935624TABLE3A11.xlsx)
2022,Lakshadweep,Other Than Custodial Rape (Section 376(2)) - On Pregnant Women (Sec.376(2)(h),,0,NCRB CII 2022 Table 3A.11 (1701935624TABLE3A11.xlsx)
2022,Puducherry,Other Than Custodial Rape (Section 376(2)) - On Pregnant Women (Sec.376(2)(h),,0,NCRB CII 2022 Table 3A.11 (1701935624TABLE3A11.xlsx)
2022,All India,Other Than Custodial Rape (Section 376(2)) - On Pregnant Women (Sec.376(2)(h),,34,NCRB CII 2022 Table 3A.11 (1701935624TABLE3A11.xlsx)
2022,Andhra Pradesh,Other Than Custodial Rape (Section 376(2)) - On Women Below 16 years of age (Sec.376(2) (i),,0,NCRB CII 2022 Table 3A.11 (1701935624TABLE3A11.xlsx)
2022,Arunachal Pradesh,Other Than Custodial Rape (Section 376(2)) - On Women Below 16 years of age (Sec.376(2) (i),,7,NCRB CII 2022 Table 3A.11 (1701935624TABLE3A11.xlsx)
2022,Assam,Other Than Custodial Rape (Section 376(2)) - On Women Below 16 years of age (Sec.376(2) (i),,0,NCRB CII 2022 Table 3A.11 (1701935624TABLE3A11.xlsx)
2022,Bihar,Other Than Custodial Rape (Section 376(2)) - On Women Below 16 years of age (Sec.376(2) (i),,0,NCRB CII 2022 Table 3A.11 (1701935624TABLE3A11.xlsx)
2022,Chhattisgarh,Other Than Custodial Rape (Section 376(2)) - On Women Below 16 years of age (Sec.376(2) (i),,0,NCRB CII 2022 Table 3A.11 (1701935624TABLE3A11.xlsx)
2022,Goa,Other Than Custodial Rape (Section 376(2)) - On Women Below 16 years of age (Sec.376(2) (i),,2,NCRB CII 2022 Table 3A.11 (1701935624TABLE3A11.xlsx)
2022,Gujarat,Other Than Custodial Rape (Section 376(2)) - On Women Below 16 years of age (Sec.376(2) (i),,0,NCRB CII 2022 Table 3A.11 (1701935624TABLE3A11.xlsx)
2022,Haryana,Other Than Custodial Rape (Section 376(2)) - On Women Below 16 years of age (Sec.376(2) (i),,0,NCRB CII 2022 Table 3A.11 (1701935624TABLE3A11.xlsx)
2022,Himachal Pradesh,Other Than Custodial Rape (Section 376(2)) - On Women Below 16 years of age (Sec.376(2) (i),,47,NCRB CII 2022 Table 3A.11 (1701935624TABLE3A11.xlsx)
2022,Jharkhand,Other Than Custodial Rape (Section 376(2)) - On Women Below 16 years of age (Sec.376(2) (i),,50,NCRB CII 2022 Table 3A.11 (1701935624TABLE3A11.xlsx)
2022,Karnataka,Other Than Custodial Rape (Section 376(2)) - On Women Below 16 years of age (Sec.376(2) (i),,0,NCRB CII 2022 Table 3A.11 (1701935624TABLE3A11.xlsx)
2022,Kerala,Other Than Custodial Rape (Section 376(2)) - On Women Below 16 years of age (Sec.376(2) (i),,0,NCRB CII 2022 Table 3A.11 (1701935624TABLE3A11.xlsx)
2022,Madhya Pradesh,Other Than Custodial Rape (Section 376(2)) - On Women Below 16 years of age (Sec.376(2) (i),,0,NCRB CII 2022 Table 3A.11 (1701935624TABLE3A11.xlsx)
2022,Maharashtra,Other Than Custodial Rape (Section 376(2)) - On Women Below 16 years of age (Sec.376(2) (i),,0,NCRB CII 2022 Table 3A.11 (1701935624TABLE3A11.xlsx)
2022,Manipur,Other Than Custodial Rape (Section 376(2)) - On Women Below 16 years of age (Sec.376(2) (i),,0,NCRB CII 2022 Table 3A.11 (1701935624TABLE3A11.xlsx)
2022,Meghalaya,Other Than Custodial Rape (Section 376(2)) - On Women Below 16 years of age (Sec.376(2) (i),,0,NCRB CII 2022 Table 3A.11 (1701935624TABLE3A11.xlsx)
2022,Mizoram,Other Than Custodial Rape (Section 376(2)) - On Women Below 16 years of age (Sec.376(2) (i),,0,NCRB CII 2022 Table 3A.11 (1701935624TABLE3A11.xlsx)
2022,Nagaland,Other Than Custodial Rape (Section 376(2)) - On Women Below 16 years of age (Sec.376(2) (i),,0,NCRB CII 2022 Table 3A.11 (1701935624TABLE3A11.xlsx)
2022,Odisha,Other Than Custodial Rape (Section 376(2)) - On Women Below 16 years of age (Sec.376(2) (i),,1,NCRB CII 2022 Table 3A.11 (1701935624TABLE3A11.xlsx)
2022,Punjab,Other Than Custodial Rape (Section 376(2)) - On Women Below 16 years of age (Sec.376(2) (i),,0,NCRB CII 2022 Table 3A.11 (1701935624TABLE3A11.xlsx)
2022,Rajasthan,Other Than Custodial Rape (Section 376(2)) - On Women Below 16 years of age (Sec.376(2) (i),,0,NCRB CII 2022 Table 3A.11 (1701935624TABLE3A11.xlsx)
2022,Sikkim,Other Than Custodial Rape (Section 376(2)) - On Women Below 16 years of age (Sec.376(2) (i),,0,NCRB CII 2022 Table 3A.11 (1701935624TABLE3A11.xlsx)
2022,Tamil Nadu,Other Than Custodial Rape (Section 376(2)) - On Women Below 16 years of age (Sec.376(2) (i),,0,NCRB CII 2022 Table 3A.11 (1701935624TABLE3A11.xlsx)
2022,Telangana,Other Than Custodial Rape (Section 376(2)) - On Women Below 16 years of age (Sec.376(2) (i),,0,NCRB CII 2022 Table 3A.11 (1701935624TABLE3A11.xlsx)
2022,Tripura,Other Than Custodial Rape (Section 376(2)) - On Women Below 16 years of age (Sec.376(2) (i),,0,NCRB CII 2022 Table 3A.11 (1701935624TABLE3A11.xlsx)
2022,Uttar Pradesh,Other Than Custodial Rape (Section 376(2)) - On Women Below 16 years of age (Sec.376(2) (i),,116,NCRB CII 2022 Table 3A.11 (1701935624TABLE3A11.xlsx)
2022,Uttarakhand,Other Than Custodial Rape (Section 376(2)) - On Women Below 16 years of age (Sec.376(2) (i),,0,NCRB CII 2022 Table 3A.11 (1701935624TABLE3A11.xlsx)
2022,West Bengal,Other Than Custodial Rape (Section 376(2)) - On Women Below 16 years of age (Sec.376(2) (i),,0,NCRB CII 2022 Table 3A.11 (1701935624TABLE3A11.xlsx)
2022,Andaman & Nicobar Islands,Other Than Custodial Rape (Section 376(2)) - On Women Below 16 years of age (Sec.376(2) (i),,0,NCRB CII 2022 Table 3A.11 (1701935624TABLE3A11.xlsx)
2022,Chandigarh,Other Than Custodial Rape (Section 376(2)) - On Women Below 16 years of age (Sec.376(2) (i),,0,NCRB CII 2022 Table 3A.11 (1701935624TABLE3A11.xlsx)
2022,Dadra & Nagar Haveli and Daman & Diu,Other Than Custodial Rape (Section 376(2)) - On Women Below 16 years of age (Sec.376(2) (i),,0,NCRB CII 2022 Table 3A.11 (1701935624TABLE3A11.xlsx)
2022,Delhi,Other Than Custodial Rape (Section 376(2)) - On Women Below 16 years of age (Sec.376(2) (i),,0,NCRB CII 2022 Table 3A.11 (1701935624TABLE3A11.xlsx)
2022,Jammu & Kashmir,Other Than Custodial Rape (Section 376(2)) - On Women Below 16 years of age (Sec.376(2) (i),,0,NCRB CII 2022 Table 3A.11 (1701935624TABLE3A11.xlsx)
2022,Ladakh,Other Than Custodial Rape (Section 376(2)) - On Women Below 16 years of age (Sec.376(2) (i),,1,NCRB CII 2022 Table 3A.11 (1701935624TABLE3A11.xlsx)
2022,Lakshadweep,Other Than Custodial Rape (Section 376(2)) - On Women Below 16 years of age (Sec.376(2) (i),,0,NCRB CII 2022 Table 3A.11 (1701935624TABLE3A11.xlsx)
2022,Puducherry,Other Than Custodial Rape (Section 376(2)) - On Women Below 16 years of age (Sec.376(2) (i),,0,NCRB CII 2022 Table 3A.11 (1701935624TABLE3A11.xlsx)
2022,All India,Other Than Custodial Rape (Section 376(2)) - On Women Below 16 years of age (Sec.376(2) (i),,224,NCRB CII 2022 Table 3A.11 (1701935624TABLE3A11.xlsx)
2022,Andhra Pradesh,Other Than Custodial Rape (Section 376(2)) - On Women Incapable of giving Consent (Sec.376(2) (j),,2,NCRB CII 2022 Table 3A.11 (1701935624TABLE3A11.xlsx)
2022,Arunachal Pradesh,Other Than Custodial Rape (Section 376(2)) - On Women Incapable of giving Consent (Sec.376(2) (j),,1,NCRB CII 2022 Table 3A.11 (1701935624TABLE3A11.xlsx)
2022,Assam,Other Than Custodial Rape (Section 376(2)) - On Women Incapable of giving Consent (Sec.376(2) (j),,0,NCRB CII 2022 Table 3A.11 (1701935624TABLE3A11.xlsx)
2022,Bihar,Other Than Custodial Rape (Section 376(2)) - On Women Incapable of giving Consent (Sec.376(2) (j),,0,NCRB CII 2022 Table 3A.11 (1701935624TABLE3A11.xlsx)
2022,Chhattisgarh,Other Than Custodial Rape (Section 376(2)) - On Women Incapable of giving Consent (Sec.376(2) (j),,0,NCRB CII 2022 Table 3A.11 (1701935624TABLE3A11.xlsx)
2022,Goa,Other Than Custodial Rape (Section 376(2)) - On Women Incapable of giving Consent (Sec.376(2) (j),,0,NCRB CII 2022 Table 3A.11 (1701935624TABLE3A11.xlsx)
2022,Gujarat,Other Than Custodial Rape (Section 376(2)) - On Women Incapable of giving Consent (Sec.376(2) (j),,6,NCRB CII 2022 Table 3A.11 (1701935624TABLE3A11.xlsx)
2022,Haryana,Other Than Custodial Rape (Section 376(2)) - On Women Incapable of giving Consent (Sec.376(2) (j),,1,NCRB CII 2022 Table 3A.11 (1701935624TABLE3A11.xlsx)
2022,Himachal Pradesh,Other Than Custodial Rape (Section 376(2)) - On Women Incapable of giving Consent (Sec.376(2) (j),,0,NCRB CII 2022 Table 3A.11 (1701935624TABLE3A11.xlsx)
2022,Jharkhand,Other Than Custodial Rape (Section 376(2)) - On Women Incapable of giving Consent (Sec.376(2) (j),,0,NCRB CII 2022 Table 3A.11 (1701935624TABLE3A11.xlsx)
2022,Karnataka,Other Than Custodial Rape (Section 376(2)) - On Women Incapable of giving Consent (Sec.376(2) (j),,0,NCRB CII 2022 Table 3A.11 (1701935624TABLE3A11.xlsx)
2022,Kerala,Other Than Custodial Rape (Section 376(2)) - On Women Incapable of giving Consent (Sec.376(2) (j),,3,NCRB CII 2022 Table 3A.11 (1701935624TABLE3A11.xlsx)
2022,Madhya Pradesh,Other Than Custodial Rape (Section 376(2)) - On Women Incapable of giving Consent (Sec.376(2) (j),,21,NCRB CII 2022 Table 3A.11 (1701935624TABLE3A11.xlsx)
2022,Maharashtra,Other Than Custodial Rape (Section 376(2)) - On Women Incapable of giving Consent (Sec.376(2) (j),,12,NCRB CII 2022 Table 3A.11 (1701935624TABLE3A11.xlsx)
2022,Manipur,Other Than Custodial Rape (Section 376(2)) - On Women Incapable of giving Consent (Sec.376(2) (j),,0,NCRB CII 2022 Table 3A.11 (1701935624TABLE3A11.xlsx)
2022,Meghalaya,Other Than Custodial Rape (Section 376(2)) - On Women Incapable of giving Consent (Sec.376(2) (j),,2,NCRB CII 2022 Table 3A.11 (1701935624TABLE3A11.xlsx)
2022,Mizoram,Other Than Custodial Rape (Section 376(2)) - On Women Incapable of giving Consent (Sec.376(2) (j),,0,NCRB CII 2022 Table 3A.11 (1701935624TABLE3A11.xlsx)
2022,Nagaland,Other Than Custodial Rape (Section 376(2)) - On Women Incapable of giving Consent (Sec.376(2) (j),,0,NCRB CII 2022 Table 3A.11 (1701935624TABLE3A11.xlsx)
2022,Odisha,Other Than Custodial Rape (Section 376(2)) - On Women Incapable of giving Consent (Sec.376(2) (j),,0,NCRB CII 2022 Table 3A.11 (1701935624TABLE3A11.xlsx)
2022,Punjab,Other Than Custodial Rape (Section 376(2)) - On Women Incapable of giving Consent (Sec.376(2) (j),,0,NCRB CII 2022 Table 3A.11 (1701935624TABLE3A11.xlsx)
2022,Rajasthan,Other Than Custodial Rape (Section 376(2)) - On Women Incapable of giving Consent (Sec.376(2) (j),,149,NCRB CII 2022 Table 3A.11 (1701935624TABLE3A11.xlsx)
2022,Sikkim,Other Than Custodial Rape (Section 376(2)) - On Women Incapable of giving Consent (Sec.376(2) (j),,0,NCRB CII 2022 Table 3A.11 (1701935624TABLE3A11.xlsx)
2022,Tamil Nadu,Other Than Custodial Rape (Section 376(2)) - On Women Incapable of giving Consent (Sec.376(2) (j),,13,NCRB CII 2022 Table 3A.11 (1701935624TABLE3A11.xlsx)
2022,Telangana,Other Than Custodial Rape (Section 376(2)) - On Women Incapable of giving Consent (Sec.376(2) (j),,14,NCRB CII 2022 Table 3A.11 (1701935624TABLE3A11.xlsx)
2022,Tripura,Other Than Custodial Rape (Section 376(2)) - On Women Incapable of giving Consent (Sec.376(2) (j),,0,NCRB CII 2022 Table 3A.11 (1701935624TABLE3A11.xlsx)
2022,Uttar Pradesh,Other Than Custodial Rape (Section 376(2)) - On Women Incapable of giving Consent (Sec.376(2) (j),,0,NCRB CII 2022 Table 3A.11 (1701935624TABLE3A11.xlsx)
2022,Uttarakhand,Other Than Custodial Rape (Section 376(2)) - On Women Incapable of giving Consent (Sec.376(2) (j),,0,NCRB CII 2022 Table 3A.11 (1701935624TABLE3A11.xlsx)
2022,West Bengal,Other Than Custodial Rape (Section 376(2)) - On Women Incapable of giving Consent (Sec.376(2) (j),,0,NCRB CII 2022 Table 3A.11 (1701935624TABLE3A11.xlsx)
2022,Andaman & Nicobar Islands,Other Than Custodial Rape (Section 376(2)) - On Women Incapable of giving Consent (Sec.376(2) (j),,0,NCRB CII 2022 Table 3A.11 (1701935624TABLE3A11.xlsx)
2022,Chandigarh,Other Than Custodial Rape (Section 376(2)) - On Women Incapable of giving Consent (Sec.376(2) (j),,0,NCRB CII 2022 Table 3A.11 (1701935624TABLE3A11.xlsx)
2022,Dadra & Nagar Haveli and Daman & Diu,Other Than Custodial Rape (Section 376(2)) - On Women Incapable of giving Consent (Sec.376(2) (j),,0,NCRB CII 2022 Table 3A.11 (1701935624TABLE3A11.xlsx)
2022,Delhi,Other Than Custodial Rape (Section 376(2)) - On Women Incapable of giving Consent (Sec.376(2) (j),,0,NCRB CII 2022 Table 3A.11 (1701935624TABLE3A11.xlsx)
2022,Jammu & Kashmir,Other Than Custodial Rape (Section 376(2)) - On Women Incapable of giving Consent (Sec.376(2) (j),,0,NCRB CII 2022 Table 3A.11 (1701935624TABLE3A11.xlsx)
2022,Ladakh,Other Than Custodial Rape (Section 376(2)) - On Women Incapable of giving Consent (Sec.376(2) (j),,0,NCRB CII 2022 Table 3A.11 (1701935624TABLE3A11.xlsx)
2022,Lakshadweep,Other Than Custodial Rape (Section 376(2)) - On Women Incapable of giving Consent (Sec.376(2) (j),,0,NCRB CII 2022 Table 3A.11 (1701935624TABLE3A11.xlsx)
2022,Puducherry,Other Than Custodial Rape (Section 376(2)) - On Women Incapable of giving Consent (Sec.376(2) (j),,0,NCRB CII 2022 Table 3A.11 (1701935624TABLE3A11.xlsx)
2022,All India,Other Than Custodial Rape (Section 376(2)) - On Women Incapable of giving Consent (Sec.376(2) (j),,224,NCRB CII 2022 Table 3A.11 (1701935624TABLE3A11.xlsx)
2022,Andhra Pradesh,Other Than Custodial Rape (Section 376(2)) - By Persons in Control or Dominance over women (Sec.376(2) (k),,0,NCRB CII 2022 Table 3A.11 (1701935624TABLE3A11.xlsx)
2022,Arunachal Pradesh,Other Than Custodial Rape (Section 376(2)) - By Persons in Control or Dominance over women (Sec.376(2) (k),,0,NCRB CII 2022 Table 3A.11 (1701935624TABLE3A11.xlsx)
2022,Assam,Other Than Custodial Rape (Section 376(2)) - By Persons in Control or Dominance over women (Sec.376(2) (k),,1,NCRB CII 2022 Table 3A.11 (1701935624TABLE3A11.xlsx)
2022,Bihar,Other Than Custodial Rape (Section 376(2)) - By Persons in Control or Dominance over women (Sec.376(2) (k),,0,NCRB CII 2022 Table 3A.11 (1701935624TABLE3A11.xlsx)
2022,Chhattisgarh,Other Than Custodial Rape (Section 376(2)) - By Persons in Control or Dominance over women (Sec.376(2) (k),,0,NCRB CII 2022 Table 3A.11 (1701935624TABLE3A11.xlsx)
2022,Goa,Other Than Custodial Rape (Section 376(2)) - By Persons in Control or Dominance over women (Sec.376(2) (k),,0,NCRB CII 2022 Table 3A.11 (1701935624TABLE3A11.xlsx)
2022,Gujarat,Other Than Custodial Rape (Section 376(2)) - By Persons in Control or Dominance over women (Sec.376(2) (k),,0,NCRB CII 2022 Table 3A.11 (1701935624TABLE3A11.xlsx)
2022,Haryana,Other Than Custodial Rape (Section 376(2)) - By Persons in Control or Dominance over women (Sec.376(2) (k),,0,NCRB CII 2022 Table 3A.11 (1701935624TABLE3A11.xlsx)
2022,Himachal Pradesh,Other Than Custodial Rape (Section 376(2)) - By Persons in Control or Dominance over women (Sec.376(2) (k),,0,NCRB CII 2022 Table 3A.11 (1701935624TABLE3A11.xlsx)
2022,Jharkhand,Other Than Custodial Rape (Section 376(2)) - By Persons in Control or Dominance over women (Sec.376(2) (k),,0,NCRB CII 2022 Table 3A.11 (1701935624TABLE3A11.xlsx)
2022,Karnataka,Other Than Custodial Rape (Section 376(2)) - By Persons in Control or Dominance over women (Sec.376(2) (k),,0,NCRB CII 2022 Table 3A.11 (1701935624TABLE3A11.xlsx)
2022,Kerala,Other Than Custodial Rape (Section 376(2)) - By Persons in Control or Dominance over women (Sec.376(2) (k),,6,NCRB CII 2022 Table 3A.11 (1701935624TABLE3A11.xlsx)
2022,Madhya Pradesh,Other Than Custodial Rape (Section 376(2)) - By Persons in Control or Dominance over women (Sec.376(2) (k),,26,NCRB CII 2022 Table 3A.11 (1701935624TABLE3A11.xlsx)
2022,Maharashtra,Other Than Custodial Rape (Section 376(2)) - By Persons in Control or Dominance over women (Sec.376(2) (k),,0,NCRB CII 2022 Table 3A.11 (1701935624TABLE3A11.xlsx)
2022,Manipur,Other Than Custodial Rape (Section 376(2)) - By Persons in Control or Dominance over women (Sec.376(2) (k),,0,NCRB CII 2022 Table 3A.11 (1701935624TABLE3A11.xlsx)
2022,Meghalaya,Other Than Custodial Rape (Section 376(2)) - By Persons in Control or Dominance over women (Sec.376(2) (k),,1,NCRB CII 2022 Table 3A.11 (1701935624TABLE3A11.xlsx)
2022,Mizoram,Other Than Custodial Rape (Section 376(2)) - By Persons in Control or Dominance over women (Sec.376(2) (k),,0,NCRB CII 2022 Table 3A.11 (1701935624TABLE3A11.xlsx)
2022,Nagaland,Other Than Custodial Rape (Section 376(2)) - By Persons in Control or Dominance over women (Sec.376(2) (k),,0,NCRB CII 2022 Table 3A.11 (1701935624TABLE3A11.xlsx)
2022,Odisha,Other Than Custodial Rape (Section 376(2)) - By Persons in Control or Dominance over women (Sec.376(2) (k),,0,NCRB CII 2022 Table 3A.11 (1701935624TABLE3A11.xlsx)
2022,Punjab,Other Than Custodial Rape (Section 376(2)) - By Persons in Control or Dominance over women (Sec.376(2) (k),,1,NCRB CII 2022 Table 3A.11 (1701935624TABLE3A11.xlsx)
2022,Rajasthan,Other Than Custodial Rape (Section 376(2)) - By Persons in Control or Dominance over women (Sec.376(2) (k),,55,NCRB CII 2022 Table 3A.11 (1701935624TABLE3A11.xlsx)
2022,Sikkim,Other Than Custodial Rape (Section 376(2)) - By Persons in Control or Dominance over women (Sec.376(2) (k),,0,NCRB CII 2022 Table 3A.11 (1701935624TABLE3A11.xlsx)
2022,Tamil Nadu,Other Than Custodial Rape (Section 376(2)) - By Persons in Control or Dominance over women (Sec.376(2) (k),,0,NCRB CII 2022 Table 3A.11 (1701935624TABLE3A11.xlsx)
2022,Telangana,Other Than Custodial Rape (Section 376(2)) - By Persons in Control or Dominance over women (Sec.376(2) (k),,1,NCRB CII 2022 Table 3A.11 (1701935624TABLE3A11.xlsx)
2022,Tripura,Other Than Custodial Rape (Section 376(2)) - By Persons in Control or Dominance over women (Sec.376(2) (k),,0,NCRB CII 2022 Table 3A.11 (1701935624TABLE3A11.xlsx)
2022,Uttar Pradesh,Other Than Custodial Rape (Section 376(2)) - By Persons in Control or Dominance over women (Sec.376(2) (k),,0,NCRB CII 2022 Table 3A.11 (1701935624TABLE3A11.xlsx)
2022,Uttarakhand,Other Than Custodial Rape (Section 376(2)) - By Persons in Control or Dominance over women (Sec.376(2) (k),,0,NCRB CII 2022 Table 3A.11 (1701935624TABLE3A11.xlsx)
2022,West Bengal,Other Than Custodial Rape (Section 376(2)) - By Persons in Control or Dominance over women (Sec.376(2) (k),,0,NCRB CII 2022 Table 3A.11 (1701935624TABLE3A11.xlsx)
2022,Andaman & Nicobar Islands,Other Than Custodial Rape (Section 376(2)) - By Persons in Control or Dominance over women (Sec.376(2) (k),,0,NCRB CII 2022 Table 3A.11 (1701935624TABLE3A11.xlsx)
2022,Chandigarh,Other Than Custodial Rape (Section 376(2)) - By Persons in Control or Dominance over women (Sec.376(2) (k),,0,NCRB CII 2022 Table 3A.11 (1701935624TABLE3A11.xlsx)
2022,Dadra & Nagar Haveli and Daman & Diu,Other Than Custodial Rape (Section 376(2)) - By Persons in Control or Dominance over women (Sec.376(2) (k),,0,NCRB CII 2022 Table 3A.11 (1701935624TABLE3A11.xlsx)
2022,Delhi,Other Than Custodial Rape (Section 376(2)) - By Persons in Control or Dominance over women (Sec.376(2) (k),,0,NCRB CII 2022 Table 3A.11 (1701935624TABLE3A11.xlsx)
2022,Jammu & Kashmir,Other Than Custodial Rape (Section 376(2)) - By Persons in Control or Dominance over women (Sec.376(2) (k),,0,NCRB CII 2022 Table 3A.11 (1701935624TABLE3A11.xlsx)
2022,Ladakh,Other Than Custodial Rape (Section 376(2)) - By Persons in Control or Dominance over women (Sec.376(2) (k),,0,NCRB CII 2022 Table 3A.11 (1701935624TABLE3A11.xlsx)
2022,Lakshadweep,Other Than Custodial Rape (Section 376(2)) - By Persons in Control or Dominance over women (Sec.376(2) (k),,0,NCRB CII 2022 Table 3A.11 (1701935624TABLE3A11.xlsx)
2022,Puducherry,Other Than Custodial Rape (Section 376(2)) - By Persons in Control or Dominance over women (Sec.376(2) (k),,0,NCRB CII 2022 Table 3A.11 (1701935624TABLE3A11.xlsx)
2022,All India,Other Than Custodial Rape (Section 376(2)) - By Persons in Control or Dominance over women (Sec.376(2) (k),,91,NCRB CII 2022 Table 3A.11 (1701935624TABLE3A11.xlsx)
2022,Andhra Pradesh,Other Than Custodial Rape (Section 376(2)) - On Women with Mental or Physical disability (Sec.376(2)(l),,5,NCRB CII 2022 Table 3A.11 (1701935624TABLE3A11.xlsx)
2022,Arunachal Pradesh,Other Than Custodial Rape (Section 376(2)) - On Women with Mental or Physical disability (Sec.376(2)(l),,2,NCRB CII 2022 Table 3A.11 (1701935624TABLE3A11.xlsx)
2022,Assam,Other Than Custodial Rape (Section 376(2)) - On Women with Mental or Physical disability (Sec.376(2)(l),,3,NCRB CII 2022 Table 3A.11 (1701935624TABLE3A11.xlsx)
2022,Bihar,Other Than Custodial Rape (Section 376(2)) - On Women with Mental or Physical disability (Sec.376(2)(l),,0,NCRB CII 2022 Table 3A.11 (1701935624TABLE3A11.xlsx)
2022,Chhattisgarh,Other Than Custodial Rape (Section 376(2)) - On Women with Mental or Physical disability (Sec.376(2)(l),,5,NCRB CII 2022 Table 3A.11 (1701935624TABLE3A11.xlsx)
2022,Goa,Other Than Custodial Rape (Section 376(2)) - On Women with Mental or Physical disability (Sec.376(2)(l),,0,NCRB CII 2022 Table 3A.11 (1701935624TABLE3A11.xlsx)
2022,Gujarat,Other Than Custodial Rape (Section 376(2)) - On Women with Mental or Physical disability (Sec.376(2)(l),,10,NCRB CII 2022 Table 3A.11 (1701935624TABLE3A11.xlsx)
2022,Haryana,Other Than Custodial Rape (Section 376(2)) - On Women with Mental or Physical disability (Sec.376(2)(l),,3,NCRB CII 2022 Table 3A.11 (1701935624TABLE3A11.xlsx)
2022,Himachal Pradesh,Other Than Custodial Rape (Section 376(2)) - On Women with Mental or Physical disability (Sec.376(2)(l),,0,NCRB CII 2022 Table 3A.11 (1701935624TABLE3A11.xlsx)
2022,Jharkhand,Other Than Custodial Rape (Section 376(2)) - On Women with Mental or Physical disability (Sec.376(2)(l),,0,NCRB CII 2022 Table 3A.11 (1701935624TABLE3A11.xlsx)
2022,Karnataka,Other Than Custodial Rape (Section 376(2)) - On Women with Mental or Physical disability (Sec.376(2)(l),,2,NCRB CII 2022 Table 3A.11 (1701935624TABLE3A11.xlsx)
2022,Kerala,Other Than Custodial Rape (Section 376(2)) - On Women with Mental or Physical disability (Sec.376(2)(l),,14,NCRB CII 2022 Table 3A.11 (1701935624TABLE3A11.xlsx)
2022,Madhya Pradesh,Other Than Custodial Rape (Section 376(2)) - On Women with Mental or Physical disability (Sec.376(2)(l),,4,NCRB CII 2022 Table 3A.11 (1701935624TABLE3A11.xlsx)
2022,Maharashtra,Other Than Custodial Rape (Section 376(2)) - On Women with Mental or Physical disability (Sec.376(2)(l),,31,NCRB CII 2022 Table 3A.11 (1701935624TABLE3A11.xlsx)
2022,Manipur,Other Than Custodial Rape (Section 376(2)) - On Women with Mental or Physical disability (Sec.376(2)(l),,0,NCRB CII 2022 Table 3A.11 (1701935624TABLE3A11.xlsx)
2022,Meghalaya,Other Than Custodial Rape (Section 376(2)) - On Women with Mental or Physical disability (Sec.376(2)(l),,1,NCRB CII 2022 Table 3A.11 (1701935624TABLE3A11.xlsx)
2022,Mizoram,Other Than Custodial Rape (Section 376(2)) - On Women with Mental or Physical disability (Sec.376(2)(l),,2,NCRB CII 2022 Table 3A.11 (1701935624TABLE3A11.xlsx)
2022,Nagaland,Other Than Custodial Rape (Section 376(2)) - On Women with Mental or Physical disability (Sec.376(2)(l),,0,NCRB CII 2022 Table 3A.11 (1701935624TABLE3A11.xlsx)
2022,Odisha,Other Than Custodial Rape (Section 376(2)) - On Women with Mental or Physical disability (Sec.376(2)(l),,0,NCRB CII 2022 Table 3A.11 (1701935624TABLE3A11.xlsx)
2022,Punjab,Other Than Custodial Rape (Section 376(2)) - On Women with Mental or Physical disability (Sec.376(2)(l),,0,NCRB CII 2022 Table 3A.11 (1701935624TABLE3A11.xlsx)
2022,Rajasthan,Other Than Custodial Rape (Section 376(2)) - On Women with Mental or Physical disability (Sec.376(2)(l),,2,NCRB CII 2022 Table 3A.11 (1701935624TABLE3A11.xlsx)
2022,Sikkim,Other Than Custodial Rape (Section 376(2)) - On Women with Mental or Physical disability (Sec.376(2)(l),,1,NCRB CII 2022 Table 3A.11 (1701935624TABLE3A11.xlsx)
2022,Tamil Nadu,Other Than Custodial Rape (Section 376(2)) - On Women with Mental or Physical disability (Sec.376(2)(l),,11,NCRB CII 2022 Table 3A.11 (1701935624TABLE3A11.xlsx)
2022,Telangana,Other Than Custodial Rape (Section 376(2)) - On Women with Mental or Physical disability (Sec.376(2)(l),,8,NCRB CII 2022 Table 3A.11 (1701935624TABLE3A11.xlsx)
2022,Tripura,Other Than Custodial Rape (Section 376(2)) - On Women with Mental or Physical disability (Sec.376(2)(l),,1,NCRB CII 2022 Table 3A.11 (1701935624TABLE3A11.xlsx)
2022,Uttar Pradesh,Other Than Custodial Rape (Section 376(2)) - On Women with Mental or Physical disability (Sec.376(2)(l),,0,NCRB CII 2022 Table 3A.11 (1701935624TABLE3A11.xlsx)
2022,Uttarakhand,Other Than Custodial Rape (Section 376(2)) - On Women with Mental or Physical disability (Sec.376(2)(l),,0,NCRB CII 2022 Table 3A.11 (1701935624TABLE3A11.xlsx)
2022,West Bengal,Other Than Custodial Rape (Section 376(2)) - On Women with Mental or Physical disability (Sec.376(2)(l),,4,NCRB CII 2022 Table 3A.11 (1701935624TABLE3A11.xlsx)
2022,Andaman & Nicobar Islands,Other Than Custodial Rape (Section 376(2)) - On Women with Mental or Physical disability (Sec.376(2)(l),,1,NCRB CII 2022 Table 3A.11 (1701935624TABLE3A11.xlsx)
2022,Chandigarh,Other Than Custodial Rape (Section 376(2)) - On Women with Mental or Physical disability (Sec.376(2)(l),,0,NCRB CII 2022 Table 3A.11 (1701935624TABLE3A11.xlsx)
2022,Dadra & Nagar Haveli and Daman & Diu,Other Than Custodial Rape (Section 376(2)) - On Women with Mental or Physical disability (Sec.376(2)(l),,0,NCRB CII 2022 Table 3A.11 (1701935624TABLE3A11.xlsx)
2022,Delhi,Other Than Custodial Rape (Section 376(2)) - On Women with Mental or Physical disability (Sec.376(2)(l),,0,NCRB CII 2022 Table 3A.11 (1701935624TABLE3A11.xlsx)
2022,Jammu & Kashmir,Other Than Custodial Rape (Section 376(2)) - On Women with Mental or Physical disability (Sec.376(2)(l),,0,NCRB CII 2022 Table 3A.11 (1701935624TABLE3A11.xlsx)
2022,Ladakh,Other Than Custodial Rape (Section 376(2)) - On Women with Mental or Physical disability (Sec.376(2)(l),,0,NCRB CII 2022 Table 3A.11 (1701935624TABLE3A11.xlsx)
2022,Lakshadweep,Other Than Custodial Rape (Section 376(2)) - On Women with Mental or Physical disability (Sec.376(2)(l),,0,NCRB CII 2022 Table 3A.11 (1701935624TABLE3A11.xlsx)
2022,Puducherry,Other Than Custodial Rape (Section 376(2)) - On Women with Mental or Physical disability (Sec.376(2)(l),,0,NCRB CII 2022 Table 3A.11 (1701935624TABLE3A11.xlsx)
2022,All India,Other Than Custodial Rape (Section 376(2)) - On Women with Mental or Physical disability (Sec.376(2)(l),,110,NCRB CII 2022 Table 3A.11 (1701935624TABLE3A11.xlsx)
2022,Andhra Pradesh,Other Than Custodial Rape (Section 376(2)) - Endanger life of Women after Rape (Sec.376(2)(m),,0,NCRB CII 2022 Table 3A.11 (1701935624TABLE3A11.xlsx)
2022,Arunachal Pradesh,Other Than Custodial Rape (Section 376(2)) - Endanger life of Women after Rape (Sec.376(2)(m),,0,NCRB CII 2022 Table 3A.11 (1701935624TABLE3A11.xlsx)
2022,Assam,Other Than Custodial Rape (Section 376(2)) - Endanger life of Women after Rape (Sec.376(2)(m),,0,NCRB CII 2022 Table 3A.11 (1701935624TABLE3A11.xlsx)
2022,Bihar,Other Than Custodial Rape (Section 376(2)) - Endanger life of Women after Rape (Sec.376(2)(m),,0,NCRB CII 2022 Table 3A.11 (1701935624TABLE3A11.xlsx)
2022,Chhattisgarh,Other Than Custodial Rape (Section 376(2)) - Endanger life of Women after Rape (Sec.376(2)(m),,0,NCRB CII 2022 Table 3A.11 (1701935624TABLE3A11.xlsx)
2022,Goa,Other Than Custodial Rape (Section 376(2)) - Endanger life of Women after Rape (Sec.376(2)(m),,0,NCRB CII 2022 Table 3A.11 (1701935624TABLE3A11.xlsx)
2022,Gujarat,Other Than Custodial Rape (Section 376(2)) - Endanger life of Women after Rape (Sec.376(2)(m),,0,NCRB CII 2022 Table 3A.11 (1701935624TABLE3A11.xlsx)
2022,Haryana,Other Than Custodial Rape (Section 376(2)) - Endanger life of Women after Rape (Sec.376(2)(m),,0,NCRB CII 2022 Table 3A.11 (1701935624TABLE3A11.xlsx)
2022,Himachal Pradesh,Other Than Custodial Rape (Section 376(2)) - Endanger life of Women after Rape (Sec.376(2)(m),,0,NCRB CII 2022 Table 3A.11 (1701935624TABLE3A11.xlsx)
2022,Jharkhand,Other Than Custodial Rape (Section 376(2)) - Endanger life of Women after Rape (Sec.376(2)(m),,0,NCRB CII 2022 Table 3A.11 (1701935624TABLE3A11.xlsx)
2022,Karnataka,Other Than Custodial Rape (Section 376(2)) - Endanger life of Women after Rape (Sec.376(2)(m),,2,NCRB CII 2022 Table 3A.11 (1701935624TABLE3A11.xlsx)
2022,Kerala,Other Than Custodial Rape (Section 376(2)) - Endanger life of Women after Rape (Sec.376(2)(m),,1,NCRB CII 2022 Table 3A.11 (1701935624TABLE3A11.xlsx)
2022,Madhya Pradesh,Other Than Custodial Rape (Section 376(2)) - Endanger life of Women after Rape (Sec.376(2)(m),,14,NCRB CII 2022 Table 3A.11 (1701935624TABLE3A11.xlsx)
2022,Maharashtra,Other Than Custodial Rape (Section 376(2)) - Endanger life of Women after Rape (Sec.376(2)(m),,1,NCRB CII 2022 Table 3A.11 (1701935624TABLE3A11.xlsx)
2022,Manipur,Other Than Custodial Rape (Section 376(2)) - Endanger life of Women after Rape (Sec.376(2)(m),,0,NCRB CII 2022 Table 3A.11 (1701935624TABLE3A11.xlsx)
2022,Meghalaya,Other Than Custodial Rape (Section 376(2)) - Endanger life of Women after Rape (Sec.376(2)(m),,0,NCRB CII 2022 Table 3A.11 (1701935624TABLE3A11.xlsx)
2022,Mizoram,Other Than Custodial Rape (Section 376(2)) - Endanger life of Women after Rape (Sec.376(2)(m),,0,NCRB CII 2022 Table 3A.11 (1701935624TABLE3A11.xlsx)
2022,Nagaland,Other Than Custodial Rape (Section 376(2)) - Endanger life of Women after Rape (Sec.376(2)(m),,0,NCRB CII 2022 Table 3A.11 (1701935624TABLE3A11.xlsx)
2022,Odisha,Other Than Custodial Rape (Section 376(2)) - Endanger life of Women after Rape (Sec.376(2)(m),,0,NCRB CII 2022 Table 3A.11 (1701935624TABLE3A11.xlsx)
2022,Punjab,Other Than Custodial Rape (Section 376(2)) - Endanger life of Women after Rape (Sec.376(2)(m),,0,NCRB CII 2022 Table 3A.11 (1701935624TABLE3A11.xlsx)
2022,Rajasthan,Other Than Custodial Rape (Section 376(2)) - Endanger life of Women after Rape (Sec.376(2)(m),,5,NCRB CII 2022 Table 3A.11 (1701935624TABLE3A11.xlsx)
2022,Sikkim,Other Than Custodial Rape (Section 376(2)) - Endanger life of Women after Rape (Sec.376(2)(m),,0,NCRB CII 2022 Table 3A.11 (1701935624TABLE3A11.xlsx)
2022,Tamil Nadu,Other Than Custodial Rape (Section 376(2)) - Endanger life of Women after Rape (Sec.376(2)(m),,0,NCRB CII 2022 Table 3A.11 (1701935624TABLE3A11.xlsx)
2022,Telangana,Other Than Custodial Rape (Section 376(2)) - Endanger life of Women after Rape (Sec.376(2)(m),,0,NCRB CII 2022 Table 3A.11 (1701935624TABLE3A11.xlsx)
2022,Tripura,Other Than Custodial Rape (Section 376(2)) - Endanger life of Women after Rape (Sec.376(2)(m),,0,NCRB CII 2022 Table 3A.11 (1701935624TABLE3A11.xlsx)
2022,Uttar Pradesh,Other Than Custodial Rape (Section 376(2)) - Endanger life of Women after Rape (Sec.376(2)(m),,0,NCRB CII 2022 Table 3A.11 (1701935624TABLE3A11.xlsx)
2022,Uttarakhand,Other Than Custodial Rape (Section 376(2)) - Endanger life of Women after Rape (Sec.376(2)(m),,0,NCRB CII 2022 Table 3A.11 (1701935624TABLE3A11.xlsx)
2022,West Bengal,Other Than Custodial Rape (Section 376(2)) - Endanger life of Women after Rape (Sec.376(2)(m),,1,NCRB CII 2022 Table 3A.11 (1701935624TABLE3A11.xlsx)
2022,Andaman & Nicobar Islands,Other Than Custodial Rape (Section 376(2)) - Endanger life of Women after Rape (Sec.376(2)(m),,0,NCRB CII 2022 Table 3A.11 (1701935624TABLE3A11.xlsx)
2022,Chandigarh,Other Than Custodial Rape (Section 376(2)) - Endanger life of Women after Rape (Sec.376(2)(m),,0,NCRB CII 2022 Table 3A.11 (1701935624TABLE3A11.xlsx)
2022,Dadra & Nagar Haveli and Daman & Diu,Other Than Custodial Rape (Section 376(2)) - Endanger life of Women after Rape (Sec.376(2)(m),,0,NCRB CII 2022 Table 3A.11 (1701935624TABLE3A11.xlsx)
2022,Delhi,Other Than Custodial Rape (Section 376(2)) - Endanger life of Women after Rape (Sec.376(2)(m),,0,NCRB CII 2022 Table 3A.11 (1701935624TABLE3A11.xlsx)
2022,Jammu & Kashmir,Other Than Custodial Rape (Section 376(2)) - Endanger life of Women after Rape (Sec.376(2)(m),,0,NCRB CII 2022 Table 3A.11 (1701935624TABLE3A11.xlsx)
2022,Ladakh,Other Than Custodial Rape (Section 376(2)) - Endanger life of Women after Rape (Sec.376(2)(m),,0,NCRB CII 2022 Table 3A.11 (1701935624TABLE3A11.xlsx)
2022,Lakshadweep,Other Than Custodial Rape (Section 376(2)) - Endanger life of Women after Rape (Sec.376(2)(m),,0,NCRB CII 2022 Table 3A.11 (1701935624TABLE3A11.xlsx)
2022,Puducherry,Other Than Custodial Rape (Section 376(2)) - Endanger life of Women after Rape (Sec.376(2)(m),,1,NCRB CII 2022 Table 3A.11 (1701935624TABLE3A11.xlsx)
2022,All India,Other Than Custodial Rape (Section 376(2)) - Endanger life of Women after Rape (Sec.376(2)(m),,25,NCRB CII 2022 Table 3A.11 (1701935624TABLE3A11.xlsx)
2022,Andhra Pradesh,Other Than Custodial Rape (Section 376(2)) - Repeated Rape on same women (Sec.376(2)(n),,128,NCRB CII 2022 Table 3A.11 (1701935624TABLE3A11.xlsx)
2022,Arunachal Pradesh,Other Than Custodial Rape (Section 376(2)) - Repeated Rape on same women (Sec.376(2)(n),,0,NCRB CII 2022 Table 3A.11 (1701935624TABLE3A11.xlsx)
2022,Assam,Other Than Custodial Rape (Section 376(2)) - Repeated Rape on same women (Sec.376(2)(n),,1,NCRB CII 2022 Table 3A.11 (1701935624TABLE3A11.xlsx)
2022,Bihar,Other Than Custodial Rape (Section 376(2)) - Repeated Rape on same women (Sec.376(2)(n),,0,NCRB CII 2022 Table 3A.11 (1701935624TABLE3A11.xlsx)
2022,Chhattisgarh,Other Than Custodial Rape (Section 376(2)) - Repeated Rape on same women (Sec.376(2)(n),,107,NCRB CII 2022 Table 3A.11 (1701935624TABLE3A11.xlsx)
2022,Goa,Other Than Custodial Rape (Section 376(2)) - Repeated Rape on same women (Sec.376(2)(n),,2,NCRB CII 2022 Table 3A.11 (1701935624TABLE3A11.xlsx)
2022,Gujarat,Other Than Custodial Rape (Section 376(2)) - Repeated Rape on same women (Sec.376(2)(n),,222,NCRB CII 2022 Table 3A.11 (1701935624TABLE3A11.xlsx)
2022,Haryana,Other Than Custodial Rape (Section 376(2)) - Repeated Rape on same women (Sec.376(2)(n),,729,NCRB CII 2022 Table 3A.11 (1701935624TABLE3A11.xlsx)
2022,Himachal Pradesh,Other Than Custodial Rape (Section 376(2)) - Repeated Rape on same women (Sec.376(2)(n),,2,NCRB CII 2022 Table 3A.11 (1701935624TABLE3A11.xlsx)
2022,Jharkhand,Other Than Custodial Rape (Section 376(2)) - Repeated Rape on same women (Sec.376(2)(n),,51,NCRB CII 2022 Table 3A.11 (1701935624TABLE3A11.xlsx)
2022,Karnataka,Other Than Custodial Rape (Section 376(2)) - Repeated Rape on same women (Sec.376(2)(n),,88,NCRB CII 2022 Table 3A.11 (1701935624TABLE3A11.xlsx)
2022,Kerala,Other Than Custodial Rape (Section 376(2)) - Repeated Rape on same women (Sec.376(2)(n),,292,NCRB CII 2022 Table 3A.11 (1701935624TABLE3A11.xlsx)
2022,Madhya Pradesh,Other Than Custodial Rape (Section 376(2)) - Repeated Rape on same women (Sec.376(2)(n),,1087,NCRB CII 2022 Table 3A.11 (1701935624TABLE3A11.xlsx)
2022,Maharashtra,Other Than Custodial Rape (Section 376(2)) - Repeated Rape on same women (Sec.376(2)(n),,1211,NCRB CII 2022 Table 3A.11 (1701935624TABLE3A11.xlsx)
2022,Manipur,Other Than Custodial Rape (Section 376(2)) - Repeated Rape on same women (Sec.376(2)(n),,0,NCRB CII 2022 Table 3A.11 (1701935624TABLE3A11.xlsx)
2022,Meghalaya,Other Than Custodial Rape (Section 376(2)) - Repeated Rape on same women (Sec.376(2)(n),,0,NCRB CII 2022 Table 3A.11 (1701935624TABLE3A11.xlsx)
2022,Mizoram,Other Than Custodial Rape (Section 376(2)) - Repeated Rape on same women (Sec.376(2)(n),,0,NCRB CII 2022 Table 3A.11 (1701935624TABLE3A11.xlsx)
2022,Nagaland,Other Than Custodial Rape (Section 376(2)) - Repeated Rape on same women (Sec.376(2)(n),,0,NCRB CII 2022 Table 3A.11 (1701935624TABLE3A11.xlsx)
2022,Odisha,Other Than Custodial Rape (Section 376(2)) - Repeated Rape on same women (Sec.376(2)(n),,5,NCRB CII 2022 Table 3A.11 (1701935624TABLE3A11.xlsx)
2022,Punjab,Other Than Custodial Rape (Section 376(2)) - Repeated Rape on same women (Sec.376(2)(n),,4,NCRB CII 2022 Table 3A.11 (1701935624TABLE3A11.xlsx)
2022,Rajasthan,Other Than Custodial Rape (Section 376(2)) - Repeated Rape on same women (Sec.376(2)(n),,477,NCRB CII 2022 Table 3A.11 (1701935624TABLE3A11.xlsx)
2022,Sikkim,Other Than Custodial Rape (Section 376(2)) - Repeated Rape on same women (Sec.376(2)(n),,0,NCRB CII 2022 Table 3A.11 (1701935624TABLE3A11.xlsx)
2022,Tamil Nadu,Other Than Custodial Rape (Section 376(2)) - Repeated Rape on same women (Sec.376(2)(n),,6,NCRB CII 2022 Table 3A.11 (1701935624TABLE3A11.xlsx)
2022,Telangana,Other Than Custodial Rape (Section 376(2)) - Repeated Rape on same women (Sec.376(2)(n),,182,NCRB CII 2022 Table 3A.11 (1701935624TABLE3A11.xlsx)
2022,Tripura,Other Than Custodial Rape (Section 376(2)) - Repeated Rape on same women (Sec.376(2)(n),,2,NCRB CII 2022 Table 3A.11 (1701935624TABLE3A11.xlsx)
2022,Uttar Pradesh,Other Than Custodial Rape (Section 376(2)) - Repeated Rape on same women (Sec.376(2)(n),,0,NCRB CII 2022 Table 3A.11 (1701935624TABLE3A11.xlsx)
2022,Uttarakhand,Other Than Custodial Rape (Section 376(2)) - Repeated Rape on same women (Sec.376(2)(n),,11,NCRB CII 2022 Table 3A.11 (1701935624TABLE3A11.xlsx)
2022,West Bengal,Other Than Custodial Rape (Section 376(2)) - Repeated Rape on same women (Sec.376(2)(n),,4,NCRB CII 2022 Table 3A.11 (1701935624TABLE3A11.xlsx)
2022,Andaman & Nicobar Islands,Other Than Custodial Rape (Section 376(2)) - Repeated Rape on same women (Sec.376(2)(n),,3,NCRB CII 2022 Table 3A.11 (1701935624TABLE3A11.xlsx)
2022,Chandigarh,Other Than Custodial Rape (Section 376(2)) - Repeated Rape on same women (Sec.376(2)(n),,26,NCRB CII 2022 Table 3A.11 (1701935624TABLE3A11.xlsx)
2022,Dadra & Nagar Haveli and Daman & Diu,Other Than Custodial Rape (Section 376(2)) - Repeated Rape on same women (Sec.376(2)(n),,0,NCRB CII 2022 Table 3A.11 (1701935624TABLE3A11.xlsx)
2022,Delhi,Other Than Custodial Rape (Section 376(2)) - Repeated Rape on same women (Sec.376(2)(n),,39,NCRB CII 2022 Table 3A.11 (1701935624TABLE3A11.xlsx)
2022,Jammu & Kashmir,Other Than Custodial Rape (Section 376(2)) - Repeated Rape on same women (Sec.376(2)(n),,0,NCRB CII 2022 Table 3A.11 (1701935624TABLE3A11.xlsx)
2022,Ladakh,Other Than Custodial Rape (Section 376(2)) - Repeated Rape on same women (Sec.376(2)(n),,0,NCRB CII 2022 Table 3A.11 (1701935624TABLE3A11.xlsx)
2022,Lakshadweep,Other Than Custodial Rape (Section 376(2)) - Repeated Rape on same women (Sec.376(2)(n),,0,NCRB CII 2022 Table 3A.11 (1701935624TABLE3A11.xlsx)
2022,Puducherry,Other Than Custodial Rape (Section 376(2)) - Repeated Rape on same women (Sec.376(2)(n),,2,NCRB CII 2022 Table 3A.11 (1701935624TABLE3A11.xlsx)
2022,All India,Other Than Custodial Rape (Section 376(2)) - Repeated Rape on same women (Sec.376(2)(n),,4681,NCRB CII 2022 Table 3A.11 (1701935624TABLE3A11.xlsx)
2022,Andhra Pradesh,Other Than Custodial Rape (Section 376(2)) - Other Custodial Rapes,,18,NCRB CII 2022 Table 3A.11 (1701935624TABLE3A11.xlsx)
2022,Arunachal Pradesh,Other Than Custodial Rape (Section 376(2)) - Other Custodial Rapes,,3,NCRB CII 2022 Table 3A.11 (1701935624TABLE3A11.xlsx)
2022,Assam,Other Than Custodial Rape (Section 376(2)) - Other Custodial Rapes,,44,NCRB CII 2022 Table 3A.11 (1701935624TABLE3A11.xlsx)
2022,Bihar,Other Than Custodial Rape (Section 376(2)) - Other Custodial Rapes,,0,NCRB CII 2022 Table 3A.11 (1701935624TABLE3A11.xlsx)
2022,Chhattisgarh,Other Than Custodial Rape (Section 376(2)) - Other Custodial Rapes,,134,NCRB CII 2022 Table 3A.11 (1701935624TABLE3A11.xlsx)
2022,Goa,Other Than Custodial Rape (Section 376(2)) - Other Custodial Rapes,,0,NCRB CII 2022 Table 3A.11 (1701935624TABLE3A11.xlsx)
2022,Gujarat,Other Than Custodial Rape (Section 376(2)) - Other Custodial Rapes,,0,NCRB CII 2022 Table 3A.11 (1701935624TABLE3A11.xlsx)
2022,Haryana,Other Than Custodial Rape (Section 376(2)) - Other Custodial Rapes,,190,NCRB CII 2022 Table 3A.11 (1701935624TABLE3A11.xlsx)
2022,Himachal Pradesh,Other Than Custodial Rape (Section 376(2)) - Other Custodial Rapes,,0,NCRB CII 2022 Table 3A.11 (1701935624TABLE3A11.xlsx)
2022,Jharkhand,Other Than Custodial Rape (Section 376(2)) - Other Custodial Rapes,,4,NCRB CII 2022 Table 3A.11 (1701935624TABLE3A11.xlsx)
2022,Karnataka,Other Than Custodial Rape (Section 376(2)) - Other Custodial Rapes,,23,NCRB CII 2022 Table 3A.11 (1701935624TABLE3A11.xlsx)
2022,Kerala,Other Than Custodial Rape (Section 376(2)) - Other Custodial Rapes,,36,NCRB CII 2022 Table 3A.11 (1701935624TABLE3A11.xlsx)
2022,Madhya Pradesh,Other Than Custodial Rape (Section 376(2)) - Other Custodial Rapes,,313,NCRB CII 2022 Table 3A.11 (1701935624TABLE3A11.xlsx)
2022,Maharashtra,Other Than Custodial Rape (Section 376(2)) - Other Custodial Rapes,,0,NCRB CII 2022 Table 3A.11 (1701935624TABLE3A11.xlsx)
2022,Manipur,Other Than Custodial Rape (Section 376(2)) - Other Custodial Rapes,,3,NCRB CII 2022 Table 3A.11 (1701935624TABLE3A11.xlsx)
2022,Meghalaya,Other Than Custodial Rape (Section 376(2)) - Other Custodial Rapes,,0,NCRB CII 2022 Table 3A.11 (1701935624TABLE3A11.xlsx)
2022,Mizoram,Other Than Custodial Rape (Section 376(2)) - Other Custodial Rapes,,0,NCRB CII 2022 Table 3A.11 (1701935624TABLE3A11.xlsx)
2022,Nagaland,Other Than Custodial Rape (Section 376(2)) - Other Custodial Rapes,,0,NCRB CII 2022 Table 3A.11 (1701935624TABLE3A11.xlsx)
2022,Odisha,Other Than Custodial Rape (Section 376(2)) - Other Custodial Rapes,,0,NCRB CII 2022 Table 3A.11 (1701935624TABLE3A11.xlsx)
2022,Punjab,Other Than Custodial Rape (Section 376(2)) - Other Custodial Rapes,,0,NCRB CII 2022 Table 3A.11 (1701935624TABLE3A11.xlsx)
2022,Rajasthan,Other Than Custodial Rape (Section 376(2)) - Other Custodial Rapes,,81,NCRB CII 2022 Table 3A.11 (1701935624TABLE3A11.xlsx)
2022,Sikkim,Other Than Custodial Rape (Section 376(2)) - Other Custodial Rapes,,0,NCRB CII 2022 Table 3A.11 (1701935624TABLE3A11.xlsx)
2022,Tamil Nadu,Other Than Custodial Rape (Section 376(2)) - Other Custodial Rapes,,0,NCRB CII 2022 Table 3A.11 (1701935624TABLE3A11.xlsx)
2022,Telangana,Other Than Custodial Rape (Section 376(2)) - Other Custodial Rapes,,69,NCRB CII 2022 Table 3A.11 (1701935624TABLE3A11.xlsx)
2022,Tripura,Other Than Custodial Rape (Section 376(2)) - Other Custodial Rapes,,5,NCRB CII 2022 Table 3A.11 (1701935624TABLE3A11.xlsx)
2022,Uttar Pradesh,Other Than Custodial Rape (Section 376(2)) - Other Custodial Rapes,,66,NCRB CII 2022 Table 3A.11 (1701935624TABLE3A11.xlsx)
2022,Uttarakhand,Other Than Custodial Rape (Section 376(2)) - Other Custodial Rapes,,0,NCRB CII 2022 Table 3A.11 (1701935624TABLE3A11.xlsx)
2022,West Bengal,Other Than Custodial Rape (Section 376(2)) - Other Custodial Rapes,,144,NCRB CII 2022 Table 3A.11 (1701935624TABLE3A11.xlsx)
2022,Andaman & Nicobar Islands,Other Than Custodial Rape (Section 376(2)) - Other Custodial Rapes,,0,NCRB CII 2022 Table 3A.11 (1701935624TABLE3A11.xlsx)
2022,Chandigarh,Other Than Custodial Rape (Section 376(2)) - Other Custodial Rapes,,2,NCRB CII 2022 Table 3A.11 (1701935624TABLE3A11.xlsx)
2022,Dadra & Nagar Haveli and Daman & Diu,Other Than Custodial Rape (Section 376(2)) - Other Custodial Rapes,,0,NCRB CII 2022 Table 3A.11 (1701935624TABLE3A11.xlsx)
2022,Delhi,Other Than Custodial Rape (Section 376(2)) - Other Custodial Rapes,,16,NCRB CII 2022 Table 3A.11 (1701935624TABLE3A11.xlsx)
2022,Jammu & Kashmir,Other Than Custodial Rape (Section 376(2)) - Other Custodial Rapes,,9,NCRB CII 2022 Table 3A.11 (1701935624TABLE3A11.xlsx)
2022,Ladakh,Other Than Custodial Rape (Section 376(2)) - Other Custodial Rapes,,0,NCRB CII 2022 Table 3A.11 (1701935624TABLE3A11.xlsx)
2022,Lakshadweep,Other Than Custodial Rape (Section 376(2)) - Other Custodial Rapes,,0,NCRB CII 2022 Table 3A.11 (1701935624TABLE3A11.xlsx)
2022,Puducherry,Other Than Custodial Rape (Section 376(2)) - Other Custodial Rapes,,0,NCRB CII 2022 Table 3A.11 (1701935624TABLE3A11.xlsx)
2022,All India,Other Than Custodial Rape (Section 376(2)) - Other Custodial Rapes,,1160,NCRB CII 2022 Table 3A.11 (1701935624TABLE3A11.xlsx)
2022,Andhra Pradesh,Punishment upto 20 years extended to life for Rape (Below 16 Yrs) (Sec.376(3)),,0,NCRB CII 2022 Table 3A.11 (1701935624TABLE3A11.xlsx)
2022,Arunachal Pradesh,Punishment upto 20 years extended to life for Rape (Below 16 Yrs) (Sec.376(3)),,0,NCRB CII 2022 Table 3A.11 (1701935624TABLE3A11.xlsx)
2022,Assam,Punishment upto 20 years extended to life for Rape (Below 16 Yrs) (Sec.376(3)),,1,NCRB CII 2022 Table 3A.11 (1701935624TABLE3A11.xlsx)
2022,Bihar,Punishment upto 20 years extended to life for Rape (Below 16 Yrs) (Sec.376(3)),,0,NCRB CII 2022 Table 3A.11 (1701935624TABLE3A11.xlsx)
2022,Chhattisgarh,Punishment upto 20 years extended to life for Rape (Below 16 Yrs) (Sec.376(3)),,0,NCRB CII 2022 Table 3A.11 (1701935624TABLE3A11.xlsx)
2022,Goa,Punishment upto 20 years extended to life for Rape (Below 16 Yrs) (Sec.376(3)),,7,NCRB CII 2022 Table 3A.11 (1701935624TABLE3A11.xlsx)
2022,Gujarat,Punishment upto 20 years extended to life for Rape (Below 16 Yrs) (Sec.376(3)),,0,NCRB CII 2022 Table 3A.11 (1701935624TABLE3A11.xlsx)
2022,Haryana,Punishment upto 20 years extended to life for Rape (Below 16 Yrs) (Sec.376(3)),,0,NCRB CII 2022 Table 3A.11 (1701935624TABLE3A11.xlsx)
2022,Himachal Pradesh,Punishment upto 20 years extended to life for Rape (Below 16 Yrs) (Sec.376(3)),,1,NCRB CII 2022 Table 3A.11 (1701935624TABLE3A11.xlsx)
2022,Jharkhand,Punishment upto 20 years extended to life for Rape (Below 16 Yrs) (Sec.376(3)),,0,NCRB CII 2022 Table 3A.11 (1701935624TABLE3A11.xlsx)
2022,Karnataka,Punishment upto 20 years extended to life for Rape (Below 16 Yrs) (Sec.376(3)),,0,NCRB CII 2022 Table 3A.11 (1701935624TABLE3A11.xlsx)
2022,Kerala,Punishment upto 20 years extended to life for Rape (Below 16 Yrs) (Sec.376(3)),,0,NCRB CII 2022 Table 3A.11 (1701935624TABLE3A11.xlsx)
2022,Madhya Pradesh,Punishment upto 20 years extended to life for Rape (Below 16 Yrs) (Sec.376(3)),,0,NCRB CII 2022 Table 3A.11 (1701935624TABLE3A11.xlsx)
2022,Maharashtra,Punishment upto 20 years extended to life for Rape (Below 16 Yrs) (Sec.376(3)),,0,NCRB CII 2022 Table 3A.11 (1701935624TABLE3A11.xlsx)
2022,Manipur,Punishment upto 20 years extended to life for Rape (Below 16 Yrs) (Sec.376(3)),,0,NCRB CII 2022 Table 3A.11 (1701935624TABLE3A11.xlsx)
2022,Meghalaya,Punishment upto 20 years extended to life for Rape (Below 16 Yrs) (Sec.376(3)),,0,NCRB CII 2022 Table 3A.11 (1701935624TABLE3A11.xlsx)
2022,Mizoram,Punishment upto 20 years extended to life for Rape (Below 16 Yrs) (Sec.376(3)),,0,NCRB CII 2022 Table 3A.11 (1701935624TABLE3A11.xlsx)
2022,Nagaland,Punishment upto 20 years extended to life for Rape (Below 16 Yrs) (Sec.376(3)),,0,NCRB CII 2022 Table 3A.11 (1701935624TABLE3A11.xlsx)
2022,Odisha,Punishment upto 20 years extended to life for Rape (Below 16 Yrs) (Sec.376(3)),,0,NCRB CII 2022 Table 3A.11 (1701935624TABLE3A11.xlsx)
2022,Punjab,Punishment upto 20 years extended to life for Rape (Below 16 Yrs) (Sec.376(3)),,0,NCRB CII 2022 Table 3A.11 (1701935624TABLE3A11.xlsx)
2022,Rajasthan,Punishment upto 20 years extended to life for Rape (Below 16 Yrs) (Sec.376(3)),,0,NCRB CII 2022 Table 3A.11 (1701935624TABLE3A11.xlsx)
2022,Sikkim,Punishment upto 20 years extended to life for Rape (Below 16 Yrs) (Sec.376(3)),,0,NCRB CII 2022 Table 3A.11 (1701935624TABLE3A11.xlsx)
2022,Tamil Nadu,Punishment upto 20 years extended to life for Rape (Below 16 Yrs) (Sec.376(3)),,4,NCRB CII 2022 Table 3A.11 (1701935624TABLE3A11.xlsx)
2022,Telangana,Punishment upto 20 years extended to life for Rape (Below 16 Yrs) (Sec.376(3)),,0,NCRB CII 2022 Table 3A.11 (1701935624TABLE3A11.xlsx)
2022,Tripura,Punishment upto 20 years extended to life for Rape (Below 16 Yrs) (Sec.376(3)),,0,NCRB CII 2022 Table 3A.11 (1701935624TABLE3A11.xlsx)
2022,Uttar Pradesh,Punishment upto 20 years extended to life for Rape (Below 16 Yrs) (Sec.376(3)),,6,NCRB CII 2022 Table 3A.11 (1701935624TABLE3A11.xlsx)
2022,Uttarakhand,Punishment upto 20 years extended to life for Rape (Below 16 Yrs) (Sec.376(3)),,0,NCRB CII 2022 Table 3A.11 (1701935624TABLE3A11.xlsx)
2022,West Bengal,Punishment upto 20 years extended to life for Rape (Below 16 Yrs) (Sec.376(3)),,0,NCRB CII 2022 Table 3A.11 (1701935624TABLE3A11.xlsx)
2022,Andaman & Nicobar Islands,Punishment upto 20 years extended to life for Rape (Below 16 Yrs) (Sec.376(3)),,0,NCRB CII 2022 Table 3A.11 (1701935624TABLE3A11.xlsx)
2022,Chandigarh,Punishment upto 20 years extended to life for Rape (Below 16 Yrs) (Sec.376(3)),,16,NCRB CII 2022 Table 3A.11 (1701935624TABLE3A11.xlsx)
2022,Dadra & Nagar Haveli and Daman & Diu,Punishment upto 20 years extended to life for Rape (Below 16 Yrs) (Sec.376(3)),,0,NCRB CII 2022 Table 3A.11 (1701935624TABLE3A11.xlsx)
2022,Delhi,Punishment upto 20 years extended to life for Rape (Below 16 Yrs) (Sec.376(3)),,0,NCRB CII 2022 Table 3A.11 (1701935624TABLE3A11.xlsx)
2022,Jammu & Kashmir,Punishment upto 20 years extended to life for Rape (Below 16 Yrs) (Sec.376(3)),,0,NCRB CII 2022 Table 3A.11 (1701935624TABLE3A11.xlsx)
2022,Ladakh,Punishment upto 20 years extended to life for Rape (Below 16 Yrs) (Sec.376(3)),,0,NCRB CII 2022 Table 3A.11 (1701935624TABLE3A11.xlsx)
2022,Lakshadweep,Punishment upto 20 years extended to life for Rape (Below 16 Yrs) (Sec.376(3)),,0,NCRB CII 2022 Table 3A.11 (1701935624TABLE3A11.xlsx)
2022,Puducherry,Punishment upto 20 years extended to life for Rape (Below 16 Yrs) (Sec.376(3)),,0,NCRB CII 2022 Table 3A.11 (1701935624TABLE3A11.xlsx)
2022,All India,Punishment upto 20 years extended to life for Rape (Below 16 Yrs) (Sec.376(3)),,35,NCRB CII 2022 Table 3A.11 (1701935624TABLE3A11.xlsx)
2022,Andhra Pradesh,Punishment for causing Death (Sec.376(A)),,1,NCRB CII 2022 Table 3A.11 (1701935624TABLE3A11.xlsx)
2022,Arunachal Pradesh,Punishment for causing Death (Sec.376(A)),,0,NCRB CII 2022 Table 3A.11 (1701935624TABLE3A11.xlsx)
2022,Assam,Punishment for causing Death (Sec.376(A)),,1,NCRB CII 2022 Table 3A.11 (1701935624TABLE3A11.xlsx)
2022,Bihar,Punishment for causing Death (Sec.376(A)),,0,NCRB CII 2022 Table 3A.11 (1701935624TABLE3A11.xlsx)
2022,Chhattisgarh,Punishment for causing Death (Sec.376(A)),,0,NCRB CII 2022 Table 3A.11 (1701935624TABLE3A11.xlsx)
2022,Goa,Punishment for causing Death (Sec.376(A)),,0,NCRB CII 2022 Table 3A.11 (1701935624TABLE3A11.xlsx)
2022,Gujarat,Punishment for causing Death (Sec.376(A)),,0,NCRB CII 2022 Table 3A.11 (1701935624TABLE3A11.xlsx)
2022,Haryana,Punishment for causing Death (Sec.376(A)),,0,NCRB CII 2022 Table 3A.11 (1701935624TABLE3A11.xlsx)
2022,Himachal Pradesh,Punishment for causing Death (Sec.376(A)),,0,NCRB CII 2022 Table 3A.11 (1701935624TABLE3A11.xlsx)
2022,Jharkhand,Punishment for causing Death (Sec.376(A)),,1,NCRB CII 2022 Table 3A.11 (1701935624TABLE3A11.xlsx)
2022,Karnataka,Punishment for causing Death (Sec.376(A)),,2,NCRB CII 2022 Table 3A.11 (1701935624TABLE3A11.xlsx)
2022,Kerala,Punishment for causing Death (Sec.376(A)),,1,NCRB CII 2022 Table 3A.11 (1701935624TABLE3A11.xlsx)
2022,Madhya Pradesh,Punishment for causing Death (Sec.376(A)),,1,NCRB CII 2022 Table 3A.11 (1701935624TABLE3A11.xlsx)
2022,Maharashtra,Punishment for causing Death (Sec.376(A)),,4,NCRB CII 2022 Table 3A.11 (1701935624TABLE3A11.xlsx)
2022,Manipur,Punishment for causing Death (Sec.376(A)),,0,NCRB CII 2022 Table 3A.11 (1701935624TABLE3A11.xlsx)
2022,Meghalaya,Punishment for causing Death (Sec.376(A)),,0,NCRB CII 2022 Table 3A.11 (1701935624TABLE3A11.xlsx)
2022,Mizoram,Punishment for causing Death (Sec.376(A)),,0,NCRB CII 2022 Table 3A.11 (1701935624TABLE3A11.xlsx)
2022,Nagaland,Punishment for causing Death (Sec.376(A)),,0,NCRB CII 2022 Table 3A.11 (1701935624TABLE3A11.xlsx)
2022,Odisha,Punishment for causing Death (Sec.376(A)),,0,NCRB CII 2022 Table 3A.11 (1701935624TABLE3A11.xlsx)
2022,Punjab,Punishment for causing Death (Sec.376(A)),,0,NCRB CII 2022 Table 3A.11 (1701935624TABLE3A11.xlsx)
2022,Rajasthan,Punishment for causing Death (Sec.376(A)),,0,NCRB CII 2022 Table 3A.11 (1701935624TABLE3A11.xlsx)
2022,Sikkim,Punishment for causing Death (Sec.376(A)),,0,NCRB CII 2022 Table 3A.11 (1701935624TABLE3A11.xlsx)
2022,Tamil Nadu,Punishment for causing Death (Sec.376(A)),,0,NCRB CII 2022 Table 3A.11 (1701935624TABLE3A11.xlsx)
2022,Telangana,Punishment for causing Death (Sec.376(A)),,0,NCRB CII 2022 Table 3A.11 (1701935624TABLE3A11.xlsx)
2022,Tripura,Punishment for causing Death (Sec.376(A)),,0,NCRB CII 2022 Table 3A.11 (1701935624TABLE3A11.xlsx)
2022,Uttar Pradesh,Punishment for causing Death (Sec.376(A)),,0,NCRB CII 2022 Table 3A.11 (1701935624TABLE3A11.xlsx)
2022,Uttarakhand,Punishment for causing Death (Sec.376(A)),,0,NCRB CII 2022 Table 3A.11 (1701935624TABLE3A11.xlsx)
2022,West Bengal,Punishment for causing Death (Sec.376(A)),,0,NCRB CII 2022 Table 3A.11 (1701935624TABLE3A11.xlsx)
2022,Andaman & Nicobar Islands,Punishment for causing Death (Sec.376(A)),,0,NCRB CII 2022 Table 3A.11 (1701935624TABLE3A11.xlsx)
2022,Chandigarh,Punishment for causing Death (Sec.376(A)),,0,NCRB CII 2022 Table 3A.11 (1701935624TABLE3A11.xlsx)
2022,Dadra & Nagar Haveli and Daman & Diu,Punishment for causing Death (Sec.376(A)),,0,NCRB CII 2022 Table 3A.11 (1701935624TABLE3A11.xlsx)
2022,Delhi,Punishment for causing Death (Sec.376(A)),,1,NCRB CII 2022 Table 3A.11 (1701935624TABLE3A11.xlsx)
2022,Jammu & Kashmir,Punishment for causing Death (Sec.376(A)),,0,NCRB CII 2022 Table 3A.11 (1701935624TABLE3A11.xlsx)
2022,Ladakh,Punishment for causing Death (Sec.376(A)),,0,NCRB CII 2022 Table 3A.11 (1701935624TABLE3A11.xlsx)
2022,Lakshadweep,Punishment for causing Death (Sec.376(A)),,0,NCRB CII 2022 Table 3A.11 (1701935624TABLE3A11.xlsx)
2022,Puducherry,Punishment for causing Death (Sec.376(A)),,0,NCRB CII 2022 Table 3A.11 (1701935624TABLE3A11.xlsx)
2022,All India,Punishment for causing Death (Sec.376(A)),,12,NCRB CII 2022 Table 3A.11 (1701935624TABLE3A11.xlsx)
2022,Andhra Pradesh,By Separated husband (Sec.376 (B)),,3,NCRB CII 2022 Table 3A.11 (1701935624TABLE3A11.xlsx)
2022,Arunachal Pradesh,By Separated husband (Sec.376 (B)),,0,NCRB CII 2022 Table 3A.11 (1701935624TABLE3A11.xlsx)
2022,Assam,By Separated husband (Sec.376 (B)),,1,NCRB CII 2022 Table 3A.11 (1701935624TABLE3A11.xlsx)
2022,Bihar,By Separated husband (Sec.376 (B)),,0,NCRB CII 2022 Table 3A.11 (1701935624TABLE3A11.xlsx)
2022,Chhattisgarh,By Separated husband (Sec.376 (B)),,0,NCRB CII 2022 Table 3A.11 (1701935624TABLE3A11.xlsx)
2022,Goa,By Separated husband (Sec.376 (B)),,0,NCRB CII 2022 Table 3A.11 (1701935624TABLE3A11.xlsx)
2022,Gujarat,By Separated husband (Sec.376 (B)),,0,NCRB CII 2022 Table 3A.11 (1701935624TABLE3A11.xlsx)
2022,Haryana,By Separated husband (Sec.376 (B)),,5,NCRB CII 2022 Table 3A.11 (1701935624TABLE3A11.xlsx)
2022,Himachal Pradesh,By Separated husband (Sec.376 (B)),,0,NCRB CII 2022 Table 3A.11 (1701935624TABLE3A11.xlsx)
2022,Jharkhand,By Separated husband (Sec.376 (B)),,0,NCRB CII 2022 Table 3A.11 (1701935624TABLE3A11.xlsx)
2022,Karnataka,By Separated husband (Sec.376 (B)),,3,NCRB CII 2022 Table 3A.11 (1701935624TABLE3A11.xlsx)
2022,Kerala,By Separated husband (Sec.376 (B)),,2,NCRB CII 2022 Table 3A.11 (1701935624TABLE3A11.xlsx)
2022,Madhya Pradesh,By Separated husband (Sec.376 (B)),,3,NCRB CII 2022 Table 3A.11 (1701935624TABLE3A11.xlsx)
2022,Maharashtra,By Separated husband (Sec.376 (B)),,8,NCRB CII 2022 Table 3A.11 (1701935624TABLE3A11.xlsx)
2022,Manipur,By Separated husband (Sec.376 (B)),,0,NCRB CII 2022 Table 3A.11 (1701935624TABLE3A11.xlsx)
2022,Meghalaya,By Separated husband (Sec.376 (B)),,0,NCRB CII 2022 Table 3A.11 (1701935624TABLE3A11.xlsx)
2022,Mizoram,By Separated husband (Sec.376 (B)),,0,NCRB CII 2022 Table 3A.11 (1701935624TABLE3A11.xlsx)
2022,Nagaland,By Separated husband (Sec.376 (B)),,0,NCRB CII 2022 Table 3A.11 (1701935624TABLE3A11.xlsx)
2022,Odisha,By Separated husband (Sec.376 (B)),,0,NCRB CII 2022 Table 3A.11 (1701935624TABLE3A11.xlsx)
2022,Punjab,By Separated husband (Sec.376 (B)),,1,NCRB CII 2022 Table 3A.11 (1701935624TABLE3A11.xlsx)
2022,Rajasthan,By Separated husband (Sec.376 (B)),,4,NCRB CII 2022 Table 3A.11 (1701935624TABLE3A11.xlsx)
2022,Sikkim,By Separated husband (Sec.376 (B)),,0,NCRB CII 2022 Table 3A.11 (1701935624TABLE3A11.xlsx)
2022,Tamil Nadu,By Separated husband (Sec.376 (B)),,1,NCRB CII 2022 Table 3A.11 (1701935624TABLE3A11.xlsx)
2022,Telangana,By Separated husband (Sec.376 (B)),,3,NCRB CII 2022 Table 3A.11 (1701935624TABLE3A11.xlsx)
2022,Tripura,By Separated husband (Sec.376 (B)),,1,NCRB CII 2022 Table 3A.11 (1701935624TABLE3A11.xlsx)
2022,Uttar Pradesh,By Separated husband (Sec.376 (B)),,0,NCRB CII 2022 Table 3A.11 (1701935624TABLE3A11.xlsx)
2022,Uttarakhand,By Separated husband (Sec.376 (B)),,0,NCRB CII 2022 Table 3A.11 (1701935624TABLE3A11.xlsx)
2022,West Bengal,By Separated husband (Sec.376 (B)),,0,NCRB CII 2022 Table 3A.11 (1701935624TABLE3A11.xlsx)
2022,Andaman & Nicobar Islands,By Separated husband (Sec.376 (B)),,0,NCRB CII 2022 Table 3A.11 (1701935624TABLE3A11.xlsx)
2022,Chandigarh,By Separated husband (Sec.376 (B)),,1,NCRB CII 2022 Table 3A.11 (1701935624TABLE3A11.xlsx)
2022,Dadra & Nagar Haveli and Daman & Diu,By Separated husband (Sec.376 (B)),,0,NCRB CII 2022 Table 3A.11 (1701935624TABLE3A11.xlsx)
2022,Delhi,By Separated husband (Sec.376 (B)),,4,NCRB CII 2022 Table 3A.11 (1701935624TABLE3A11.xlsx)
2022,Jammu & Kashmir,By Separated husband (Sec.376 (B)),,0,NCRB CII 2022 Table 3A.11 (1701935624TABLE3A11.xlsx)
2022,Ladakh,By Separated husband (Sec.376 (B)),,0,NCRB CII 2022 Table 3A.11 (1701935624TABLE3A11.xlsx)
2022,Lakshadweep,By Separated husband (Sec.376 (B)),,0,NCRB CII 2022 Table 3A.11 (1701935624TABLE3A11.xlsx)
2022,Puducherry,By Separated husband (Sec.376 (B)),,0,NCRB CII 2022 Table 3A.11 (1701935624TABLE3A11.xlsx)
2022,All India,By Separated husband (Sec.376 (B)),,40,NCRB CII 2022 Table 3A.11 (1701935624TABLE3A11.xlsx)
2022,Andhra Pradesh,Rape of Girl Below 12 Yrs (Imprisonment for life till death) (Sec.376(AB)),,0,NCRB CII 2022 Table 3A.11 (1701935624TABLE3A11.xlsx)
2022,Arunachal Pradesh,Rape of Girl Below 12 Yrs (Imprisonment for life till death) (Sec.376(AB)),,2,NCRB CII 2022 Table 3A.11 (1701935624TABLE3A11.xlsx)
2022,Assam,Rape of Girl Below 12 Yrs (Imprisonment for life till death) (Sec.376(AB)),,0,NCRB CII 2022 Table 3A.11 (1701935624TABLE3A11.xlsx)
2022,Bihar,Rape of Girl Below 12 Yrs (Imprisonment for life till death) (Sec.376(AB)),,0,NCRB CII 2022 Table 3A.11 (1701935624TABLE3A11.xlsx)
2022,Chhattisgarh,Rape of Girl Below 12 Yrs (Imprisonment for life till death) (Sec.376(AB)),,0,NCRB CII 2022 Table 3A.11 (1701935624TABLE3A11.xlsx)
2022,Goa,Rape of Girl Below 12 Yrs (Imprisonment for life till death) (Sec.376(AB)),,6,NCRB CII 2022 Table 3A.11 (1701935624TABLE3A11.xlsx)
2022,Gujarat,Rape of Girl Below 12 Yrs (Imprisonment for life till death) (Sec.376(AB)),,0,NCRB CII 2022 Table 3A.11 (1701935624TABLE3A11.xlsx)
2022,Haryana,Rape of Girl Below 12 Yrs (Imprisonment for life till death) (Sec.376(AB)),,0,NCRB CII 2022 Table 3A.11 (1701935624TABLE3A11.xlsx)
2022,Himachal Pradesh,Rape of Girl Below 12 Yrs (Imprisonment for life till death) (Sec.376(AB)),,0,NCRB CII 2022 Table 3A.11 (1701935624TABLE3A11.xlsx)
2022,Jharkhand,Rape of Girl Below 12 Yrs (Imprisonment for life till death) (Sec.376(AB)),,0,NCRB CII 2022 Table 3A.11 (1701935624TABLE3A11.xlsx)
2022,Karnataka,Rape of Girl Below 12 Yrs (Imprisonment for life till death) (Sec.376(AB)),,0,NCRB CII 2022 Table 3A.11 (1701935624TABLE3A11.xlsx)
2022,Kerala,Rape of Girl Below 12 Yrs (Imprisonment for life till death) (Sec.376(AB)),,0,NCRB CII 2022 Table 3A.11 (1701935624TABLE3A11.xlsx)
2022,Madhya Pradesh,Rape of Girl Below 12 Yrs (Imprisonment for life till death) (Sec.376(AB)),,0,NCRB CII 2022 Table 3A.11 (1701935624TABLE3A11.xlsx)
2022,Maharashtra,Rape of Girl Below 12 Yrs (Imprisonment for life till death) (Sec.376(AB)),,0,NCRB CII 2022 Table 3A.11 (1701935624TABLE3A11.xlsx)
2022,Manipur,Rape of Girl Below 12 Yrs (Imprisonment for life till death) (Sec.376(AB)),,0,NCRB CII 2022 Table 3A.11 (1701935624TABLE3A11.xlsx)
2022,Meghalaya,Rape of Girl Below 12 Yrs (Imprisonment for life till death) (Sec.376(AB)),,0,NCRB CII 2022 Table 3A.11 (1701935624TABLE3A11.xlsx)
2022,Mizoram,Rape of Girl Below 12 Yrs (Imprisonment for life till death) (Sec.376(AB)),,0,NCRB CII 2022 Table 3A.11 (1701935624TABLE3A11.xlsx)
2022,Nagaland,Rape of Girl Below 12 Yrs (Imprisonment for life till death) (Sec.376(AB)),,0,NCRB CII 2022 Table 3A.11 (1701935624TABLE3A11.xlsx)
2022,Odisha,Rape of Girl Below 12 Yrs (Imprisonment for life till death) (Sec.376(AB)),,0,NCRB CII 2022 Table 3A.11 (1701935624TABLE3A11.xlsx)
2022,Punjab,Rape of Girl Below 12 Yrs (Imprisonment for life till death) (Sec.376(AB)),,0,NCRB CII 2022 Table 3A.11 (1701935624TABLE3A11.xlsx)
2022,Rajasthan,Rape of Girl Below 12 Yrs (Imprisonment for life till death) (Sec.376(AB)),,0,NCRB CII 2022 Table 3A.11 (1701935624TABLE3A11.xlsx)
2022,Sikkim,Rape of Girl Below 12 Yrs (Imprisonment for life till death) (Sec.376(AB)),,0,NCRB CII 2022 Table 3A.11 (1701935624TABLE3A11.xlsx)
2022,Tamil Nadu,Rape of Girl Below 12 Yrs (Imprisonment for life till death) (Sec.376(AB)),,0,NCRB CII 2022 Table 3A.11 (1701935624TABLE3A11.xlsx)
2022,Telangana,Rape of Girl Below 12 Yrs (Imprisonment for life till death) (Sec.376(AB)),,0,NCRB CII 2022 Table 3A.11 (1701935624TABLE3A11.xlsx)
2022,Tripura,Rape of Girl Below 12 Yrs (Imprisonment for life till death) (Sec.376(AB)),,0,NCRB CII 2022 Table 3A.11 (1701935624TABLE3A11.xlsx)
2022,Uttar Pradesh,Rape of Girl Below 12 Yrs (Imprisonment for life till death) (Sec.376(AB)),,53,NCRB CII 2022 Table 3A.11 (1701935624TABLE3A11.xlsx)
2022,Uttarakhand,Rape of Girl Below 12 Yrs (Imprisonment for life till death) (Sec.376(AB)),,0,NCRB CII 2022 Table 3A.11 (1701935624TABLE3A11.xlsx)
2022,West Bengal,Rape of Girl Below 12 Yrs (Imprisonment for life till death) (Sec.376(AB)),,0,NCRB CII 2022 Table 3A.11 (1701935624TABLE3A11.xlsx)
2022,Andaman & Nicobar Islands,Rape of Girl Below 12 Yrs (Imprisonment for life till death) (Sec.376(AB)),,0,NCRB CII 2022 Table 3A.11 (1701935624TABLE3A11.xlsx)
2022,Chandigarh,Rape of Girl Below 12 Yrs (Imprisonment for life till death) (Sec.376(AB)),,5,NCRB CII 2022 Table 3A.11 (1701935624TABLE3A11.xlsx)
2022,Dadra & Nagar Haveli and Daman & Diu,Rape of Girl Below 12 Yrs (Imprisonment for life till death) (Sec.376(AB)),,0,NCRB CII 2022 Table 3A.11 (1701935624TABLE3A11.xlsx)
2022,Delhi,Rape of Girl Below 12 Yrs (Imprisonment for life till death) (Sec.376(AB)),,0,NCRB CII 2022 Table 3A.11 (1701935624TABLE3A11.xlsx)
2022,Jammu & Kashmir,Rape of Girl Below 12 Yrs (Imprisonment for life till death) (Sec.376(AB)),,0,NCRB CII 2022 Table 3A.11 (1701935624TABLE3A11.xlsx)
2022,Ladakh,Rape of Girl Below 12 Yrs (Imprisonment for life till death) (Sec.376(AB)),,0,NCRB CII 2022 Table 3A.11 (1701935624TABLE3A11.xlsx)
2022,Lakshadweep,Rape of Girl Below 12 Yrs (Imprisonment for life till death) (Sec.376(AB)),,0,NCRB CII 2022 Table 3A.11 (1701935624TABLE3A11.xlsx)
2022,Puducherry,Rape of Girl Below 12 Yrs (Imprisonment for life till death) (Sec.376(AB)),,0,NCRB CII 2022 Table 3A.11 (1701935624TABLE3A11.xlsx)
2022,All India,Rape of Girl Below 12 Yrs (Imprisonment for life till death) (Sec.376(AB)),,66,NCRB CII 2022 Table 3A.11 (1701935624TABLE3A11.xlsx)
2022,Andhra Pradesh,By Person in Authority (Sec.376 (C)),,0,NCRB CII 2022 Table 3A.11 (1701935624TABLE3A11.xlsx)
2022,Arunachal Pradesh,By Person in Authority (Sec.376 (C)),,0,NCRB CII 2022 Table 3A.11 (1701935624TABLE3A11.xlsx)
2022,Assam,By Person in Authority (Sec.376 (C)),,0,NCRB CII 2022 Table 3A.11 (1701935624TABLE3A11.xlsx)
2022,Bihar,By Person in Authority (Sec.376 (C)),,0,NCRB CII 2022 Table 3A.11 (1701935624TABLE3A11.xlsx)
2022,Chhattisgarh,By Person in Authority (Sec.376 (C)),,0,NCRB CII 2022 Table 3A.11 (1701935624TABLE3A11.xlsx)
2022,Goa,By Person in Authority (Sec.376 (C)),,0,NCRB CII 2022 Table 3A.11 (1701935624TABLE3A11.xlsx)
2022,Gujarat,By Person in Authority (Sec.376 (C)),,1,NCRB CII 2022 Table 3A.11 (1701935624TABLE3A11.xlsx)
2022,Haryana,By Person in Authority (Sec.376 (C)),,4,NCRB CII 2022 Table 3A.11 (1701935624TABLE3A11.xlsx)
2022,Himachal Pradesh,By Person in Authority (Sec.376 (C)),,0,NCRB CII 2022 Table 3A.11 (1701935624TABLE3A11.xlsx)
2022,Jharkhand,By Person in Authority (Sec.376 (C)),,0,NCRB CII 2022 Table 3A.11 (1701935624TABLE3A11.xlsx)
2022,Karnataka,By Person in Authority (Sec.376 (C)),,0,NCRB CII 2022 Table 3A.11 (1701935624TABLE3A11.xlsx)
2022,Kerala,By Person in Authority (Sec.376 (C)),,1,NCRB CII 2022 Table 3A.11 (1701935624TABLE3A11.xlsx)
2022,Madhya Pradesh,By Person in Authority (Sec.376 (C)),,1,NCRB CII 2022 Table 3A.11 (1701935624TABLE3A11.xlsx)
2022,Maharashtra,By Person in Authority (Sec.376 (C)),,0,NCRB CII 2022 Table 3A.11 (1701935624TABLE3A11.xlsx)
2022,Manipur,By Person in Authority (Sec.376 (C)),,0,NCRB CII 2022 Table 3A.11 (1701935624TABLE3A11.xlsx)
2022,Meghalaya,By Person in Authority (Sec.376 (C)),,0,NCRB CII 2022 Table 3A.11 (1701935624TABLE3A11.xlsx)
2022,Mizoram,By Person in Authority (Sec.376 (C)),,0,NCRB CII 2022 Table 3A.11 (1701935624TABLE3A11.xlsx)
2022,Nagaland,By Person in Authority (Sec.376 (C)),,0,NCRB CII 2022 Table 3A.11 (1701935624TABLE3A11.xlsx)
2022,Odisha,By Person in Authority (Sec.376 (C)),,0,NCRB CII 2022 Table 3A.11 (1701935624TABLE3A11.xlsx)
2022,Punjab,By Person in Authority (Sec.376 (C)),,0,NCRB CII 2022 Table 3A.11 (1701935624TABLE3A11.xlsx)
2022,Rajasthan,By Person in Authority (Sec.376 (C)),,0,NCRB CII 2022 Table 3A.11 (1701935624TABLE3A11.xlsx)
2022,Sikkim,By Person in Authority (Sec.376 (C)),,0,NCRB CII 2022 Table 3A.11 (1701935624TABLE3A11.xlsx)
2022,Tamil Nadu,By Person in Authority (Sec.376 (C)),,0,NCRB CII 2022 Table 3A.11 (1701935624TABLE3A11.xlsx)
2022,Telangana,By Person in Authority (Sec.376 (C)),,0,NCRB CII 2022 Table 3A.11 (1701935624TABLE3A11.xlsx)
2022,Tripura,By Person in Authority (Sec.376 (C)),,0,NCRB CII 2022 Table 3A.11 (1701935624TABLE3A11.xlsx)
2022,Uttar Pradesh,By Person in Authority (Sec.376 (C)),,1,NCRB CII 2022 Table 3A.11 (1701935624TABLE3A11.xlsx)
2022,Uttarakhand,By Person in Authority (Sec.376 (C)),,0,NCRB CII 2022 Table 3A.11 (1701935624TABLE3A11.xlsx)
2022,West Bengal,By Person in Authority (Sec.376 (C)),,0,NCRB CII 2022 Table 3A.11 (1701935624TABLE3A11.xlsx)
2022,Andaman & Nicobar Islands,By Person in Authority (Sec.376 (C)),,0,NCRB CII 2022 Table 3A.11 (1701935624TABLE3A11.xlsx)
2022,Chandigarh,By Person in Authority (Sec.376 (C)),,0,NCRB CII 2022 Table 3A.11 (1701935624TABLE3A11.xlsx)
2022,Dadra & Nagar Haveli and Daman & Diu,By Person in Authority (Sec.376 (C)),,0,NCRB CII 2022 Table 3A.11 (1701935624TABLE3A11.xlsx)
2022,Delhi,By Person in Authority (Sec.376 (C)),,2,NCRB CII 2022 Table 3A.11 (1701935624TABLE3A11.xlsx)
2022,Jammu & Kashmir,By Person in Authority (Sec.376 (C)),,0,NCRB CII 2022 Table 3A.11 (1701935624TABLE3A11.xlsx)
2022,Ladakh,By Person in Authority (Sec.376 (C)),,0,NCRB CII 2022 Table 3A.11 (1701935624TABLE3A11.xlsx)
2022,Lakshadweep,By Person in Authority (Sec.376 (C)),,0,NCRB CII 2022 Table 3A.11 (1701935624TABLE3A11.xlsx)
2022,Puducherry,By Person in Authority (Sec.376 (C)),,0,NCRB CII 2022 Table 3A.11 (1701935624TABLE3A11.xlsx)
2022,All India,By Person in Authority (Sec.376 (C)),,10,NCRB CII 2022 Table 3A.11 (1701935624TABLE3A11.xlsx)
2022,Andhra Pradesh,Gang Rape (Sec.376(D)),,9,NCRB CII 2022 Table 3A.11 (1701935624TABLE3A11.xlsx)
2022,Arunachal Pradesh,Gang Rape (Sec.376(D)),,2,NCRB CII 2022 Table 3A.11 (1701935624TABLE3A11.xlsx)
2022,Assam,Gang Rape (Sec.376(D)),,22,NCRB CII 2022 Table 3A.11 (1701935624TABLE3A11.xlsx)
2022,Bihar,Gang Rape (Sec.376(D)),,0,NCRB CII 2022 Table 3A.11 (1701935624TABLE3A11.xlsx)
2022,Chhattisgarh,Gang Rape (Sec.376(D)),,15,NCRB CII 2022 Table 3A.11 (1701935624TABLE3A11.xlsx)
2022,Goa,Gang Rape (Sec.376(D)),,2,NCRB CII 2022 Table 3A.11 (1701935624TABLE3A11.xlsx)
2022,Gujarat,Gang Rape (Sec.376(D)),,20,NCRB CII 2022 Table 3A.11 (1701935624TABLE3A11.xlsx)
2022,Haryana,Gang Rape (Sec.376(D)),,180,NCRB CII 2022 Table 3A.11 (1701935624TABLE3A11.xlsx)
2022,Himachal Pradesh,Gang Rape (Sec.376(D)),,2,NCRB CII 2022 Table 3A.11 (1701935624TABLE3A11.xlsx)
2022,Jharkhand,Gang Rape (Sec.376(D)),,61,NCRB CII 2022 Table 3A.11 (1701935624TABLE3A11.xlsx)
2022,Karnataka,Gang Rape (Sec.376(D)),,10,NCRB CII 2022 Table 3A.11 (1701935624TABLE3A11.xlsx)
2022,Kerala,Gang Rape (Sec.376(D)),,14,NCRB CII 2022 Table 3A.11 (1701935624TABLE3A11.xlsx)
2022,Madhya Pradesh,Gang Rape (Sec.376(D)),,187,NCRB CII 2022 Table 3A.11 (1701935624TABLE3A11.xlsx)
2022,Maharashtra,Gang Rape (Sec.376(D)),,78,NCRB CII 2022 Table 3A.11 (1701935624TABLE3A11.xlsx)
2022,Manipur,Gang Rape (Sec.376(D)),,0,NCRB CII 2022 Table 3A.11 (1701935624TABLE3A11.xlsx)
2022,Meghalaya,Gang Rape (Sec.376(D)),,4,NCRB CII 2022 Table 3A.11 (1701935624TABLE3A11.xlsx)
2022,Mizoram,Gang Rape (Sec.376(D)),,3,NCRB CII 2022 Table 3A.11 (1701935624TABLE3A11.xlsx)
2022,Nagaland,Gang Rape (Sec.376(D)),,0,NCRB CII 2022 Table 3A.11 (1701935624TABLE3A11.xlsx)
2022,Odisha,Gang Rape (Sec.376(D)),,0,NCRB CII 2022 Table 3A.11 (1701935624TABLE3A11.xlsx)
2022,Punjab,Gang Rape (Sec.376(D)),,19,NCRB CII 2022 Table 3A.11 (1701935624TABLE3A11.xlsx)
2022,Rajasthan,Gang Rape (Sec.376(D)),,1015,NCRB CII 2022 Table 3A.11 (1701935624TABLE3A11.xlsx)
2022,Sikkim,Gang Rape (Sec.376(D)),,0,NCRB CII 2022 Table 3A.11 (1701935624TABLE3A11.xlsx)
2022,Tamil Nadu,Gang Rape (Sec.376(D)),,7,NCRB CII 2022 Table 3A.11 (1701935624TABLE3A11.xlsx)
2022,Telangana,Gang Rape (Sec.376(D)),,10,NCRB CII 2022 Table 3A.11 (1701935624TABLE3A11.xlsx)
2022,Tripura,Gang Rape (Sec.376(D)),,2,NCRB CII 2022 Table 3A.11 (1701935624TABLE3A11.xlsx)
2022,Uttar Pradesh,Gang Rape (Sec.376(D)),,297,NCRB CII 2022 Table 3A.11 (1701935624TABLE3A11.xlsx)
2022,Uttarakhand,Gang Rape (Sec.376(D)),,4,NCRB CII 2022 Table 3A.11 (1701935624TABLE3A11.xlsx)
2022,West Bengal,Gang Rape (Sec.376(D)),,113,NCRB CII 2022 Table 3A.11 (1701935624TABLE3A11.xlsx)
2022,Andaman & Nicobar Islands,Gang Rape (Sec.376(D)),,1,NCRB CII 2022 Table 3A.11 (1701935624TABLE3A11.xlsx)
2022,Chandigarh,Gang Rape (Sec.376(D)),,4,NCRB CII 2022 Table 3A.11 (1701935624TABLE3A11.xlsx)
2022,Dadra & Nagar Haveli and Daman & Diu,Gang Rape (Sec.376(D)),,0,NCRB CII 2022 Table 3A.11 (1701935624TABLE3A11.xlsx)
2022,Delhi,Gang Rape (Sec.376(D)),,35,NCRB CII 2022 Table 3A.11 (1701935624TABLE3A11.xlsx)
2022,Jammu & Kashmir,Gang Rape (Sec.376(D)),,2,NCRB CII 2022 Table 3A.11 (1701935624TABLE3A11.xlsx)
2022,Ladakh,Gang Rape (Sec.376(D)),,0,NCRB CII 2022 Table 3A.11 (1701935624TABLE3A11.xlsx)
2022,Lakshadweep,Gang Rape (Sec.376(D)),,0,NCRB CII 2022 Table 3A.11 (1701935624TABLE3A11.xlsx)
2022,Puducherry,Gang Rape (Sec.376(D)),,0,NCRB CII 2022 Table 3A.11 (1701935624TABLE3A11.xlsx)
2022,All India,Gang Rape (Sec.376(D)),,2118,NCRB CII 2022 Table 3A.11 (1701935624TABLE3A11.xlsx)
2022,Andhra Pradesh,Rape/Gang Rape of Girl Below 16 Yrs (Imprisonment for life till death) (Sec.376(DA)),,0,NCRB CII 2022 Table 3A.11 (1701935624TABLE3A11.xlsx)
2022,Arunachal Pradesh,Rape/Gang Rape of Girl Below 16 Yrs (Imprisonment for life till death) (Sec.376(DA)),,0,NCRB CII 2022 Table 3A.11 (1701935624TABLE3A11.xlsx)
2022,Assam,Rape/Gang Rape of Girl Below 16 Yrs (Imprisonment for life till death) (Sec.376(DA)),,1,NCRB CII 2022 Table 3A.11 (1701935624TABLE3A11.xlsx)
2022,Bihar,Rape/Gang Rape of Girl Below 16 Yrs (Imprisonment for life till death) (Sec.376(DA)),,0,NCRB CII 2022 Table 3A.11 (1701935624TABLE3A11.xlsx)
2022,Chhattisgarh,Rape/Gang Rape of Girl Below 16 Yrs (Imprisonment for life till death) (Sec.376(DA)),,0,NCRB CII 2022 Table 3A.11 (1701935624TABLE3A11.xlsx)
2022,Goa,Rape/Gang Rape of Girl Below 16 Yrs (Imprisonment for life till death) (Sec.376(DA)),,0,NCRB CII 2022 Table 3A.11 (1701935624TABLE3A11.xlsx)
2022,Gujarat,Rape/Gang Rape of Girl Below 16 Yrs (Imprisonment for life till death) (Sec.376(DA)),,0,NCRB CII 2022 Table 3A.11 (1701935624TABLE3A11.xlsx)
2022,Haryana,Rape/Gang Rape of Girl Below 16 Yrs (Imprisonment for life till death) (Sec.376(DA)),,0,NCRB CII 2022 Table 3A.11 (1701935624TABLE3A11.xlsx)
2022,Himachal Pradesh,Rape/Gang Rape of Girl Below 16 Yrs (Imprisonment for life till death) (Sec.376(DA)),,0,NCRB CII 2022 Table 3A.11 (1701935624TABLE3A11.xlsx)
2022,Jharkhand,Rape/Gang Rape of Girl Below 16 Yrs (Imprisonment for life till death) (Sec.376(DA)),,0,NCRB CII 2022 Table 3A.11 (1701935624TABLE3A11.xlsx)
2022,Karnataka,Rape/Gang Rape of Girl Below 16 Yrs (Imprisonment for life till death) (Sec.376(DA)),,0,NCRB CII 2022 Table 3A.11 (1701935624TABLE3A11.xlsx)
2022,Kerala,Rape/Gang Rape of Girl Below 16 Yrs (Imprisonment for life till death) (Sec.376(DA)),,0,NCRB CII 2022 Table 3A.11 (1701935624TABLE3A11.xlsx)
2022,Madhya Pradesh,Rape/Gang Rape of Girl Below 16 Yrs (Imprisonment for life till death) (Sec.376(DA)),,0,NCRB CII 2022 Table 3A.11 (1701935624TABLE3A11.xlsx)
2022,Maharashtra,Rape/Gang Rape of Girl Below 16 Yrs (Imprisonment for life till death) (Sec.376(DA)),,0,NCRB CII 2022 Table 3A.11 (1701935624TABLE3A11.xlsx)
2022,Manipur,Rape/Gang Rape of Girl Below 16 Yrs (Imprisonment for life till death) (Sec.376(DA)),,0,NCRB CII 2022 Table 3A.11 (1701935624TABLE3A11.xlsx)
2022,Meghalaya,Rape/Gang Rape of Girl Below 16 Yrs (Imprisonment for life till death) (Sec.376(DA)),,0,NCRB CII 2022 Table 3A.11 (1701935624TABLE3A11.xlsx)
2022,Mizoram,Rape/Gang Rape of Girl Below 16 Yrs (Imprisonment for life till death) (Sec.376(DA)),,0,NCRB CII 2022 Table 3A.11 (1701935624TABLE3A11.xlsx)
2022,Nagaland,Rape/Gang Rape of Girl Below 16 Yrs (Imprisonment for life till death) (Sec.376(DA)),,0,NCRB CII 2022 Table 3A.11 (1701935624TABLE3A11.xlsx)
2022,Odisha,Rape/Gang Rape of Girl Below 16 Yrs (Imprisonment for life till death) (Sec.376(DA)),,0,NCRB CII 2022 Table 3A.11 (1701935624TABLE3A11.xlsx)
2022,Punjab,Rape/Gang Rape of Girl Below 16 Yrs (Imprisonment for life till death) (Sec.376(DA)),,0,NCRB CII 2022 Table 3A.11 (1701935624TABLE3A11.xlsx)
2022,Rajasthan,Rape/Gang Rape of Girl Below 16 Yrs (Imprisonment for life till death) (Sec.376(DA)),,0,NCRB CII 2022 Table 3A.11 (1701935624TABLE3A11.xlsx)
2022,Sikkim,Rape/Gang Rape of Girl Below 16 Yrs (Imprisonment for life till death) (Sec.376(DA)),,0,NCRB CII 2022 Table 3A.11 (1701935624TABLE3A11.xlsx)
2022,Tamil Nadu,Rape/Gang Rape of Girl Below 16 Yrs (Imprisonment for life till death) (Sec.376(DA)),,0,NCRB CII 2022 Table 3A.11 (1701935624TABLE3A11.xlsx)
2022,Telangana,Rape/Gang Rape of Girl Below 16 Yrs (Imprisonment for life till death) (Sec.376(DA)),,0,NCRB CII 2022 Table 3A.11 (1701935624TABLE3A11.xlsx)
2022,Tripura,Rape/Gang Rape of Girl Below 16 Yrs (Imprisonment for life till death) (Sec.376(DA)),,0,NCRB CII 2022 Table 3A.11 (1701935624TABLE3A11.xlsx)
2022,Uttar Pradesh,Rape/Gang Rape of Girl Below 16 Yrs (Imprisonment for life till death) (Sec.376(DA)),,3,NCRB CII 2022 Table 3A.11 (1701935624TABLE3A11.xlsx)
2022,Uttarakhand,Rape/Gang Rape of Girl Below 16 Yrs (Imprisonment for life till death) (Sec.376(DA)),,0,NCRB CII 2022 Table 3A.11 (1701935624TABLE3A11.xlsx)
2022,West Bengal,Rape/Gang Rape of Girl Below 16 Yrs (Imprisonment for life till death) (Sec.376(DA)),,0,NCRB CII 2022 Table 3A.11 (1701935624TABLE3A11.xlsx)
2022,Andaman & Nicobar Islands,Rape/Gang Rape of Girl Below 16 Yrs (Imprisonment for life till death) (Sec.376(DA)),,0,NCRB CII 2022 Table 3A.11 (1701935624TABLE3A11.xlsx)
2022,Chandigarh,Rape/Gang Rape of Girl Below 16 Yrs (Imprisonment for life till death) (Sec.376(DA)),,0,NCRB CII 2022 Table 3A.11 (1701935624TABLE3A11.xlsx)
2022,Dadra & Nagar Haveli and Daman & Diu,Rape/Gang Rape of Girl Below 16 Yrs (Imprisonment for life till death) (Sec.376(DA)),,0,NCRB CII 2022 Table 3A.11 (1701935624TABLE3A11.xlsx)
2022,Delhi,Rape/Gang Rape of Girl Below 16 Yrs (Imprisonment for life till death) (Sec.376(DA)),,0,NCRB CII 2022 Table 3A.11 (1701935624TABLE3A11.xlsx)
2022,Jammu & Kashmir,Rape/Gang Rape of Girl Below 16 Yrs (Imprisonment for life till death) (Sec.376(DA)),,0,NCRB CII 2022 Table 3A.11 (1701935624TABLE3A11.xlsx)
2022,Ladakh,Rape/Gang Rape of Girl Below 16 Yrs (Imprisonment for life till death) (Sec.376(DA)),,0,NCRB CII 2022 Table 3A.11 (1701935624TABLE3A11.xlsx)
2022,Lakshadweep,Rape/Gang Rape of Girl Below 16 Yrs (Imprisonment for life till death) (Sec.376(DA)),,0,NCRB CII 2022 Table 3A.11 (1701935624TABLE3A11.xlsx)
2022,Puducherry,Rape/Gang Rape of Girl Below 16 Yrs (Imprisonment for life till death) (Sec.376(DA)),,0,NCRB CII 2022 Table 3A.11 (1701935624TABLE3A11.xlsx)
2022,All India,Rape/Gang Rape of Girl Below 16 Yrs (Imprisonment for life till death) (Sec.376(DA)),,4,NCRB CII 2022 Table 3A.11 (1701935624TABLE3A11.xlsx)
2022,Andhra Pradesh,Rape/Gang Rape of Girl Below 12 Yrs (Imprisonment for life till death) (Sec.376(DB)),,0,NCRB CII 2022 Table 3A.11 (1701935624TABLE3A11.xlsx)
2022,Arunachal Pradesh,Rape/Gang Rape of Girl Below 12 Yrs (Imprisonment for life till death) (Sec.376(DB)),,0,NCRB CII 2022 Table 3A.11 (1701935624TABLE3A11.xlsx)
2022,Assam,Rape/Gang Rape of Girl Below 12 Yrs (Imprisonment for life till death) (Sec.376(DB)),,0,NCRB CII 2022 Table 3A.11 (1701935624TABLE3A11.xlsx)
2022,Bihar,Rape/Gang Rape of Girl Below 12 Yrs (Imprisonment for life till death) (Sec.376(DB)),,0,NCRB CII 2022 Table 3A.11 (1701935624TABLE3A11.xlsx)
2022,Chhattisgarh,Rape/Gang Rape of Girl Below 12 Yrs (Imprisonment for life till death) (Sec.376(DB)),,0,NCRB CII 2022 Table 3A.11 (1701935624TABLE3A11.xlsx)
2022,Goa,Rape/Gang Rape of Girl Below 12 Yrs (Imprisonment for life till death) (Sec.376(DB)),,0,NCRB CII 2022 Table 3A.11 (1701935624TABLE3A11.xlsx)
2022,Gujarat,Rape/Gang Rape of Girl Below 12 Yrs (Imprisonment for life till death) (Sec.376(DB)),,0,NCRB CII 2022 Table 3A.11 (1701935624TABLE3A11.xlsx)
2022,Haryana,Rape/Gang Rape of Girl Below 12 Yrs (Imprisonment for life till death) (Sec.376(DB)),,0,NCRB CII 2022 Table 3A.11 (1701935624TABLE3A11.xlsx)
2022,Himachal Pradesh,Rape/Gang Rape of Girl Below 12 Yrs (Imprisonment for life till death) (Sec.376(DB)),,0,NCRB CII 2022 Table 3A.11 (1701935624TABLE3A11.xlsx)
2022,Jharkhand,Rape/Gang Rape of Girl Below 12 Yrs (Imprisonment for life till death) (Sec.376(DB)),,0,NCRB CII 2022 Table 3A.11 (1701935624TABLE3A11.xlsx)
2022,Karnataka,Rape/Gang Rape of Girl Below 12 Yrs (Imprisonment for life till death) (Sec.376(DB)),,0,NCRB CII 2022 Table 3A.11 (1701935624TABLE3A11.xlsx)
2022,Kerala,Rape/Gang Rape of Girl Below 12 Yrs (Imprisonment for life till death) (Sec.376(DB)),,0,NCRB CII 2022 Table 3A.11 (1701935624TABLE3A11.xlsx)
2022,Madhya Pradesh,Rape/Gang Rape of Girl Below 12 Yrs (Imprisonment for life till death) (Sec.376(DB)),,0,NCRB CII 2022 Table 3A.11 (1701935624TABLE3A11.xlsx)
2022,Maharashtra,Rape/Gang Rape of Girl Below 12 Yrs (Imprisonment for life till death) (Sec.376(DB)),,0,NCRB CII 2022 Table 3A.11 (1701935624TABLE3A11.xlsx)
2022,Manipur,Rape/Gang Rape of Girl Below 12 Yrs (Imprisonment for life till death) (Sec.376(DB)),,0,NCRB CII 2022 Table 3A.11 (1701935624TABLE3A11.xlsx)
2022,Meghalaya,Rape/Gang Rape of Girl Below 12 Yrs (Imprisonment for life till death) (Sec.376(DB)),,0,NCRB CII 2022 Table 3A.11 (1701935624TABLE3A11.xlsx)
2022,Mizoram,Rape/Gang Rape of Girl Below 12 Yrs (Imprisonment for life till death) (Sec.376(DB)),,0,NCRB CII 2022 Table 3A.11 (1701935624TABLE3A11.xlsx)
2022,Nagaland,Rape/Gang Rape of Girl Below 12 Yrs (Imprisonment for life till death) (Sec.376(DB)),,0,NCRB CII 2022 Table 3A.11 (1701935624TABLE3A11.xlsx)
2022,Odisha,Rape/Gang Rape of Girl Below 12 Yrs (Imprisonment for life till death) (Sec.376(DB)),,0,NCRB CII 2022 Table 3A.11 (1701935624TABLE3A11.xlsx)
2022,Punjab,Rape/Gang Rape of Girl Below 12 Yrs (Imprisonment for life till death) (Sec.376(DB)),,0,NCRB CII 2022 Table 3A.11 (1701935624TABLE3A11.xlsx)
2022,Rajasthan,Rape/Gang Rape of Girl Below 12 Yrs (Imprisonment for life till death) (Sec.376(DB)),,0,NCRB CII 2022 Table 3A.11 (1701935624TABLE3A11.xlsx)
2022,Sikkim,Rape/Gang Rape of Girl Below 12 Yrs (Imprisonment for life till death) (Sec.376(DB)),,0,NCRB CII 2022 Table 3A.11 (1701935624TABLE3A11.xlsx)
2022,Tamil Nadu,Rape/Gang Rape of Girl Below 12 Yrs (Imprisonment for life till death) (Sec.376(DB)),,0,NCRB CII 2022 Table 3A.11 (1701935624TABLE3A11.xlsx)
2022,Telangana,Rape/Gang Rape of Girl Below 12 Yrs (Imprisonment for life till death) (Sec.376(DB)),,0,NCRB CII 2022 Table 3A.11 (1701935624TABLE3A11.xlsx)
2022,Tripura,Rape/Gang Rape of Girl Below 12 Yrs (Imprisonment for life till death) (Sec.376(DB)),,0,NCRB CII 2022 Table 3A.11 (1701935624TABLE3A11.xlsx)
2022,Uttar Pradesh,Rape/Gang Rape of Girl Below 12 Yrs (Imprisonment for life till death) (Sec.376(DB)),,0,NCRB CII 2022 Table 3A.11 (1701935624TABLE3A11.xlsx)
2022,Uttarakhand,Rape/Gang Rape of Girl Below 12 Yrs (Imprisonment for life till death) (Sec.376(DB)),,0,NCRB CII 2022 Table 3A.11 (1701935624TABLE3A11.xlsx)
2022,West Bengal,Rape/Gang Rape of Girl Below 12 Yrs (Imprisonment for life till death) (Sec.376(DB)),,0,NCRB CII 2022 Table 3A.11 (1701935624TABLE3A11.xlsx)
2022,Andaman & Nicobar Islands,Rape/Gang Rape of Girl Below 12 Yrs (Imprisonment for life till death) (Sec.376(DB)),,0,NCRB CII 2022 Table 3A.11 (1701935624TABLE3A11.xlsx)
2022,Chandigarh,Rape/Gang Rape of Girl Below 12 Yrs (Imprisonment for life till death) (Sec.376(DB)),,0,NCRB CII 2022 Table 3A.11 (1701935624TABLE3A11.xlsx)
2022,Dadra & Nagar Haveli and Daman & Diu,Rape/Gang Rape of Girl Below 12 Yrs (Imprisonment for life till death) (Sec.376(DB)),,0,NCRB CII 2022 Table 3A.11 (1701935624TABLE3A11.xlsx)
2022,Delhi,Rape/Gang Rape of Girl Below 12 Yrs (Imprisonment for life till death) (Sec.376(DB)),,0,NCRB CII 2022 Table 3A.11 (1701935624TABLE3A11.xlsx)
2022,Jammu & Kashmir,Rape/Gang Rape of Girl Below 12 Yrs (Imprisonment for life till death) (Sec.376(DB)),,0,NCRB CII 2022 Table 3A.11 (1701935624TABLE3A11.xlsx)
2022,Ladakh,Rape/Gang Rape of Girl Below 12 Yrs (Imprisonment for life till death) (Sec.376(DB)),,0,NCRB CII 2022 Table 3A.11 (1701935624TABLE3A11.xlsx)
2022,Lakshadweep,Rape/Gang Rape of Girl Below 12 Yrs (Imprisonment for life till death) (Sec.376(DB)),,0,NCRB CII 2022 Table 3A.11 (1701935624TABLE3A11.xlsx)
2022,Puducherry,Rape/Gang Rape of Girl Below 12 Yrs (Imprisonment for life till death) (Sec.376(DB)),,0,NCRB CII 2022 Table 3A.11 (1701935624TABLE3A11.xlsx)
2022,All India,Rape/Gang Rape of Girl Below 12 Yrs (Imprisonment for life till death) (Sec.376(DB)),,0,NCRB CII 2022 Table 3A.11 (1701935624TABLE3A11.xlsx)
2022,Andhra Pradesh,Punishment for Repeat offenders (Sec.376(E)),,3,NCRB CII 2022 Table 3A.11 (1701935624TABLE3A11.xlsx)
2022,Arunachal Pradesh,Punishment for Repeat offenders (Sec.376(E)),,0,NCRB CII 2022 Table 3A.11 (1701935624TABLE3A11.xlsx)
2022,Assam,Punishment for Repeat offenders (Sec.376(E)),,0,NCRB CII 2022 Table 3A.11 (1701935624TABLE3A11.xlsx)
2022,Bihar,Punishment for Repeat offenders (Sec.376(E)),,0,NCRB CII 2022 Table 3A.11 (1701935624TABLE3A11.xlsx)
2022,Chhattisgarh,Punishment for Repeat offenders (Sec.376(E)),,0,NCRB CII 2022 Table 3A.11 (1701935624TABLE3A11.xlsx)
2022,Goa,Punishment for Repeat offenders (Sec.376(E)),,0,NCRB CII 2022 Table 3A.11 (1701935624TABLE3A11.xlsx)
2022,Gujarat,Punishment for Repeat offenders (Sec.376(E)),,0,NCRB CII 2022 Table 3A.11 (1701935624TABLE3A11.xlsx)
2022,Haryana,Punishment for Repeat offenders (Sec.376(E)),,84,NCRB CII 2022 Table 3A.11 (1701935624TABLE3A11.xlsx)
2022,Himachal Pradesh,Punishment for Repeat offenders (Sec.376(E)),,0,NCRB CII 2022 Table 3A.11 (1701935624TABLE3A11.xlsx)
2022,Jharkhand,Punishment for Repeat offenders (Sec.376(E)),,0,NCRB CII 2022 Table 3A.11 (1701935624TABLE3A11.xlsx)
2022,Karnataka,Punishment for Repeat offenders (Sec.376(E)),,0,NCRB CII 2022 Table 3A.11 (1701935624TABLE3A11.xlsx)
2022,Kerala,Punishment for Repeat offenders (Sec.376(E)),,0,NCRB CII 2022 Table 3A.11 (1701935624TABLE3A11.xlsx)
2022,Madhya Pradesh,Punishment for Repeat offenders (Sec.376(E)),,0,NCRB CII 2022 Table 3A.11 (1701935624TABLE3A11.xlsx)
2022,Maharashtra,Punishment for Repeat offenders (Sec.376(E)),,0,NCRB CII 2022 Table 3A.11 (1701935624TABLE3A11.xlsx)
2022,Manipur,Punishment for Repeat offenders (Sec.376(E)),,0,NCRB CII 2022 Table 3A.11 (1701935624TABLE3A11.xlsx)
2022,Meghalaya,Punishment for Repeat offenders (Sec.376(E)),,0,NCRB CII 2022 Table 3A.11 (1701935624TABLE3A11.xlsx)
2022,Mizoram,Punishment for Repeat offenders (Sec.376(E)),,0,NCRB CII 2022 Table 3A.11 (1701935624TABLE3A11.xlsx)
2022,Nagaland,Punishment for Repeat offenders (Sec.376(E)),,0,NCRB CII 2022 Table 3A.11 (1701935624TABLE3A11.xlsx)
2022,Odisha,Punishment for Repeat offenders (Sec.376(E)),,0,NCRB CII 2022 Table 3A.11 (1701935624TABLE3A11.xlsx)
2022,Punjab,Punishment for Repeat offenders (Sec.376(E)),,0,NCRB CII 2022 Table 3A.11 (1701935624TABLE3A11.xlsx)
2022,Rajasthan,Punishment for Repeat offenders (Sec.376(E)),,3,NCRB CII 2022 Table 3A.11 (1701935624TABLE3A11.xlsx)
2022,Sikkim,Punishment for Repeat offenders (Sec.376(E)),,0,NCRB CII 2022 Table 3A.11 (1701935624TABLE3A11.xlsx)
2022,Tamil Nadu,Punishment for Repeat offenders (Sec.376(E)),,0,NCRB CII 2022 Table 3A.11 (1701935624TABLE3A11.xlsx)
2022,Telangana,Punishment for Repeat offenders (Sec.376(E)),,1,NCRB CII 2022 Table 3A.11 (1701935624TABLE3A11.xlsx)
2022,Tripura,Punishment for Repeat offenders (Sec.376(E)),,0,NCRB CII 2022 Table 3A.11 (1701935624TABLE3A11.xlsx)
2022,Uttar Pradesh,Punishment for Repeat offenders (Sec.376(E)),,1,NCRB CII 2022 Table 3A.11 (1701935624TABLE3A11.xlsx)
2022,Uttarakhand,Punishment for Repeat offenders (Sec.376(E)),,0,NCRB CII 2022 Table 3A.11 (1701935624TABLE3A11.xlsx)
2022,West Bengal,Punishment for Repeat offenders (Sec.376(E)),,0,NCRB CII 2022 Table 3A.11 (1701935624TABLE3A11.xlsx)
2022,Andaman & Nicobar Islands,Punishment for Repeat offenders (Sec.376(E)),,0,NCRB CII 2022 Table 3A.11 (1701935624TABLE3A11.xlsx)
2022,Chandigarh,Punishment for Repeat offenders (Sec.376(E)),,0,NCRB CII 2022 Table 3A.11 (1701935624TABLE3A11.xlsx)
2022,Dadra & Nagar Haveli and Daman & Diu,Punishment for Repeat offenders (Sec.376(E)),,0,NCRB CII 2022 Table 3A.11 (1701935624TABLE3A11.xlsx)
2022,Delhi,Punishment for Repeat offenders (Sec.376(E)),,0,NCRB CII 2022 Table 3A.11 (1701935624TABLE3A11.xlsx)
2022,Jammu & Kashmir,Punishment for Repeat offenders (Sec.376(E)),,0,NCRB CII 2022 Table 3A.11 (1701935624TABLE3A11.xlsx)
2022,Ladakh,Punishment for Repeat offenders (Sec.376(E)),,0,NCRB CII 2022 Table 3A.11 (1701935624TABLE3A11.xlsx)
2022,Lakshadweep,Punishment for Repeat offenders (Sec.376(E)),,0,NCRB CII 2022 Table 3A.11 (1701935624TABLE3A11.xlsx)
2022,Puducherry,Punishment for Repeat offenders (Sec.376(E)),,0,NCRB CII 2022 Table 3A.11 (1701935624TABLE3A11.xlsx)
2022,All India,Punishment for Repeat offenders (Sec.376(E)),,92,NCRB CII 2022 Table 3A.11 (1701935624TABLE3A11.xlsx)
2022,Andhra Pradesh,Rape (Total) (Sec.376 IPC),,621,NCRB CII 2022 Table 3A.11 (1701935624TABLE3A11.xlsx)
2022,Arunachal Pradesh,Rape (Total) (Sec.376 IPC),,74,NCRB CII 2022 Table 3A.11 (1701935624TABLE3A11.xlsx)
2022,Assam,Rape (Total) (Sec.376 IPC),,1113,NCRB CII 2022 Table 3A.11 (1701935624TABLE3A11.xlsx)
2022,Bihar,Rape (Total) (Sec.376 IPC),,881,NCRB CII 2022 Table 3A.11 (1701935624TABLE3A11.xlsx)
2022,Chhattisgarh,Rape (Total) (Sec.376 IPC),,1246,NCRB CII 2022 Table 3A.11 (1701935624TABLE3A11.xlsx)
2022,Goa,Rape (Total) (Sec.376 IPC),,73,NCRB CII 2022 Table 3A.11 (1701935624TABLE3A11.xlsx)
2022,Gujarat,Rape (Total) (Sec.376 IPC),,610,NCRB CII 2022 Table 3A.11 (1701935624TABLE3A11.xlsx)
2022,Haryana,Rape (Total) (Sec.376 IPC),,1787,NCRB CII 2022 Table 3A.11 (1701935624TABLE3A11.xlsx)
2022,Himachal Pradesh,Rape (Total) (Sec.376 IPC),,359,NCRB CII 2022 Table 3A.11 (1701935624TABLE3A11.xlsx)
2022,Jharkhand,Rape (Total) (Sec.376 IPC),,1298,NCRB CII 2022 Table 3A.11 (1701935624TABLE3A11.xlsx)
2022,Karnataka,Rape (Total) (Sec.376 IPC),,595,NCRB CII 2022 Table 3A.11 (1701935624TABLE3A11.xlsx)
2022,Kerala,Rape (Total) (Sec.376 IPC),,814,NCRB CII 2022 Table 3A.11 (1701935624TABLE3A11.xlsx)
2022,Madhya Pradesh,Rape (Total) (Sec.376 IPC),,3029,NCRB CII 2022 Table 3A.11 (1701935624TABLE3A11.xlsx)
2022,Maharashtra,Rape (Total) (Sec.376 IPC),,2904,NCRB CII 2022 Table 3A.11 (1701935624TABLE3A11.xlsx)
2022,Manipur,Rape (Total) (Sec.376 IPC),,42,NCRB CII 2022 Table 3A.11 (1701935624TABLE3A11.xlsx)
2022,Meghalaya,Rape (Total) (Sec.376 IPC),,75,NCRB CII 2022 Table 3A.11 (1701935624TABLE3A11.xlsx)
2022,Mizoram,Rape (Total) (Sec.376 IPC),,14,NCRB CII 2022 Table 3A.11 (1701935624TABLE3A11.xlsx)
2022,Nagaland,Rape (Total) (Sec.376 IPC),,7,NCRB CII 2022 Table 3A.11 (1701935624TABLE3A11.xlsx)
2022,Odisha,Rape (Total) (Sec.376 IPC),,1464,NCRB CII 2022 Table 3A.11 (1701935624TABLE3A11.xlsx)
2022,Punjab,Rape (Total) (Sec.376 IPC),,517,NCRB CII 2022 Table 3A.11 (1701935624TABLE3A11.xlsx)
2022,Rajasthan,Rape (Total) (Sec.376 IPC),,5399,NCRB CII 2022 Table 3A.11 (1701935624TABLE3A11.xlsx)
2022,Sikkim,Rape (Total) (Sec.376 IPC),,13,NCRB CII 2022 Table 3A.11 (1701935624TABLE3A11.xlsx)
2022,Tamil Nadu,Rape (Total) (Sec.376 IPC),,421,NCRB CII 2022 Table 3A.11 (1701935624TABLE3A11.xlsx)
2022,Telangana,Rape (Total) (Sec.376 IPC),,814,NCRB CII 2022 Table 3A.11 (1701935624TABLE3A11.xlsx)
2022,Tripura,Rape (Total) (Sec.376 IPC),,62,NCRB CII 2022 Table 3A.11 (1701935624TABLE3A11.xlsx)
2022,Uttar Pradesh,Rape (Total) (Sec.376 IPC),,3690,NCRB CII 2022 Table 3A.11 (1701935624TABLE3A11.xlsx)
2022,Uttarakhand,Rape (Total) (Sec.376 IPC),,867,NCRB CII 2022 Table 3A.11 (1701935624TABLE3A11.xlsx)
2022,West Bengal,Rape (Total) (Sec.376 IPC),,1111,NCRB CII 2022 Table 3A.11 (1701935624TABLE3A11.xlsx)
2022,Andaman & Nicobar Islands,Rape (Total) (Sec.376 IPC),,12,NCRB CII 2022 Table 3A.11 (1701935624TABLE3A11.xlsx)
2022,Chandigarh,Rape (Total) (Sec.376 IPC),,78,NCRB CII 2022 Table 3A.11 (1701935624TABLE3A11.xlsx)
2022,Dadra & Nagar Haveli and Daman & Diu,Rape (Total) (Sec.376 IPC),,9,NCRB CII 2022 Table 3A.11 (1701935624TABLE3A11.xlsx)
2022,Delhi,Rape (Total) (Sec.376 IPC),,1212,NCRB CII 2022 Table 3A.11 (1701935624TABLE3A11.xlsx)
2022,Jammu & Kashmir,Rape (Total) (Sec.376 IPC),,287,NCRB CII 2022 Table 3A.11 (1701935624TABLE3A11.xlsx)
2022,Ladakh,Rape (Total) (Sec.376 IPC),,5,NCRB CII 2022 Table 3A.11 (1701935624TABLE3A11.xlsx)
2022,Lakshadweep,Rape (Total) (Sec.376 IPC),,4,NCRB CII 2022 Table 3A.11 (1701935624TABLE3A11.xlsx)
2022,Puducherry,Rape (Total) (Sec.376 IPC),,9,NCRB CII 2022 Table 3A.11 (1701935624TABLE3A11.xlsx)
2022,All India,Rape (Total) (Sec.376 IPC),,31516,NCRB CII 2022 Table 3A.11 (1701935624TABLE3A11.xlsx)
