year,state_ut,crime_head,custody_type,count,source
2015,Andaman & Nicobar Islands,Custodial Rape,custodial_total,0,"NCRB CII 2015 additional table: District-wise crimes committed against women 2015 (state ""Total District(s)"" rows)"
2015,Andaman & Nicobar Islands,Custodial_Gang Rape,custodial_gang_rape,0,"NCRB CII 2015 additional table: District-wise crimes committed against women 2015 (state ""Total District(s)"" rows)"
2015,Andaman & Nicobar Islands,Custodial_Other Rape,custodial_other_rape,0,"NCRB CII 2015 additional table: District-wise crimes committed against women 2015 (state ""Total District(s)"" rows)"
2015,Andhra Pradesh,Custodial Rape,custodial_total,1,"NCRB CII 2015 additional table: District-wise crimes committed against women 2015 (state ""Total District(s)"" rows)"
2015,Andhra Pradesh,Custodial_Gang Rape,custodial_gang_rape,0,"NCRB CII 2015 additional table: District-wise crimes committed against women 2015 (state ""Total District(s)"" rows)"
2015,Andhra Pradesh,Custodial_Other Rape,custodial_other_rape,1,"NCRB CII 2015 additional table: District-wise crimes committed against women 2015 (state ""Total District(s)"" rows)"
2015,Arunachal Pradesh,Custodial Rape,custodial_total,0,"NCRB CII 2015 additional table: District-wise crimes committed against women 2015 (state ""Total District(s)"" rows)"
2015,Arunachal Pradesh,Custodial_Gang Rape,custodial_gang_rape,0,"NCRB CII 2015 additional table: District-wise crimes committed against women 2015 (state ""Total District(s)"" rows)"
2015,Arunachal Pradesh,Custodial_Other Rape,custodial_other_rape,0,"NCRB CII 2015 additional table: District-wise crimes committed against women 2015 (state ""Total District(s)"" rows)"
2015,Assam,Custodial Rape,custodial_total,0,"NCRB CII 2015 additional table: District-wise crimes committed against women 2015 (state ""Total District(s)"" rows)"
2015,Assam,Custodial_Gang Rape,custodial_gang_rape,0,"NCRB CII 2015 additional table: District-wise crimes committed against women 2015 (state ""Total District(s)"" rows)"
2015,Assam,Custodial_Other Rape,custodial_other_rape,0,"NCRB CII 2015 additional table: District-wise crimes committed against women 2015 (state ""Total District(s)"" rows)"
2015,Bihar,Custodial Rape,custodial_total,0,"NCRB CII 2015 additional table: District-wise crimes committed against women 2015 (state ""Total District(s)"" rows)"
2015,Bihar,Custodial_Gang Rape,custodial_gang_rape,0,"NCRB CII 2015 additional table: District-wise crimes committed against women 2015 (state ""Total District(s)"" rows)"
2015,Bihar,Custodial_Other Rape,custodial_other_rape,0,"NCRB CII 2015 additional table: District-wise crimes committed against women 2015 (state ""Total District(s)"" rows)"
2015,Chandigarh,Custodial Rape,custodial_total,0,"NCRB CII 2015 additional table: District-wise crimes committed against women 2015 (state ""Total District(s)"" rows)"
2015,Chandigarh,Custodial_Gang Rape,custodial_gang_rape,0,"NCRB CII 2015 additional table: District-wise crimes committed against women 2015 (state ""Total District(s)"" rows)"
2015,Chandigarh,Custodial_Other Rape,custodial_other_rape,0,"NCRB CII 2015 additional table: District-wise crimes committed against women 2015 (state ""Total District(s)"" rows)"
2015,Chhattisgarh,Custodial Rape,custodial_total,0,"NCRB CII 2015 additional table: District-wise crimes committed against women 2015 (state ""Total District(s)"" rows)"
2015,Chhattisgarh,Custodial_Gang Rape,custodial_gang_rape,0,"NCRB CII 2015 additional table: District-wise crimes committed against women 2015 (state ""Total District(s)"" rows)"
2015,Chhattisgarh,Custodial_Other Rape,custodial_other_rape,0,"NCRB CII 2015 additional table: District-wise crimes committed against women 2015 (state ""Total District(s)"" rows)"
2015,Dadra & Nagar Haveli and Daman & Diu,Custodial Rape,custodial_total,0,"NCRB CII 2015 additional table: District-wise crimes committed against women 2015 (state ""Total District(s)"" rows)"
2015,Dadra & Nagar Haveli and Daman & Diu,Custodial_Gang Rape,custodial_gang_rape,0,"NCRB CII 2015 additional table: District-wise crimes committed against women 2015 (state ""Total District(s)"" rows)"
2015,Dadra & Nagar Haveli and Daman & Diu,Custodial_Other Rape,custodial_other_rape,0,"NCRB CII 2015 additional table: District-wise crimes committed against women 2015 (state ""Total District(s)"" rows)"
2015,Delhi,Custodial Rape,custodial_total,0,"NCRB CII 2015 additional table: District-wise crimes committed against women 2015 (state ""Total District(s)"" rows)"
2015,Delhi,Custodial_Gang Rape,custodial_gang_rape,0,"NCRB CII 2015 additional table: District-wise crimes committed against women 2015 (state ""Total District(s)"" rows)"
2015,Delhi,Custodial_Other Rape,custodial_other_rape,0,"NCRB CII 2015 additional table: District-wise crimes committed against women 2015 (state ""Total District(s)"" rows)"
2015,Goa,Custodial Rape,custodial_total,0,"NCRB CII 2015 additional table: District-wise crimes committed against women 2015 (state ""Total District(s)"" rows)"
2015,Goa,Custodial_Gang Rape,custodial_gang_rape,0,"NCRB CII 2015 additional table: District-wise crimes committed against women 2015 (state ""Total District(s)"" rows)"
2015,Goa,Custodial_Other Rape,custodial_other_rape,0,"NCRB CII 2015 additional table: District-wise crimes committed against women 2015 (state ""Total District(s)"" rows)"
2015,Gujarat,Custodial Rape,custodial_total,0,"NCRB CII 2015 additional table: District-wise crimes committed against women 2015 (state ""Total District(s)"" rows)"
2015,Gujarat,Custodial_Gang Rape,custodial_gang_rape,0,"NCRB CII 2015 additional table: District-wise crimes committed against women 2015 (state ""Total District(s)"" rows)"
2015,Gujarat,Custodial_Other Rape,custodial_other_rape,0,"NCRB CII 2015 additional table: District-wise crimes committed against women 2015 (state ""Total District(s)"" rows)"
2015,Haryana,Custodial Rape,custodial_total,0,"NCRB CII 2015 additional table: District-wise crimes committed against women 2015 (state ""Total District(s)"" rows)"
2015,Haryana,Custodial_Gang Rape,custodial_gang_rape,0,"NCRB CII 2015 additional table: District-wise crimes committed against women 2015 (state ""Total District(s)"" rows)"
2015,Haryana,Custodial_Other Rape,custodial_other_rape,0,"NCRB CII 2015 additional table: District-wise crimes committed against women 2015 (state ""Total District(s)"" rows)"
2015,Himachal Pradesh,Custodial Rape,custodial_total,0,"NCRB CII 2015 additional table: District-wise crimes committed against women 2015 (state ""Total District(s)"" rows)"
2015,Himachal Pradesh,Custodial_Gang Rape,custodial_gang_rape,0,"NCRB CII 2015 additional table: District-wise crimes committed against women 2015 (state ""Total District(s)"" rows)"
2015,Himachal Pradesh,Custodial_Other Rape,custodial_other_rape,0,"NCRB CII 2015 additional table: District-wise crimes committed against women 2015 (state ""Total District(s)"" rows)"
2015,Jammu & Kashmir,Custodial Rape,custodial_total,0,"NCRB CII 2015 additional table: District-wise crimes committed against women 2015 (state ""Total District(s)"" rows)"
2015,Jammu & Kashmir,Custodial_Gang Rape,custodial_gang_rape,0,"NCRB CII 2015 additional table: District-wise crimes committed against women 2015 (state ""Total District(s)"" rows)"
2015,Jammu & Kashmir,Custodial_Other Rape,custodial_other_rape,0,"NCRB CII 2015 additional table: District-wise crimes committed against women 2015 (state ""Total District(s)"" rows)"
2015,Jharkhand,Custodial Rape,custodial_total,0,"NCRB CII 2015 additional table: District-wise crimes committed against women 2015 (state ""Total District(s)"" rows)"
2015,Jharkhand,Custodial_Gang Rape,custodial_gang_rape,0,"NCRB CII 2015 additional table: District-wise crimes committed against women 2015 (state ""Total District(s)"" rows)"
2015,Jharkhand,Custodial_Other Rape,custodial_other_rape,0,"NCRB CII 2015 additional table: District-wise crimes committed against women 2015 (state ""Total District(s)"" rows)"
2015,Karnataka,Custodial Rape,custodial_total,0,"NCRB CII 2015 additional table: District-wise crimes committed against women 2015 (state ""Total District(s)"" rows)"
2015,Karnataka,Custodial_Gang Rape,custodial_gang_rape,0,"NCRB CII 2015 additional table: District-wise crimes committed against women 2015 (state ""Total District(s)"" rows)"
2015,Karnataka,Custodial_Other Rape,custodial_other_rape,0,"NCRB CII 2015 additional table: District-wise crimes committed against women 2015 (state ""Total District(s)"" rows)"
2015,Kerala,Custodial Rape,custodial_total,0,"NCRB CII 2015 additional table: District-wise crimes committed against women 2015 (state ""Total District(s)"" rows)"
2015,Kerala,Custodial_Gang Rape,custodial_gang_rape,0,"NCRB CII 2015 additional table: District-wise crimes committed against women 2015 (state ""Total District(s)"" rows)"
2015,Kerala,Custodial_Other Rape,custodial_other_rape,0,"NCRB CII 2015 additional table: District-wise crimes committed against women 2015 (state ""Total District(s)"" rows)"
2015,Lakshadweep,Custodial Rape,custodial_total,0,"NCRB CII 2015 additional table: District-wise crimes committed against women 2015 (state ""Total District(s)"" rows)"
2015,Lakshadweep,Custodial_Gang Rape,custodial_gang_rape,0,"NCRB CII 2015 additional table: District-wise crimes committed against women 2015 (state ""Total District(s)"" rows)"
2015,Lakshadweep,Custodial_Other Rape,custodial_other_rape,0,"NCRB CII 2015 additional table: District-wise crimes committed against women 2015 (state ""Total District(s)"" rows)"
2015,Madhya Pradesh,Custodial Rape,custodial_total,0,"NCRB CII 2015 additional table: District-wise crimes committed against women 2015 (state ""Total District(s)"" rows)"
2015,Madhya Pradesh,Custodial_Gang Rape,custodial_gang_rape,0,"NCRB CII 2015 additional table: District-wise crimes committed against women 2015 (state ""Total District(s)"" rows)"
2015,Madhya Pradesh,Custodial_Other Rape,custodial_other_rape,0,"NCRB CII 2015 additional table: District-wise crimes committed against women 2015 (state ""Total District(s)"" rows)"
2015,Maharashtra,Custodial Rape,custodial_total,0,"NCRB CII 2015 additional table: District-wise crimes committed against women 2015 (state ""Total District(s)"" rows)"
2015,Maharashtra,Custodial_Gang Rape,custodial_gang_rape,0,"NCRB CII 2015 additional table: District-wise crimes committed against women 2015 (state ""Total District(s)"" rows)"
2015,Maharashtra,Custodial_Other Rape,custodial_other_rape,0,"NCRB CII 2015 additional table: District-wise crimes committed against women 2015 (state ""Total District(s)"" rows)"
2015,Manipur,Custodial Rape,custodial_total,0,"NCRB CII 2015 additional table: District-wise crimes committed against women 2015 (state ""Total District(s)"" rows)"
2015,Manipur,Custodial_Gang Rape,custodial_gang_rape,0,"NCRB CII 2015 additional table: District-wise crimes committed against women 2015 (state ""Total District(s)"" rows)"
2015,Manipur,Custodial_Other Rape,custodial_other_rape,0,"NCRB CII 2015 additional table: District-wise crimes committed against women 2015 (state ""Total District(s)"" rows)"
2015,Meghalaya,Custodial Rape,custodial_total,0,"NCRB CII 2015 additional table: District-wise crimes committed against women 2015 (state ""Total District(s)"" rows)"
2015,Meghalaya,Custodial_Gang Rape,custodial_gang_rape,0,"NCRB CII 2015 additional table: District-wise crimes committed against women 2015 (state ""Total District(s)"" rows)"
2015,Meghalaya,Custodial_Other Rape,custodial_other_rape,0,"NCRB CII 2015 additional table: District-wise crimes committed against women 2015 (state ""Total District(s)"" rows)"
2015,Mizoram,Custodial Rape,custodial_total,0,"NCRB CII 2015 additional table: District-wise crimes committed against women 2015 (state ""Total District(s)"" rows)"
2015,Mizoram,Custodial_Gang Rape,custodial_gang_rape,0,"NCRB CII 2015 additional table: District-wise crimes committed against women 2015 (state ""Total District(s)"" rows)"
2015,Mizoram,Custodial_Other Rape,custodial_other_rape,0,"NCRB CII 2015 additional table: District-wise crimes committed against women 2015 (state ""Total District(s)"" rows)"
2015,Nagaland,Custodial Rape,custodial_total,0,"NCRB CII 2015 additional table: District-wise crimes committed against women 2015 (state ""Total District(s)"" rows)"
2015,Nagaland,Custodial_Gang Rape,custodial_gang_rape,0,"NCRB CII 2015 additional table: District-wise crimes committed against women 2015 (state ""Total District(s)"" rows)"
2015,Nagaland,Custodial_Other Rape,custodial_other_rape,0,"NCRB CII 2015 additional table: District-wise crimes committed against women 2015 (state ""Total District(s)"" rows)"
2015,Odisha,Custodial Rape,custodial_total,0,"NCRB CII 2015 additional table: District-wise crimes committed against women 2015 (state ""Total District(s)"" rows)"
2015,Odisha,Custodial_Gang Rape,custodial_gang_rape,0,"NCRB CII 2015 additional table: District-wise crimes committed against women 2015 (state ""Total District(s)"" rows)"
2015,Odisha,Custodial_Other Rape,custodial_other_rape,0,"NCRB CII 2015 additional table: District-wise crimes committed against women 2015 (state ""Total District(s)"" rows)"
2015,Puducherry,Custodial Rape,custodial_total,0,"NCRB CII 2015 additional table: District-wise crimes committed against women 2015 (state ""Total District(s)"" rows)"
2015,Puducherry,Custodial_Gang Rape,custodial_gang_rape,0,"NCRB CII 2015 additional table: District-wise crimes committed against women 2015 (state ""Total District(s)"" rows)"
2015,Puducherry,Custodial_Other Rape,custodial_other_rape,0,"NCRB CII 2015 additional table: District-wise crimes committed against women 2015 (state ""Total District(s)"" rows)"
2015,Punjab,Custodial Rape,custodial_total,0,"NCRB CII 2015 additional table: District-wise crimes committed against women 2015 (state ""Total District(s)"" rows)"
2015,Punjab,Custodial_Gang Rape,custodial_gang_rape,0,"NCRB CII 2015 additional table: District-wise crimes committed against women 2015 (state ""Total District(s)"" rows)"
2015,Punjab,Custodial_Other Rape,custodial_other_rape,0,"NCRB CII 2015 additional table: District-wise crimes committed against women 2015 (state ""Total District(s)"" rows)"
2015,Rajasthan,Custodial Rape,custodial_total,0,"NCRB CII 2015 additional table: District-wise crimes committed against women 2015 (state ""Total District(s)"" rows)"
2015,Rajasthan,Custodial_Gang Rape,custodial_gang_rape,0,"NCRB CII 2015 additional table: District-wise crimes committed against women 2015 (state ""Total District(s)"" rows)"
2015,Rajasthan,Custodial_Other Rape,custodial_other_rape,0,"NCRB CII 2015 additional table: District-wise crimes committed against women 2015 (state ""Total District(s)"" rows)"
2015,Sikkim,Custodial Rape,custodial_total,0,"NCRB CII 2015 additional table: District-wise crimes committed against women 2015 (state ""Total District(s)"" rows)"
2015,Sikkim,Custodial_Gang Rape,custodial_gang_rape,0,"NCRB CII 2015 additional table: District-wise crimes committed against women 2015 (state ""Total District(s)"" rows)"
2015,Sikkim,Custodial_Other Rape,custodial_other_rape,0,"NCRB CII 2015 additional table: District-wise crimes committed against women 2015 (state ""Total District(s)"" rows)"
2015,Tamil Nadu,Custodial Rape,custodial_total,0,"NCRB CII 2015 additional table: District-wise crimes committed against women 2015 (state ""Total District(s)"" rows)"
2015,Tamil Nadu,Custodial_Gang Rape,custodial_gang_rape,0,"NCRB CII 2015 additional table: District-wise crimes committed against women 2015 (state ""Total District(s)"" rows)"
2015,Tamil Nadu,Custodial_Other Rape,custodial_other_rape,0,"NCRB CII 2015 additional table: District-wise crimes committed against women 2015 (state ""Total District(s)"" rows)"
2015,Telangana,Custodial Rape,custodial_total,0,"NCRB CII 2015 additional table: District-wise crimes committed against women 2015 (state ""Total District(s)"" rows)"
2015,Telangana,Custodial_Gang Rape,custodial_gang_rape,0,"NCRB CII 2015 additional table: District-wise crimes committed against women 2015 (state ""Total District(s)"" rows)"
2015,Telangana,Custodial_Other Rape,custodial_other_rape,0,"NCRB CII 2015 additional table: District-wise crimes committed against women 2015 (state ""Total District(s)"" rows)"
2015,Tripura,Custodial Rape,custodial_total,0,"NCRB CII 2015 additional table: District-wise crimes committed against women 2015 (state ""Total District(s)"" rows)"
2015,Tripura,Custodial_Gang Rape,custodial_gang_rape,0,"NCRB CII 2015 additional table: District-wise crimes committed against women 2015 (state ""Total District(s)"" rows)"
2015,Tripura,Custodial_Other Rape,custodial_other_rape,0,"NCRB CII 2015 additional table: District-wise crimes committed against women 2015 (state ""Total District(s)"" rows)"
2015,Uttar Pradesh,Custodial Rape,custodial_total,91,"NCRB CII 2015 additional table: District-wise crimes committed against women 2015 (state ""Total District(s)"" rows)"
2015,Uttar Pradesh,Custodial_Gang Rape,custodial_gang_rape,4,"NCRB CII 2015 additional table: District-wise crimes committed against women 2015 (state ""Total District(s)"" rows)"
2015,Uttar Pradesh,Custodial_Other Rape,custodial_other_rape,87,"NCRB CII 2015 additional table: District-wise crimes committed against women 2015 (state ""Total District(s)"" rows)"
2015,Uttarakhand,Custodial Rape,custodial_total,2,"NCRB CII 2015 additional table: District-wise crimes committed against women 2015 (state ""Total District(s)"" rows)"
2015,Uttarakhand,Custodial_Gang Rape,custodial_gang_rape,0,"NCRB CII 2015 additional table: District-wise crimes committed against women 2015 (state ""Total District(s)"" rows)"
2015,Uttarakhand,Custodial_Other Rape,custodial_other_rape,2,"NCRB CII 2015 additional table: District-wise crimes committed against women 2015 (state ""Total District(s)"" rows)"
2015,West Bengal,Custodial Rape,custodial_total,1,"NCRB CII 2015 additional table: District-wise crimes committed against women 2015 (state ""Total District(s)"" rows)"
2015,West Bengal,Custodial_Gang Rape,custodial_gang_rape,0,"NCRB CII 2015 additional table: District-wise crimes committed against women 2015 (state ""Total District(s)"" rows)"
2015,West Bengal,Custodial_Other Rape,custodial_other_rape,1,"NCRB CII 2015 additional table: District-wise crimes committed against women 2015 (state ""Total District(s)"" rows)"
2015,All India,Custodial Rape,custodial_total,95,"Sum of state/UT ""Total District(s)"" rows, NCRB CII 2015 district-wise CAW table"
2015,All India,Custodial_Gang Rape,custodial_gang_rape,4,"Sum of state/UT ""Total District(s)"" rows, NCRB CII 2015 district-wise CAW table"
2015,All India,Custodial_Other Rape,custodial_other_rape,91,"Sum of state/UT ""Total District(s)"" rows, NCRB CII 2015 district-wise CAW table"
2016,Andaman & Nicobar Islands,Rape - Custodial Rape (Sec. 376C IPC),custodial_total_sec376C,0,NCRB CII 2016 Table 3A.2 (1683013216Table3A2.pdf)
2016,Andhra Pradesh,Rape - Custodial Rape (Sec. 376C IPC),custodial_total_sec376C,0,NCRB CII 2016 Table 3A.2 (1683013216Table3A2.pdf)
2016,Arunachal Pradesh,Rape - Custodial Rape (Sec. 376C IPC),custodial_total_sec376C,0,NCRB CII 2016 Table 3A.2 (1683013216Table3A2.pdf)
2016,Assam,Rape - Custodial Rape (Sec. 376C IPC),custodial_total_sec376C,0,NCRB CII 2016 Table 3A.2 (1683013216Table3A2.pdf)
2016,Bihar,Rape - Custodial Rape (Sec. 376C IPC),custodial_total_sec376C,0,NCRB CII 2016 Table 3A.2 (1683013216Table3A2.pdf)
2016,Chandigarh,Rape - Custodial Rape (Sec. 376C IPC),custodial_total_sec376C,0,NCRB CII 2016 Table 3A.2 (1683013216Table3A2.pdf)
2016,Chhattisgarh,Rape - Custodial Rape (Sec. 376C IPC),custodial_total_sec376C,0,NCRB CII 2016 Table 3A.2 (1683013216Table3A2.pdf)
2016,Dadra & Nagar Haveli and Daman & Diu,Rape - Custodial Rape (Sec. 376C IPC),custodial_total_sec376C,0,NCRB CII 2016 Table 3A.2 (1683013216Table3A2.pdf)
2016,Delhi,Rape - Custodial Rape (Sec. 376C IPC),custodial_total_sec376C,1,NCRB CII 2016 Table 3A.2 (1683013216Table3A2.pdf)
2016,Goa,Rape - Custodial Rape (Sec. 376C IPC),custodial_total_sec376C,0,NCRB CII 2016 Table 3A.2 (1683013216Table3A2.pdf)
2016,Gujarat,Rape - Custodial Rape (Sec. 376C IPC),custodial_total_sec376C,2,NCRB CII 2016 Table 3A.2 (1683013216Table3A2.pdf)
2016,Haryana,Rape - Custodial Rape (Sec. 376C IPC),custodial_total_sec376C,0,NCRB CII 2016 Table 3A.2 (1683013216Table3A2.pdf)
2016,Himachal Pradesh,Rape - Custodial Rape (Sec. 376C IPC),custodial_total_sec376C,0,NCRB CII 2016 Table 3A.2 (1683013216Table3A2.pdf)
2016,Jammu & Kashmir,Rape - Custodial Rape (Sec. 376C IPC),custodial_total_sec376C,0,NCRB CII 2016 Table 3A.2 (1683013216Table3A2.pdf)
2016,Jharkhand,Rape - Custodial Rape (Sec. 376C IPC),custodial_total_sec376C,0,NCRB CII 2016 Table 3A.2 (1683013216Table3A2.pdf)
2016,Karnataka,Rape - Custodial Rape (Sec. 376C IPC),custodial_total_sec376C,0,NCRB CII 2016 Table 3A.2 (1683013216Table3A2.pdf)
2016,Kerala,Rape - Custodial Rape (Sec. 376C IPC),custodial_total_sec376C,0,NCRB CII 2016 Table 3A.2 (1683013216Table3A2.pdf)
2016,Lakshadweep,Rape - Custodial Rape (Sec. 376C IPC),custodial_total_sec376C,0,NCRB CII 2016 Table 3A.2 (1683013216Table3A2.pdf)
2016,Madhya Pradesh,Rape - Custodial Rape (Sec. 376C IPC),custodial_total_sec376C,0,NCRB CII 2016 Table 3A.2 (1683013216Table3A2.pdf)
2016,Maharashtra,Rape - Custodial Rape (Sec. 376C IPC),custodial_total_sec376C,0,NCRB CII 2016 Table 3A.2 (1683013216Table3A2.pdf)
2016,Manipur,Rape - Custodial Rape (Sec. 376C IPC),custodial_total_sec376C,0,NCRB CII 2016 Table 3A.2 (1683013216Table3A2.pdf)
2016,Meghalaya,Rape - Custodial Rape (Sec. 376C IPC),custodial_total_sec376C,0,NCRB CII 2016 Table 3A.2 (1683013216Table3A2.pdf)
2016,Mizoram,Rape - Custodial Rape (Sec. 376C IPC),custodial_total_sec376C,1,NCRB CII 2016 Table 3A.2 (1683013216Table3A2.pdf)
2016,Nagaland,Rape - Custodial Rape (Sec. 376C IPC),custodial_total_sec376C,0,NCRB CII 2016 Table 3A.2 (1683013216Table3A2.pdf)
2016,Odisha,Rape - Custodial Rape (Sec. 376C IPC),custodial_total_sec376C,0,NCRB CII 2016 Table 3A.2 (1683013216Table3A2.pdf)
2016,Puducherry,Rape - Custodial Rape (Sec. 376C IPC),custodial_total_sec376C,1,NCRB CII 2016 Table 3A.2 (1683013216Table3A2.pdf)
2016,Punjab,Rape - Custodial Rape (Sec. 376C IPC),custodial_total_sec376C,0,NCRB CII 2016 Table 3A.2 (1683013216Table3A2.pdf)
2016,Rajasthan,Rape - Custodial Rape (Sec. 376C IPC),custodial_total_sec376C,0,NCRB CII 2016 Table 3A.2 (1683013216Table3A2.pdf)
2016,Sikkim,Rape - Custodial Rape (Sec. 376C IPC),custodial_total_sec376C,0,NCRB CII 2016 Table 3A.2 (1683013216Table3A2.pdf)
2016,Tamil Nadu,Rape - Custodial Rape (Sec. 376C IPC),custodial_total_sec376C,0,NCRB CII 2016 Table 3A.2 (1683013216Table3A2.pdf)
2016,Telangana,Rape - Custodial Rape (Sec. 376C IPC),custodial_total_sec376C,0,NCRB CII 2016 Table 3A.2 (1683013216Table3A2.pdf)
2016,Tripura,Rape - Custodial Rape (Sec. 376C IPC),custodial_total_sec376C,0,NCRB CII 2016 Table 3A.2 (1683013216Table3A2.pdf)
2016,Uttar Pradesh,Rape - Custodial Rape (Sec. 376C IPC),custodial_total_sec376C,5,NCRB CII 2016 Table 3A.2 (1683013216Table3A2.pdf)
2016,Uttarakhand,Rape - Custodial Rape (Sec. 376C IPC),custodial_total_sec376C,0,NCRB CII 2016 Table 3A.2 (1683013216Table3A2.pdf)
2016,West Bengal,Rape - Custodial Rape (Sec. 376C IPC),custodial_total_sec376C,0,NCRB CII 2016 Table 3A.2 (1683013216Table3A2.pdf)
2016,All India,Rape - Custodial Rape (Sec. 376C IPC),custodial_total_sec376C,10,NCRB CII 2016 Table 3A.2 (1683013216Table3A2.pdf)
2017,Andhra Pradesh,Rape in Custody (Section 376(2)) - Rape in Custody (Total),custodial_total,3,NCRB CII 2017 Table 3A.11 (Table-3A.11_1.xlsx)
2017,Arunachal Pradesh,Rape in Custody (Section 376(2)) - Rape in Custody (Total),custodial_total,0,NCRB CII 2017 Table 3A.11 (Table-3A.11_1.xlsx)
2017,Assam,Rape in Custody (Section 376(2)) - Rape in Custody (Total),custodial_total,0,NCRB CII 2017 Table 3A.11 (Table-3A.11_1.xlsx)
2017,Bihar,Rape in Custody (Section 376(2)) - Rape in Custody (Total),custodial_total,0,NCRB CII 2017 Table 3A.11 (Table-3A.11_1.xlsx)
2017,Chhattisgarh,Rape in Custody (Section 376(2)) - Rape in Custody (Total),custodial_total,2,NCRB CII 2017 Table 3A.11 (Table-3A.11_1.xlsx)
2017,Goa,Rape in Custody (Section 376(2)) - Rape in Custody (Total),custodial_total,0,NCRB CII 2017 Table 3A.11 (Table-3A.11_1.xlsx)
2017,Gujarat,Rape in Custody (Section 376(2)) - Rape in Custody (Total),custodial_total,1,NCRB CII 2017 Table 3A.11 (Table-3A.11_1.xlsx)
2017,Haryana,Rape in Custody (Section 376(2)) - Rape in Custody (Total),custodial_total,2,NCRB CII 2017 Table 3A.11 (Table-3A.11_1.xlsx)
2017,Himachal Pradesh,Rape in Custody (Section 376(2)) - Rape in Custody (Total),custodial_total,0,NCRB CII 2017 Table 3A.11 (Table-3A.11_1.xlsx)
2017,Jammu & Kashmir,Rape in Custody (Section 376(2)) - Rape in Custody (Total),custodial_total,0,NCRB CII 2017 Table 3A.11 (Table-3A.11_1.xlsx)
2017,Jharkhand,Rape in Custody (Section 376(2)) - Rape in Custody (Total),custodial_total,0,NCRB CII 2017 Table 3A.11 (Table-3A.11_1.xlsx)
2017,Karnataka,Rape in Custody (Section 376(2)) - Rape in Custody (Total),custodial_total,2,NCRB CII 2017 Table 3A.11 (Table-3A.11_1.xlsx)
2017,Kerala,Rape in Custody (Section 376(2)) - Rape in Custody (Total),custodial_total,0,NCRB CII 2017 Table 3A.11 (Table-3A.11_1.xlsx)
2017,Madhya Pradesh,Rape in Custody (Section 376(2)) - Rape in Custody (Total),custodial_total,4,NCRB CII 2017 Table 3A.11 (Table-3A.11_1.xlsx)
2017,Maharashtra,Rape in Custody (Section 376(2)) - Rape in Custody (Total),custodial_total,6,NCRB CII 2017 Table 3A.11 (Table-3A.11_1.xlsx)
2017,Manipur,Rape in Custody (Section 376(2)) - Rape in Custody (Total),custodial_total,0,NCRB CII 2017 Table 3A.11 (Table-3A.11_1.xlsx)
2017,Meghalaya,Rape in Custody (Section 376(2)) - Rape in Custody (Total),custodial_total,0,NCRB CII 2017 Table 3A.11 (Table-3A.11_1.xlsx)
2017,Mizoram,Rape in Custody (Section 376(2)) - Rape in Custody (Total),custodial_total,0,NCRB CII 2017 Table 3A.11 (Table-3A.11_1.xlsx)
2017,Nagaland,Rape in Custody (Section 376(2)) - Rape in Custody (Total),custodial_total,0,NCRB CII 2017 Table 3A.11 (Table-3A.11_1.xlsx)
2017,Odisha,Rape in Custody (Section 376(2)) - Rape in Custody (Total),custodial_total,0,NCRB CII 2017 Table 3A.11 (Table-3A.11_1.xlsx)
2017,Punjab,Rape in Custody (Section 376(2)) - Rape in Custody (Total),custodial_total,4,NCRB CII 2017 Table 3A.11 (Table-3A.11_1.xlsx)
2017,Rajasthan,Rape in Custody (Section 376(2)) - Rape in Custody (Total),custodial_total,18,NCRB CII 2017 Table 3A.11 (Table-3A.11_1.xlsx)
2017,Sikkim,Rape in Custody (Section 376(2)) - Rape in Custody (Total),custodial_total,0,NCRB CII 2017 Table 3A.11 (Table-3A.11_1.xlsx)
2017,Tamil Nadu,Rape in Custody (Section 376(2)) - Rape in Custody (Total),custodial_total,0,NCRB CII 2017 Table 3A.11 (Table-3A.11_1.xlsx)
2017,Telangana,Rape in Custody (Section 376(2)) - Rape in Custody (Total),custodial_total,1,NCRB CII 2017 Table 3A.11 (Table-3A.11_1.xlsx)
2017,Tripura,Rape in Custody (Section 376(2)) - Rape in Custody (Total),custodial_total,0,NCRB CII 2017 Table 3A.11 (Table-3A.11_1.xlsx)
2017,Uttar Pradesh,Rape in Custody (Section 376(2)) - Rape in Custody (Total),custodial_total,34,NCRB CII 2017 Table 3A.11 (Table-3A.11_1.xlsx)
2017,Uttarakhand,Rape in Custody (Section 376(2)) - Rape in Custody (Total),custodial_total,12,NCRB CII 2017 Table 3A.11 (Table-3A.11_1.xlsx)
2017,West Bengal,Rape in Custody (Section 376(2)) - Rape in Custody (Total),custodial_total,0,NCRB CII 2017 Table 3A.11 (Table-3A.11_1.xlsx)
2017,Andaman & Nicobar Islands,Rape in Custody (Section 376(2)) - Rape in Custody (Total),custodial_total,0,NCRB CII 2017 Table 3A.11 (Table-3A.11_1.xlsx)
2017,Chandigarh,Rape in Custody (Section 376(2)) - Rape in Custody (Total),custodial_total,0,NCRB CII 2017 Table 3A.11 (Table-3A.11_1.xlsx)
2017,Dadra & Nagar Haveli and Daman & Diu,Rape in Custody (Section 376(2)) - Rape in Custody (Total),custodial_total,0,NCRB CII 2017 Table 3A.11 (Table-3A.11_1.xlsx)
2017,Delhi,Rape in Custody (Section 376(2)) - Rape in Custody (Total),custodial_total,0,NCRB CII 2017 Table 3A.11 (Table-3A.11_1.xlsx)
2017,Lakshadweep,Rape in Custody (Section 376(2)) - Rape in Custody (Total),custodial_total,0,NCRB CII 2017 Table 3A.11 (Table-3A.11_1.xlsx)
2017,Puducherry,Rape in Custody (Section 376(2)) - Rape in Custody (Total),custodial_total,0,NCRB CII 2017 Table 3A.11 (Table-3A.11_1.xlsx)
2017,All India,Rape in Custody (Section 376(2)) - Rape in Custody (Total),custodial_total,89,NCRB CII 2017 Table 3A.11 (Table-3A.11_1.xlsx)
2017,Andhra Pradesh,Rape in Custody (Section 376(2)) - By Police Personnel (Sec.376(2) (a),police_personnel,2,NCRB CII 2017 Table 3A.11 (Table-3A.11_1.xlsx)
2017,Arunachal Pradesh,Rape in Custody (Section 376(2)) - By Police Personnel (Sec.376(2) (a),police_personnel,0,NCRB CII 2017 Table 3A.11 (Table-3A.11_1.xlsx)
2017,Assam,Rape in Custody (Section 376(2)) - By Police Personnel (Sec.376(2) (a),police_personnel,0,NCRB CII 2017 Table 3A.11 (Table-3A.11_1.xlsx)
2017,Bihar,Rape in Custody (Section 376(2)) - By Police Personnel (Sec.376(2) (a),police_personnel,0,NCRB CII 2017 Table 3A.11 (Table-3A.11_1.xlsx)
2017,Chhattisgarh,Rape in Custody (Section 376(2)) - By Police Personnel (Sec.376(2) (a),police_personnel,2,NCRB CII 2017 Table 3A.11 (Table-3A.11_1.xlsx)
2017,Goa,Rape in Custody (Section 376(2)) - By Police Personnel (Sec.376(2) (a),police_personnel,0,NCRB CII 2017 Table 3A.11 (Table-3A.11_1.xlsx)
2017,Gujarat,Rape in Custody (Section 376(2)) - By Police Personnel (Sec.376(2) (a),police_personnel,0,NCRB CII 2017 Table 3A.11 (Table-3A.11_1.xlsx)
2017,Haryana,Rape in Custody (Section 376(2)) - By Police Personnel (Sec.376(2) (a),police_personnel,0,NCRB CII 2017 Table 3A.11 (Table-3A.11_1.xlsx)
2017,Himachal Pradesh,Rape in Custody (Section 376(2)) - By Police Personnel (Sec.376(2) (a),police_personnel,0,NCRB CII 2017 Table 3A.11 (Table-3A.11_1.xlsx)
2017,Jammu & Kashmir,Rape in Custody (Section 376(2)) - By Police Personnel (Sec.376(2) (a),police_personnel,0,NCRB CII 2017 Table 3A.11 (Table-3A.11_1.xlsx)
2017,Jharkhand,Rape in Custody (Section 376(2)) - By Police Personnel (Sec.376(2) (a),police_personnel,0,NCRB CII 2017 Table 3A.11 (Table-3A.11_1.xlsx)
2017,Karnataka,Rape in Custody (Section 376(2)) - By Police Personnel (Sec.376(2) (a),police_personnel,0,NCRB CII 2017 Table 3A.11 (Table-3A.11_1.xlsx)
2017,Kerala,Rape in Custody (Section 376(2)) - By Police Personnel (Sec.376(2) (a),police_personnel,0,NCRB CII 2017 Table 3A.11 (Table-3A.11_1.xlsx)
2017,Madhya Pradesh,Rape in Custody (Section 376(2)) - By Police Personnel (Sec.376(2) (a),police_personnel,0,NCRB CII 2017 Table 3A.11 (Table-3A.11_1.xlsx)
2017,Maharashtra,Rape in Custody (Section 376(2)) - By Police Personnel (Sec.376(2) (a),police_personnel,4,NCRB CII 2017 Table 3A.11 (Table-3A.11_1.xlsx)
2017,Manipur,Rape in Custody (Section 376(2)) - By Police Personnel (Sec.376(2) (a),police_personnel,0,NCRB CII 2017 Table 3A.11 (Table-3A.11_1.xlsx)
2017,Meghalaya,Rape in Custody (Section 376(2)) - By Police Personnel (Sec.376(2) (a),police_personnel,0,NCRB CII 2017 Table 3A.11 (Table-3A.11_1.xlsx)
2017,Mizoram,Rape in Custody (Section 376(2)) - By Police Personnel (Sec.376(2) (a),police_personnel,0,NCRB CII 2017 Table 3A.11 (Table-3A.11_1.xlsx)
2017,Nagaland,Rape in Custody (Section 376(2)) - By Police Personnel (Sec.376(2) (a),police_personnel,0,NCRB CII 2017 Table 3A.11 (Table-3A.11_1.xlsx)
2017,Odisha,Rape in Custody (Section 376(2)) - By Police Personnel (Sec.376(2) (a),police_personnel,0,NCRB CII 2017 Table 3A.11 (Table-3A.11_1.xlsx)
2017,Punjab,Rape in Custody (Section 376(2)) - By Police Personnel (Sec.376(2) (a),police_personnel,0,NCRB CII 2017 Table 3A.11 (Table-3A.11_1.xlsx)
2017,Rajasthan,Rape in Custody (Section 376(2)) - By Police Personnel (Sec.376(2) (a),police_personnel,2,NCRB CII 2017 Table 3A.11 (Table-3A.11_1.xlsx)
2017,Sikkim,Rape in Custody (Section 376(2)) - By Police Personnel (Sec.376(2) (a),police_personnel,0,NCRB CII 2017 Table 3A.11 (Table-3A.11_1.xlsx)
2017,Tamil Nadu,Rape in Custody (Section 376(2)) - By Police Personnel (Sec.376(2) (a),police_personnel,0,NCRB CII 2017 Table 3A.11 (Table-3A.11_1.xlsx)
2017,Telangana,Rape in Custody (Section 376(2)) - By Police Personnel (Sec.376(2) (a),police_personnel,1,NCRB CII 2017 Table 3A.11 (Table-3A.11_1.xlsx)
2017,Tripura,Rape in Custody (Section 376(2)) - By Police Personnel (Sec.376(2) (a),police_personnel,0,NCRB CII 2017 Table 3A.11 (Table-3A.11_1.xlsx)
2017,Uttar Pradesh,Rape in Custody (Section 376(2)) - By Police Personnel (Sec.376(2) (a),police_personnel,4,NCRB CII 2017 Table 3A.11 (Table-3A.11_1.xlsx)
2017,Uttarakhand,Rape in Custody (Section 376(2)) - By Police Personnel (Sec.376(2) (a),police_personnel,0,NCRB CII 2017 Table 3A.11 (Table-3A.11_1.xlsx)
2017,West Bengal,Rape in Custody (Section 376(2)) - By Police Personnel (Sec.376(2) (a),police_personnel,0,NCRB CII 2017 Table 3A.11 (Table-3A.11_1.xlsx)
2017,Andaman & Nicobar Islands,Rape in Custody (Section 376(2)) - By Police Personnel (Sec.376(2) (a),police_personnel,0,NCRB CII 2017 Table 3A.11 (Table-3A.11_1.xlsx)
2017,Chandigarh,Rape in Custody (Section 376(2)) - By Police Personnel (Sec.376(2) (a),police_personnel,0,NCRB CII 2017 Table 3A.11 (Table-3A.11_1.xlsx)
2017,Dadra & Nagar Haveli and Daman & Diu,Rape in Custody (Section 376(2)) - By Police Personnel (Sec.376(2) (a),police_personnel,0,NCRB CII 2017 Table 3A.11 (Table-3A.11_1.xlsx)
2017,Delhi,Rape in Custody (Section 376(2)) - By Police Personnel (Sec.376(2) (a),police_personnel,0,NCRB CII 2017 Table 3A.11 (Table-3A.11_1.xlsx)
2017,Lakshadweep,Rape in Custody (Section 376(2)) - By Police Personnel (Sec.376(2) (a),police_personnel,0,NCRB CII 2017 Table 3A.11 (Table-3A.11_1.xlsx)
2017,Puducherry,Rape in Custody (Section 376(2)) - By Police Personnel (Sec.376(2) (a),police_personnel,0,NCRB CII 2017 Table 3A.11 (Table-3A.11_1.xlsx)
2017,All India,Rape in Custody (Section 376(2)) - By Police Personnel (Sec.376(2) (a),police_personnel,15,NCRB CII 2017 Table 3A.11 (Table-3A.11_1.xlsx)
2017,Andhra Pradesh,Rape in Custody (Section 376(2)) - By Public Servant (Sec.376(2) (b),public_servant,0,NCRB CII 2017 Table 3A.11 (Table-3A.11_1.xlsx)
2017,Arunachal Pradesh,Rape in Custody (Section 376(2)) - By Public Servant (Sec.376(2) (b),public_servant,0,NCRB CII 2017 Table 3A.11 (Table-3A.11_1.xlsx)
2017,Assam,Rape in Custody (Section 376(2)) - By Public Servant (Sec.376(2) (b),public_servant,0,NCRB CII 2017 Table 3A.11 (Table-3A.11_1.xlsx)
2017,Bihar,Rape in Custody (Section 376(2)) - By Public Servant (Sec.376(2) (b),public_servant,0,NCRB CII 2017 Table 3A.11 (Table-3A.11_1.xlsx)
2017,Chhattisgarh,Rape in Custody (Section 376(2)) - By Public Servant (Sec.376(2) (b),public_servant,0,NCRB CII 2017 Table 3A.11 (Table-3A.11_1.xlsx)
2017,Goa,Rape in Custody (Section 376(2)) - By Public Servant (Sec.376(2) (b),public_servant,0,NCRB CII 2017 Table 3A.11 (Table-3A.11_1.xlsx)
2017,Gujarat,Rape in Custody (Section 376(2)) - By Public Servant (Sec.376(2) (b),public_servant,0,NCRB CII 2017 Table 3A.11 (Table-3A.11_1.xlsx)
2017,Haryana,Rape in Custody (Section 376(2)) - By Public Servant (Sec.376(2) (b),public_servant,0,NCRB CII 2017 Table 3A.11 (Table-3A.11_1.xlsx)
2017,Himachal Pradesh,Rape in Custody (Section 376(2)) - By Public Servant (Sec.376(2) (b),public_servant,0,NCRB CII 2017 Table 3A.11 (Table-3A.11_1.xlsx)
2017,Jammu & Kashmir,Rape in Custody (Section 376(2)) - By Public Servant (Sec.376(2) (b),public_servant,0,NCRB CII 2017 Table 3A.11 (Table-3A.11_1.xlsx)
2017,Jharkhand,Rape in Custody (Section 376(2)) - By Public Servant (Sec.376(2) (b),public_servant,0,NCRB CII 2017 Table 3A.11 (Table-3A.11_1.xlsx)
2017,Karnataka,Rape in Custody (Section 376(2)) - By Public Servant (Sec.376(2) (b),public_servant,0,NCRB CII 2017 Table 3A.11 (Table-3A.11_1.xlsx)
2017,Kerala,Rape in Custody (Section 376(2)) - By Public Servant (Sec.376(2) (b),public_servant,0,NCRB CII 2017 Table 3A.11 (Table-3A.11_1.xlsx)
2017,Madhya Pradesh,Rape in Custody (Section 376(2)) - By Public Servant (Sec.376(2) (b),public_servant,0,NCRB CII 2017 Table 3A.11 (Table-3A.11_1.xlsx)
2017,Maharashtra,Rape in Custody (Section 376(2)) - By Public Servant (Sec.376(2) (b),public_servant,0,NCRB CII 2017 Table 3A.11 (Table-3A.11_1.xlsx)
2017,Manipur,Rape in Custody (Section 376(2)) - By Public Servant (Sec.376(2) (b),public_servant,0,NCRB CII 2017 Table 3A.11 (Table-3A.11_1.xlsx)
2017,Meghalaya,Rape in Custody (Section 376(2)) - By Public Servant (Sec.376(2) (b),public_servant,0,NCRB CII 2017 Table 3A.11 (Table-3A.11_1.xlsx)
2017,Mizoram,Rape in Custody (Section 376(2)) - By Public Servant (Sec.376(2) (b),public_servant,0,NCRB CII 2017 Table 3A.11 (Table-3A.11_1.xlsx)
2017,Nagaland,Rape in Custody (Section 376(2)) - By Public Servant (Sec.376(2) (b),public_servant,0,NCRB CII 2017 Table 3A.11 (Table-3A.11_1.xlsx)
2017,Odisha,Rape in Custody (Section 376(2)) - By Public Servant (Sec.376(2) (b),public_servant,0,NCRB CII 2017 Table 3A.11 (Table-3A.11_1.xlsx)
2017,Punjab,Rape in Custody (Section 376(2)) - By Public Servant (Sec.376(2) (b),public_servant,1,NCRB CII 2017 Table 3A.11 (Table-3A.11_1.xlsx)
2017,Rajasthan,Rape in Custody (Section 376(2)) - By Public Servant (Sec.376(2) (b),public_servant,1,NCRB CII 2017 Table 3A.11 (Table-3A.11_1.xlsx)
2017,Sikkim,Rape in Custody (Section 376(2)) - By Public Servant (Sec.376(2) (b),public_servant,0,NCRB CII 2017 Table 3A.11 (Table-3A.11_1.xlsx)
2017,Tamil Nadu,Rape in Custody (Section 376(2)) - By Public Servant (Sec.376(2) (b),public_servant,0,NCRB CII 2017 Table 3A.11 (Table-3A.11_1.xlsx)
2017,Telangana,Rape in Custody (Section 376(2)) - By Public Servant (Sec.376(2) (b),public_servant,0,NCRB CII 2017 Table 3A.11 (Table-3A.11_1.xlsx)
2017,Tripura,Rape in Custody (Section 376(2)) - By Public Servant (Sec.376(2) (b),public_servant,0,NCRB CII 2017 Table 3A.11 (Table-3A.11_1.xlsx)
2017,Uttar Pradesh,Rape in Custody (Section 376(2)) - By Public Servant (Sec.376(2) (b),public_servant,5,NCRB CII 2017 Table 3A.11 (Table-3A.11_1.xlsx)
2017,Uttarakhand,Rape in Custody (Section 376(2)) - By Public Servant (Sec.376(2) (b),public_servant,11,NCRB CII 2017 Table 3A.11 (Table-3A.11_1.xlsx)
2017,West Bengal,Rape in Custody (Section 376(2)) - By Public Servant (Sec.376(2) (b),public_servant,0,NCRB CII 2017 Table 3A.11 (Table-3A.11_1.xlsx)
2017,Andaman & Nicobar Islands,Rape in Custody (Section 376(2)) - By Public Servant (Sec.376(2) (b),public_servant,0,NCRB CII 2017 Table 3A.11 (Table-3A.11_1.xlsx)
2017,Chandigarh,Rape in Custody (Section 376(2)) - By Public Servant (Sec.376(2) (b),public_servant,0,NCRB CII 2017 Table 3A.11 (Table-3A.11_1.xlsx)
2017,Dadra & Nagar Haveli and Daman & Diu,Rape in Custody (Section 376(2)) - By Public Servant (Sec.376(2) (b),public_servant,0,NCRB CII 2017 Table 3A.11 (Table-3A.11_1.xlsx)
2017,Delhi,Rape in Custody (Section 376(2)) - By Public Servant (Sec.376(2) (b),public_servant,0,NCRB CII 2017 Table 3A.11 (Table-3A.11_1.xlsx)
2017,Lakshadweep,Rape in Custody (Section 376(2)) - By Public Servant (Sec.376(2) (b),public_servant,0,NCRB CII 2017 Table 3A.11 (Table-3A.11_1.xlsx)
2017,Puducherry,Rape in Custody (Section 376(2)) - By Public Servant (Sec.376(2) (b),public_servant,0,NCRB CII 2017 Table 3A.11 (Table-3A.11_1.xlsx)
2017,All India,Rape in Custody (Section 376(2)) - By Public Servant (Sec.376(2) (b),public_servant,18,NCRB CII 2017 Table 3A.11 (Table-3A.11_1.xlsx)
2017,Andhra Pradesh,Rape in Custody (Section 376(2)) - By Member of Armed Forces (Sec.376(2) (c),armed_forces,0,NCRB CII 2017 Table 3A.11 (Table-3A.11_1.xlsx)
2017,Arunachal Pradesh,Rape in Custody (Section 376(2)) - By Member of Armed Forces (Sec.376(2) (c),armed_forces,0,NCRB CII 2017 Table 3A.11 (Table-3A.11_1.xlsx)
2017,Assam,Rape in Custody (Section 376(2)) - By Member of Armed Forces (Sec.376(2) (c),armed_forces,0,NCRB CII 2017 Table 3A.11 (Table-3A.11_1.xlsx)
2017,Bihar,Rape in Custody (Section 376(2)) - By Member of Armed Forces (Sec.376(2) (c),armed_forces,0,NCRB CII 2017 Table 3A.11 (Table-3A.11_1.xlsx)
2017,Chhattisgarh,Rape in Custody (Section 376(2)) - By Member of Armed Forces (Sec.376(2) (c),armed_forces,0,NCRB CII 2017 Table 3A.11 (Table-3A.11_1.xlsx)
2017,Goa,Rape in Custody (Section 376(2)) - By Member of Armed Forces (Sec.376(2) (c),armed_forces,0,NCRB CII 2017 Table 3A.11 (Table-3A.11_1.xlsx)
2017,Gujarat,Rape in Custody (Section 376(2)) - By Member of Armed Forces (Sec.376(2) (c),armed_forces,0,NCRB CII 2017 Table 3A.11 (Table-3A.11_1.xlsx)
2017,Haryana,Rape in Custody (Section 376(2)) - By Member of Armed Forces (Sec.376(2) (c),armed_forces,0,NCRB CII 2017 Table 3A.11 (Table-3A.11_1.xlsx)
2017,Himachal Pradesh,Rape in Custody (Section 376(2)) - By Member of Armed Forces (Sec.376(2) (c),armed_forces,0,NCRB CII 2017 Table 3A.11 (Table-3A.11_1.xlsx)
2017,Jammu & Kashmir,Rape in Custody (Section 376(2)) - By Member of Armed Forces (Sec.376(2) (c),armed_forces,0,NCRB CII 2017 Table 3A.11 (Table-3A.11_1.xlsx)
2017,Jharkhand,Rape in Custody (Section 376(2)) - By Member of Armed Forces (Sec.376(2) (c),armed_forces,0,NCRB CII 2017 Table 3A.11 (Table-3A.11_1.xlsx)
2017,Karnataka,Rape in Custody (Section 376(2)) - By Member of Armed Forces (Sec.376(2) (c),armed_forces,0,NCRB CII 2017 Table 3A.11 (Table-3A.11_1.xlsx)
2017,Kerala,Rape in Custody (Section 376(2)) - By Member of Armed Forces (Sec.376(2) (c),armed_forces,0,NCRB CII 2017 Table 3A.11 (Table-3A.11_1.xlsx)
2017,Madhya Pradesh,Rape in Custody (Section 376(2)) - By Member of Armed Forces (Sec.376(2) (c),armed_forces,0,NCRB CII 2017 Table 3A.11 (Table-3A.11_1.xlsx)
2017,Maharashtra,Rape in Custody (Section 376(2)) - By Member of Armed Forces (Sec.376(2) (c),armed_forces,1,NCRB CII 2017 Table 3A.11 (Table-3A.11_1.xlsx)
2017,Manipur,Rape in Custody (Section 376(2)) - By Member of Armed Forces (Sec.376(2) (c),armed_forces,0,NCRB CII 2017 Table 3A.11 (Table-3A.11_1.xlsx)
2017,Meghalaya,Rape in Custody (Section 376(2)) - By Member of Armed Forces (Sec.376(2) (c),armed_forces,0,NCRB CII 2017 Table 3A.11 (Table-3A.11_1.xlsx)
2017,Mizoram,Rape in Custody (Section 376(2)) - By Member of Armed Forces (Sec.376(2) (c),armed_forces,0,NCRB CII 2017 Table 3A.11 (Table-3A.11_1.xlsx)
2017,Nagaland,Rape in Custody (Section 376(2)) - By Member of Armed Forces (Sec.376(2) (c),armed_forces,0,NCRB CII 2017 Table 3A.11 (Table-3A.11_1.xlsx)
2017,Odisha,Rape in Custody (Section 376(2)) - By Member of Armed Forces (Sec.376(2) (c),armed_forces,0,NCRB CII 2017 Table 3A.11 (Table-3A.11_1.xlsx)
2017,Punjab,Rape in Custody (Section 376(2)) - By Member of Armed Forces (Sec.376(2) (c),armed_forces,0,NCRB CII 2017 Table 3A.11 (Table-3A.11_1.xlsx)
2017,Rajasthan,Rape in Custody (Section 376(2)) - By Member of Armed Forces (Sec.376(2) (c),armed_forces,0,NCRB CII 2017 Table 3A.11 (Table-3A.11_1.xlsx)
2017,Sikkim,Rape in Custody (Section 376(2)) - By Member of Armed Forces (Sec.376(2) (c),armed_forces,0,NCRB CII 2017 Table 3A.11 (Table-3A.11_1.xlsx)
2017,Tamil Nadu,Rape in Custody (Section 376(2)) - By Member of Armed Forces (Sec.376(2) (c),armed_forces,0,NCRB CII 2017 Table 3A.11 (Table-3A.11_1.xlsx)
2017,Telangana,Rape in Custody (Section 376(2)) - By Member of Armed Forces (Sec.376(2) (c),armed_forces,0,NCRB CII 2017 Table 3A.11 (Table-3A.11_1.xlsx)
2017,Tripura,Rape in Custody (Section 376(2)) - By Member of Armed Forces (Sec.376(2) (c),armed_forces,0,NCRB CII 2017 Table 3A.11 (Table-3A.11_1.xlsx)
2017,Uttar Pradesh,Rape in Custody (Section 376(2)) - By Member of Armed Forces (Sec.376(2) (c),armed_forces,0,NCRB CII 2017 Table 3A.11 (Table-3A.11_1.xlsx)
2017,Uttarakhand,Rape in Custody (Section 376(2)) - By Member of Armed Forces (Sec.376(2) (c),armed_forces,0,NCRB CII 2017 Table 3A.11 (Table-3A.11_1.xlsx)
2017,West Bengal,Rape in Custody (Section 376(2)) - By Member of Armed Forces (Sec.376(2) (c),armed_forces,0,NCRB CII 2017 Table 3A.11 (Table-3A.11_1.xlsx)
2017,Andaman & Nicobar Islands,Rape in Custody (Section 376(2)) - By Member of Armed Forces (Sec.376(2) (c),armed_forces,0,NCRB CII 2017 Table 3A.11 (Table-3A.11_1.xlsx)
2017,Chandigarh,Rape in Custody (Section 376(2)) - By Member of Armed Forces (Sec.376(2) (c),armed_forces,0,NCRB CII 2017 Table 3A.11 (Table-3A.11_1.xlsx)
2017,Dadra & Nagar Haveli and Daman & Diu,Rape in Custody (Section 376(2)) - By Member of Armed Forces (Sec.376(2) (c),armed_forces,0,NCRB CII 2017 Table 3A.11 (Table-3A.11_1.xlsx)
2017,Delhi,Rape in Custody (Section 376(2)) - By Member of Armed Forces (Sec.376(2) (c),armed_forces,0,NCRB CII 2017 Table 3A.11 (Table-3A.11_1.xlsx)
2017,Lakshadweep,Rape in Custody (Section 376(2)) - By Member of Armed Forces (Sec.376(2) (c),armed_forces,0,NCRB CII 2017 Table 3A.11 (Table-3A.11_1.xlsx)
2017,Puducherry,Rape in Custody (Section 376(2)) - By Member of Armed Forces (Sec.376(2) (c),armed_forces,0,NCRB CII 2017 Table 3A.11 (Table-3A.11_1.xlsx)
2017,All India,Rape in Custody (Section 376(2)) - By Member of Armed Forces (Sec.376(2) (c),armed_forces,1,NCRB CII 2017 Table 3A.11 (Table-3A.11_1.xlsx)
2017,Andhra Pradesh,Rape in Custody (Section 376(2)) - By Management/Staff of Jail/Remand Home/Place of Custody (Sec.376(2)(d),jail_remand_home_place_of_custody,0,NCRB CII 2017 Table 3A.11 (Table-3A.11_1.xlsx)
2017,Arunachal Pradesh,Rape in Custody (Section 376(2)) - By Management/Staff of Jail/Remand Home/Place of Custody (Sec.376(2)(d),jail_remand_home_place_of_custody,0,NCRB CII 2017 Table 3A.11 (Table-3A.11_1.xlsx)
2017,Assam,Rape in Custody (Section 376(2)) - By Management/Staff of Jail/Remand Home/Place of Custody (Sec.376(2)(d),jail_remand_home_place_of_custody,0,NCRB CII 2017 Table 3A.11 (Table-3A.11_1.xlsx)
2017,Bihar,Rape in Custody (Section 376(2)) - By Management/Staff of Jail/Remand Home/Place of Custody (Sec.376(2)(d),jail_remand_home_place_of_custody,0,NCRB CII 2017 Table 3A.11 (Table-3A.11_1.xlsx)
2017,Chhattisgarh,Rape in Custody (Section 376(2)) - By Management/Staff of Jail/Remand Home/Place of Custody (Sec.376(2)(d),jail_remand_home_place_of_custody,0,NCRB CII 2017 Table 3A.11 (Table-3A.11_1.xlsx)
2017,Goa,Rape in Custody (Section 376(2)) - By Management/Staff of Jail/Remand Home/Place of Custody (Sec.376(2)(d),jail_remand_home_place_of_custody,0,NCRB CII 2017 Table 3A.11 (Table-3A.11_1.xlsx)
2017,Gujarat,Rape in Custody (Section 376(2)) - By Management/Staff of Jail/Remand Home/Place of Custody (Sec.376(2)(d),jail_remand_home_place_of_custody,0,NCRB CII 2017 Table 3A.11 (Table-3A.11_1.xlsx)
2017,Haryana,Rape in Custody (Section 376(2)) - By Management/Staff of Jail/Remand Home/Place of Custody (Sec.376(2)(d),jail_remand_home_place_of_custody,0,NCRB CII 2017 Table 3A.11 (Table-3A.11_1.xlsx)
2017,Himachal Pradesh,Rape in Custody (Section 376(2)) - By Management/Staff of Jail/Remand Home/Place of Custody (Sec.376(2)(d),jail_remand_home_place_of_custody,0,NCRB CII 2017 Table 3A.11 (Table-3A.11_1.xlsx)
2017,Jammu & Kashmir,Rape in Custody (Section 376(2)) - By Management/Staff of Jail/Remand Home/Place of Custody (Sec.376(2)(d),jail_remand_home_place_of_custody,0,NCRB CII 2017 Table 3A.11 (Table-3A.11_1.xlsx)
2017,Jharkhand,Rape in Custody (Section 376(2)) - By Management/Staff of Jail/Remand Home/Place of Custody (Sec.376(2)(d),jail_remand_home_place_of_custody,0,NCRB CII 2017 Table 3A.11 (Table-3A.11_1.xlsx)
2017,Karnataka,Rape in Custody (Section 376(2)) - By Management/Staff of Jail/Remand Home/Place of Custody (Sec.376(2)(d),jail_remand_home_place_of_custody,1,NCRB CII 2017 Table 3A.11 (Table-3A.11_1.xlsx)
2017,Kerala,Rape in Custody (Section 376(2)) - By Management/Staff of Jail/Remand Home/Place of Custody (Sec.376(2)(d),jail_remand_home_place_of_custody,0,NCRB CII 2017 Table 3A.11 (Table-3A.11_1.xlsx)
2017,Madhya Pradesh,Rape in Custody (Section 376(2)) - By Management/Staff of Jail/Remand Home/Place of Custody (Sec.376(2)(d),jail_remand_home_place_of_custody,4,NCRB CII 2017 Table 3A.11 (Table-3A.11_1.xlsx)
2017,Maharashtra,Rape in Custody (Section 376(2)) - By Management/Staff of Jail/Remand Home/Place of Custody (Sec.376(2)(d),jail_remand_home_place_of_custody,1,NCRB CII 2017 Table 3A.11 (Table-3A.11_1.xlsx)
2017,Manipur,Rape in Custody (Section 376(2)) - By Management/Staff of Jail/Remand Home/Place of Custody (Sec.376(2)(d),jail_remand_home_place_of_custody,0,NCRB CII 2017 Table 3A.11 (Table-3A.11_1.xlsx)
2017,Meghalaya,Rape in Custody (Section 376(2)) - By Management/Staff of Jail/Remand Home/Place of Custody (Sec.376(2)(d),jail_remand_home_place_of_custody,0,NCRB CII 2017 Table 3A.11 (Table-3A.11_1.xlsx)
2017,Mizoram,Rape in Custody (Section 376(2)) - By Management/Staff of Jail/Remand Home/Place of Custody (Sec.376(2)(d),jail_remand_home_place_of_custody,0,NCRB CII 2017 Table 3A.11 (Table-3A.11_1.xlsx)
2017,Nagaland,Rape in Custody (Section 376(2)) - By Management/Staff of Jail/Remand Home/Place of Custody (Sec.376(2)(d),jail_remand_home_place_of_custody,0,NCRB CII 2017 Table 3A.11 (Table-3A.11_1.xlsx)
2017,Odisha,Rape in Custody (Section 376(2)) - By Management/Staff of Jail/Remand Home/Place of Custody (Sec.376(2)(d),jail_remand_home_place_of_custody,0,NCRB CII 2017 Table 3A.11 (Table-3A.11_1.xlsx)
2017,Punjab,Rape in Custody (Section 376(2)) - By Management/Staff of Jail/Remand Home/Place of Custody (Sec.376(2)(d),jail_remand_home_place_of_custody,2,NCRB CII 2017 Table 3A.11 (Table-3A.11_1.xlsx)
2017,Rajasthan,Rape in Custody (Section 376(2)) - By Management/Staff of Jail/Remand Home/Place of Custody (Sec.376(2)(d),jail_remand_home_place_of_custody,15,NCRB CII 2017 Table 3A.11 (Table-3A.11_1.xlsx)
2017,Sikkim,Rape in Custody (Section 376(2)) - By Management/Staff of Jail/Remand Home/Place of Custody (Sec.376(2)(d),jail_remand_home_place_of_custody,0,NCRB CII 2017 Table 3A.11 (Table-3A.11_1.xlsx)
2017,Tamil Nadu,Rape in Custody (Section 376(2)) - By Management/Staff of Jail/Remand Home/Place of Custody (Sec.376(2)(d),jail_remand_home_place_of_custody,0,NCRB CII 2017 Table 3A.11 (Table-3A.11_1.xlsx)
2017,Telangana,Rape in Custody (Section 376(2)) - By Management/Staff of Jail/Remand Home/Place of Custody (Sec.376(2)(d),jail_remand_home_place_of_custody,0,NCRB CII 2017 Table 3A.11 (Table-3A.11_1.xlsx)
2017,Tripura,Rape in Custody (Section 376(2)) - By Management/Staff of Jail/Remand Home/Place of Custody (Sec.376(2)(d),jail_remand_home_place_of_custody,0,NCRB CII 2017 Table 3A.11 (Table-3A.11_1.xlsx)
2017,Uttar Pradesh,Rape in Custody (Section 376(2)) - By Management/Staff of Jail/Remand Home/Place of Custody (Sec.376(2)(d),jail_remand_home_place_of_custody,19,NCRB CII 2017 Table 3A.11 (Table-3A.11_1.xlsx)
2017,Uttarakhand,Rape in Custody (Section 376(2)) - By Management/Staff of Jail/Remand Home/Place of Custody (Sec.376(2)(d),jail_remand_home_place_of_custody,1,NCRB CII 2017 Table 3A.11 (Table-3A.11_1.xlsx)
2017,West Bengal,Rape in Custody (Section 376(2)) - By Management/Staff of Jail/Remand Home/Place of Custody (Sec.376(2)(d),jail_remand_home_place_of_custody,0,NCRB CII 2017 Table 3A.11 (Table-3A.11_1.xlsx)
2017,Andaman & Nicobar Islands,Rape in Custody (Section 376(2)) - By Management/Staff of Jail/Remand Home/Place of Custody (Sec.376(2)(d),jail_remand_home_place_of_custody,0,NCRB CII 2017 Table 3A.11 (Table-3A.11_1.xlsx)
2017,Chandigarh,Rape in Custody (Section 376(2)) - By Management/Staff of Jail/Remand Home/Place of Custody (Sec.376(2)(d),jail_remand_home_place_of_custody,0,NCRB CII 2017 Table 3A.11 (Table-3A.11_1.xlsx)
2017,Dadra & Nagar Haveli and Daman & Diu,Rape in Custody (Section 376(2)) - By Management/Staff of Jail/Remand Home/Place of Custody (Sec.376(2)(d),jail_remand_home_place_of_custody,0,NCRB CII 2017 Table 3A.11 (Table-3A.11_1.xlsx)
2017,Delhi,Rape in Custody (Section 376(2)) - By Management/Staff of Jail/Remand Home/Place of Custody (Sec.376(2)(d),jail_remand_home_place_of_custody,0,NCRB CII 2017 Table 3A.11 (Table-3A.11_1.xlsx)
2017,Lakshadweep,Rape in Custody (Section 376(2)) - By Management/Staff of Jail/Remand Home/Place of Custody (Sec.376(2)(d),jail_remand_home_place_of_custody,0,NCRB CII 2017 Table 3A.11 (Table-3A.11_1.xlsx)
2017,Puducherry,Rape in Custody (Section 376(2)) - By Management/Staff of Jail/Remand Home/Place of Custody (Sec.376(2)(d),jail_remand_home_place_of_custody,0,NCRB CII 2017 Table 3A.11 (Table-3A.11_1.xlsx)
2017,All India,Rape in Custody (Section 376(2)) - By Management/Staff of Jail/Remand Home/Place of Custody (Sec.376(2)(d),jail_remand_home_place_of_custody,43,NCRB CII 2017 Table 3A.11 (Table-3A.11_1.xlsx)
2017,Andhra Pradesh,Rape in Custody (Section 376(2)) - By Management/ Staff of Hospital (Sec.376(2) (e),hospital,1,NCRB CII 2017 Table 3A.11 (Table-3A.11_1.xlsx)
2017,Arunachal Pradesh,Rape in Custody (Section 376(2)) - By Management/ Staff of Hospital (Sec.376(2) (e),hospital,0,NCRB CII 2017 Table 3A.11 (Table-3A.11_1.xlsx)
2017,Assam,Rape in Custody (Section 376(2)) - By Management/ Staff of Hospital (Sec.376(2) (e),hospital,0,NCRB CII 2017 Table 3A.11 (Table-3A.11_1.xlsx)
2017,Bihar,Rape in Custody (Section 376(2)) - By Management/ Staff of Hospital (Sec.376(2) (e),hospital,0,NCRB CII 2017 Table 3A.11 (Table-3A.11_1.xlsx)
2017,Chhattisgarh,Rape in Custody (Section 376(2)) - By Management/ Staff of Hospital (Sec.376(2) (e),hospital,0,NCRB CII 2017 Table 3A.11 (Table-3A.11_1.xlsx)
2017,Goa,Rape in Custody (Section 376(2)) - By Management/ Staff of Hospital (Sec.376(2) (e),hospital,0,NCRB CII 2017 Table 3A.11 (Table-3A.11_1.xlsx)
2017,Gujarat,Rape in Custody (Section 376(2)) - By Management/ Staff of Hospital (Sec.376(2) (e),hospital,1,NCRB CII 2017 Table 3A.11 (Table-3A.11_1.xlsx)
2017,Haryana,Rape in Custody (Section 376(2)) - By Management/ Staff of Hospital (Sec.376(2) (e),hospital,2,NCRB CII 2017 Table 3A.11 (Table-3A.11_1.xlsx)
2017,Himachal Pradesh,Rape in Custody (Section 376(2)) - By Management/ Staff of Hospital (Sec.376(2) (e),hospital,0,NCRB CII 2017 Table 3A.11 (Table-3A.11_1.xlsx)
2017,Jammu & Kashmir,Rape in Custody (Section 376(2)) - By Management/ Staff of Hospital (Sec.376(2) (e),hospital,0,NCRB CII 2017 Table 3A.11 (Table-3A.11_1.xlsx)
2017,Jharkhand,Rape in Custody (Section 376(2)) - By Management/ Staff of Hospital (Sec.376(2) (e),hospital,0,NCRB CII 2017 Table 3A.11 (Table-3A.11_1.xlsx)
2017,Karnataka,Rape in Custody (Section 376(2)) - By Management/ Staff of Hospital (Sec.376(2) (e),hospital,1,NCRB CII 2017 Table 3A.11 (Table-3A.11_1.xlsx)
2017,Kerala,Rape in Custody (Section 376(2)) - By Management/ Staff of Hospital (Sec.376(2) (e),hospital,0,NCRB CII 2017 Table 3A.11 (Table-3A.11_1.xlsx)
2017,Madhya Pradesh,Rape in Custody (Section 376(2)) - By Management/ Staff of Hospital (Sec.376(2) (e),hospital,0,NCRB CII 2017 Table 3A.11 (Table-3A.11_1.xlsx)
2017,Maharashtra,Rape in Custody (Section 376(2)) - By Management/ Staff of Hospital (Sec.376(2) (e),hospital,0,NCRB CII 2017 Table 3A.11 (Table-3A.11_1.xlsx)
2017,Manipur,Rape in Custody (Section 376(2)) - By Management/ Staff of Hospital (Sec.376(2) (e),hospital,0,NCRB CII 2017 Table 3A.11 (Table-3A.11_1.xlsx)
2017,Meghalaya,Rape in Custody (Section 376(2)) - By Management/ Staff of Hospital (Sec.376(2) (e),hospital,0,NCRB CII 2017 Table 3A.11 (Table-3A.11_1.xlsx)
2017,Mizoram,Rape in Custody (Section 376(2)) - By Management/ Staff of Hospital (Sec.376(2) (e),hospital,0,NCRB CII 2017 Table 3A.11 (Table-3A.11_1.xlsx)
2017,Nagaland,Rape in Custody (Section 376(2)) - By Management/ Staff of Hospital (Sec.376(2) (e),hospital,0,NCRB CII 2017 Table 3A.11 (Table-3A.11_1.xlsx)
2017,Odisha,Rape in Custody (Section 376(2)) - By Management/ Staff of Hospital (Sec.376(2) (e),hospital,0,NCRB CII 2017 Table 3A.11 (Table-3A.11_1.xlsx)
2017,Punjab,Rape in Custody (Section 376(2)) - By Management/ Staff of Hospital (Sec.376(2) (e),hospital,1,NCRB CII 2017 Table 3A.11 (Table-3A.11_1.xlsx)
2017,Rajasthan,Rape in Custody (Section 376(2)) - By Management/ Staff of Hospital (Sec.376(2) (e),hospital,0,NCRB CII 2017 Table 3A.11 (Table-3A.11_1.xlsx)
2017,Sikkim,Rape in Custody (Section 376(2)) - By Management/ Staff of Hospital (Sec.376(2) (e),hospital,0,NCRB CII 2017 Table 3A.11 (Table-3A.11_1.xlsx)
2017,Tamil Nadu,Rape in Custody (Section 376(2)) - By Management/ Staff of Hospital (Sec.376(2) (e),hospital,0,NCRB CII 2017 Table 3A.11 (Table-3A.11_1.xlsx)
2017,Telangana,Rape in Custody (Section 376(2)) - By Management/ Staff of Hospital (Sec.376(2) (e),hospital,0,NCRB CII 2017 Table 3A.11 (Table-3A.11_1.xlsx)
2017,Tripura,Rape in Custody (Section 376(2)) - By Management/ Staff of Hospital (Sec.376(2) (e),hospital,0,NCRB CII 2017 Table 3A.11 (Table-3A.11_1.xlsx)
2017,Uttar Pradesh,Rape in Custody (Section 376(2)) - By Management/ Staff of Hospital (Sec.376(2) (e),hospital,6,NCRB CII 2017 Table 3A.11 (Table-3A.11_1.xlsx)
2017,Uttarakhand,Rape in Custody (Section 376(2)) - By Management/ Staff of Hospital (Sec.376(2) (e),hospital,0,NCRB CII 2017 Table 3A.11 (Table-3A.11_1.xlsx)
2017,West Bengal,Rape in Custody (Section 376(2)) - By Management/ Staff of Hospital (Sec.376(2) (e),hospital,0,NCRB CII 2017 Table 3A.11 (Table-3A.11_1.xlsx)
2017,Andaman & Nicobar Islands,Rape in Custody (Section 376(2)) - By Management/ Staff of Hospital (Sec.376(2) (e),hospital,0,NCRB CII 2017 Table 3A.11 (Table-3A.11_1.xlsx)
2017,Chandigarh,Rape in Custody (Section 376(2)) - By Management/ Staff of Hospital (Sec.376(2) (e),hospital,0,NCRB CII 2017 Table 3A.11 (Table-3A.11_1.xlsx)
2017,Dadra & Nagar Haveli and Daman & Diu,Rape in Custody (Section 376(2)) - By Management/ Staff of Hospital (Sec.376(2) (e),hospital,0,NCRB CII 2017 Table 3A.11 (Table-3A.11_1.xlsx)
2017,Delhi,Rape in Custody (Section 376(2)) - By Management/ Staff of Hospital (Sec.376(2) (e),hospital,0,NCRB CII 2017 Table 3A.11 (Table-3A.11_1.xlsx)
2017,Lakshadweep,Rape in Custody (Section 376(2)) - By Management/ Staff of Hospital (Sec.376(2) (e),hospital,0,NCRB CII 2017 Table 3A.11 (Table-3A.11_1.xlsx)
2017,Puducherry,Rape in Custody (Section 376(2)) - By Management/ Staff of Hospital (Sec.376(2) (e),hospital,0,NCRB CII 2017 Table 3A.11 (Table-3A.11_1.xlsx)
2017,All India,Rape in Custody (Section 376(2)) - By Management/ Staff of Hospital (Sec.376(2) (e),hospital,12,NCRB CII 2017 Table 3A.11 (Table-3A.11_1.xlsx)
2018,Andhra Pradesh,Rape in Custody (Section 376(2)) - Rape in Custody (Total),custodial_total,6,NCRB CII 2018 Table 3A.11 (Table-3A.11_0.xlsx)
2018,Arunachal Pradesh,Rape in Custody (Section 376(2)) - Rape in Custody (Total),custodial_total,0,NCRB CII 2018 Table 3A.11 (Table-3A.11_0.xlsx)
2018,Assam,Rape in Custody (Section 376(2)) - Rape in Custody (Total),custodial_total,1,NCRB CII 2018 Table 3A.11 (Table-3A.11_0.xlsx)
2018,Bihar,Rape in Custody (Section 376(2)) - Rape in Custody (Total),custodial_total,0,NCRB CII 2018 Table 3A.11 (Table-3A.11_0.xlsx)
2018,Chhattisgarh,Rape in Custody (Section 376(2)) - Rape in Custody (Total),custodial_total,3,NCRB CII 2018 Table 3A.11 (Table-3A.11_0.xlsx)
2018,Goa,Rape in Custody (Section 376(2)) - Rape in Custody (Total),custodial_total,0,NCRB CII 2018 Table 3A.11 (Table-3A.11_0.xlsx)
2018,Gujarat,Rape in Custody (Section 376(2)) - Rape in Custody (Total),custodial_total,1,NCRB CII 2018 Table 3A.11 (Table-3A.11_0.xlsx)
2018,Haryana,Rape in Custody (Section 376(2)) - Rape in Custody (Total),custodial_total,0,NCRB CII 2018 Table 3A.11 (Table-3A.11_0.xlsx)
2018,Himachal Pradesh,Rape in Custody (Section 376(2)) - Rape in Custody (Total),custodial_total,0,NCRB CII 2018 Table 3A.11 (Table-3A.11_0.xlsx)
2018,Jammu & Kashmir,Rape in Custody (Section 376(2)) - Rape in Custody (Total),custodial_total,0,NCRB CII 2018 Table 3A.11 (Table-3A.11_0.xlsx)
2018,Jharkhand,Rape in Custody (Section 376(2)) - Rape in Custody (Total),custodial_total,0,NCRB CII 2018 Table 3A.11 (Table-3A.11_0.xlsx)
2018,Karnataka,Rape in Custody (Section 376(2)) - Rape in Custody (Total),custodial_total,0,NCRB CII 2018 Table 3A.11 (Table-3A.11_0.xlsx)
2018,Kerala,Rape in Custody (Section 376(2)) - Rape in Custody (Total),custodial_total,0,NCRB CII 2018 Table 3A.11 (Table-3A.11_0.xlsx)
2018,Madhya Pradesh,Rape in Custody (Section 376(2)) - Rape in Custody (Total),custodial_total,23,NCRB CII 2018 Table 3A.11 (Table-3A.11_0.xlsx)
2018,Maharashtra,Rape in Custody (Section 376(2)) - Rape in Custody (Total),custodial_total,1,NCRB CII 2018 Table 3A.11 (Table-3A.11_0.xlsx)
2018,Manipur,Rape in Custody (Section 376(2)) - Rape in Custody (Total),custodial_total,1,NCRB CII 2018 Table 3A.11 (Table-3A.11_0.xlsx)
2018,Meghalaya,Rape in Custody (Section 376(2)) - Rape in Custody (Total),custodial_total,1,NCRB CII 2018 Table 3A.11 (Table-3A.11_0.xlsx)
2018,Mizoram,Rape in Custody (Section 376(2)) - Rape in Custody (Total),custodial_total,0,NCRB CII 2018 Table 3A.11 (Table-3A.11_0.xlsx)
2018,Nagaland,Rape in Custody (Section 376(2)) - Rape in Custody (Total),custodial_total,0,NCRB CII 2018 Table 3A.11 (Table-3A.11_0.xlsx)
2018,Odisha,Rape in Custody (Section 376(2)) - Rape in Custody (Total),custodial_total,0,NCRB CII 2018 Table 3A.11 (Table-3A.11_0.xlsx)
2018,Punjab,Rape in Custody (Section 376(2)) - Rape in Custody (Total),custodial_total,1,NCRB CII 2018 Table 3A.11 (Table-3A.11_0.xlsx)
2018,Rajasthan,Rape in Custody (Section 376(2)) - Rape in Custody (Total),custodial_total,4,NCRB CII 2018 Table 3A.11 (Table-3A.11_0.xlsx)
2018,Sikkim,Rape in Custody (Section 376(2)) - Rape in Custody (Total),custodial_total,0,NCRB CII 2018 Table 3A.11 (Table-3A.11_0.xlsx)
2018,Tamil Nadu,Rape in Custody (Section 376(2)) - Rape in Custody (Total),custodial_total,1,NCRB CII 2018 Table 3A.11 (Table-3A.11_0.xlsx)
2018,Telangana,Rape in Custody (Section 376(2)) - Rape in Custody (Total),custodial_total,0,NCRB CII 2018 Table 3A.11 (Table-3A.11_0.xlsx)
2018,Tripura,Rape in Custody (Section 376(2)) - Rape in Custody (Total),custodial_total,0,NCRB CII 2018 Table 3A.11 (Table-3A.11_0.xlsx)
2018,Uttar Pradesh,Rape in Custody (Section 376(2)) - Rape in Custody (Total),custodial_total,11,NCRB CII 2018 Table 3A.11 (Table-3A.11_0.xlsx)
2018,Uttarakhand,Rape in Custody (Section 376(2)) - Rape in Custody (Total),custodial_total,0,NCRB CII 2018 Table 3A.11 (Table-3A.11_0.xlsx)
2018,West Bengal,Rape in Custody (Section 376(2)) - Rape in Custody (Total),custodial_total,0,NCRB CII 2018 Table 3A.11 (Table-3A.11_0.xlsx)
2018,Andaman & Nicobar Islands,Rape in Custody (Section 376(2)) - Rape in Custody (Total),custodial_total,1,NCRB CII 2018 Table 3A.11 (Table-3A.11_0.xlsx)
2018,Chandigarh,Rape in Custody (Section 376(2)) - Rape in Custody (Total),custodial_total,3,NCRB CII 2018 Table 3A.11 (Table-3A.11_0.xlsx)
2018,Dadra & Nagar Haveli and Daman & Diu,Rape in Custody (Section 376(2)) - Rape in Custody (Total),custodial_total,0,NCRB CII 2018 Table 3A.11 (Table-3A.11_0.xlsx)
2018,Delhi,Rape in Custody (Section 376(2)) - Rape in Custody (Total),custodial_total,2,NCRB CII 2018 Table 3A.11 (Table-3A.11_0.xlsx)
2018,Lakshadweep,Rape in Custody (Section 376(2)) - Rape in Custody (Total),custodial_total,0,NCRB CII 2018 Table 3A.11 (Table-3A.11_0.xlsx)
2018,Puducherry,Rape in Custody (Section 376(2)) - Rape in Custody (Total),custodial_total,0,NCRB CII 2018 Table 3A.11 (Table-3A.11_0.xlsx)
2018,All India,Rape in Custody (Section 376(2)) - Rape in Custody (Total),custodial_total,60,NCRB CII 2018 Table 3A.11 (Table-3A.11_0.xlsx)
2018,Andhra Pradesh,Rape in Custody (Section 376(2)) - By Police Personnel (Sec.376(2) (a),police_personnel,3,NCRB CII 2018 Table 3A.11 (Table-3A.11_0.xlsx)
2018,Arunachal Pradesh,Rape in Custody (Section 376(2)) - By Police Personnel (Sec.376(2) (a),police_personnel,0,NCRB CII 2018 Table 3A.11 (Table-3A.11_0.xlsx)
2018,Assam,Rape in Custody (Section 376(2)) - By Police Personnel (Sec.376(2) (a),police_personnel,1,NCRB CII 2018 Table 3A.11 (Table-3A.11_0.xlsx)
2018,Bihar,Rape in Custody (Section 376(2)) - By Police Personnel (Sec.376(2) (a),police_personnel,0,NCRB CII 2018 Table 3A.11 (Table-3A.11_0.xlsx)
2018,Chhattisgarh,Rape in Custody (Section 376(2)) - By Police Personnel (Sec.376(2) (a),police_personnel,3,NCRB CII 2018 Table 3A.11 (Table-3A.11_0.xlsx)
2018,Goa,Rape in Custody (Section 376(2)) - By Police Personnel (Sec.376(2) (a),police_personnel,0,NCRB CII 2018 Table 3A.11 (Table-3A.11_0.xlsx)
2018,Gujarat,Rape in Custody (Section 376(2)) - By Police Personnel (Sec.376(2) (a),police_personnel,0,NCRB CII 2018 Table 3A.11 (Table-3A.11_0.xlsx)
2018,Haryana,Rape in Custody (Section 376(2)) - By Police Personnel (Sec.376(2) (a),police_personnel,0,NCRB CII 2018 Table 3A.11 (Table-3A.11_0.xlsx)
2018,Himachal Pradesh,Rape in Custody (Section 376(2)) - By Police Personnel (Sec.376(2) (a),police_personnel,0,NCRB CII 2018 Table 3A.11 (Table-3A.11_0.xlsx)
2018,Jammu & Kashmir,Rape in Custody (Section 376(2)) - By Police Personnel (Sec.376(2) (a),police_personnel,0,NCRB CII 2018 Table 3A.11 (Table-3A.11_0.xlsx)
2018,Jharkhand,Rape in Custody (Section 376(2)) - By Police Personnel (Sec.376(2) (a),police_personnel,0,NCRB CII 2018 Table 3A.11 (Table-3A.11_0.xlsx)
2018,Karnataka,Rape in Custody (Section 376(2)) - By Police Personnel (Sec.376(2) (a),police_personnel,0,NCRB CII 2018 Table 3A.11 (Table-3A.11_0.xlsx)
2018,Kerala,Rape in Custody (Section 376(2)) - By Police Personnel (Sec.376(2) (a),police_personnel,0,NCRB CII 2018 Table 3A.11 (Table-3A.11_0.xlsx)
2018,Madhya Pradesh,Rape in Custody (Section 376(2)) - By Police Personnel (Sec.376(2) (a),police_personnel,5,NCRB CII 2018 Table 3A.11 (Table-3A.11_0.xlsx)
2018,Maharashtra,Rape in Custody (Section 376(2)) - By Police Personnel (Sec.376(2) (a),police_personnel,0,NCRB CII 2018 Table 3A.11 (Table-3A.11_0.xlsx)
2018,Manipur,Rape in Custody (Section 376(2)) - By Police Personnel (Sec.376(2) (a),police_personnel,0,NCRB CII 2018 Table 3A.11 (Table-3A.11_0.xlsx)
2018,Meghalaya,Rape in Custody (Section 376(2)) - By Police Personnel (Sec.376(2) (a),police_personnel,1,NCRB CII 2018 Table 3A.11 (Table-3A.11_0.xlsx)
2018,Mizoram,Rape in Custody (Section 376(2)) - By Police Personnel (Sec.376(2) (a),police_personnel,0,NCRB CII 2018 Table 3A.11 (Table-3A.11_0.xlsx)
2018,Nagaland,Rape in Custody (Section 376(2)) - By Police Personnel (Sec.376(2) (a),police_personnel,0,NCRB CII 2018 Table 3A.11 (Table-3A.11_0.xlsx)
2018,Odisha,Rape in Custody (Section 376(2)) - By Police Personnel (Sec.376(2) (a),police_personnel,0,NCRB CII 2018 Table 3A.11 (Table-3A.11_0.xlsx)
2018,Punjab,Rape in Custody (Section 376(2)) - By Police Personnel (Sec.376(2) (a),police_personnel,0,NCRB CII 2018 Table 3A.11 (Table-3A.11_0.xlsx)
2018,Rajasthan,Rape in Custody (Section 376(2)) - By Police Personnel (Sec.376(2) (a),police_personnel,2,NCRB CII 2018 Table 3A.11 (Table-3A.11_0.xlsx)
2018,Sikkim,Rape in Custody (Section 376(2)) - By Police Personnel (Sec.376(2) (a),police_personnel,0,NCRB CII 2018 Table 3A.11 (Table-3A.11_0.xlsx)
2018,Tamil Nadu,Rape in Custody (Section 376(2)) - By Police Personnel (Sec.376(2) (a),police_personnel,0,NCRB CII 2018 Table 3A.11 (Table-3A.11_0.xlsx)
2018,Telangana,Rape in Custody (Section 376(2)) - By Police Personnel (Sec.376(2) (a),police_personnel,0,NCRB CII 2018 Table 3A.11 (Table-3A.11_0.xlsx)
2018,Tripura,Rape in Custody (Section 376(2)) - By Police Personnel (Sec.376(2) (a),police_personnel,0,NCRB CII 2018 Table 3A.11 (Table-3A.11_0.xlsx)
2018,Uttar Pradesh,Rape in Custody (Section 376(2)) - By Police Personnel (Sec.376(2) (a),police_personnel,0,NCRB CII 2018 Table 3A.11 (Table-3A.11_0.xlsx)
2018,Uttarakhand,Rape in Custody (Section 376(2)) - By Police Personnel (Sec.376(2) (a),police_personnel,0,NCRB CII 2018 Table 3A.11 (Table-3A.11_0.xlsx)
2018,West Bengal,Rape in Custody (Section 376(2)) - By Police Personnel (Sec.376(2) (a),police_personnel,0,NCRB CII 2018 Table 3A.11 (Table-3A.11_0.xlsx)
2018,Andaman & Nicobar Islands,Rape in Custody (Section 376(2)) - By Police Personnel (Sec.376(2) (a),police_personnel,0,NCRB CII 2018 Table 3A.11 (Table-3A.11_0.xlsx)
2018,Chandigarh,Rape in Custody (Section 376(2)) - By Police Personnel (Sec.376(2) (a),police_personnel,1,NCRB CII 2018 Table 3A.11 (Table-3A.11_0.xlsx)
2018,Dadra & Nagar Haveli and Daman & Diu,Rape in Custody (Section 376(2)) - By Police Personnel (Sec.376(2) (a),police_personnel,0,NCRB CII 2018 Table 3A.11 (Table-3A.11_0.xlsx)
2018,Delhi,Rape in Custody (Section 376(2)) - By Police Personnel (Sec.376(2) (a),police_personnel,0,NCRB CII 2018 Table 3A.11 (Table-3A.11_0.xlsx)
2018,Lakshadweep,Rape in Custody (Section 376(2)) - By Police Personnel (Sec.376(2) (a),police_personnel,0,NCRB CII 2018 Table 3A.11 (Table-3A.11_0.xlsx)
2018,Puducherry,Rape in Custody (Section 376(2)) - By Police Personnel (Sec.376(2) (a),police_personnel,0,NCRB CII 2018 Table 3A.11 (Table-3A.11_0.xlsx)
2018,All India,Rape in Custody (Section 376(2)) - By Police Personnel (Sec.376(2) (a),police_personnel,16,NCRB CII 2018 Table 3A.11 (Table-3A.11_0.xlsx)
2018,Andhra Pradesh,Rape in Custody (Section 376(2)) - By Public Servant (Sec.376(2) (b),public_servant,0,NCRB CII 2018 Table 3A.11 (Table-3A.11_0.xlsx)
2018,Arunachal Pradesh,Rape in Custody (Section 376(2)) - By Public Servant (Sec.376(2) (b),public_servant,0,NCRB CII 2018 Table 3A.11 (Table-3A.11_0.xlsx)
2018,Assam,Rape in Custody (Section 376(2)) - By Public Servant (Sec.376(2) (b),public_servant,0,NCRB CII 2018 Table 3A.11 (Table-3A.11_0.xlsx)
2018,Bihar,Rape in Custody (Section 376(2)) - By Public Servant (Sec.376(2) (b),public_servant,0,NCRB CII 2018 Table 3A.11 (Table-3A.11_0.xlsx)
2018,Chhattisgarh,Rape in Custody (Section 376(2)) - By Public Servant (Sec.376(2) (b),public_servant,0,NCRB CII 2018 Table 3A.11 (Table-3A.11_0.xlsx)
2018,Goa,Rape in Custody (Section 376(2)) - By Public Servant (Sec.376(2) (b),public_servant,0,NCRB CII 2018 Table 3A.11 (Table-3A.11_0.xlsx)
2018,Gujarat,Rape in Custody (Section 376(2)) - By Public Servant (Sec.376(2) (b),public_servant,0,NCRB CII 2018 Table 3A.11 (Table-3A.11_0.xlsx)
2018,Haryana,Rape in Custody (Section 376(2)) - By Public Servant (Sec.376(2) (b),public_servant,0,NCRB CII 2018 Table 3A.11 (Table-3A.11_0.xlsx)
2018,Himachal Pradesh,Rape in Custody (Section 376(2)) - By Public Servant (Sec.376(2) (b),public_servant,0,NCRB CII 2018 Table 3A.11 (Table-3A.11_0.xlsx)
2018,Jammu & Kashmir,Rape in Custody (Section 376(2)) - By Public Servant (Sec.376(2) (b),public_servant,0,NCRB CII 2018 Table 3A.11 (Table-3A.11_0.xlsx)
2018,Jharkhand,Rape in Custody (Section 376(2)) - By Public Servant (Sec.376(2) (b),public_servant,0,NCRB CII 2018 Table 3A.11 (Table-3A.11_0.xlsx)
2018,Karnataka,Rape in Custody (Section 376(2)) - By Public Servant (Sec.376(2) (b),public_servant,0,NCRB CII 2018 Table 3A.11 (Table-3A.11_0.xlsx)
2018,Kerala,Rape in Custody (Section 376(2)) - By Public Servant (Sec.376(2) (b),public_servant,0,NCRB CII 2018 Table 3A.11 (Table-3A.11_0.xlsx)
2018,Madhya Pradesh,Rape in Custody (Section 376(2)) - By Public Servant (Sec.376(2) (b),public_servant,4,NCRB CII 2018 Table 3A.11 (Table-3A.11_0.xlsx)
2018,Maharashtra,Rape in Custody (Section 376(2)) - By Public Servant (Sec.376(2) (b),public_servant,0,NCRB CII 2018 Table 3A.11 (Table-3A.11_0.xlsx)
2018,Manipur,Rape in Custody (Section 376(2)) - By Public Servant (Sec.376(2) (b),public_servant,0,NCRB CII 2018 Table 3A.11 (Table-3A.11_0.xlsx)
2018,Meghalaya,Rape in Custody (Section 376(2)) - By Public Servant (Sec.376(2) (b),public_servant,0,NCRB CII 2018 Table 3A.11 (Table-3A.11_0.xlsx)
2018,Mizoram,Rape in Custody (Section 376(2)) - By Public Servant (Sec.376(2) (b),public_servant,0,NCRB CII 2018 Table 3A.11 (Table-3A.11_0.xlsx)
2018,Nagaland,Rape in Custody (Section 376(2)) - By Public Servant (Sec.376(2) (b),public_servant,0,NCRB CII 2018 Table 3A.11 (Table-3A.11_0.xlsx)
2018,Odisha,Rape in Custody (Section 376(2)) - By Public Servant (Sec.376(2) (b),public_servant,0,NCRB CII 2018 Table 3A.11 (Table-3A.11_0.xlsx)
2018,Punjab,Rape in Custody (Section 376(2)) - By Public Servant (Sec.376(2) (b),public_servant,0,NCRB CII 2018 Table 3A.11 (Table-3A.11_0.xlsx)
2018,Rajasthan,Rape in Custody (Section 376(2)) - By Public Servant (Sec.376(2) (b),public_servant,0,NCRB CII 2018 Table 3A.11 (Table-3A.11_0.xlsx)
2018,Sikkim,Rape in Custody (Section 376(2)) - By Public Servant (Sec.376(2) (b),public_servant,0,NCRB CII 2018 Table 3A.11 (Table-3A.11_0.xlsx)
2018,Tamil Nadu,Rape in Custody (Section 376(2)) - By Public Servant (Sec.376(2) (b),public_servant,1,NCRB CII 2018 Table 3A.11 (Table-3A.11_0.xlsx)
2018,Telangana,Rape in Custody (Section 376(2)) - By Public Servant (Sec.376(2) (b),public_servant,0,NCRB CII 2018 Table 3A.11 (Table-3A.11_0.xlsx)
2018,Tripura,Rape in Custody (Section 376(2)) - By Public Servant (Sec.376(2) (b),public_servant,0,NCRB CII 2018 Table 3A.11 (Table-3A.11_0.xlsx)
2018,Uttar Pradesh,Rape in Custody (Section 376(2)) - By Public Servant (Sec.376(2) (b),public_servant,8,NCRB CII 2018 Table 3A.11 (Table-3A.11_0.xlsx)
2018,Uttarakhand,Rape in Custody (Section 376(2)) - By Public Servant (Sec.376(2) (b),public_servant,0,NCRB CII 2018 Table 3A.11 (Table-3A.11_0.xlsx)
2018,West Bengal,Rape in Custody (Section 376(2)) - By Public Servant (Sec.376(2) (b),public_servant,0,NCRB CII 2018 Table 3A.11 (Table-3A.11_0.xlsx)
2018,Andaman & Nicobar Islands,Rape in Custody (Section 376(2)) - By Public Servant (Sec.376(2) (b),public_servant,0,NCRB CII 2018 Table 3A.11 (Table-3A.11_0.xlsx)
2018,Chandigarh,Rape in Custody (Section 376(2)) - By Public Servant (Sec.376(2) (b),public_servant,1,NCRB CII 2018 Table 3A.11 (Table-3A.11_0.xlsx)
2018,Dadra & Nagar Haveli and Daman & Diu,Rape in Custody (Section 376(2)) - By Public Servant (Sec.376(2) (b),public_servant,0,NCRB CII 2018 Table 3A.11 (Table-3A.11_0.xlsx)
2018,Delhi,Rape in Custody (Section 376(2)) - By Public Servant (Sec.376(2) (b),public_servant,1,NCRB CII 2018 Table 3A.11 (Table-3A.11_0.xlsx)
2018,Lakshadweep,Rape in Custody (Section 376(2)) - By Public Servant (Sec.376(2) (b),public_servant,0,NCRB CII 2018 Table 3A.11 (Table-3A.11_0.xlsx)
2018,Puducherry,Rape in Custody (Section 376(2)) - By Public Servant (Sec.376(2) (b),public_servant,0,NCRB CII 2018 Table 3A.11 (Table-3A.11_0.xlsx)
2018,All India,Rape in Custody (Section 376(2)) - By Public Servant (Sec.376(2) (b),public_servant,15,NCRB CII 2018 Table 3A.11 (Table-3A.11_0.xlsx)
2018,Andhra Pradesh,Rape in Custody (Section 376(2)) - By Member of Armed Forces (Sec.376(2) (c),armed_forces,0,NCRB CII 2018 Table 3A.11 (Table-3A.11_0.xlsx)
2018,Arunachal Pradesh,Rape in Custody (Section 376(2)) - By Member of Armed Forces (Sec.376(2) (c),armed_forces,0,NCRB CII 2018 Table 3A.11 (Table-3A.11_0.xlsx)
2018,Assam,Rape in Custody (Section 376(2)) - By Member of Armed Forces (Sec.376(2) (c),armed_forces,0,NCRB CII 2018 Table 3A.11 (Table-3A.11_0.xlsx)
2018,Bihar,Rape in Custody (Section 376(2)) - By Member of Armed Forces (Sec.376(2) (c),armed_forces,0,NCRB CII 2018 Table 3A.11 (Table-3A.11_0.xlsx)
2018,Chhattisgarh,Rape in Custody (Section 376(2)) - By Member of Armed Forces (Sec.376(2) (c),armed_forces,0,NCRB CII 2018 Table 3A.11 (Table-3A.11_0.xlsx)
2018,Goa,Rape in Custody (Section 376(2)) - By Member of Armed Forces (Sec.376(2) (c),armed_forces,0,NCRB CII 2018 Table 3A.11 (Table-3A.11_0.xlsx)
2018,Gujarat,Rape in Custody (Section 376(2)) - By Member of Armed Forces (Sec.376(2) (c),armed_forces,0,NCRB CII 2018 Table 3A.11 (Table-3A.11_0.xlsx)
2018,Haryana,Rape in Custody (Section 376(2)) - By Member of Armed Forces (Sec.376(2) (c),armed_forces,0,NCRB CII 2018 Table 3A.11 (Table-3A.11_0.xlsx)
2018,Himachal Pradesh,Rape in Custody (Section 376(2)) - By Member of Armed Forces (Sec.376(2) (c),armed_forces,0,NCRB CII 2018 Table 3A.11 (Table-3A.11_0.xlsx)
2018,Jammu & Kashmir,Rape in Custody (Section 376(2)) - By Member of Armed Forces (Sec.376(2) (c),armed_forces,0,NCRB CII 2018 Table 3A.11 (Table-3A.11_0.xlsx)
2018,Jharkhand,Rape in Custody (Section 376(2)) - By Member of Armed Forces (Sec.376(2) (c),armed_forces,0,NCRB CII 2018 Table 3A.11 (Table-3A.11_0.xlsx)
2018,Karnataka,Rape in Custody (Section 376(2)) - By Member of Armed Forces (Sec.376(2) (c),armed_forces,0,NCRB CII 2018 Table 3A.11 (Table-3A.11_0.xlsx)
2018,Kerala,Rape in Custody (Section 376(2)) - By Member of Armed Forces (Sec.376(2) (c),armed_forces,0,NCRB CII 2018 Table 3A.11 (Table-3A.11_0.xlsx)
2018,Madhya Pradesh,Rape in Custody (Section 376(2)) - By Member of Armed Forces (Sec.376(2) (c),armed_forces,0,NCRB CII 2018 Table 3A.11 (Table-3A.11_0.xlsx)
2018,Maharashtra,Rape in Custody (Section 376(2)) - By Member of Armed Forces (Sec.376(2) (c),armed_forces,0,NCRB CII 2018 Table 3A.11 (Table-3A.11_0.xlsx)
2018,Manipur,Rape in Custody (Section 376(2)) - By Member of Armed Forces (Sec.376(2) (c),armed_forces,0,NCRB CII 2018 Table 3A.11 (Table-3A.11_0.xlsx)
2018,Meghalaya,Rape in Custody (Section 376(2)) - By Member of Armed Forces (Sec.376(2) (c),armed_forces,0,NCRB CII 2018 Table 3A.11 (Table-3A.11_0.xlsx)
2018,Mizoram,Rape in Custody (Section 376(2)) - By Member of Armed Forces (Sec.376(2) (c),armed_forces,0,NCRB CII 2018 Table 3A.11 (Table-3A.11_0.xlsx)
2018,Nagaland,Rape in Custody (Section 376(2)) - By Member of Armed Forces (Sec.376(2) (c),armed_forces,0,NCRB CII 2018 Table 3A.11 (Table-3A.11_0.xlsx)
2018,Odisha,Rape in Custody (Section 376(2)) - By Member of Armed Forces (Sec.376(2) (c),armed_forces,0,NCRB CII 2018 Table 3A.11 (Table-3A.11_0.xlsx)
2018,Punjab,Rape in Custody (Section 376(2)) - By Member of Armed Forces (Sec.376(2) (c),armed_forces,0,NCRB CII 2018 Table 3A.11 (Table-3A.11_0.xlsx)
2018,Rajasthan,Rape in Custody (Section 376(2)) - By Member of Armed Forces (Sec.376(2) (c),armed_forces,2,NCRB CII 2018 Table 3A.11 (Table-3A.11_0.xlsx)
2018,Sikkim,Rape in Custody (Section 376(2)) - By Member of Armed Forces (Sec.376(2) (c),armed_forces,0,NCRB CII 2018 Table 3A.11 (Table-3A.11_0.xlsx)
2018,Tamil Nadu,Rape in Custody (Section 376(2)) - By Member of Armed Forces (Sec.376(2) (c),armed_forces,0,NCRB CII 2018 Table 3A.11 (Table-3A.11_0.xlsx)
2018,Telangana,Rape in Custody (Section 376(2)) - By Member of Armed Forces (Sec.376(2) (c),armed_forces,0,NCRB CII 2018 Table 3A.11 (Table-3A.11_0.xlsx)
2018,Tripura,Rape in Custody (Section 376(2)) - By Member of Armed Forces (Sec.376(2) (c),armed_forces,0,NCRB CII 2018 Table 3A.11 (Table-3A.11_0.xlsx)
2018,Uttar Pradesh,Rape in Custody (Section 376(2)) - By Member of Armed Forces (Sec.376(2) (c),armed_forces,0,NCRB CII 2018 Table 3A.11 (Table-3A.11_0.xlsx)
2018,Uttarakhand,Rape in Custody (Section 376(2)) - By Member of Armed Forces (Sec.376(2) (c),armed_forces,0,NCRB CII 2018 Table 3A.11 (Table-3A.11_0.xlsx)
2018,West Bengal,Rape in Custody (Section 376(2)) - By Member of Armed Forces (Sec.376(2) (c),armed_forces,0,NCRB CII 2018 Table 3A.11 (Table-3A.11_0.xlsx)
2018,Andaman & Nicobar Islands,Rape in Custody (Section 376(2)) - By Member of Armed Forces (Sec.376(2) (c),armed_forces,1,NCRB CII 2018 Table 3A.11 (Table-3A.11_0.xlsx)
2018,Chandigarh,Rape in Custody (Section 376(2)) - By Member of Armed Forces (Sec.376(2) (c),armed_forces,0,NCRB CII 2018 Table 3A.11 (Table-3A.11_0.xlsx)
2018,Dadra & Nagar Haveli and Daman & Diu,Rape in Custody (Section 376(2)) - By Member of Armed Forces (Sec.376(2) (c),armed_forces,0,NCRB CII 2018 Table 3A.11 (Table-3A.11_0.xlsx)
2018,Delhi,Rape in Custody (Section 376(2)) - By Member of Armed Forces (Sec.376(2) (c),armed_forces,0,NCRB CII 2018 Table 3A.11 (Table-3A.11_0.xlsx)
2018,Lakshadweep,Rape in Custody (Section 376(2)) - By Member of Armed Forces (Sec.376(2) (c),armed_forces,0,NCRB CII 2018 Table 3A.11 (Table-3A.11_0.xlsx)
2018,Puducherry,Rape in Custody (Section 376(2)) - By Member of Armed Forces (Sec.376(2) (c),armed_forces,0,NCRB CII 2018 Table 3A.11 (Table-3A.11_0.xlsx)
2018,All India,Rape in Custody (Section 376(2)) - By Member of Armed Forces (Sec.376(2) (c),armed_forces,3,NCRB CII 2018 Table 3A.11 (Table-3A.11_0.xlsx)
2018,Andhra Pradesh,Rape in Custody (Section 376(2)) - By Management/Staff of Jail/Remand Home/Place of Custody (Sec.376(2)(d),jail_remand_home_place_of_custody,1,NCRB CII 2018 Table 3A.11 (Table-3A.11_0.xlsx)
2018,Arunachal Pradesh,Rape in Custody (Section 376(2)) - By Management/Staff of Jail/Remand Home/Place of Custody (Sec.376(2)(d),jail_remand_home_place_of_custody,0,NCRB CII 2018 Table 3A.11 (Table-3A.11_0.xlsx)
2018,Assam,Rape in Custody (Section 376(2)) - By Management/Staff of Jail/Remand Home/Place of Custody (Sec.376(2)(d),jail_remand_home_place_of_custody,0,NCRB CII 2018 Table 3A.11 (Table-3A.11_0.xlsx)
2018,Bihar,Rape in Custody (Section 376(2)) - By Management/Staff of Jail/Remand Home/Place of Custody (Sec.376(2)(d),jail_remand_home_place_of_custody,0,NCRB CII 2018 Table 3A.11 (Table-3A.11_0.xlsx)
2018,Chhattisgarh,Rape in Custody (Section 376(2)) - By Management/Staff of Jail/Remand Home/Place of Custody (Sec.376(2)(d),jail_remand_home_place_of_custody,0,NCRB CII 2018 Table 3A.11 (Table-3A.11_0.xlsx)
2018,Goa,Rape in Custody (Section 376(2)) - By Management/Staff of Jail/Remand Home/Place of Custody (Sec.376(2)(d),jail_remand_home_place_of_custody,0,NCRB CII 2018 Table 3A.11 (Table-3A.11_0.xlsx)
2018,Gujarat,Rape in Custody (Section 376(2)) - By Management/Staff of Jail/Remand Home/Place of Custody (Sec.376(2)(d),jail_remand_home_place_of_custody,1,NCRB CII 2018 Table 3A.11 (Table-3A.11_0.xlsx)
2018,Haryana,Rape in Custody (Section 376(2)) - By Management/Staff of Jail/Remand Home/Place of Custody (Sec.376(2)(d),jail_remand_home_place_of_custody,0,NCRB CII 2018 Table 3A.11 (Table-3A.11_0.xlsx)
2018,Himachal Pradesh,Rape in Custody (Section 376(2)) - By Management/Staff of Jail/Remand Home/Place of Custody (Sec.376(2)(d),jail_remand_home_place_of_custody,0,NCRB CII 2018 Table 3A.11 (Table-3A.11_0.xlsx)
2018,Jammu & Kashmir,Rape in Custody (Section 376(2)) - By Management/Staff of Jail/Remand Home/Place of Custody (Sec.376(2)(d),jail_remand_home_place_of_custody,0,NCRB CII 2018 Table 3A.11 (Table-3A.11_0.xlsx)
2018,Jharkhand,Rape in Custody (Section 376(2)) - By Management/Staff of Jail/Remand Home/Place of Custody (Sec.376(2)(d),jail_remand_home_place_of_custody,0,NCRB CII 2018 Table 3A.11 (Table-3A.11_0.xlsx)
2018,Karnataka,Rape in Custody (Section 376(2)) - By Management/Staff of Jail/Remand Home/Place of Custody (Sec.376(2)(d),jail_remand_home_place_of_custody,0,NCRB CII 2018 Table 3A.11 (Table-3A.11_0.xlsx)
2018,Kerala,Rape in Custody (Section 376(2)) - By Management/Staff of Jail/Remand Home/Place of Custody (Sec.376(2)(d),jail_remand_home_place_of_custody,0,NCRB CII 2018 Table 3A.11 (Table-3A.11_0.xlsx)
2018,Madhya Pradesh,Rape in Custody (Section 376(2)) - By Management/Staff of Jail/Remand Home/Place of Custody (Sec.376(2)(d),jail_remand_home_place_of_custody,14,NCRB CII 2018 Table 3A.11 (Table-3A.11_0.xlsx)
2018,Maharashtra,Rape in Custody (Section 376(2)) - By Management/Staff of Jail/Remand Home/Place of Custody (Sec.376(2)(d),jail_remand_home_place_of_custody,0,NCRB CII 2018 Table 3A.11 (Table-3A.11_0.xlsx)
2018,Manipur,Rape in Custody (Section 376(2)) - By Management/Staff of Jail/Remand Home/Place of Custody (Sec.376(2)(d),jail_remand_home_place_of_custody,1,NCRB CII 2018 Table 3A.11 (Table-3A.11_0.xlsx)
2018,Meghalaya,Rape in Custody (Section 376(2)) - By Management/Staff of Jail/Remand Home/Place of Custody (Sec.376(2)(d),jail_remand_home_place_of_custody,0,NCRB CII 2018 Table 3A.11 (Table-3A.11_0.xlsx)
2018,Mizoram,Rape in Custody (Section 376(2)) - By Management/Staff of Jail/Remand Home/Place of Custody (Sec.376(2)(d),jail_remand_home_place_of_custody,0,NCRB CII 2018 Table 3A.11 (Table-3A.11_0.xlsx)
2018,Nagaland,Rape in Custody (Section 376(2)) - By Management/Staff of Jail/Remand Home/Place of Custody (Sec.376(2)(d),jail_remand_home_place_of_custody,0,NCRB CII 2018 Table 3A.11 (Table-3A.11_0.xlsx)
2018,Odisha,Rape in Custody (Section 376(2)) - By Management/Staff of Jail/Remand Home/Place of Custody (Sec.376(2)(d),jail_remand_home_place_of_custody,0,NCRB CII 2018 Table 3A.11 (Table-3A.11_0.xlsx)
2018,Punjab,Rape in Custody (Section 376(2)) - By Management/Staff of Jail/Remand Home/Place of Custody (Sec.376(2)(d),jail_remand_home_place_of_custody,0,NCRB CII 2018 Table 3A.11 (Table-3A.11_0.xlsx)
2018,Rajasthan,Rape in Custody (Section 376(2)) - By Management/Staff of Jail/Remand Home/Place of Custody (Sec.376(2)(d),jail_remand_home_place_of_custody,0,NCRB CII 2018 Table 3A.11 (Table-3A.11_0.xlsx)
2018,Sikkim,Rape in Custody (Section 376(2)) - By Management/Staff of Jail/Remand Home/Place of Custody (Sec.376(2)(d),jail_remand_home_place_of_custody,0,NCRB CII 2018 Table 3A.11 (Table-3A.11_0.xlsx)
2018,Tamil Nadu,Rape in Custody (Section 376(2)) - By Management/Staff of Jail/Remand Home/Place of Custody (Sec.376(2)(d),jail_remand_home_place_of_custody,0,NCRB CII 2018 Table 3A.11 (Table-3A.11_0.xlsx)
2018,Telangana,Rape in Custody (Section 376(2)) - By Management/Staff of Jail/Remand Home/Place of Custody (Sec.376(2)(d),jail_remand_home_place_of_custody,0,NCRB CII 2018 Table 3A.11 (Table-3A.11_0.xlsx)
2018,Tripura,Rape in Custody (Section 376(2)) - By Management/Staff of Jail/Remand Home/Place of Custody (Sec.376(2)(d),jail_remand_home_place_of_custody,0,NCRB CII 2018 Table 3A.11 (Table-3A.11_0.xlsx)
2018,Uttar Pradesh,Rape in Custody (Section 376(2)) - By Management/Staff of Jail/Remand Home/Place of Custody (Sec.376(2)(d),jail_remand_home_place_of_custody,0,NCRB CII 2018 Table 3A.11 (Table-3A.11_0.xlsx)
2018,Uttarakhand,Rape in Custody (Section 376(2)) - By Management/Staff of Jail/Remand Home/Place of Custody (Sec.376(2)(d),jail_remand_home_place_of_custody,0,NCRB CII 2018 Table 3A.11 (Table-3A.11_0.xlsx)
2018,West Bengal,Rape in Custody (Section 376(2)) - By Management/Staff of Jail/Remand Home/Place of Custody (Sec.376(2)(d),jail_remand_home_place_of_custody,0,NCRB CII 2018 Table 3A.11 (Table-3A.11_0.xlsx)
2018,Andaman & Nicobar Islands,Rape in Custody (Section 376(2)) - By Management/Staff of Jail/Remand Home/Place of Custody (Sec.376(2)(d),jail_remand_home_place_of_custody,0,NCRB CII 2018 Table 3A.11 (Table-3A.11_0.xlsx)
2018,Chandigarh,Rape in Custody (Section 376(2)) - By Management/Staff of Jail/Remand Home/Place of Custody (Sec.376(2)(d),jail_remand_home_place_of_custody,1,NCRB CII 2018 Table 3A.11 (Table-3A.11_0.xlsx)
2018,Dadra & Nagar Haveli and Daman & Diu,Rape in Custody (Section 376(2)) - By Management/Staff of Jail/Remand Home/Place of Custody (Sec.376(2)(d),jail_remand_home_place_of_custody,0,NCRB CII 2018 Table 3A.11 (Table-3A.11_0.xlsx)
2018,Delhi,Rape in Custody (Section 376(2)) - By Management/Staff of Jail/Remand Home/Place of Custody (Sec.376(2)(d),jail_remand_home_place_of_custody,1,NCRB CII 2018 Table 3A.11 (Table-3A.11_0.xlsx)
2018,Lakshadweep,Rape in Custody (Section 376(2)) - By Management/Staff of Jail/Remand Home/Place of Custody (Sec.376(2)(d),jail_remand_home_place_of_custody,0,NCRB CII 2018 Table 3A.11 (Table-3A.11_0.xlsx)
2018,Puducherry,Rape in Custody (Section 376(2)) - By Management/Staff of Jail/Remand Home/Place of Custody (Sec.376(2)(d),jail_remand_home_place_of_custody,0,NCRB CII 2018 Table 3A.11 (Table-3A.11_0.xlsx)
2018,All India,Rape in Custody (Section 376(2)) - By Management/Staff of Jail/Remand Home/Place of Custody (Sec.376(2)(d),jail_remand_home_place_of_custody,19,NCRB CII 2018 Table 3A.11 (Table-3A.11_0.xlsx)
2018,Andhra Pradesh,Rape in Custody (Section 376(2)) - By Management/ Staff of Hospital (Sec.376(2) (e),hospital,2,NCRB CII 2018 Table 3A.11 (Table-3A.11_0.xlsx)
2018,Arunachal Pradesh,Rape in Custody (Section 376(2)) - By Management/ Staff of Hospital (Sec.376(2) (e),hospital,0,NCRB CII 2018 Table 3A.11 (Table-3A.11_0.xlsx)
2018,Assam,Rape in Custody (Section 376(2)) - By Management/ Staff of Hospital (Sec.376(2) (e),hospital,0,NCRB CII 2018 Table 3A.11 (Table-3A.11_0.xlsx)
2018,Bihar,Rape in Custody (Section 376(2)) - By Management/ Staff of Hospital (Sec.376(2) (e),hospital,0,NCRB CII 2018 Table 3A.11 (Table-3A.11_0.xlsx)
2018,Chhattisgarh,Rape in Custody (Section 376(2)) - By Management/ Staff of Hospital (Sec.376(2) (e),hospital,0,NCRB CII 2018 Table 3A.11 (Table-3A.11_0.xlsx)
2018,Goa,Rape in Custody (Section 376(2)) - By Management/ Staff of Hospital (Sec.376(2) (e),hospital,0,NCRB CII 2018 Table 3A.11 (Table-3A.11_0.xlsx)
2018,Gujarat,Rape in Custody (Section 376(2)) - By Management/ Staff of Hospital (Sec.376(2) (e),hospital,0,NCRB CII 2018 Table 3A.11 (Table-3A.11_0.xlsx)
2018,Haryana,Rape in Custody (Section 376(2)) - By Management/ Staff of Hospital (Sec.376(2) (e),hospital,0,NCRB CII 2018 Table 3A.11 (Table-3A.11_0.xlsx)
2018,Himachal Pradesh,Rape in Custody (Section 376(2)) - By Management/ Staff of Hospital (Sec.376(2) (e),hospital,0,NCRB CII 2018 Table 3A.11 (Table-3A.11_0.xlsx)
2018,Jammu & Kashmir,Rape in Custody (Section 376(2)) - By Management/ Staff of Hospital (Sec.376(2) (e),hospital,0,NCRB CII 2018 Table 3A.11 (Table-3A.11_0.xlsx)
2018,Jharkhand,Rape in Custody (Section 376(2)) - By Management/ Staff of Hospital (Sec.376(2) (e),hospital,0,NCRB CII 2018 Table 3A.11 (Table-3A.11_0.xlsx)
2018,Karnataka,Rape in Custody (Section 376(2)) - By Management/ Staff of Hospital (Sec.376(2) (e),hospital,0,NCRB CII 2018 Table 3A.11 (Table-3A.11_0.xlsx)
2018,Kerala,Rape in Custody (Section 376(2)) - By Management/ Staff of Hospital (Sec.376(2) (e),hospital,0,NCRB CII 2018 Table 3A.11 (Table-3A.11_0.xlsx)
2018,Madhya Pradesh,Rape in Custody (Section 376(2)) - By Management/ Staff of Hospital (Sec.376(2) (e),hospital,0,NCRB CII 2018 Table 3A.11 (Table-3A.11_0.xlsx)
2018,Maharashtra,Rape in Custody (Section 376(2)) - By Management/ Staff of Hospital (Sec.376(2) (e),hospital,1,NCRB CII 2018 Table 3A.11 (Table-3A.11_0.xlsx)
2018,Manipur,Rape in Custody (Section 376(2)) - By Management/ Staff of Hospital (Sec.376(2) (e),hospital,0,NCRB CII 2018 Table 3A.11 (Table-3A.11_0.xlsx)
2018,Meghalaya,Rape in Custody (Section 376(2)) - By Management/ Staff of Hospital (Sec.376(2) (e),hospital,0,NCRB CII 2018 Table 3A.11 (Table-3A.11_0.xlsx)
2018,Mizoram,Rape in Custody (Section 376(2)) - By Management/ Staff of Hospital (Sec.376(2) (e),hospital,0,NCRB CII 2018 Table 3A.11 (Table-3A.11_0.xlsx)
2018,Nagaland,Rape in Custody (Section 376(2)) - By Management/ Staff of Hospital (Sec.376(2) (e),hospital,0,NCRB CII 2018 Table 3A.11 (Table-3A.11_0.xlsx)
2018,Odisha,Rape in Custody (Section 376(2)) - By Management/ Staff of Hospital (Sec.376(2) (e),hospital,0,NCRB CII 2018 Table 3A.11 (Table-3A.11_0.xlsx)
2018,Punjab,Rape in Custody (Section 376(2)) - By Management/ Staff of Hospital (Sec.376(2) (e),hospital,1,NCRB CII 2018 Table 3A.11 (Table-3A.11_0.xlsx)
2018,Rajasthan,Rape in Custody (Section 376(2)) - By Management/ Staff of Hospital (Sec.376(2) (e),hospital,0,NCRB CII 2018 Table 3A.11 (Table-3A.11_0.xlsx)
2018,Sikkim,Rape in Custody (Section 376(2)) - By Management/ Staff of Hospital (Sec.376(2) (e),hospital,0,NCRB CII 2018 Table 3A.11 (Table-3A.11_0.xlsx)
2018,Tamil Nadu,Rape in Custody (Section 376(2)) - By Management/ Staff of Hospital (Sec.376(2) (e),hospital,0,NCRB CII 2018 Table 3A.11 (Table-3A.11_0.xlsx)
2018,Telangana,Rape in Custody (Section 376(2)) - By Management/ Staff of Hospital (Sec.376(2) (e),hospital,0,NCRB CII 2018 Table 3A.11 (Table-3A.11_0.xlsx)
2018,Tripura,Rape in Custody (Section 376(2)) - By Management/ Staff of Hospital (Sec.376(2) (e),hospital,0,NCRB CII 2018 Table 3A.11 (Table-3A.11_0.xlsx)
2018,Uttar Pradesh,Rape in Custody (Section 376(2)) - By Management/ Staff of Hospital (Sec.376(2) (e),hospital,3,NCRB CII 2018 Table 3A.11 (Table-3A.11_0.xlsx)
2018,Uttarakhand,Rape in Custody (Section 376(2)) - By Management/ Staff of Hospital (Sec.376(2) (e),hospital,0,NCRB CII 2018 Table 3A.11 (Table-3A.11_0.xlsx)
2018,West Bengal,Rape in Custody (Section 376(2)) - By Management/ Staff of Hospital (Sec.376(2) (e),hospital,0,NCRB CII 2018 Table 3A.11 (Table-3A.11_0.xlsx)
2018,Andaman & Nicobar Islands,Rape in Custody (Section 376(2)) - By Management/ Staff of Hospital (Sec.376(2) (e),hospital,0,NCRB CII 2018 Table 3A.11 (Table-3A.11_0.xlsx)
2018,Chandigarh,Rape in Custody (Section 376(2)) - By Management/ Staff of Hospital (Sec.376(2) (e),hospital,0,NCRB CII 2018 Table 3A.11 (Table-3A.11_0.xlsx)
2018,Dadra & Nagar Haveli and Daman & Diu,Rape in Custody (Section 376(2)) - By Management/ Staff of Hospital (Sec.376(2) (e),hospital,0,NCRB CII 2018 Table 3A.11 (Table-3A.11_0.xlsx)
2018,Delhi,Rape in Custody (Section 376(2)) - By Management/ Staff of Hospital (Sec.376(2) (e),hospital,0,NCRB CII 2018 Table 3A.11 (Table-3A.11_0.xlsx)
2018,Lakshadweep,Rape in Custody (Section 376(2)) - By Management/ Staff of Hospital (Sec.376(2) (e),hospital,0,NCRB CII 2018 Table 3A.11 (Table-3A.11_0.xlsx)
2018,Puducherry,Rape in Custody (Section 376(2)) - By Management/ Staff of Hospital (Sec.376(2) (e),hospital,0,NCRB CII 2018 Table 3A.11 (Table-3A.11_0.xlsx)
2018,All India,Rape in Custody (Section 376(2)) - By Management/ Staff of Hospital (Sec.376(2) (e),hospital,7,NCRB CII 2018 Table 3A.11 (Table-3A.11_0.xlsx)
2019,Andhra Pradesh,Rape in Custody (Section 376(2)) - Rape in Custody (Total),custodial_total,1,NCRB CII 2019 Table 3A.11 (TABLE-3A.11.xlsx)
2019,Arunachal Pradesh,Rape in Custody (Section 376(2)) - Rape in Custody (Total),custodial_total,0,NCRB CII 2019 Table 3A.11 (TABLE-3A.11.xlsx)
2019,Assam,Rape in Custody (Section 376(2)) - Rape in Custody (Total),custodial_total,11,NCRB CII 2019 Table 3A.11 (TABLE-3A.11.xlsx)
2019,Bihar,Rape in Custody (Section 376(2)) - Rape in Custody (Total),custodial_total,0,NCRB CII 2019 Table 3A.11 (TABLE-3A.11.xlsx)
2019,Chhattisgarh,Rape in Custody (Section 376(2)) - Rape in Custody (Total),custodial_total,1,NCRB CII 2019 Table 3A.11 (TABLE-3A.11.xlsx)
2019,Goa,Rape in Custody (Section 376(2)) - Rape in Custody (Total),custodial_total,1,NCRB CII 2019 Table 3A.11 (TABLE-3A.11.xlsx)
2019,Gujarat,Rape in Custody (Section 376(2)) - Rape in Custody (Total),custodial_total,0,NCRB CII 2019 Table 3A.11 (TABLE-3A.11.xlsx)
2019,Haryana,Rape in Custody (Section 376(2)) - Rape in Custody (Total),custodial_total,2,NCRB CII 2019 Table 3A.11 (TABLE-3A.11.xlsx)
2019,Himachal Pradesh,Rape in Custody (Section 376(2)) - Rape in Custody (Total),custodial_total,0,NCRB CII 2019 Table 3A.11 (TABLE-3A.11.xlsx)
2019,Jammu & Kashmir,Rape in Custody (Section 376(2)) - Rape in Custody (Total),custodial_total,0,NCRB CII 2019 Table 3A.11 (TABLE-3A.11.xlsx)
2019,Jharkhand,Rape in Custody (Section 376(2)) - Rape in Custody (Total),custodial_total,0,NCRB CII 2019 Table 3A.11 (TABLE-3A.11.xlsx)
2019,Karnataka,Rape in Custody (Section 376(2)) - Rape in Custody (Total),custodial_total,0,NCRB CII 2019 Table 3A.11 (TABLE-3A.11.xlsx)
2019,Kerala,Rape in Custody (Section 376(2)) - Rape in Custody (Total),custodial_total,0,NCRB CII 2019 Table 3A.11 (TABLE-3A.11.xlsx)
2019,Madhya Pradesh,Rape in Custody (Section 376(2)) - Rape in Custody (Total),custodial_total,6,NCRB CII 2019 Table 3A.11 (TABLE-3A.11.xlsx)
2019,Maharashtra,Rape in Custody (Section 376(2)) - Rape in Custody (Total),custodial_total,0,NCRB CII 2019 Table 3A.11 (TABLE-3A.11.xlsx)
2019,Manipur,Rape in Custody (Section 376(2)) - Rape in Custody (Total),custodial_total,0,NCRB CII 2019 Table 3A.11 (TABLE-3A.11.xlsx)
2019,Meghalaya,Rape in Custody (Section 376(2)) - Rape in Custody (Total),custodial_total,0,NCRB CII 2019 Table 3A.11 (TABLE-3A.11.xlsx)
2019,Mizoram,Rape in Custody (Section 376(2)) - Rape in Custody (Total),custodial_total,0,NCRB CII 2019 Table 3A.11 (TABLE-3A.11.xlsx)
2019,Nagaland,Rape in Custody (Section 376(2)) - Rape in Custody (Total),custodial_total,0,NCRB CII 2019 Table 3A.11 (TABLE-3A.11.xlsx)
2019,Odisha,Rape in Custody (Section 376(2)) - Rape in Custody (Total),custodial_total,0,NCRB CII 2019 Table 3A.11 (TABLE-3A.11.xlsx)
2019,Punjab,Rape in Custody (Section 376(2)) - Rape in Custody (Total),custodial_total,0,NCRB CII 2019 Table 3A.11 (TABLE-3A.11.xlsx)
2019,Rajasthan,Rape in Custody (Section 376(2)) - Rape in Custody (Total),custodial_total,2,NCRB CII 2019 Table 3A.11 (TABLE-3A.11.xlsx)
2019,Sikkim,Rape in Custody (Section 376(2)) - Rape in Custody (Total),custodial_total,0,NCRB CII 2019 Table 3A.11 (TABLE-3A.11.xlsx)
2019,Tamil Nadu,Rape in Custody (Section 376(2)) - Rape in Custody (Total),custodial_total,0,NCRB CII 2019 Table 3A.11 (TABLE-3A.11.xlsx)
2019,Telangana,Rape in Custody (Section 376(2)) - Rape in Custody (Total),custodial_total,1,NCRB CII 2019 Table 3A.11 (TABLE-3A.11.xlsx)
2019,Tripura,Rape in Custody (Section 376(2)) - Rape in Custody (Total),custodial_total,0,NCRB CII 2019 Table 3A.11 (TABLE-3A.11.xlsx)
2019,Uttar Pradesh,Rape in Custody (Section 376(2)) - Rape in Custody (Total),custodial_total,22,NCRB CII 2019 Table 3A.11 (TABLE-3A.11.xlsx)
2019,Uttarakhand,Rape in Custody (Section 376(2)) - Rape in Custody (Total),custodial_total,0,NCRB CII 2019 Table 3A.11 (TABLE-3A.11.xlsx)
2019,West Bengal,Rape in Custody (Section 376(2)) - Rape in Custody (Total),custodial_total,0,NCRB CII 2019 Table 3A.11 (TABLE-3A.11.xlsx)
2019,Andaman & Nicobar Islands,Rape in Custody (Section 376(2)) - Rape in Custody (Total),custodial_total,0,NCRB CII 2019 Table 3A.11 (TABLE-3A.11.xlsx)
2019,Chandigarh,Rape in Custody (Section 376(2)) - Rape in Custody (Total),custodial_total,0,NCRB CII 2019 Table 3A.11 (TABLE-3A.11.xlsx)
2019,Dadra & Nagar Haveli and Daman & Diu,Rape in Custody (Section 376(2)) - Rape in Custody (Total),custodial_total,0,NCRB CII 2019 Table 3A.11 (TABLE-3A.11.xlsx)
2019,Delhi,Rape in Custody (Section 376(2)) - Rape in Custody (Total),custodial_total,0,NCRB CII 2019 Table 3A.11 (TABLE-3A.11.xlsx)
2019,Lakshadweep,Rape in Custody (Section 376(2)) - Rape in Custody (Total),custodial_total,0,NCRB CII 2019 Table 3A.11 (TABLE-3A.11.xlsx)
2019,Puducherry,Rape in Custody (Section 376(2)) - Rape in Custody (Total),custodial_total,0,NCRB CII 2019 Table 3A.11 (TABLE-3A.11.xlsx)
2019,All India,Rape in Custody (Section 376(2)) - Rape in Custody (Total),custodial_total,47,NCRB CII 2019 Table 3A.11 (TABLE-3A.11.xlsx)
2019,Andhra Pradesh,Rape in Custody (Section 376(2)) - By Police Personnel (Sec.376(2) (a),police_personnel,0,NCRB CII 2019 Table 3A.11 (TABLE-3A.11.xlsx)
2019,Arunachal Pradesh,Rape in Custody (Section 376(2)) - By Police Personnel (Sec.376(2) (a),police_personnel,0,NCRB CII 2019 Table 3A.11 (TABLE-3A.11.xlsx)
2019,Assam,Rape in Custody (Section 376(2)) - By Police Personnel (Sec.376(2) (a),police_personnel,0,NCRB CII 2019 Table 3A.11 (TABLE-3A.11.xlsx)
2019,Bihar,Rape in Custody (Section 376(2)) - By Police Personnel (Sec.376(2) (a),police_personnel,0,NCRB CII 2019 Table 3A.11 (TABLE-3A.11.xlsx)
2019,Chhattisgarh,Rape in Custody (Section 376(2)) - By Police Personnel (Sec.376(2) (a),police_personnel,1,NCRB CII 2019 Table 3A.11 (TABLE-3A.11.xlsx)
2019,Goa,Rape in Custody (Section 376(2)) - By Police Personnel (Sec.376(2) (a),police_personnel,0,NCRB CII 2019 Table 3A.11 (TABLE-3A.11.xlsx)
2019,Gujarat,Rape in Custody (Section 376(2)) - By Police Personnel (Sec.376(2) (a),police_personnel,0,NCRB CII 2019 Table 3A.11 (TABLE-3A.11.xlsx)
2019,Haryana,Rape in Custody (Section 376(2)) - By Police Personnel (Sec.376(2) (a),police_personnel,0,NCRB CII 2019 Table 3A.11 (TABLE-3A.11.xlsx)
2019,Himachal Pradesh,Rape in Custody (Section 376(2)) - By Police Personnel (Sec.376(2) (a),police_personnel,0,NCRB CII 2019 Table 3A.11 (TABLE-3A.11.xlsx)
2019,Jammu & Kashmir,Rape in Custody (Section 376(2)) - By Police Personnel (Sec.376(2) (a),police_personnel,0,NCRB CII 2019 Table 3A.11 (TABLE-3A.11.xlsx)
2019,Jharkhand,Rape in Custody (Section 376(2)) - By Police Personnel (Sec.376(2) (a),police_personnel,0,NCRB CII 2019 Table 3A.11 (TABLE-3A.11.xlsx)
2019,Karnataka,Rape in Custody (Section 376(2)) - By Police Personnel (Sec.376(2) (a),police_personnel,0,NCRB CII 2019 Table 3A.11 (TABLE-3A.11.xlsx)
2019,Kerala,Rape in Custody (Section 376(2)) - By Police Personnel (Sec.376(2) (a),police_personnel,0,NCRB CII 2019 Table 3A.11 (TABLE-3A.11.xlsx)
2019,Madhya Pradesh,Rape in Custody (Section 376(2)) - By Police Personnel (Sec.376(2) (a),police_personnel,3,NCRB CII 2019 Table 3A.11 (TABLE-3A.11.xlsx)
2019,Maharashtra,Rape in Custody (Section 376(2)) - By Police Personnel (Sec.376(2) (a),police_personnel,0,NCRB CII 2019 Table 3A.11 (TABLE-3A.11.xlsx)
2019,Manipur,Rape in Custody (Section 376(2)) - By Police Personnel (Sec.376(2) (a),police_personnel,0,NCRB CII 2019 Table 3A.11 (TABLE-3A.11.xlsx)
2019,Meghalaya,Rape in Custody (Section 376(2)) - By Police Personnel (Sec.376(2) (a),police_personnel,0,NCRB CII 2019 Table 3A.11 (TABLE-3A.11.xlsx)
2019,Mizoram,Rape in Custody (Section 376(2)) - By Police Personnel (Sec.376(2) (a),police_personnel,0,NCRB CII 2019 Table 3A.11 (TABLE-3A.11.xlsx)
2019,Nagaland,Rape in Custody (Section 376(2)) - By Police Personnel (Sec.376(2) (a),police_personnel,0,NCRB CII 2019 Table 3A.11 (TABLE-3A.11.xlsx)
2019,Odisha,Rape in Custody (Section 376(2)) - By Police Personnel (Sec.376(2) (a),police_personnel,0,NCRB CII 2019 Table 3A.11 (TABLE-3A.11.xlsx)
2019,Punjab,Rape in Custody (Section 376(2)) - By Police Personnel (Sec.376(2) (a),police_personnel,0,NCRB CII 2019 Table 3A.11 (TABLE-3A.11.xlsx)
2019,Rajasthan,Rape in Custody (Section 376(2)) - By Police Personnel (Sec.376(2) (a),police_personnel,1,NCRB CII 2019 Table 3A.11 (TABLE-3A.11.xlsx)
2019,Sikkim,Rape in Custody (Section 376(2)) - By Police Personnel (Sec.376(2) (a),police_personnel,0,NCRB CII 2019 Table 3A.11 (TABLE-3A.11.xlsx)
2019,Tamil Nadu,Rape in Custody (Section 376(2)) - By Police Personnel (Sec.376(2) (a),police_personnel,0,NCRB CII 2019 Table 3A.11 (TABLE-3A.11.xlsx)
2019,Telangana,Rape in Custody (Section 376(2)) - By Police Personnel (Sec.376(2) (a),police_personnel,0,NCRB CII 2019 Table 3A.11 (TABLE-3A.11.xlsx)
2019,Tripura,Rape in Custody (Section 376(2)) - By Police Personnel (Sec.376(2) (a),police_personnel,0,NCRB CII 2019 Table 3A.11 (TABLE-3A.11.xlsx)
2019,Uttar Pradesh,Rape in Custody (Section 376(2)) - By Police Personnel (Sec.376(2) (a),police_personnel,0,NCRB CII 2019 Table 3A.11 (TABLE-3A.11.xlsx)
2019,Uttarakhand,Rape in Custody (Section 376(2)) - By Police Personnel (Sec.376(2) (a),police_personnel,0,NCRB CII 2019 Table 3A.11 (TABLE-3A.11.xlsx)
2019,West Bengal,Rape in Custody (Section 376(2)) - By Police Personnel (Sec.376(2) (a),police_personnel,0,NCRB CII 2019 Table 3A.11 (TABLE-3A.11.xlsx)
2019,Andaman & Nicobar Islands,Rape in Custody (Section 376(2)) - By Police Personnel (Sec.376(2) (a),police_personnel,0,NCRB CII 2019 Table 3A.11 (TABLE-3A.11.xlsx)
2019,Chandigarh,Rape in Custody (Section 376(2)) - By Police Personnel (Sec.376(2) (a),police_personnel,0,NCRB CII 2019 Table 3A.11 (TABLE-3A.11.xlsx)
2019,Dadra & Nagar Haveli and Daman & Diu,Rape in Custody (Section 376(2)) - By Police Personnel (Sec.376(2) (a),police_personnel,0,NCRB CII 2019 Table 3A.11 (TABLE-3A.11.xlsx)
2019,Delhi,Rape in Custody (Section 376(2)) - By Police Personnel (Sec.376(2) (a),police_personnel,0,NCRB CII 2019 Table 3A.11 (TABLE-3A.11.xlsx)
2019,Lakshadweep,Rape in Custody (Section 376(2)) - By Police Personnel (Sec.376(2) (a),police_personnel,0,NCRB CII 2019 Table 3A.11 (TABLE-3A.11.xlsx)
2019,Puducherry,Rape in Custody (Section 376(2)) - By Police Personnel (Sec.376(2) (a),police_personnel,0,NCRB CII 2019 Table 3A.11 (TABLE-3A.11.xlsx)
2019,All India,Rape in Custody (Section 376(2)) - By Police Personnel (Sec.376(2) (a),police_personnel,5,NCRB CII 2019 Table 3A.11 (TABLE-3A.11.xlsx)
2019,Andhra Pradesh,Rape in Custody (Section 376(2)) - By Public Servant (Sec.376(2) (b),public_servant,0,NCRB CII 2019 Table 3A.11 (TABLE-3A.11.xlsx)
2019,Arunachal Pradesh,Rape in Custody (Section 376(2)) - By Public Servant (Sec.376(2) (b),public_servant,0,NCRB CII 2019 Table 3A.11 (TABLE-3A.11.xlsx)
2019,Assam,Rape in Custody (Section 376(2)) - By Public Servant (Sec.376(2) (b),public_servant,0,NCRB CII 2019 Table 3A.11 (TABLE-3A.11.xlsx)
2019,Bihar,Rape in Custody (Section 376(2)) - By Public Servant (Sec.376(2) (b),public_servant,0,NCRB CII 2019 Table 3A.11 (TABLE-3A.11.xlsx)
2019,Chhattisgarh,Rape in Custody (Section 376(2)) - By Public Servant (Sec.376(2) (b),public_servant,0,NCRB CII 2019 Table 3A.11 (TABLE-3A.11.xlsx)
2019,Goa,Rape in Custody (Section 376(2)) - By Public Servant (Sec.376(2) (b),public_servant,0,NCRB CII 2019 Table 3A.11 (TABLE-3A.11.xlsx)
2019,Gujarat,Rape in Custody (Section 376(2)) - By Public Servant (Sec.376(2) (b),public_servant,0,NCRB CII 2019 Table 3A.11 (TABLE-3A.11.xlsx)
2019,Haryana,Rape in Custody (Section 376(2)) - By Public Servant (Sec.376(2) (b),public_servant,1,NCRB CII 2019 Table 3A.11 (TABLE-3A.11.xlsx)
2019,Himachal Pradesh,Rape in Custody (Section 376(2)) - By Public Servant (Sec.376(2) (b),public_servant,0,NCRB CII 2019 Table 3A.11 (TABLE-3A.11.xlsx)
2019,Jammu & Kashmir,Rape in Custody (Section 376(2)) - By Public Servant (Sec.376(2) (b),public_servant,0,NCRB CII 2019 Table 3A.11 (TABLE-3A.11.xlsx)
2019,Jharkhand,Rape in Custody (Section 376(2)) - By Public Servant (Sec.376(2) (b),public_servant,0,NCRB CII 2019 Table 3A.11 (TABLE-3A.11.xlsx)
2019,Karnataka,Rape in Custody (Section 376(2)) - By Public Servant (Sec.376(2) (b),public_servant,0,NCRB CII 2019 Table 3A.11 (TABLE-3A.11.xlsx)
2019,Kerala,Rape in Custody (Section 376(2)) - By Public Servant (Sec.376(2) (b),public_servant,0,NCRB CII 2019 Table 3A.11 (TABLE-3A.11.xlsx)
2019,Madhya Pradesh,Rape in Custody (Section 376(2)) - By Public Servant (Sec.376(2) (b),public_servant,1,NCRB CII 2019 Table 3A.11 (TABLE-3A.11.xlsx)
2019,Maharashtra,Rape in Custody (Section 376(2)) - By Public Servant (Sec.376(2) (b),public_servant,0,NCRB CII 2019 Table 3A.11 (TABLE-3A.11.xlsx)
2019,Manipur,Rape in Custody (Section 376(2)) - By Public Servant (Sec.376(2) (b),public_servant,0,NCRB CII 2019 Table 3A.11 (TABLE-3A.11.xlsx)
2019,Meghalaya,Rape in Custody (Section 376(2)) - By Public Servant (Sec.376(2) (b),public_servant,0,NCRB CII 2019 Table 3A.11 (TABLE-3A.11.xlsx)
2019,Mizoram,Rape in Custody (Section 376(2)) - By Public Servant (Sec.376(2) (b),public_servant,0,NCRB CII 2019 Table 3A.11 (TABLE-3A.11.xlsx)
2019,Nagaland,Rape in Custody (Section 376(2)) - By Public Servant (Sec.376(2) (b),public_servant,0,NCRB CII 2019 Table 3A.11 (TABLE-3A.11.xlsx)
2019,Odisha,Rape in Custody (Section 376(2)) - By Public Servant (Sec.376(2) (b),public_servant,0,NCRB CII 2019 Table 3A.11 (TABLE-3A.11.xlsx)
2019,Punjab,Rape in Custody (Section 376(2)) - By Public Servant (Sec.376(2) (b),public_servant,0,NCRB CII 2019 Table 3A.11 (TABLE-3A.11.xlsx)
2019,Rajasthan,Rape in Custody (Section 376(2)) - By Public Servant (Sec.376(2) (b),public_servant,1,NCRB CII 2019 Table 3A.11 (TABLE-3A.11.xlsx)
2019,Sikkim,Rape in Custody (Section 376(2)) - By Public Servant (Sec.376(2) (b),public_servant,0,NCRB CII 2019 Table 3A.11 (TABLE-3A.11.xlsx)
2019,Tamil Nadu,Rape in Custody (Section 376(2)) - By Public Servant (Sec.376(2) (b),public_servant,0,NCRB CII 2019 Table 3A.11 (TABLE-3A.11.xlsx)
2019,Telangana,Rape in Custody (Section 376(2)) - By Public Servant (Sec.376(2) (b),public_servant,0,NCRB CII 2019 Table 3A.11 (TABLE-3A.11.xlsx)
2019,Tripura,Rape in Custody (Section 376(2)) - By Public Servant (Sec.376(2) (b),public_servant,0,NCRB CII 2019 Table 3A.11 (TABLE-3A.11.xlsx)
2019,Uttar Pradesh,Rape in Custody (Section 376(2)) - By Public Servant (Sec.376(2) (b),public_servant,10,NCRB CII 2019 Table 3A.11 (TABLE-3A.11.xlsx)
2019,Uttarakhand,Rape in Custody (Section 376(2)) - By Public Servant (Sec.376(2) (b),public_servant,0,NCRB CII 2019 Table 3A.11 (TABLE-3A.11.xlsx)
2019,West Bengal,Rape in Custody (Section 376(2)) - By Public Servant (Sec.376(2) (b),public_servant,0,NCRB CII 2019 Table 3A.11 (TABLE-3A.11.xlsx)
2019,Andaman & Nicobar Islands,Rape in Custody (Section 376(2)) - By Public Servant (Sec.376(2) (b),public_servant,0,NCRB CII 2019 Table 3A.11 (TABLE-3A.11.xlsx)
2019,Chandigarh,Rape in Custody (Section 376(2)) - By Public Servant (Sec.376(2) (b),public_servant,0,NCRB CII 2019 Table 3A.11 (TABLE-3A.11.xlsx)
2019,Dadra & Nagar Haveli and Daman & Diu,Rape in Custody (Section 376(2)) - By Public Servant (Sec.376(2) (b),public_servant,0,NCRB CII 2019 Table 3A.11 (TABLE-3A.11.xlsx)
2019,Delhi,Rape in Custody (Section 376(2)) - By Public Servant (Sec.376(2) (b),public_servant,0,NCRB CII 2019 Table 3A.11 (TABLE-3A.11.xlsx)
2019,Lakshadweep,Rape in Custody (Section 376(2)) - By Public Servant (Sec.376(2) (b),public_servant,0,NCRB CII 2019 Table 3A.11 (TABLE-3A.11.xlsx)
2019,Puducherry,Rape in Custody (Section 376(2)) - By Public Servant (Sec.376(2) (b),public_servant,0,NCRB CII 2019 Table 3A.11 (TABLE-3A.11.xlsx)
2019,All India,Rape in Custody (Section 376(2)) - By Public Servant (Sec.376(2) (b),public_servant,13,NCRB CII 2019 Table 3A.11 (TABLE-3A.11.xlsx)
2019,Andhra Pradesh,Rape in Custody (Section 376(2)) - By Member of Armed Forces (Sec.376(2) (c),armed_forces,1,NCRB CII 2019 Table 3A.11 (TABLE-3A.11.xlsx)
2019,Arunachal Pradesh,Rape in Custody (Section 376(2)) - By Member of Armed Forces (Sec.376(2) (c),armed_forces,0,NCRB CII 2019 Table 3A.11 (TABLE-3A.11.xlsx)
2019,Assam,Rape in Custody (Section 376(2)) - By Member of Armed Forces (Sec.376(2) (c),armed_forces,0,NCRB CII 2019 Table 3A.11 (TABLE-3A.11.xlsx)
2019,Bihar,Rape in Custody (Section 376(2)) - By Member of Armed Forces (Sec.376(2) (c),armed_forces,0,NCRB CII 2019 Table 3A.11 (TABLE-3A.11.xlsx)
2019,Chhattisgarh,Rape in Custody (Section 376(2)) - By Member of Armed Forces (Sec.376(2) (c),armed_forces,0,NCRB CII 2019 Table 3A.11 (TABLE-3A.11.xlsx)
2019,Goa,Rape in Custody (Section 376(2)) - By Member of Armed Forces (Sec.376(2) (c),armed_forces,0,NCRB CII 2019 Table 3A.11 (TABLE-3A.11.xlsx)
2019,Gujarat,Rape in Custody (Section 376(2)) - By Member of Armed Forces (Sec.376(2) (c),armed_forces,0,NCRB CII 2019 Table 3A.11 (TABLE-3A.11.xlsx)
2019,Haryana,Rape in Custody (Section 376(2)) - By Member of Armed Forces (Sec.376(2) (c),armed_forces,0,NCRB CII 2019 Table 3A.11 (TABLE-3A.11.xlsx)
2019,Himachal Pradesh,Rape in Custody (Section 376(2)) - By Member of Armed Forces (Sec.376(2) (c),armed_forces,0,NCRB CII 2019 Table 3A.11 (TABLE-3A.11.xlsx)
2019,Jammu & Kashmir,Rape in Custody (Section 376(2)) - By Member of Armed Forces (Sec.376(2) (c),armed_forces,0,NCRB CII 2019 Table 3A.11 (TABLE-3A.11.xlsx)
2019,Jharkhand,Rape in Custody (Section 376(2)) - By Member of Armed Forces (Sec.376(2) (c),armed_forces,0,NCRB CII 2019 Table 3A.11 (TABLE-3A.11.xlsx)
2019,Karnataka,Rape in Custody (Section 376(2)) - By Member of Armed Forces (Sec.376(2) (c),armed_forces,0,NCRB CII 2019 Table 3A.11 (TABLE-3A.11.xlsx)
2019,Kerala,Rape in Custody (Section 376(2)) - By Member of Armed Forces (Sec.376(2) (c),armed_forces,0,NCRB CII 2019 Table 3A.11 (TABLE-3A.11.xlsx)
2019,Madhya Pradesh,Rape in Custody (Section 376(2)) - By Member of Armed Forces (Sec.376(2) (c),armed_forces,0,NCRB CII 2019 Table 3A.11 (TABLE-3A.11.xlsx)
2019,Maharashtra,Rape in Custody (Section 376(2)) - By Member of Armed Forces (Sec.376(2) (c),armed_forces,0,NCRB CII 2019 Table 3A.11 (TABLE-3A.11.xlsx)
2019,Manipur,Rape in Custody (Section 376(2)) - By Member of Armed Forces (Sec.376(2) (c),armed_forces,0,NCRB CII 2019 Table 3A.11 (TABLE-3A.11.xlsx)
2019,Meghalaya,Rape in Custody (Section 376(2)) - By Member of Armed Forces (Sec.376(2) (c),armed_forces,0,NCRB CII 2019 Table 3A.11 (TABLE-3A.11.xlsx)
2019,Mizoram,Rape in Custody (Section 376(2)) - By Member of Armed Forces (Sec.376(2) (c),armed_forces,0,NCRB CII 2019 Table 3A.11 (TABLE-3A.11.xlsx)
2019,Nagaland,Rape in Custody (Section 376(2)) - By Member of Armed Forces (Sec.376(2) (c),armed_forces,0,NCRB CII 2019 Table 3A.11 (TABLE-3A.11.xlsx)
2019,Odisha,Rape in Custody (Section 376(2)) - By Member of Armed Forces (Sec.376(2) (c),armed_forces,0,NCRB CII 2019 Table 3A.11 (TABLE-3A.11.xlsx)
2019,Punjab,Rape in Custody (Section 376(2)) - By Member of Armed Forces (Sec.376(2) (c),armed_forces,0,NCRB CII 2019 Table 3A.11 (TABLE-3A.11.xlsx)
2019,Rajasthan,Rape in Custody (Section 376(2)) - By Member of Armed Forces (Sec.376(2) (c),armed_forces,0,NCRB CII 2019 Table 3A.11 (TABLE-3A.11.xlsx)
2019,Sikkim,Rape in Custody (Section 376(2)) - By Member of Armed Forces (Sec.376(2) (c),armed_forces,0,NCRB CII 2019 Table 3A.11 (TABLE-3A.11.xlsx)
2019,Tamil Nadu,Rape in Custody (Section 376(2)) - By Member of Armed Forces (Sec.376(2) (c),armed_forces,0,NCRB CII 2019 Table 3A.11 (TABLE-3A.11.xlsx)
2019,Telangana,Rape in Custody (Section 376(2)) - By Member of Armed Forces (Sec.376(2) (c),armed_forces,0,NCRB CII 2019 Table 3A.11 (TABLE-3A.11.xlsx)
2019,Tripura,Rape in Custody (Section 376(2)) - By Member of Armed Forces (Sec.376(2) (c),armed_forces,0,NCRB CII 2019 Table 3A.11 (TABLE-3A.11.xlsx)
2019,Uttar Pradesh,Rape in Custody (Section 376(2)) - By Member of Armed Forces (Sec.376(2) (c),armed_forces,0,NCRB CII 2019 Table 3A.11 (TABLE-3A.11.xlsx)
2019,Uttarakhand,Rape in Custody (Section 376(2)) - By Member of Armed Forces (Sec.376(2) (c),armed_forces,0,NCRB CII 2019 Table 3A.11 (TABLE-3A.11.xlsx)
2019,West Bengal,Rape in Custody (Section 376(2)) - By Member of Armed Forces (Sec.376(2) (c),armed_forces,0,NCRB CII 2019 Table 3A.11 (TABLE-3A.11.xlsx)
2019,Andaman & Nicobar Islands,Rape in Custody (Section 376(2)) - By Member of Armed Forces (Sec.376(2) (c),armed_forces,0,NCRB CII 2019 Table 3A.11 (TABLE-3A.11.xlsx)
2019,Chandigarh,Rape in Custody (Section 376(2)) - By Member of Armed Forces (Sec.376(2) (c),armed_forces,0,NCRB CII 2019 Table 3A.11 (TABLE-3A.11.xlsx)
2019,Dadra & Nagar Haveli and Daman & Diu,Rape in Custody (Section 376(2)) - By Member of Armed Forces (Sec.376(2) (c),armed_forces,0,NCRB CII 2019 Table 3A.11 (TABLE-3A.11.xlsx)
2019,Delhi,Rape in Custody (Section 376(2)) - By Member of Armed Forces (Sec.376(2) (c),armed_forces,0,NCRB CII 2019 Table 3A.11 (TABLE-3A.11.xlsx)
2019,Lakshadweep,Rape in Custody (Section 376(2)) - By Member of Armed Forces (Sec.376(2) (c),armed_forces,0,NCRB CII 2019 Table 3A.11 (TABLE-3A.11.xlsx)
2019,Puducherry,Rape in Custody (Section 376(2)) - By Member of Armed Forces (Sec.376(2) (c),armed_forces,0,NCRB CII 2019 Table 3A.11 (TABLE-3A.11.xlsx)
2019,All India,Rape in Custody (Section 376(2)) - By Member of Armed Forces (Sec.376(2) (c),armed_forces,1,NCRB CII 2019 Table 3A.11 (TABLE-3A.11.xlsx)
2019,Andhra Pradesh,Rape in Custody (Section 376(2)) - By Management/Staff of Jail/Remand Home/Place of Custody (Sec.376(2)(d),jail_remand_home_place_of_custody,0,NCRB CII 2019 Table 3A.11 (TABLE-3A.11.xlsx)
2019,Arunachal Pradesh,Rape in Custody (Section 376(2)) - By Management/Staff of Jail/Remand Home/Place of Custody (Sec.376(2)(d),jail_remand_home_place_of_custody,0,NCRB CII 2019 Table 3A.11 (TABLE-3A.11.xlsx)
2019,Assam,Rape in Custody (Section 376(2)) - By Management/Staff of Jail/Remand Home/Place of Custody (Sec.376(2)(d),jail_remand_home_place_of_custody,11,NCRB CII 2019 Table 3A.11 (TABLE-3A.11.xlsx)
2019,Bihar,Rape in Custody (Section 376(2)) - By Management/Staff of Jail/Remand Home/Place of Custody (Sec.376(2)(d),jail_remand_home_place_of_custody,0,NCRB CII 2019 Table 3A.11 (TABLE-3A.11.xlsx)
2019,Chhattisgarh,Rape in Custody (Section 376(2)) - By Management/Staff of Jail/Remand Home/Place of Custody (Sec.376(2)(d),jail_remand_home_place_of_custody,0,NCRB CII 2019 Table 3A.11 (TABLE-3A.11.xlsx)
2019,Goa,Rape in Custody (Section 376(2)) - By Management/Staff of Jail/Remand Home/Place of Custody (Sec.376(2)(d),jail_remand_home_place_of_custody,0,NCRB CII 2019 Table 3A.11 (TABLE-3A.11.xlsx)
2019,Gujarat,Rape in Custody (Section 376(2)) - By Management/Staff of Jail/Remand Home/Place of Custody (Sec.376(2)(d),jail_remand_home_place_of_custody,0,NCRB CII 2019 Table 3A.11 (TABLE-3A.11.xlsx)
2019,Haryana,Rape in Custody (Section 376(2)) - By Management/Staff of Jail/Remand Home/Place of Custody (Sec.376(2)(d),jail_remand_home_place_of_custody,0,NCRB CII 2019 Table 3A.11 (TABLE-3A.11.xlsx)
2019,Himachal Pradesh,Rape in Custody (Section 376(2)) - By Management/Staff of Jail/Remand Home/Place of Custody (Sec.376(2)(d),jail_remand_home_place_of_custody,0,NCRB CII 2019 Table 3A.11 (TABLE-3A.11.xlsx)
2019,Jammu & Kashmir,Rape in Custody (Section 376(2)) - By Management/Staff of Jail/Remand Home/Place of Custody (Sec.376(2)(d),jail_remand_home_place_of_custody,0,NCRB CII 2019 Table 3A.11 (TABLE-3A.11.xlsx)
2019,Jharkhand,Rape in Custody (Section 376(2)) - By Management/Staff of Jail/Remand Home/Place of Custody (Sec.376(2)(d),jail_remand_home_place_of_custody,0,NCRB CII 2019 Table 3A.11 (TABLE-3A.11.xlsx)
2019,Karnataka,Rape in Custody (Section 376(2)) - By Management/Staff of Jail/Remand Home/Place of Custody (Sec.376(2)(d),jail_remand_home_place_of_custody,0,NCRB CII 2019 Table 3A.11 (TABLE-3A.11.xlsx)
2019,Kerala,Rape in Custody (Section 376(2)) - By Management/Staff of Jail/Remand Home/Place of Custody (Sec.376(2)(d),jail_remand_home_place_of_custody,0,NCRB CII 2019 Table 3A.11 (TABLE-3A.11.xlsx)
2019,Madhya Pradesh,Rape in Custody (Section 376(2)) - By Management/Staff of Jail/Remand Home/Place of Custody (Sec.376(2)(d),jail_remand_home_place_of_custody,1,NCRB CII 2019 Table 3A.11 (TABLE-3A.11.xlsx)
2019,Maharashtra,Rape in Custody (Section 376(2)) - By Management/Staff of Jail/Remand Home/Place of Custody (Sec.376(2)(d),jail_remand_home_place_of_custody,0,NCRB CII 2019 Table 3A.11 (TABLE-3A.11.xlsx)
2019,Manipur,Rape in Custody (Section 376(2)) - By Management/Staff of Jail/Remand Home/Place of Custody (Sec.376(2)(d),jail_remand_home_place_of_custody,0,NCRB CII 2019 Table 3A.11 (TABLE-3A.11.xlsx)
2019,Meghalaya,Rape in Custody (Section 376(2)) - By Management/Staff of Jail/Remand Home/Place of Custody (Sec.376(2)(d),jail_remand_home_place_of_custody,0,NCRB CII 2019 Table 3A.11 (TABLE-3A.11.xlsx)
2019,Mizoram,Rape in Custody (Section 376(2)) - By Management/Staff of Jail/Remand Home/Place of Custody (Sec.376(2)(d),jail_remand_home_place_of_custody,0,NCRB CII 2019 Table 3A.11 (TABLE-3A.11.xlsx)
2019,Nagaland,Rape in Custody (Section 376(2)) - By Management/Staff of Jail/Remand Home/Place of Custody (Sec.376(2)(d),jail_remand_home_place_of_custody,0,NCRB CII 2019 Table 3A.11 (TABLE-3A.11.xlsx)
2019,Odisha,Rape in Custody (Section 376(2)) - By Management/Staff of Jail/Remand Home/Place of Custody (Sec.376(2)(d),jail_remand_home_place_of_custody,0,NCRB CII 2019 Table 3A.11 (TABLE-3A.11.xlsx)
2019,Punjab,Rape in Custody (Section 376(2)) - By Management/Staff of Jail/Remand Home/Place of Custody (Sec.376(2)(d),jail_remand_home_place_of_custody,0,NCRB CII 2019 Table 3A.11 (TABLE-3A.11.xlsx)
2019,Rajasthan,Rape in Custody (Section 376(2)) - By Management/Staff of Jail/Remand Home/Place of Custody (Sec.376(2)(d),jail_remand_home_place_of_custody,0,NCRB CII 2019 Table 3A.11 (TABLE-3A.11.xlsx)
2019,Sikkim,Rape in Custody (Section 376(2)) - By Management/Staff of Jail/Remand Home/Place of Custody (Sec.376(2)(d),jail_remand_home_place_of_custody,0,NCRB CII 2019 Table 3A.11 (TABLE-3A.11.xlsx)
2019,Tamil Nadu,Rape in Custody (Section 376(2)) - By Management/Staff of Jail/Remand Home/Place of Custody (Sec.376(2)(d),jail_remand_home_place_of_custody,0,NCRB CII 2019 Table 3A.11 (TABLE-3A.11.xlsx)
2019,Telangana,Rape in Custody (Section 376(2)) - By Management/Staff of Jail/Remand Home/Place of Custody (Sec.376(2)(d),jail_remand_home_place_of_custody,0,NCRB CII 2019 Table 3A.11 (TABLE-3A.11.xlsx)
2019,Tripura,Rape in Custody (Section 376(2)) - By Management/Staff of Jail/Remand Home/Place of Custody (Sec.376(2)(d),jail_remand_home_place_of_custody,0,NCRB CII 2019 Table 3A.11 (TABLE-3A.11.xlsx)
2019,Uttar Pradesh,Rape in Custody (Section 376(2)) - By Management/Staff of Jail/Remand Home/Place of Custody (Sec.376(2)(d),jail_remand_home_place_of_custody,12,NCRB CII 2019 Table 3A.11 (TABLE-3A.11.xlsx)
2019,Uttarakhand,Rape in Custody (Section 376(2)) - By Management/Staff of Jail/Remand Home/Place of Custody (Sec.376(2)(d),jail_remand_home_place_of_custody,0,NCRB CII 2019 Table 3A.11 (TABLE-3A.11.xlsx)
2019,West Bengal,Rape in Custody (Section 376(2)) - By Management/Staff of Jail/Remand Home/Place of Custody (Sec.376(2)(d),jail_remand_home_place_of_custody,0,NCRB CII 2019 Table 3A.11 (TABLE-3A.11.xlsx)
2019,Andaman & Nicobar Islands,Rape in Custody (Section 376(2)) - By Management/Staff of Jail/Remand Home/Place of Custody (Sec.376(2)(d),jail_remand_home_place_of_custody,0,NCRB CII 2019 Table 3A.11 (TABLE-3A.11.xlsx)
2019,Chandigarh,Rape in Custody (Section 376(2)) - By Management/Staff of Jail/Remand Home/Place of Custody (Sec.376(2)(d),jail_remand_home_place_of_custody,0,NCRB CII 2019 Table 3A.11 (TABLE-3A.11.xlsx)
2019,Dadra & Nagar Haveli and Daman & Diu,Rape in Custody (Section 376(2)) - By Management/Staff of Jail/Remand Home/Place of Custody (Sec.376(2)(d),jail_remand_home_place_of_custody,0,NCRB CII 2019 Table 3A.11 (TABLE-3A.11.xlsx)
2019,Delhi,Rape in Custody (Section 376(2)) - By Management/Staff of Jail/Remand Home/Place of Custody (Sec.376(2)(d),jail_remand_home_place_of_custody,0,NCRB CII 2019 Table 3A.11 (TABLE-3A.11.xlsx)
2019,Lakshadweep,Rape in Custody (Section 376(2)) - By Management/Staff of Jail/Remand Home/Place of Custody (Sec.376(2)(d),jail_remand_home_place_of_custody,0,NCRB CII 2019 Table 3A.11 (TABLE-3A.11.xlsx)
2019,Puducherry,Rape in Custody (Section 376(2)) - By Management/Staff of Jail/Remand Home/Place of Custody (Sec.376(2)(d),jail_remand_home_place_of_custody,0,NCRB CII 2019 Table 3A.11 (TABLE-3A.11.xlsx)
2019,All India,Rape in Custody (Section 376(2)) - By Management/Staff of Jail/Remand Home/Place of Custody (Sec.376(2)(d),jail_remand_home_place_of_custody,24,NCRB CII 2019 Table 3A.11 (TABLE-3A.11.xlsx)
2019,Andhra Pradesh,Rape in Custody (Section 376(2)) - By Management/ Staff of Hospital (Sec.376(2) (e),hospital,0,NCRB CII 2019 Table 3A.11 (TABLE-3A.11.xlsx)
2019,Arunachal Pradesh,Rape in Custody (Section 376(2)) - By Management/ Staff of Hospital (Sec.376(2) (e),hospital,0,NCRB CII 2019 Table 3A.11 (TABLE-3A.11.xlsx)
2019,Assam,Rape in Custody (Section 376(2)) - By Management/ Staff of Hospital (Sec.376(2) (e),hospital,0,NCRB CII 2019 Table 3A.11 (TABLE-3A.11.xlsx)
2019,Bihar,Rape in Custody (Section 376(2)) - By Management/ Staff of Hospital (Sec.376(2) (e),hospital,0,NCRB CII 2019 Table 3A.11 (TABLE-3A.11.xlsx)
2019,Chhattisgarh,Rape in Custody (Section 376(2)) - By Management/ Staff of Hospital (Sec.376(2) (e),hospital,0,NCRB CII 2019 Table 3A.11 (TABLE-3A.11.xlsx)
2019,Goa,Rape in Custody (Section 376(2)) - By Management/ Staff of Hospital (Sec.376(2) (e),hospital,1,NCRB CII 2019 Table 3A.11 (TABLE-3A.11.xlsx)
2019,Gujarat,Rape in Custody (Section 376(2)) - By Management/ Staff of Hospital (Sec.376(2) (e),hospital,0,NCRB CII 2019 Table 3A.11 (TABLE-3A.11.xlsx)
2019,Haryana,Rape in Custody (Section 376(2)) - By Management/ Staff of Hospital (Sec.376(2) (e),hospital,1,NCRB CII 2019 Table 3A.11 (TABLE-3A.11.xlsx)
2019,Himachal Pradesh,Rape in Custody (Section 376(2)) - By Management/ Staff of Hospital (Sec.376(2) (e),hospital,0,NCRB CII 2019 Table 3A.11 (TABLE-3A.11.xlsx)
2019,Jammu & Kashmir,Rape in Custody (Section 376(2)) - By Management/ Staff of Hospital (Sec.376(2) (e),hospital,0,NCRB CII 2019 Table 3A.11 (TABLE-3A.11.xlsx)
2019,Jharkhand,Rape in Custody (Section 376(2)) - By Management/ Staff of Hospital (Sec.376(2) (e),hospital,0,NCRB CII 2019 Table 3A.11 (TABLE-3A.11.xlsx)
2019,Karnataka,Rape in Custody (Section 376(2)) - By Management/ Staff of Hospital (Sec.376(2) (e),hospital,0,NCRB CII 2019 Table 3A.11 (TABLE-3A.11.xlsx)
2019,Kerala,Rape in Custody (Section 376(2)) - By Management/ Staff of Hospital (Sec.376(2) (e),hospital,0,NCRB CII 2019 Table 3A.11 (TABLE-3A.11.xlsx)
2019,Madhya Pradesh,Rape in Custody (Section 376(2)) - By Management/ Staff of Hospital (Sec.376(2) (e),hospital,1,NCRB CII 2019 Table 3A.11 (TABLE-3A.11.xlsx)
2019,Maharashtra,Rape in Custody (Section 376(2)) - By Management/ Staff of Hospital (Sec.376(2) (e),hospital,0,NCRB CII 2019 Table 3A.11 (TABLE-3A.11.xlsx)
2019,Manipur,Rape in Custody (Section 376(2)) - By Management/ Staff of Hospital (Sec.376(2) (e),hospital,0,NCRB CII 2019 Table 3A.11 (TABLE-3A.11.xlsx)
2019,Meghalaya,Rape in Custody (Section 376(2)) - By Management/ Staff of Hospital (Sec.376(2) (e),hospital,0,NCRB CII 2019 Table 3A.11 (TABLE-3A.11.xlsx)
2019,Mizoram,Rape in Custody (Section 376(2)) - By Management/ Staff of Hospital (Sec.376(2) (e),hospital,0,NCRB CII 2019 Table 3A.11 (TABLE-3A.11.xlsx)
2019,Nagaland,Rape in Custody (Section 376(2)) - By Management/ Staff of Hospital (Sec.376(2) (e),hospital,0,NCRB CII 2019 Table 3A.11 (TABLE-3A.11.xlsx)
2019,Odisha,Rape in Custody (Section 376(2)) - By Management/ Staff of Hospital (Sec.376(2) (e),hospital,0,NCRB CII 2019 Table 3A.11 (TABLE-3A.11.xlsx)
2019,Punjab,Rape in Custody (Section 376(2)) - By Management/ Staff of Hospital (Sec.376(2) (e),hospital,0,NCRB CII 2019 Table 3A.11 (TABLE-3A.11.xlsx)
2019,Rajasthan,Rape in Custody (Section 376(2)) - By Management/ Staff of Hospital (Sec.376(2) (e),hospital,0,NCRB CII 2019 Table 3A.11 (TABLE-3A.11.xlsx)
2019,Sikkim,Rape in Custody (Section 376(2)) - By Management/ Staff of Hospital (Sec.376(2) (e),hospital,0,NCRB CII 2019 Table 3A.11 (TABLE-3A.11.xlsx)
2019,Tamil Nadu,Rape in Custody (Section 376(2)) - By Management/ Staff of Hospital (Sec.376(2) (e),hospital,0,NCRB CII 2019 Table 3A.11 (TABLE-3A.11.xlsx)
2019,Telangana,Rape in Custody (Section 376(2)) - By Management/ Staff of Hospital (Sec.376(2) (e),hospital,1,NCRB CII 2019 Table 3A.11 (TABLE-3A.11.xlsx)
2019,Tripura,Rape in Custody (Section 376(2)) - By Management/ Staff of Hospital (Sec.376(2) (e),hospital,0,NCRB CII 2019 Table 3A.11 (TABLE-3A.11.xlsx)
2019,Uttar Pradesh,Rape in Custody (Section 376(2)) - By Management/ Staff of Hospital (Sec.376(2) (e),hospital,0,NCRB CII 2019 Table 3A.11 (TABLE-3A.11.xlsx)
2019,Uttarakhand,Rape in Custody (Section 376(2)) - By Management/ Staff of Hospital (Sec.376(2) (e),hospital,0,NCRB CII 2019 Table 3A.11 (TABLE-3A.11.xlsx)
2019,West Bengal,Rape in Custody (Section 376(2)) - By Management/ Staff of Hospital (Sec.376(2) (e),hospital,0,NCRB CII 2019 Table 3A.11 (TABLE-3A.11.xlsx)
2019,Andaman & Nicobar Islands,Rape in Custody (Section 376(2)) - By Management/ Staff of Hospital (Sec.376(2) (e),hospital,0,NCRB CII 2019 Table 3A.11 (TABLE-3A.11.xlsx)
2019,Chandigarh,Rape in Custody (Section 376(2)) - By Management/ Staff of Hospital (Sec.376(2) (e),hospital,0,NCRB CII 2019 Table 3A.11 (TABLE-3A.11.xlsx)
2019,Dadra & Nagar Haveli and Daman & Diu,Rape in Custody (Section 376(2)) - By Management/ Staff of Hospital (Sec.376(2) (e),hospital,0,NCRB CII 2019 Table 3A.11 (TABLE-3A.11.xlsx)
2019,Delhi,Rape in Custody (Section 376(2)) - By Management/ Staff of Hospital (Sec.376(2) (e),hospital,0,NCRB CII 2019 Table 3A.11 (TABLE-3A.11.xlsx)
2019,Lakshadweep,Rape in Custody (Section 376(2)) - By Management/ Staff of Hospital (Sec.376(2) (e),hospital,0,NCRB CII 2019 Table 3A.11 (TABLE-3A.11.xlsx)
2019,Puducherry,Rape in Custody (Section 376(2)) - By Management/ Staff of Hospital (Sec.376(2) (e),hospital,0,NCRB CII 2019 Table 3A.11 (TABLE-3A.11.xlsx)
2019,All India,Rape in Custody (Section 376(2)) - By Management/ Staff of Hospital (Sec.376(2) (e),hospital,4,NCRB CII 2019 Table 3A.11 (TABLE-3A.11.xlsx)
2020,Andhra Pradesh,Rape in Custody (Section 376(2)) - Rape in Custody (Total),custodial_total,4,NCRB CII 2020 Table 3A.11 (1680767960TABLE3A11.xlsx)
2020,Arunachal Pradesh,Rape in Custody (Section 376(2)) - Rape in Custody (Total),custodial_total,0,NCRB CII 2020 Table 3A.11 (1680767960TABLE3A11.xlsx)
2020,Assam,Rape in Custody (Section 376(2)) - Rape in Custody (Total),custodial_total,0,NCRB CII 2020 Table 3A.11 (1680767960TABLE3A11.xlsx)
2020,Bihar,Rape in Custody (Section 376(2)) - Rape in Custody (Total),custodial_total,0,NCRB CII 2020 Table 3A.11 (1680767960TABLE3A11.xlsx)
2020,Chhattisgarh,Rape in Custody (Section 376(2)) - Rape in Custody (Total),custodial_total,0,NCRB CII 2020 Table 3A.11 (1680767960TABLE3A11.xlsx)
2020,Goa,Rape in Custody (Section 376(2)) - Rape in Custody (Total),custodial_total,0,NCRB CII 2020 Table 3A.11 (1680767960TABLE3A11.xlsx)
2020,Gujarat,Rape in Custody (Section 376(2)) - Rape in Custody (Total),custodial_total,1,NCRB CII 2020 Table 3A.11 (1680767960TABLE3A11.xlsx)
2020,Haryana,Rape in Custody (Section 376(2)) - Rape in Custody (Total),custodial_total,3,NCRB CII 2020 Table 3A.11 (1680767960TABLE3A11.xlsx)
2020,Himachal Pradesh,Rape in Custody (Section 376(2)) - Rape in Custody (Total),custodial_total,0,NCRB CII 2020 Table 3A.11 (1680767960TABLE3A11.xlsx)
2020,Jharkhand,Rape in Custody (Section 376(2)) - Rape in Custody (Total),custodial_total,0,NCRB CII 2020 Table 3A.11 (1680767960TABLE3A11.xlsx)
2020,Karnataka,Rape in Custody (Section 376(2)) - Rape in Custody (Total),custodial_total,2,NCRB CII 2020 Table 3A.11 (1680767960TABLE3A11.xlsx)
2020,Kerala,Rape in Custody (Section 376(2)) - Rape in Custody (Total),custodial_total,1,NCRB CII 2020 Table 3A.11 (1680767960TABLE3A11.xlsx)
2020,Madhya Pradesh,Rape in Custody (Section 376(2)) - Rape in Custody (Total),custodial_total,8,NCRB CII 2020 Table 3A.11 (1680767960TABLE3A11.xlsx)
2020,Maharashtra,Rape in Custody (Section 376(2)) - Rape in Custody (Total),custodial_total,0,NCRB CII 2020 Table 3A.11 (1680767960TABLE3A11.xlsx)
2020,Manipur,Rape in Custody (Section 376(2)) - Rape in Custody (Total),custodial_total,0,NCRB CII 2020 Table 3A.11 (1680767960TABLE3A11.xlsx)
2020,Meghalaya,Rape in Custody (Section 376(2)) - Rape in Custody (Total),custodial_total,4,NCRB CII 2020 Table 3A.11 (1680767960TABLE3A11.xlsx)
2020,Mizoram,Rape in Custody (Section 376(2)) - Rape in Custody (Total),custodial_total,0,NCRB CII 2020 Table 3A.11 (1680767960TABLE3A11.xlsx)
2020,Nagaland,Rape in Custody (Section 376(2)) - Rape in Custody (Total),custodial_total,1,NCRB CII 2020 Table 3A.11 (1680767960TABLE3A11.xlsx)
2020,Odisha,Rape in Custody (Section 376(2)) - Rape in Custody (Total),custodial_total,0,NCRB CII 2020 Table 3A.11 (1680767960TABLE3A11.xlsx)
2020,Punjab,Rape in Custody (Section 376(2)) - Rape in Custody (Total),custodial_total,0,NCRB CII 2020 Table 3A.11 (1680767960TABLE3A11.xlsx)
2020,Rajasthan,Rape in Custody (Section 376(2)) - Rape in Custody (Total),custodial_total,0,NCRB CII 2020 Table 3A.11 (1680767960TABLE3A11.xlsx)
2020,Sikkim,Rape in Custody (Section 376(2)) - Rape in Custody (Total),custodial_total,0,NCRB CII 2020 Table 3A.11 (1680767960TABLE3A11.xlsx)
2020,Tamil Nadu,Rape in Custody (Section 376(2)) - Rape in Custody (Total),custodial_total,0,NCRB CII 2020 Table 3A.11 (1680767960TABLE3A11.xlsx)
2020,Telangana,Rape in Custody (Section 376(2)) - Rape in Custody (Total),custodial_total,0,NCRB CII 2020 Table 3A.11 (1680767960TABLE3A11.xlsx)
2020,Tripura,Rape in Custody (Section 376(2)) - Rape in Custody (Total),custodial_total,0,NCRB CII 2020 Table 3A.11 (1680767960TABLE3A11.xlsx)
2020,Uttar Pradesh,Rape in Custody (Section 376(2)) - Rape in Custody (Total),custodial_total,4,NCRB CII 2020 Table 3A.11 (1680767960TABLE3A11.xlsx)
2020,Uttarakhand,Rape in Custody (Section 376(2)) - Rape in Custody (Total),custodial_total,1,NCRB CII 2020 Table 3A.11 (1680767960TABLE3A11.xlsx)
2020,West Bengal,Rape in Custody (Section 376(2)) - Rape in Custody (Total),custodial_total,0,NCRB CII 2020 Table 3A.11 (1680767960TABLE3A11.xlsx)
2020,Andaman & Nicobar Islands,Rape in Custody (Section 376(2)) - Rape in Custody (Total),custodial_total,0,NCRB CII 2020 Table 3A.11 (1680767960TABLE3A11.xlsx)
2020,Chandigarh,Rape in Custody (Section 376(2)) - Rape in Custody (Total),custodial_total,0,NCRB CII 2020 Table 3A.11 (1680767960TABLE3A11.xlsx)
2020,Dadra & Nagar Haveli and Daman & Diu,Rape in Custody (Section 376(2)) - Rape in Custody (Total),custodial_total,0,NCRB CII 2020 Table 3A.11 (1680767960TABLE3A11.xlsx)
2020,Delhi,Rape in Custody (Section 376(2)) - Rape in Custody (Total),custodial_total,0,NCRB CII 2020 Table 3A.11 (1680767960TABLE3A11.xlsx)
2020,Jammu & Kashmir,Rape in Custody (Section 376(2)) - Rape in Custody (Total),custodial_total,0,NCRB CII 2020 Table 3A.11 (1680767960TABLE3A11.xlsx)
2020,Ladakh,Rape in Custody (Section 376(2)) - Rape in Custody (Total),custodial_total,0,NCRB CII 2020 Table 3A.11 (1680767960TABLE3A11.xlsx)
2020,Lakshadweep,Rape in Custody (Section 376(2)) - Rape in Custody (Total),custodial_total,0,NCRB CII 2020 Table 3A.11 (1680767960TABLE3A11.xlsx)
2020,Puducherry,Rape in Custody (Section 376(2)) - Rape in Custody (Total),custodial_total,0,NCRB CII 2020 Table 3A.11 (1680767960TABLE3A11.xlsx)
2020,All India,Rape in Custody (Section 376(2)) - Rape in Custody (Total),custodial_total,29,NCRB CII 2020 Table 3A.11 (1680767960TABLE3A11.xlsx)
2020,Andhra Pradesh,Rape in Custody (Section 376(2)) - By Police Personnel (Sec.376(2) (a),police_personnel,2,NCRB CII 2020 Table 3A.11 (1680767960TABLE3A11.xlsx)
2020,Arunachal Pradesh,Rape in Custody (Section 376(2)) - By Police Personnel (Sec.376(2) (a),police_personnel,0,NCRB CII 2020 Table 3A.11 (1680767960TABLE3A11.xlsx)
2020,Assam,Rape in Custody (Section 376(2)) - By Police Personnel (Sec.376(2) (a),police_personnel,0,NCRB CII 2020 Table 3A.11 (1680767960TABLE3A11.xlsx)
2020,Bihar,Rape in Custody (Section 376(2)) - By Police Personnel (Sec.376(2) (a),police_personnel,0,NCRB CII 2020 Table 3A.11 (1680767960TABLE3A11.xlsx)
2020,Chhattisgarh,Rape in Custody (Section 376(2)) - By Police Personnel (Sec.376(2) (a),police_personnel,0,NCRB CII 2020 Table 3A.11 (1680767960TABLE3A11.xlsx)
2020,Goa,Rape in Custody (Section 376(2)) - By Police Personnel (Sec.376(2) (a),police_personnel,0,NCRB CII 2020 Table 3A.11 (1680767960TABLE3A11.xlsx)
2020,Gujarat,Rape in Custody (Section 376(2)) - By Police Personnel (Sec.376(2) (a),police_personnel,0,NCRB CII 2020 Table 3A.11 (1680767960TABLE3A11.xlsx)
2020,Haryana,Rape in Custody (Section 376(2)) - By Police Personnel (Sec.376(2) (a),police_personnel,1,NCRB CII 2020 Table 3A.11 (1680767960TABLE3A11.xlsx)
2020,Himachal Pradesh,Rape in Custody (Section 376(2)) - By Police Personnel (Sec.376(2) (a),police_personnel,0,NCRB CII 2020 Table 3A.11 (1680767960TABLE3A11.xlsx)
2020,Jharkhand,Rape in Custody (Section 376(2)) - By Police Personnel (Sec.376(2) (a),police_personnel,0,NCRB CII 2020 Table 3A.11 (1680767960TABLE3A11.xlsx)
2020,Karnataka,Rape in Custody (Section 376(2)) - By Police Personnel (Sec.376(2) (a),police_personnel,1,NCRB CII 2020 Table 3A.11 (1680767960TABLE3A11.xlsx)
2020,Kerala,Rape in Custody (Section 376(2)) - By Police Personnel (Sec.376(2) (a),police_personnel,0,NCRB CII 2020 Table 3A.11 (1680767960TABLE3A11.xlsx)
2020,Madhya Pradesh,Rape in Custody (Section 376(2)) - By Police Personnel (Sec.376(2) (a),police_personnel,3,NCRB CII 2020 Table 3A.11 (1680767960TABLE3A11.xlsx)
2020,Maharashtra,Rape in Custody (Section 376(2)) - By Police Personnel (Sec.376(2) (a),police_personnel,0,NCRB CII 2020 Table 3A.11 (1680767960TABLE3A11.xlsx)
2020,Manipur,Rape in Custody (Section 376(2)) - By Police Personnel (Sec.376(2) (a),police_personnel,0,NCRB CII 2020 Table 3A.11 (1680767960TABLE3A11.xlsx)
2020,Meghalaya,Rape in Custody (Section 376(2)) - By Police Personnel (Sec.376(2) (a),police_personnel,0,NCRB CII 2020 Table 3A.11 (1680767960TABLE3A11.xlsx)
2020,Mizoram,Rape in Custody (Section 376(2)) - By Police Personnel (Sec.376(2) (a),police_personnel,0,NCRB CII 2020 Table 3A.11 (1680767960TABLE3A11.xlsx)
2020,Nagaland,Rape in Custody (Section 376(2)) - By Police Personnel (Sec.376(2) (a),police_personnel,0,NCRB CII 2020 Table 3A.11 (1680767960TABLE3A11.xlsx)
2020,Odisha,Rape in Custody (Section 376(2)) - By Police Personnel (Sec.376(2) (a),police_personnel,0,NCRB CII 2020 Table 3A.11 (1680767960TABLE3A11.xlsx)
2020,Punjab,Rape in Custody (Section 376(2)) - By Police Personnel (Sec.376(2) (a),police_personnel,0,NCRB CII 2020 Table 3A.11 (1680767960TABLE3A11.xlsx)
2020,Rajasthan,Rape in Custody (Section 376(2)) - By Police Personnel (Sec.376(2) (a),police_personnel,0,NCRB CII 2020 Table 3A.11 (1680767960TABLE3A11.xlsx)
2020,Sikkim,Rape in Custody (Section 376(2)) - By Police Personnel (Sec.376(2) (a),police_personnel,0,NCRB CII 2020 Table 3A.11 (1680767960TABLE3A11.xlsx)
2020,Tamil Nadu,Rape in Custody (Section 376(2)) - By Police Personnel (Sec.376(2) (a),police_personnel,0,NCRB CII 2020 Table 3A.11 (1680767960TABLE3A11.xlsx)
2020,Telangana,Rape in Custody (Section 376(2)) - By Police Personnel (Sec.376(2) (a),police_personnel,0,NCRB CII 2020 Table 3A.11 (1680767960TABLE3A11.xlsx)
2020,Tripura,Rape in Custody (Section 376(2)) - By Police Personnel (Sec.376(2) (a),police_personnel,0,NCRB CII 2020 Table 3A.11 (1680767960TABLE3A11.xlsx)
2020,Uttar Pradesh,Rape in Custody (Section 376(2)) - By Police Personnel (Sec.376(2) (a),police_personnel,0,NCRB CII 2020 Table 3A.11 (1680767960TABLE3A11.xlsx)
2020,Uttarakhand,Rape in Custody (Section 376(2)) - By Police Personnel (Sec.376(2) (a),police_personnel,0,NCRB CII 2020 Table 3A.11 (1680767960TABLE3A11.xlsx)
2020,West Bengal,Rape in Custody (Section 376(2)) - By Police Personnel (Sec.376(2) (a),police_personnel,0,NCRB CII 2020 Table 3A.11 (1680767960TABLE3A11.xlsx)
2020,Andaman & Nicobar Islands,Rape in Custody (Section 376(2)) - By Police Personnel (Sec.376(2) (a),police_personnel,0,NCRB CII 2020 Table 3A.11 (1680767960TABLE3A11.xlsx)
2020,Chandigarh,Rape in Custody (Section 376(2)) - By Police Personnel (Sec.376(2) (a),police_personnel,0,NCRB CII 2020 Table 3A.11 (1680767960TABLE3A11.xlsx)
2020,Dadra & Nagar Haveli and Daman & Diu,Rape in Custody (Section 376(2)) - By Police Personnel (Sec.376(2) (a),police_personnel,0,NCRB CII 2020 Table 3A.11 (1680767960TABLE3A11.xlsx)
2020,Delhi,Rape in Custody (Section 376(2)) - By Police Personnel (Sec.376(2) (a),police_personnel,0,NCRB CII 2020 Table 3A.11 (1680767960TABLE3A11.xlsx)
2020,Jammu & Kashmir,Rape in Custody (Section 376(2)) - By Police Personnel (Sec.376(2) (a),police_personnel,0,NCRB CII 2020 Table 3A.11 (1680767960TABLE3A11.xlsx)
2020,Ladakh,Rape in Custody (Section 376(2)) - By Police Personnel (Sec.376(2) (a),police_personnel,0,NCRB CII 2020 Table 3A.11 (1680767960TABLE3A11.xlsx)
2020,Lakshadweep,Rape in Custody (Section 376(2)) - By Police Personnel (Sec.376(2) (a),police_personnel,0,NCRB CII 2020 Table 3A.11 (1680767960TABLE3A11.xlsx)
2020,Puducherry,Rape in Custody (Section 376(2)) - By Police Personnel (Sec.376(2) (a),police_personnel,0,NCRB CII 2020 Table 3A.11 (1680767960TABLE3A11.xlsx)
2020,All India,Rape in Custody (Section 376(2)) - By Police Personnel (Sec.376(2) (a),police_personnel,7,NCRB CII 2020 Table 3A.11 (1680767960TABLE3A11.xlsx)
2020,Andhra Pradesh,Rape in Custody (Section 376(2)) - By Public Servant (Sec.376(2) (b),public_servant,1,NCRB CII 2020 Table 3A.11 (1680767960TABLE3A11.xlsx)
2020,Arunachal Pradesh,Rape in Custody (Section 376(2)) - By Public Servant (Sec.376(2) (b),public_servant,0,NCRB CII 2020 Table 3A.11 (1680767960TABLE3A11.xlsx)
2020,Assam,Rape in Custody (Section 376(2)) - By Public Servant (Sec.376(2) (b),public_servant,0,NCRB CII 2020 Table 3A.11 (1680767960TABLE3A11.xlsx)
2020,Bihar,Rape in Custody (Section 376(2)) - By Public Servant (Sec.376(2) (b),public_servant,0,NCRB CII 2020 Table 3A.11 (1680767960TABLE3A11.xlsx)
2020,Chhattisgarh,Rape in Custody (Section 376(2)) - By Public Servant (Sec.376(2) (b),public_servant,0,NCRB CII 2020 Table 3A.11 (1680767960TABLE3A11.xlsx)
2020,Goa,Rape in Custody (Section 376(2)) - By Public Servant (Sec.376(2) (b),public_servant,0,NCRB CII 2020 Table 3A.11 (1680767960TABLE3A11.xlsx)
2020,Gujarat,Rape in Custody (Section 376(2)) - By Public Servant (Sec.376(2) (b),public_servant,0,NCRB CII 2020 Table 3A.11 (1680767960TABLE3A11.xlsx)
2020,Haryana,Rape in Custody (Section 376(2)) - By Public Servant (Sec.376(2) (b),public_servant,1,NCRB CII 2020 Table 3A.11 (1680767960TABLE3A11.xlsx)
2020,Himachal Pradesh,Rape in Custody (Section 376(2)) - By Public Servant (Sec.376(2) (b),public_servant,0,NCRB CII 2020 Table 3A.11 (1680767960TABLE3A11.xlsx)
2020,Jharkhand,Rape in Custody (Section 376(2)) - By Public Servant (Sec.376(2) (b),public_servant,0,NCRB CII 2020 Table 3A.11 (1680767960TABLE3A11.xlsx)
2020,Karnataka,Rape in Custody (Section 376(2)) - By Public Servant (Sec.376(2) (b),public_servant,0,NCRB CII 2020 Table 3A.11 (1680767960TABLE3A11.xlsx)
2020,Kerala,Rape in Custody (Section 376(2)) - By Public Servant (Sec.376(2) (b),public_servant,1,NCRB CII 2020 Table 3A.11 (1680767960TABLE3A11.xlsx)
2020,Madhya Pradesh,Rape in Custody (Section 376(2)) - By Public Servant (Sec.376(2) (b),public_servant,1,NCRB CII 2020 Table 3A.11 (1680767960TABLE3A11.xlsx)
2020,Maharashtra,Rape in Custody (Section 376(2)) - By Public Servant (Sec.376(2) (b),public_servant,0,NCRB CII 2020 Table 3A.11 (1680767960TABLE3A11.xlsx)
2020,Manipur,Rape in Custody (Section 376(2)) - By Public Servant (Sec.376(2) (b),public_servant,0,NCRB CII 2020 Table 3A.11 (1680767960TABLE3A11.xlsx)
2020,Meghalaya,Rape in Custody (Section 376(2)) - By Public Servant (Sec.376(2) (b),public_servant,4,NCRB CII 2020 Table 3A.11 (1680767960TABLE3A11.xlsx)
2020,Mizoram,Rape in Custody (Section 376(2)) - By Public Servant (Sec.376(2) (b),public_servant,0,NCRB CII 2020 Table 3A.11 (1680767960TABLE3A11.xlsx)
2020,Nagaland,Rape in Custody (Section 376(2)) - By Public Servant (Sec.376(2) (b),public_servant,0,NCRB CII 2020 Table 3A.11 (1680767960TABLE3A11.xlsx)
2020,Odisha,Rape in Custody (Section 376(2)) - By Public Servant (Sec.376(2) (b),public_servant,0,NCRB CII 2020 Table 3A.11 (1680767960TABLE3A11.xlsx)
2020,Punjab,Rape in Custody (Section 376(2)) - By Public Servant (Sec.376(2) (b),public_servant,0,NCRB CII 2020 Table 3A.11 (1680767960TABLE3A11.xlsx)
2020,Rajasthan,Rape in Custody (Section 376(2)) - By Public Servant (Sec.376(2) (b),public_servant,0,NCRB CII 2020 Table 3A.11 (1680767960TABLE3A11.xlsx)
2020,Sikkim,Rape in Custody (Section 376(2)) - By Public Servant (Sec.376(2) (b),public_servant,0,NCRB CII 2020 Table 3A.11 (1680767960TABLE3A11.xlsx)
2020,Tamil Nadu,Rape in Custody (Section 376(2)) - By Public Servant (Sec.376(2) (b),public_servant,0,NCRB CII 2020 Table 3A.11 (1680767960TABLE3A11.xlsx)
2020,Telangana,Rape in Custody (Section 376(2)) - By Public Servant (Sec.376(2) (b),public_servant,0,NCRB CII 2020 Table 3A.11 (1680767960TABLE3A11.xlsx)
2020,Tripura,Rape in Custody (Section 376(2)) - By Public Servant (Sec.376(2) (b),public_servant,0,NCRB CII 2020 Table 3A.11 (1680767960TABLE3A11.xlsx)
2020,Uttar Pradesh,Rape in Custody (Section 376(2)) - By Public Servant (Sec.376(2) (b),public_servant,1,NCRB CII 2020 Table 3A.11 (1680767960TABLE3A11.xlsx)
2020,Uttarakhand,Rape in Custody (Section 376(2)) - By Public Servant (Sec.376(2) (b),public_servant,0,NCRB CII 2020 Table 3A.11 (1680767960TABLE3A11.xlsx)
2020,West Bengal,Rape in Custody (Section 376(2)) - By Public Servant (Sec.376(2) (b),public_servant,0,NCRB CII 2020 Table 3A.11 (1680767960TABLE3A11.xlsx)
2020,Andaman & Nicobar Islands,Rape in Custody (Section 376(2)) - By Public Servant (Sec.376(2) (b),public_servant,0,NCRB CII 2020 Table 3A.11 (1680767960TABLE3A11.xlsx)
2020,Chandigarh,Rape in Custody (Section 376(2)) - By Public Servant (Sec.376(2) (b),public_servant,0,NCRB CII 2020 Table 3A.11 (1680767960TABLE3A11.xlsx)
2020,Dadra & Nagar Haveli and Daman & Diu,Rape in Custody (Section 376(2)) - By Public Servant (Sec.376(2) (b),public_servant,0,NCRB CII 2020 Table 3A.11 (1680767960TABLE3A11.xlsx)
2020,Delhi,Rape in Custody (Section 376(2)) - By Public Servant (Sec.376(2) (b),public_servant,0,NCRB CII 2020 Table 3A.11 (1680767960TABLE3A11.xlsx)
2020,Jammu & Kashmir,Rape in Custody (Section 376(2)) - By Public Servant (Sec.376(2) (b),public_servant,0,NCRB CII 2020 Table 3A.11 (1680767960TABLE3A11.xlsx)
2020,Ladakh,Rape in Custody (Section 376(2)) - By Public Servant (Sec.376(2) (b),public_servant,0,NCRB CII 2020 Table 3A.11 (1680767960TABLE3A11.xlsx)
2020,Lakshadweep,Rape in Custody (Section 376(2)) - By Public Servant (Sec.376(2) (b),public_servant,0,NCRB CII 2020 Table 3A.11 (1680767960TABLE3A11.xlsx)
2020,Puducherry,Rape in Custody (Section 376(2)) - By Public Servant (Sec.376(2) (b),public_servant,0,NCRB CII 2020 Table 3A.11 (1680767960TABLE3A11.xlsx)
2020,All India,Rape in Custody (Section 376(2)) - By Public Servant (Sec.376(2) (b),public_servant,9,NCRB CII 2020 Table 3A.11 (1680767960TABLE3A11.xlsx)
2020,Andhra Pradesh,Rape in Custody (Section 376(2)) - By Member of Armed Forces (Sec.376(2) (c),armed_forces,0,NCRB CII 2020 Table 3A.11 (1680767960TABLE3A11.xlsx)
2020,Arunachal Pradesh,Rape in Custody (Section 376(2)) - By Member of Armed Forces (Sec.376(2) (c),armed_forces,0,NCRB CII 2020 Table 3A.11 (1680767960TABLE3A11.xlsx)
2020,Assam,Rape in Custody (Section 376(2)) - By Member of Armed Forces (Sec.376(2) (c),armed_forces,0,NCRB CII 2020 Table 3A.11 (1680767960TABLE3A11.xlsx)
2020,Bihar,Rape in Custody (Section 376(2)) - By Member of Armed Forces (Sec.376(2) (c),armed_forces,0,NCRB CII 2020 Table 3A.11 (1680767960TABLE3A11.xlsx)
2020,Chhattisgarh,Rape in Custody (Section 376(2)) - By Member of Armed Forces (Sec.376(2) (c),armed_forces,0,NCRB CII 2020 Table 3A.11 (1680767960TABLE3A11.xlsx)
2020,Goa,Rape in Custody (Section 376(2)) - By Member of Armed Forces (Sec.376(2) (c),armed_forces,0,NCRB CII 2020 Table 3A.11 (1680767960TABLE3A11.xlsx)
2020,Gujarat,Rape in Custody (Section 376(2)) - By Member of Armed Forces (Sec.376(2) (c),armed_forces,0,NCRB CII 2020 Table 3A.11 (1680767960TABLE3A11.xlsx)
2020,Haryana,Rape in Custody (Section 376(2)) - By Member of Armed Forces (Sec.376(2) (c),armed_forces,0,NCRB CII 2020 Table 3A.11 (1680767960TABLE3A11.xlsx)
2020,Himachal Pradesh,Rape in Custody (Section 376(2)) - By Member of Armed Forces (Sec.376(2) (c),armed_forces,0,NCRB CII 2020 Table 3A.11 (1680767960TABLE3A11.xlsx)
2020,Jharkhand,Rape in Custody (Section 376(2)) - By Member of Armed Forces (Sec.376(2) (c),armed_forces,0,NCRB CII 2020 Table 3A.11 (1680767960TABLE3A11.xlsx)
2020,Karnataka,Rape in Custody (Section 376(2)) - By Member of Armed Forces (Sec.376(2) (c),armed_forces,0,NCRB CII 2020 Table 3A.11 (1680767960TABLE3A11.xlsx)
2020,Kerala,Rape in Custody (Section 376(2)) - By Member of Armed Forces (Sec.376(2) (c),armed_forces,0,NCRB CII 2020 Table 3A.11 (1680767960TABLE3A11.xlsx)
2020,Madhya Pradesh,Rape in Custody (Section 376(2)) - By Member of Armed Forces (Sec.376(2) (c),armed_forces,0,NCRB CII 2020 Table 3A.11 (1680767960TABLE3A11.xlsx)
2020,Maharashtra,Rape in Custody (Section 376(2)) - By Member of Armed Forces (Sec.376(2) (c),armed_forces,0,NCRB CII 2020 Table 3A.11 (1680767960TABLE3A11.xlsx)
2020,Manipur,Rape in Custody (Section 376(2)) - By Member of Armed Forces (Sec.376(2) (c),armed_forces,0,NCRB CII 2020 Table 3A.11 (1680767960TABLE3A11.xlsx)
2020,Meghalaya,Rape in Custody (Section 376(2)) - By Member of Armed Forces (Sec.376(2) (c),armed_forces,0,NCRB CII 2020 Table 3A.11 (1680767960TABLE3A11.xlsx)
2020,Mizoram,Rape in Custody (Section 376(2)) - By Member of Armed Forces (Sec.376(2) (c),armed_forces,0,NCRB CII 2020 Table 3A.11 (1680767960TABLE3A11.xlsx)
2020,Nagaland,Rape in Custody (Section 376(2)) - By Member of Armed Forces (Sec.376(2) (c),armed_forces,0,NCRB CII 2020 Table 3A.11 (1680767960TABLE3A11.xlsx)
2020,Odisha,Rape in Custody (Section 376(2)) - By Member of Armed Forces (Sec.376(2) (c),armed_forces,0,NCRB CII 2020 Table 3A.11 (1680767960TABLE3A11.xlsx)
2020,Punjab,Rape in Custody (Section 376(2)) - By Member of Armed Forces (Sec.376(2) (c),armed_forces,0,NCRB CII 2020 Table 3A.11 (1680767960TABLE3A11.xlsx)
2020,Rajasthan,Rape in Custody (Section 376(2)) - By Member of Armed Forces (Sec.376(2) (c),armed_forces,0,NCRB CII 2020 Table 3A.11 (1680767960TABLE3A11.xlsx)
2020,Sikkim,Rape in Custody (Section 376(2)) - By Member of Armed Forces (Sec.376(2) (c),armed_forces,0,NCRB CII 2020 Table 3A.11 (1680767960TABLE3A11.xlsx)
2020,Tamil Nadu,Rape in Custody (Section 376(2)) - By Member of Armed Forces (Sec.376(2) (c),armed_forces,0,NCRB CII 2020 Table 3A.11 (1680767960TABLE3A11.xlsx)
2020,Telangana,Rape in Custody (Section 376(2)) - By Member of Armed Forces (Sec.376(2) (c),armed_forces,0,NCRB CII 2020 Table 3A.11 (1680767960TABLE3A11.xlsx)
2020,Tripura,Rape in Custody (Section 376(2)) - By Member of Armed Forces (Sec.376(2) (c),armed_forces,0,NCRB CII 2020 Table 3A.11 (1680767960TABLE3A11.xlsx)
2020,Uttar Pradesh,Rape in Custody (Section 376(2)) - By Member of Armed Forces (Sec.376(2) (c),armed_forces,0,NCRB CII 2020 Table 3A.11 (1680767960TABLE3A11.xlsx)
2020,Uttarakhand,Rape in Custody (Section 376(2)) - By Member of Armed Forces (Sec.376(2) (c),armed_forces,0,NCRB CII 2020 Table 3A.11 (1680767960TABLE3A11.xlsx)
2020,West Bengal,Rape in Custody (Section 376(2)) - By Member of Armed Forces (Sec.376(2) (c),armed_forces,0,NCRB CII 2020 Table 3A.11 (1680767960TABLE3A11.xlsx)
2020,Andaman & Nicobar Islands,Rape in Custody (Section 376(2)) - By Member of Armed Forces (Sec.376(2) (c),armed_forces,0,NCRB CII 2020 Table 3A.11 (1680767960TABLE3A11.xlsx)
2020,Chandigarh,Rape in Custody (Section 376(2)) - By Member of Armed Forces (Sec.376(2) (c),armed_forces,0,NCRB CII 2020 Table 3A.11 (1680767960TABLE3A11.xlsx)
2020,Dadra & Nagar Haveli and Daman & Diu,Rape in Custody (Section 376(2)) - By Member of Armed Forces (Sec.376(2) (c),armed_forces,0,NCRB CII 2020 Table 3A.11 (1680767960TABLE3A11.xlsx)
2020,Delhi,Rape in Custody (Section 376(2)) - By Member of Armed Forces (Sec.376(2) (c),armed_forces,0,NCRB CII 2020 Table 3A.11 (1680767960TABLE3A11.xlsx)
2020,Jammu & Kashmir,Rape in Custody (Section 376(2)) - By Member of Armed Forces (Sec.376(2) (c),armed_forces,0,NCRB CII 2020 Table 3A.11 (1680767960TABLE3A11.xlsx)
2020,Ladakh,Rape in Custody (Section 376(2)) - By Member of Armed Forces (Sec.376(2) (c),armed_forces,0,NCRB CII 2020 Table 3A.11 (1680767960TABLE3A11.xlsx)
2020,Lakshadweep,Rape in Custody (Section 376(2)) - By Member of Armed Forces (Sec.376(2) (c),armed_forces,0,NCRB CII 2020 Table 3A.11 (1680767960TABLE3A11.xlsx)
2020,Puducherry,Rape in Custody (Section 376(2)) - By Member of Armed Forces (Sec.376(2) (c),armed_forces,0,NCRB CII 2020 Table 3A.11 (1680767960TABLE3A11.xlsx)
2020,All India,Rape in Custody (Section 376(2)) - By Member of Armed Forces (Sec.376(2) (c),armed_forces,0,NCRB CII 2020 Table 3A.11 (1680767960TABLE3A11.xlsx)
2020,Andhra Pradesh,Rape in Custody (Section 376(2)) - By Management/Staff of Jail/Remand Home/Place of Custody (Sec.376(2)(d),jail_remand_home_place_of_custody,0,NCRB CII 2020 Table 3A.11 (1680767960TABLE3A11.xlsx)
2020,Arunachal Pradesh,Rape in Custody (Section 376(2)) - By Management/Staff of Jail/Remand Home/Place of Custody (Sec.376(2)(d),jail_remand_home_place_of_custody,0,NCRB CII 2020 Table 3A.11 (1680767960TABLE3A11.xlsx)
2020,Assam,Rape in Custody (Section 376(2)) - By Management/Staff of Jail/Remand Home/Place of Custody (Sec.376(2)(d),jail_remand_home_place_of_custody,0,NCRB CII 2020 Table 3A.11 (1680767960TABLE3A11.xlsx)
2020,Bihar,Rape in Custody (Section 376(2)) - By Management/Staff of Jail/Remand Home/Place of Custody (Sec.376(2)(d),jail_remand_home_place_of_custody,0,NCRB CII 2020 Table 3A.11 (1680767960TABLE3A11.xlsx)
2020,Chhattisgarh,Rape in Custody (Section 376(2)) - By Management/Staff of Jail/Remand Home/Place of Custody (Sec.376(2)(d),jail_remand_home_place_of_custody,0,NCRB CII 2020 Table 3A.11 (1680767960TABLE3A11.xlsx)
2020,Goa,Rape in Custody (Section 376(2)) - By Management/Staff of Jail/Remand Home/Place of Custody (Sec.376(2)(d),jail_remand_home_place_of_custody,0,NCRB CII 2020 Table 3A.11 (1680767960TABLE3A11.xlsx)
2020,Gujarat,Rape in Custody (Section 376(2)) - By Management/Staff of Jail/Remand Home/Place of Custody (Sec.376(2)(d),jail_remand_home_place_of_custody,0,NCRB CII 2020 Table 3A.11 (1680767960TABLE3A11.xlsx)
2020,Haryana,Rape in Custody (Section 376(2)) - By Management/Staff of Jail/Remand Home/Place of Custody (Sec.376(2)(d),jail_remand_home_place_of_custody,0,NCRB CII 2020 Table 3A.11 (1680767960TABLE3A11.xlsx)
2020,Himachal Pradesh,Rape in Custody (Section 376(2)) - By Management/Staff of Jail/Remand Home/Place of Custody (Sec.376(2)(d),jail_remand_home_place_of_custody,0,NCRB CII 2020 Table 3A.11 (1680767960TABLE3A11.xlsx)
2020,Jharkhand,Rape in Custody (Section 376(2)) - By Management/Staff of Jail/Remand Home/Place of Custody (Sec.376(2)(d),jail_remand_home_place_of_custody,0,NCRB CII 2020 Table 3A.11 (1680767960TABLE3A11.xlsx)
2020,Karnataka,Rape in Custody (Section 376(2)) - By Management/Staff of Jail/Remand Home/Place of Custody (Sec.376(2)(d),jail_remand_home_place_of_custody,1,NCRB CII 2020 Table 3A.11 (1680767960TABLE3A11.xlsx)
2020,Kerala,Rape in Custody (Section 376(2)) - By Management/Staff of Jail/Remand Home/Place of Custody (Sec.376(2)(d),jail_remand_home_place_of_custody,0,NCRB CII 2020 Table 3A.11 (1680767960TABLE3A11.xlsx)
2020,Madhya Pradesh,Rape in Custody (Section 376(2)) - By Management/Staff of Jail/Remand Home/Place of Custody (Sec.376(2)(d),jail_remand_home_place_of_custody,2,NCRB CII 2020 Table 3A.11 (1680767960TABLE3A11.xlsx)
2020,Maharashtra,Rape in Custody (Section 376(2)) - By Management/Staff of Jail/Remand Home/Place of Custody (Sec.376(2)(d),jail_remand_home_place_of_custody,0,NCRB CII 2020 Table 3A.11 (1680767960TABLE3A11.xlsx)
2020,Manipur,Rape in Custody (Section 376(2)) - By Management/Staff of Jail/Remand Home/Place of Custody (Sec.376(2)(d),jail_remand_home_place_of_custody,0,NCRB CII 2020 Table 3A.11 (1680767960TABLE3A11.xlsx)
2020,Meghalaya,Rape in Custody (Section 376(2)) - By Management/Staff of Jail/Remand Home/Place of Custody (Sec.376(2)(d),jail_remand_home_place_of_custody,0,NCRB CII 2020 Table 3A.11 (1680767960TABLE3A11.xlsx)
2020,Mizoram,Rape in Custody (Section 376(2)) - By Management/Staff of Jail/Remand Home/Place of Custody (Sec.376(2)(d),jail_remand_home_place_of_custody,0,NCRB CII 2020 Table 3A.11 (1680767960TABLE3A11.xlsx)
2020,Nagaland,Rape in Custody (Section 376(2)) - By Management/Staff of Jail/Remand Home/Place of Custody (Sec.376(2)(d),jail_remand_home_place_of_custody,0,NCRB CII 2020 Table 3A.11 (1680767960TABLE3A11.xlsx)
2020,Odisha,Rape in Custody (Section 376(2)) - By Management/Staff of Jail/Remand Home/Place of Custody (Sec.376(2)(d),jail_remand_home_place_of_custody,0,NCRB CII 2020 Table 3A.11 (1680767960TABLE3A11.xlsx)
2020,Punjab,Rape in Custody (Section 376(2)) - By Management/Staff of Jail/Remand Home/Place of Custody (Sec.376(2)(d),jail_remand_home_place_of_custody,0,NCRB CII 2020 Table 3A.11 (1680767960TABLE3A11.xlsx)
2020,Rajasthan,Rape in Custody (Section 376(2)) - By Management/Staff of Jail/Remand Home/Place of Custody (Sec.376(2)(d),jail_remand_home_place_of_custody,0,NCRB CII 2020 Table 3A.11 (1680767960TABLE3A11.xlsx)
2020,Sikkim,Rape in Custody (Section 376(2)) - By Management/Staff of Jail/Remand Home/Place of Custody (Sec.376(2)(d),jail_remand_home_place_of_custody,0,NCRB CII 2020 Table 3A.11 (1680767960TABLE3A11.xlsx)
2020,Tamil Nadu,Rape in Custody (Section 376(2)) - By Management/Staff of Jail/Remand Home/Place of Custody (Sec.376(2)(d),jail_remand_home_place_of_custody,0,NCRB CII 2020 Table 3A.11 (1680767960TABLE3A11.xlsx)
2020,Telangana,Rape in Custody (Section 376(2)) - By Management/Staff of Jail/Remand Home/Place of Custody (Sec.376(2)(d),jail_remand_home_place_of_custody,0,NCRB CII 2020 Table 3A.11 (1680767960TABLE3A11.xlsx)
2020,Tripura,Rape in Custody (Section 376(2)) - By Management/Staff of Jail/Remand Home/Place of Custody (Sec.376(2)(d),jail_remand_home_place_of_custody,0,NCRB CII 2020 Table 3A.11 (1680767960TABLE3A11.xlsx)
2020,Uttar Pradesh,Rape in Custody (Section 376(2)) - By Management/Staff of Jail/Remand Home/Place of Custody (Sec.376(2)(d),jail_remand_home_place_of_custody,3,NCRB CII 2020 Table 3A.11 (1680767960TABLE3A11.xlsx)
2020,Uttarakhand,Rape in Custody (Section 376(2)) - By Management/Staff of Jail/Remand Home/Place of Custody (Sec.376(2)(d),jail_remand_home_place_of_custody,1,NCRB CII 2020 Table 3A.11 (1680767960TABLE3A11.xlsx)
2020,West Bengal,Rape in Custody (Section 376(2)) - By Management/Staff of Jail/Remand Home/Place of Custody (Sec.376(2)(d),jail_remand_home_place_of_custody,0,NCRB CII 2020 Table 3A.11 (1680767960TABLE3A11.xlsx)
2020,Andaman & Nicobar Islands,Rape in Custody (Section 376(2)) - By Management/Staff of Jail/Remand Home/Place of Custody (Sec.376(2)(d),jail_remand_home_place_of_custody,0,NCRB CII 2020 Table 3A.11 (1680767960TABLE3A11.xlsx)
2020,Chandigarh,Rape in Custody (Section 376(2)) - By Management/Staff of Jail/Remand Home/Place of Custody (Sec.376(2)(d),jail_remand_home_place_of_custody,0,NCRB CII 2020 Table 3A.11 (1680767960TABLE3A11.xlsx)
2020,Dadra & Nagar Haveli and Daman & Diu,Rape in Custody (Section 376(2)) - By Management/Staff of Jail/Remand Home/Place of Custody (Sec.376(2)(d),jail_remand_home_place_of_custody,0,NCRB CII 2020 Table 3A.11 (1680767960TABLE3A11.xlsx)
2020,Delhi,Rape in Custody (Section 376(2)) - By Management/Staff of Jail/Remand Home/Place of Custody (Sec.376(2)(d),jail_remand_home_place_of_custody,0,NCRB CII 2020 Table 3A.11 (1680767960TABLE3A11.xlsx)
2020,Jammu & Kashmir,Rape in Custody (Section 376(2)) - By Management/Staff of Jail/Remand Home/Place of Custody (Sec.376(2)(d),jail_remand_home_place_of_custody,0,NCRB CII 2020 Table 3A.11 (1680767960TABLE3A11.xlsx)
2020,Ladakh,Rape in Custody (Section 376(2)) - By Management/Staff of Jail/Remand Home/Place of Custody (Sec.376(2)(d),jail_remand_home_place_of_custody,0,NCRB CII 2020 Table 3A.11 (1680767960TABLE3A11.xlsx)
2020,Lakshadweep,Rape in Custody (Section 376(2)) - By Management/Staff of Jail/Remand Home/Place of Custody (Sec.376(2)(d),jail_remand_home_place_of_custody,0,NCRB CII 2020 Table 3A.11 (1680767960TABLE3A11.xlsx)
2020,Puducherry,Rape in Custody (Section 376(2)) - By Management/Staff of Jail/Remand Home/Place of Custody (Sec.376(2)(d),jail_remand_home_place_of_custody,0,NCRB CII 2020 Table 3A.11 (1680767960TABLE3A11.xlsx)
2020,All India,Rape in Custody (Section 376(2)) - By Management/Staff of Jail/Remand Home/Place of Custody (Sec.376(2)(d),jail_remand_home_place_of_custody,7,NCRB CII 2020 Table 3A.11 (1680767960TABLE3A11.xlsx)
2020,Andhra Pradesh,Rape in Custody (Section 376(2)) - By Management/ Staff of Hospital (Sec.376(2)e),hospital,1,NCRB CII 2020 Table 3A.11 (1680767960TABLE3A11.xlsx)
2020,Arunachal Pradesh,Rape in Custody (Section 376(2)) - By Management/ Staff of Hospital (Sec.376(2)e),hospital,0,NCRB CII 2020 Table 3A.11 (1680767960TABLE3A11.xlsx)
2020,Assam,Rape in Custody (Section 376(2)) - By Management/ Staff of Hospital (Sec.376(2)e),hospital,0,NCRB CII 2020 Table 3A.11 (1680767960TABLE3A11.xlsx)
2020,Bihar,Rape in Custody (Section 376(2)) - By Management/ Staff of Hospital (Sec.376(2)e),hospital,0,NCRB CII 2020 Table 3A.11 (1680767960TABLE3A11.xlsx)
2020,Chhattisgarh,Rape in Custody (Section 376(2)) - By Management/ Staff of Hospital (Sec.376(2)e),hospital,0,NCRB CII 2020 Table 3A.11 (1680767960TABLE3A11.xlsx)
2020,Goa,Rape in Custody (Section 376(2)) - By Management/ Staff of Hospital (Sec.376(2)e),hospital,0,NCRB CII 2020 Table 3A.11 (1680767960TABLE3A11.xlsx)
2020,Gujarat,Rape in Custody (Section 376(2)) - By Management/ Staff of Hospital (Sec.376(2)e),hospital,1,NCRB CII 2020 Table 3A.11 (1680767960TABLE3A11.xlsx)
2020,Haryana,Rape in Custody (Section 376(2)) - By Management/ Staff of Hospital (Sec.376(2)e),hospital,1,NCRB CII 2020 Table 3A.11 (1680767960TABLE3A11.xlsx)
2020,Himachal Pradesh,Rape in Custody (Section 376(2)) - By Management/ Staff of Hospital (Sec.376(2)e),hospital,0,NCRB CII 2020 Table 3A.11 (1680767960TABLE3A11.xlsx)
2020,Jharkhand,Rape in Custody (Section 376(2)) - By Management/ Staff of Hospital (Sec.376(2)e),hospital,0,NCRB CII 2020 Table 3A.11 (1680767960TABLE3A11.xlsx)
2020,Karnataka,Rape in Custody (Section 376(2)) - By Management/ Staff of Hospital (Sec.376(2)e),hospital,0,NCRB CII 2020 Table 3A.11 (1680767960TABLE3A11.xlsx)
2020,Kerala,Rape in Custody (Section 376(2)) - By Management/ Staff of Hospital (Sec.376(2)e),hospital,0,NCRB CII 2020 Table 3A.11 (1680767960TABLE3A11.xlsx)
2020,Madhya Pradesh,Rape in Custody (Section 376(2)) - By Management/ Staff of Hospital (Sec.376(2)e),hospital,2,NCRB CII 2020 Table 3A.11 (1680767960TABLE3A11.xlsx)
2020,Maharashtra,Rape in Custody (Section 376(2)) - By Management/ Staff of Hospital (Sec.376(2)e),hospital,0,NCRB CII 2020 Table 3A.11 (1680767960TABLE3A11.xlsx)
2020,Manipur,Rape in Custody (Section 376(2)) - By Management/ Staff of Hospital (Sec.376(2)e),hospital,0,NCRB CII 2020 Table 3A.11 (1680767960TABLE3A11.xlsx)
2020,Meghalaya,Rape in Custody (Section 376(2)) - By Management/ Staff of Hospital (Sec.376(2)e),hospital,0,NCRB CII 2020 Table 3A.11 (1680767960TABLE3A11.xlsx)
2020,Mizoram,Rape in Custody (Section 376(2)) - By Management/ Staff of Hospital (Sec.376(2)e),hospital,0,NCRB CII 2020 Table 3A.11 (1680767960TABLE3A11.xlsx)
2020,Nagaland,Rape in Custody (Section 376(2)) - By Management/ Staff of Hospital (Sec.376(2)e),hospital,1,NCRB CII 2020 Table 3A.11 (1680767960TABLE3A11.xlsx)
2020,Odisha,Rape in Custody (Section 376(2)) - By Management/ Staff of Hospital (Sec.376(2)e),hospital,0,NCRB CII 2020 Table 3A.11 (1680767960TABLE3A11.xlsx)
2020,Punjab,Rape in Custody (Section 376(2)) - By Management/ Staff of Hospital (Sec.376(2)e),hospital,0,NCRB CII 2020 Table 3A.11 (1680767960TABLE3A11.xlsx)
2020,Rajasthan,Rape in Custody (Section 376(2)) - By Management/ Staff of Hospital (Sec.376(2)e),hospital,0,NCRB CII 2020 Table 3A.11 (1680767960TABLE3A11.xlsx)
2020,Sikkim,Rape in Custody (Section 376(2)) - By Management/ Staff of Hospital (Sec.376(2)e),hospital,0,NCRB CII 2020 Table 3A.11 (1680767960TABLE3A11.xlsx)
2020,Tamil Nadu,Rape in Custody (Section 376(2)) - By Management/ Staff of Hospital (Sec.376(2)e),hospital,0,NCRB CII 2020 Table 3A.11 (1680767960TABLE3A11.xlsx)
2020,Telangana,Rape in Custody (Section 376(2)) - By Management/ Staff of Hospital (Sec.376(2)e),hospital,0,NCRB CII 2020 Table 3A.11 (1680767960TABLE3A11.xlsx)
2020,Tripura,Rape in Custody (Section 376(2)) - By Management/ Staff of Hospital (Sec.376(2)e),hospital,0,NCRB CII 2020 Table 3A.11 (1680767960TABLE3A11.xlsx)
2020,Uttar Pradesh,Rape in Custody (Section 376(2)) - By Management/ Staff of Hospital (Sec.376(2)e),hospital,0,NCRB CII 2020 Table 3A.11 (1680767960TABLE3A11.xlsx)
2020,Uttarakhand,Rape in Custody (Section 376(2)) - By Management/ Staff of Hospital (Sec.376(2)e),hospital,0,NCRB CII 2020 Table 3A.11 (1680767960TABLE3A11.xlsx)
2020,West Bengal,Rape in Custody (Section 376(2)) - By Management/ Staff of Hospital (Sec.376(2)e),hospital,0,NCRB CII 2020 Table 3A.11 (1680767960TABLE3A11.xlsx)
2020,Andaman & Nicobar Islands,Rape in Custody (Section 376(2)) - By Management/ Staff of Hospital (Sec.376(2)e),hospital,0,NCRB CII 2020 Table 3A.11 (1680767960TABLE3A11.xlsx)
2020,Chandigarh,Rape in Custody (Section 376(2)) - By Management/ Staff of Hospital (Sec.376(2)e),hospital,0,NCRB CII 2020 Table 3A.11 (1680767960TABLE3A11.xlsx)
2020,Dadra & Nagar Haveli and Daman & Diu,Rape in Custody (Section 376(2)) - By Management/ Staff of Hospital (Sec.376(2)e),hospital,0,NCRB CII 2020 Table 3A.11 (1680767960TABLE3A11.xlsx)
2020,Delhi,Rape in Custody (Section 376(2)) - By Management/ Staff of Hospital (Sec.376(2)e),hospital,0,NCRB CII 2020 Table 3A.11 (1680767960TABLE3A11.xlsx)
2020,Jammu & Kashmir,Rape in Custody (Section 376(2)) - By Management/ Staff of Hospital (Sec.376(2)e),hospital,0,NCRB CII 2020 Table 3A.11 (1680767960TABLE3A11.xlsx)
2020,Ladakh,Rape in Custody (Section 376(2)) - By Management/ Staff of Hospital (Sec.376(2)e),hospital,0,NCRB CII 2020 Table 3A.11 (1680767960TABLE3A11.xlsx)
2020,Lakshadweep,Rape in Custody (Section 376(2)) - By Management/ Staff of Hospital (Sec.376(2)e),hospital,0,NCRB CII 2020 Table 3A.11 (1680767960TABLE3A11.xlsx)
2020,Puducherry,Rape in Custody (Section 376(2)) - By Management/ Staff of Hospital (Sec.376(2)e),hospital,0,NCRB CII 2020 Table 3A.11 (1680767960TABLE3A11.xlsx)
2020,All India,Rape in Custody (Section 376(2)) - By Management/ Staff of Hospital (Sec.376(2)e),hospital,6,NCRB CII 2020 Table 3A.11 (1680767960TABLE3A11.xlsx)
2021,Andhra Pradesh,Rape in Custody (Section 376(2)) - Rape in Custody (Total),custodial_total,0,NCRB CII 2021 Table 3A.11 (1679653232TABLE3A11.xlsx)
2021,Arunachal Pradesh,Rape in Custody (Section 376(2)) - Rape in Custody (Total),custodial_total,0,NCRB CII 2021 Table 3A.11 (1679653232TABLE3A11.xlsx)
2021,Assam,Rape in Custody (Section 376(2)) - Rape in Custody (Total),custodial_total,1,NCRB CII 2021 Table 3A.11 (1679653232TABLE3A11.xlsx)
2021,Bihar,Rape in Custody (Section 376(2)) - Rape in Custody (Total),custodial_total,0,NCRB CII 2021 Table 3A.11 (1679653232TABLE3A11.xlsx)
2021,Chhattisgarh,Rape in Custody (Section 376(2)) - Rape in Custody (Total),custodial_total,3,NCRB CII 2021 Table 3A.11 (1679653232TABLE3A11.xlsx)
2021,Goa,Rape in Custody (Section 376(2)) - Rape in Custody (Total),custodial_total,0,NCRB CII 2021 Table 3A.11 (1679653232TABLE3A11.xlsx)
2021,Gujarat,Rape in Custody (Section 376(2)) - Rape in Custody (Total),custodial_total,0,NCRB CII 2021 Table 3A.11 (1679653232TABLE3A11.xlsx)
2021,Haryana,Rape in Custody (Section 376(2)) - Rape in Custody (Total),custodial_total,0,NCRB CII 2021 Table 3A.11 (1679653232TABLE3A11.xlsx)
2021,Himachal Pradesh,Rape in Custody (Section 376(2)) - Rape in Custody (Total),custodial_total,1,NCRB CII 2021 Table 3A.11 (1679653232TABLE3A11.xlsx)
2021,Jharkhand,Rape in Custody (Section 376(2)) - Rape in Custody (Total),custodial_total,0,NCRB CII 2021 Table 3A.11 (1679653232TABLE3A11.xlsx)
2021,Karnataka,Rape in Custody (Section 376(2)) - Rape in Custody (Total),custodial_total,0,NCRB CII 2021 Table 3A.11 (1679653232TABLE3A11.xlsx)
2021,Kerala,Rape in Custody (Section 376(2)) - Rape in Custody (Total),custodial_total,4,NCRB CII 2021 Table 3A.11 (1679653232TABLE3A11.xlsx)
2021,Madhya Pradesh,Rape in Custody (Section 376(2)) - Rape in Custody (Total),custodial_total,1,NCRB CII 2021 Table 3A.11 (1679653232TABLE3A11.xlsx)
2021,Maharashtra,Rape in Custody (Section 376(2)) - Rape in Custody (Total),custodial_total,0,NCRB CII 2021 Table 3A.11 (1679653232TABLE3A11.xlsx)
2021,Manipur,Rape in Custody (Section 376(2)) - Rape in Custody (Total),custodial_total,0,NCRB CII 2021 Table 3A.11 (1679653232TABLE3A11.xlsx)
2021,Meghalaya,Rape in Custody (Section 376(2)) - Rape in Custody (Total),custodial_total,0,NCRB CII 2021 Table 3A.11 (1679653232TABLE3A11.xlsx)
2021,Mizoram,Rape in Custody (Section 376(2)) - Rape in Custody (Total),custodial_total,1,NCRB CII 2021 Table 3A.11 (1679653232TABLE3A11.xlsx)
2021,Nagaland,Rape in Custody (Section 376(2)) - Rape in Custody (Total),custodial_total,0,NCRB CII 2021 Table 3A.11 (1679653232TABLE3A11.xlsx)
2021,Odisha,Rape in Custody (Section 376(2)) - Rape in Custody (Total),custodial_total,0,NCRB CII 2021 Table 3A.11 (1679653232TABLE3A11.xlsx)
2021,Punjab,Rape in Custody (Section 376(2)) - Rape in Custody (Total),custodial_total,1,NCRB CII 2021 Table 3A.11 (1679653232TABLE3A11.xlsx)
2021,Rajasthan,Rape in Custody (Section 376(2)) - Rape in Custody (Total),custodial_total,1,NCRB CII 2021 Table 3A.11 (1679653232TABLE3A11.xlsx)
2021,Sikkim,Rape in Custody (Section 376(2)) - Rape in Custody (Total),custodial_total,0,NCRB CII 2021 Table 3A.11 (1679653232TABLE3A11.xlsx)
2021,Tamil Nadu,Rape in Custody (Section 376(2)) - Rape in Custody (Total),custodial_total,0,NCRB CII 2021 Table 3A.11 (1679653232TABLE3A11.xlsx)
2021,Telangana,Rape in Custody (Section 376(2)) - Rape in Custody (Total),custodial_total,1,NCRB CII 2021 Table 3A.11 (1679653232TABLE3A11.xlsx)
2021,Tripura,Rape in Custody (Section 376(2)) - Rape in Custody (Total),custodial_total,0,NCRB CII 2021 Table 3A.11 (1679653232TABLE3A11.xlsx)
2021,Uttar Pradesh,Rape in Custody (Section 376(2)) - Rape in Custody (Total),custodial_total,12,NCRB CII 2021 Table 3A.11 (1679653232TABLE3A11.xlsx)
2021,Uttarakhand,Rape in Custody (Section 376(2)) - Rape in Custody (Total),custodial_total,0,NCRB CII 2021 Table 3A.11 (1679653232TABLE3A11.xlsx)
2021,West Bengal,Rape in Custody (Section 376(2)) - Rape in Custody (Total),custodial_total,0,NCRB CII 2021 Table 3A.11 (1679653232TABLE3A11.xlsx)
2021,Andaman & Nicobar Islands,Rape in Custody (Section 376(2)) - Rape in Custody (Total),custodial_total,0,NCRB CII 2021 Table 3A.11 (1679653232TABLE3A11.xlsx)
2021,Chandigarh,Rape in Custody (Section 376(2)) - Rape in Custody (Total),custodial_total,0,NCRB CII 2021 Table 3A.11 (1679653232TABLE3A11.xlsx)
2021,Dadra & Nagar Haveli and Daman & Diu,Rape in Custody (Section 376(2)) - Rape in Custody (Total),custodial_total,0,NCRB CII 2021 Table 3A.11 (1679653232TABLE3A11.xlsx)
2021,Delhi,Rape in Custody (Section 376(2)) - Rape in Custody (Total),custodial_total,0,NCRB CII 2021 Table 3A.11 (1679653232TABLE3A11.xlsx)
2021,Jammu & Kashmir,Rape in Custody (Section 376(2)) - Rape in Custody (Total),custodial_total,0,NCRB CII 2021 Table 3A.11 (1679653232TABLE3A11.xlsx)
2021,Ladakh,Rape in Custody (Section 376(2)) - Rape in Custody (Total),custodial_total,0,NCRB CII 2021 Table 3A.11 (1679653232TABLE3A11.xlsx)
2021,Lakshadweep,Rape in Custody (Section 376(2)) - Rape in Custody (Total),custodial_total,0,NCRB CII 2021 Table 3A.11 (1679653232TABLE3A11.xlsx)
2021,Puducherry,Rape in Custody (Section 376(2)) - Rape in Custody (Total),custodial_total,0,NCRB CII 2021 Table 3A.11 (1679653232TABLE3A11.xlsx)
2021,All India,Rape in Custody (Section 376(2)) - Rape in Custody (Total),custodial_total,26,NCRB CII 2021 Table 3A.11 (1679653232TABLE3A11.xlsx)
2021,Andhra Pradesh,Rape in Custody (Section 376(2)) - By Police Personnel (Sec.376(2) (a),police_personnel,0,NCRB CII 2021 Table 3A.11 (1679653232TABLE3A11.xlsx)
2021,Arunachal Pradesh,Rape in Custody (Section 376(2)) - By Police Personnel (Sec.376(2) (a),police_personnel,0,NCRB CII 2021 Table 3A.11 (1679653232TABLE3A11.xlsx)
2021,Assam,Rape in Custody (Section 376(2)) - By Police Personnel (Sec.376(2) (a),police_personnel,0,NCRB CII 2021 Table 3A.11 (1679653232TABLE3A11.xlsx)
2021,Bihar,Rape in Custody (Section 376(2)) - By Police Personnel (Sec.376(2) (a),police_personnel,0,NCRB CII 2021 Table 3A.11 (1679653232TABLE3A11.xlsx)
2021,Chhattisgarh,Rape in Custody (Section 376(2)) - By Police Personnel (Sec.376(2) (a),police_personnel,1,NCRB CII 2021 Table 3A.11 (1679653232TABLE3A11.xlsx)
2021,Goa,Rape in Custody (Section 376(2)) - By Police Personnel (Sec.376(2) (a),police_personnel,0,NCRB CII 2021 Table 3A.11 (1679653232TABLE3A11.xlsx)
2021,Gujarat,Rape in Custody (Section 376(2)) - By Police Personnel (Sec.376(2) (a),police_personnel,0,NCRB CII 2021 Table 3A.11 (1679653232TABLE3A11.xlsx)
2021,Haryana,Rape in Custody (Section 376(2)) - By Police Personnel (Sec.376(2) (a),police_personnel,0,NCRB CII 2021 Table 3A.11 (1679653232TABLE3A11.xlsx)
2021,Himachal Pradesh,Rape in Custody (Section 376(2)) - By Police Personnel (Sec.376(2) (a),police_personnel,0,NCRB CII 2021 Table 3A.11 (1679653232TABLE3A11.xlsx)
2021,Jharkhand,Rape in Custody (Section 376(2)) - By Police Personnel (Sec.376(2) (a),police_personnel,0,NCRB CII 2021 Table 3A.11 (1679653232TABLE3A11.xlsx)
2021,Karnataka,Rape in Custody (Section 376(2)) - By Police Personnel (Sec.376(2) (a),police_personnel,0,NCRB CII 2021 Table 3A.11 (1679653232TABLE3A11.xlsx)
2021,Kerala,Rape in Custody (Section 376(2)) - By Police Personnel (Sec.376(2) (a),police_personnel,0,NCRB CII 2021 Table 3A.11 (1679653232TABLE3A11.xlsx)
2021,Madhya Pradesh,Rape in Custody (Section 376(2)) - By Police Personnel (Sec.376(2) (a),police_personnel,0,NCRB CII 2021 Table 3A.11 (1679653232TABLE3A11.xlsx)
2021,Maharashtra,Rape in Custody (Section 376(2)) - By Police Personnel (Sec.376(2) (a),police_personnel,0,NCRB CII 2021 Table 3A.11 (1679653232TABLE3A11.xlsx)
2021,Manipur,Rape in Custody (Section 376(2)) - By Police Personnel (Sec.376(2) (a),police_personnel,0,NCRB CII 2021 Table 3A.11 (1679653232TABLE3A11.xlsx)
2021,Meghalaya,Rape in Custody (Section 376(2)) - By Police Personnel (Sec.376(2) (a),police_personnel,0,NCRB CII 2021 Table 3A.11 (1679653232TABLE3A11.xlsx)
2021,Mizoram,Rape in Custody (Section 376(2)) - By Police Personnel (Sec.376(2) (a),police_personnel,1,NCRB CII 2021 Table 3A.11 (1679653232TABLE3A11.xlsx)
2021,Nagaland,Rape in Custody (Section 376(2)) - By Police Personnel (Sec.376(2) (a),police_personnel,0,NCRB CII 2021 Table 3A.11 (1679653232TABLE3A11.xlsx)
2021,Odisha,Rape in Custody (Section 376(2)) - By Police Personnel (Sec.376(2) (a),police_personnel,0,NCRB CII 2021 Table 3A.11 (1679653232TABLE3A11.xlsx)
2021,Punjab,Rape in Custody (Section 376(2)) - By Police Personnel (Sec.376(2) (a),police_personnel,0,NCRB CII 2021 Table 3A.11 (1679653232TABLE3A11.xlsx)
2021,Rajasthan,Rape in Custody (Section 376(2)) - By Police Personnel (Sec.376(2) (a),police_personnel,1,NCRB CII 2021 Table 3A.11 (1679653232TABLE3A11.xlsx)
2021,Sikkim,Rape in Custody (Section 376(2)) - By Police Personnel (Sec.376(2) (a),police_personnel,0,NCRB CII 2021 Table 3A.11 (1679653232TABLE3A11.xlsx)
2021,Tamil Nadu,Rape in Custody (Section 376(2)) - By Police Personnel (Sec.376(2) (a),police_personnel,0,NCRB CII 2021 Table 3A.11 (1679653232TABLE3A11.xlsx)
2021,Telangana,Rape in Custody (Section 376(2)) - By Police Personnel (Sec.376(2) (a),police_personnel,0,NCRB CII 2021 Table 3A.11 (1679653232TABLE3A11.xlsx)
2021,Tripura,Rape in Custody (Section 376(2)) - By Police Personnel (Sec.376(2) (a),police_personnel,0,NCRB CII 2021 Table 3A.11 (1679653232TABLE3A11.xlsx)
2021,Uttar Pradesh,Rape in Custody (Section 376(2)) - By Police Personnel (Sec.376(2) (a),police_personnel,0,NCRB CII 2021 Table 3A.11 (1679653232TABLE3A11.xlsx)
2021,Uttarakhand,Rape in Custody (Section 376(2)) - By Police Personnel (Sec.376(2) (a),police_personnel,0,NCRB CII 2021 Table 3A.11 (1679653232TABLE3A11.xlsx)
2021,West Bengal,Rape in Custody (Section 376(2)) - By Police Personnel (Sec.376(2) (a),police_personnel,0,NCRB CII 2021 Table 3A.11 (1679653232TABLE3A11.xlsx)
2021,Andaman & Nicobar Islands,Rape in Custody (Section 376(2)) - By Police Personnel (Sec.376(2) (a),police_personnel,0,NCRB CII 2021 Table 3A.11 (1679653232TABLE3A11.xlsx)
2021,Chandigarh,Rape in Custody (Section 376(2)) - By Police Personnel (Sec.376(2) (a),police_personnel,0,NCRB CII 2021 Table 3A.11 (1679653232TABLE3A11.xlsx)
2021,Dadra & Nagar Haveli and Daman & Diu,Rape in Custody (Section 376(2)) - By Police Personnel (Sec.376(2) (a),police_personnel,0,NCRB CII 2021 Table 3A.11 (1679653232TABLE3A11.xlsx)
2021,Delhi,Rape in Custody (Section 376(2)) - By Police Personnel (Sec.376(2) (a),police_personnel,0,NCRB CII 2021 Table 3A.11 (1679653232TABLE3A11.xlsx)
2021,Jammu & Kashmir,Rape in Custody (Section 376(2)) - By Police Personnel (Sec.376(2) (a),police_personnel,0,NCRB CII 2021 Table 3A.11 (1679653232TABLE3A11.xlsx)
2021,Ladakh,Rape in Custody (Section 376(2)) - By Police Personnel (Sec.376(2) (a),police_personnel,0,NCRB CII 2021 Table 3A.11 (1679653232TABLE3A11.xlsx)
2021,Lakshadweep,Rape in Custody (Section 376(2)) - By Police Personnel (Sec.376(2) (a),police_personnel,0,NCRB CII 2021 Table 3A.11 (1679653232TABLE3A11.xlsx)
2021,Puducherry,Rape in Custody (Section 376(2)) - By Police Personnel (Sec.376(2) (a),police_personnel,0,NCRB CII 2021 Table 3A.11 (1679653232TABLE3A11.xlsx)
2021,All India,Rape in Custody (Section 376(2)) - By Police Personnel (Sec.376(2) (a),police_personnel,3,NCRB CII 2021 Table 3A.11 (1679653232TABLE3A11.xlsx)
2021,Andhra Pradesh,Rape in Custody (Section 376(2)) - By Public Servant (Sec.376(2) (b),public_servant,0,NCRB CII 2021 Table 3A.11 (1679653232TABLE3A11.xlsx)
2021,Arunachal Pradesh,Rape in Custody (Section 376(2)) - By Public Servant (Sec.376(2) (b),public_servant,0,NCRB CII 2021 Table 3A.11 (1679653232TABLE3A11.xlsx)
2021,Assam,Rape in Custody (Section 376(2)) - By Public Servant (Sec.376(2) (b),public_servant,1,NCRB CII 2021 Table 3A.11 (1679653232TABLE3A11.xlsx)
2021,Bihar,Rape in Custody (Section 376(2)) - By Public Servant (Sec.376(2) (b),public_servant,0,NCRB CII 2021 Table 3A.11 (1679653232TABLE3A11.xlsx)
2021,Chhattisgarh,Rape in Custody (Section 376(2)) - By Public Servant (Sec.376(2) (b),public_servant,0,NCRB CII 2021 Table 3A.11 (1679653232TABLE3A11.xlsx)
2021,Goa,Rape in Custody (Section 376(2)) - By Public Servant (Sec.376(2) (b),public_servant,0,NCRB CII 2021 Table 3A.11 (1679653232TABLE3A11.xlsx)
2021,Gujarat,Rape in Custody (Section 376(2)) - By Public Servant (Sec.376(2) (b),public_servant,0,NCRB CII 2021 Table 3A.11 (1679653232TABLE3A11.xlsx)
2021,Haryana,Rape in Custody (Section 376(2)) - By Public Servant (Sec.376(2) (b),public_servant,0,NCRB CII 2021 Table 3A.11 (1679653232TABLE3A11.xlsx)
2021,Himachal Pradesh,Rape in Custody (Section 376(2)) - By Public Servant (Sec.376(2) (b),public_servant,0,NCRB CII 2021 Table 3A.11 (1679653232TABLE3A11.xlsx)
2021,Jharkhand,Rape in Custody (Section 376(2)) - By Public Servant (Sec.376(2) (b),public_servant,0,NCRB CII 2021 Table 3A.11 (1679653232TABLE3A11.xlsx)
2021,Karnataka,Rape in Custody (Section 376(2)) - By Public Servant (Sec.376(2) (b),public_servant,0,NCRB CII 2021 Table 3A.11 (1679653232TABLE3A11.xlsx)
2021,Kerala,Rape in Custody (Section 376(2)) - By Public Servant (Sec.376(2) (b),public_servant,1,NCRB CII 2021 Table 3A.11 (1679653232TABLE3A11.xlsx)
2021,Madhya Pradesh,Rape in Custody (Section 376(2)) - By Public Servant (Sec.376(2) (b),public_servant,0,NCRB CII 2021 Table 3A.11 (1679653232TABLE3A11.xlsx)
2021,Maharashtra,Rape in Custody (Section 376(2)) - By Public Servant (Sec.376(2) (b),public_servant,0,NCRB CII 2021 Table 3A.11 (1679653232TABLE3A11.xlsx)
2021,Manipur,Rape in Custody (Section 376(2)) - By Public Servant (Sec.376(2) (b),public_servant,0,NCRB CII 2021 Table 3A.11 (1679653232TABLE3A11.xlsx)
2021,Meghalaya,Rape in Custody (Section 376(2)) - By Public Servant (Sec.376(2) (b),public_servant,0,NCRB CII 2021 Table 3A.11 (1679653232TABLE3A11.xlsx)
2021,Mizoram,Rape in Custody (Section 376(2)) - By Public Servant (Sec.376(2) (b),public_servant,0,NCRB CII 2021 Table 3A.11 (1679653232TABLE3A11.xlsx)
2021,Nagaland,Rape in Custody (Section 376(2)) - By Public Servant (Sec.376(2) (b),public_servant,0,NCRB CII 2021 Table 3A.11 (1679653232TABLE3A11.xlsx)
2021,Odisha,Rape in Custody (Section 376(2)) - By Public Servant (Sec.376(2) (b),public_servant,0,NCRB CII 2021 Table 3A.11 (1679653232TABLE3A11.xlsx)
2021,Punjab,Rape in Custody (Section 376(2)) - By Public Servant (Sec.376(2) (b),public_servant,0,NCRB CII 2021 Table 3A.11 (1679653232TABLE3A11.xlsx)
2021,Rajasthan,Rape in Custody (Section 376(2)) - By Public Servant (Sec.376(2) (b),public_servant,0,NCRB CII 2021 Table 3A.11 (1679653232TABLE3A11.xlsx)
2021,Sikkim,Rape in Custody (Section 376(2)) - By Public Servant (Sec.376(2) (b),public_servant,0,NCRB CII 2021 Table 3A.11 (1679653232TABLE3A11.xlsx)
2021,Tamil Nadu,Rape in Custody (Section 376(2)) - By Public Servant (Sec.376(2) (b),public_servant,0,NCRB CII 2021 Table 3A.11 (1679653232TABLE3A11.xlsx)
2021,Telangana,Rape in Custody (Section 376(2)) - By Public Servant (Sec.376(2) (b),public_servant,0,NCRB CII 2021 Table 3A.11 (1679653232TABLE3A11.xlsx)
2021,Tripura,Rape in Custody (Section 376(2)) - By Public Servant (Sec.376(2) (b),public_servant,0,NCRB CII 2021 Table 3A.11 (1679653232TABLE3A11.xlsx)
2021,Uttar Pradesh,Rape in Custody (Section 376(2)) - By Public Servant (Sec.376(2) (b),public_servant,9,NCRB CII 2021 Table 3A.11 (1679653232TABLE3A11.xlsx)
2021,Uttarakhand,Rape in Custody (Section 376(2)) - By Public Servant (Sec.376(2) (b),public_servant,0,NCRB CII 2021 Table 3A.11 (1679653232TABLE3A11.xlsx)
2021,West Bengal,Rape in Custody (Section 376(2)) - By Public Servant (Sec.376(2) (b),public_servant,0,NCRB CII 2021 Table 3A.11 (1679653232TABLE3A11.xlsx)
2021,Andaman & Nicobar Islands,Rape in Custody (Section 376(2)) - By Public Servant (Sec.376(2) (b),public_servant,0,NCRB CII 2021 Table 3A.11 (1679653232TABLE3A11.xlsx)
2021,Chandigarh,Rape in Custody (Section 376(2)) - By Public Servant (Sec.376(2) (b),public_servant,0,NCRB CII 2021 Table 3A.11 (1679653232TABLE3A11.xlsx)
2021,Dadra & Nagar Haveli and Daman & Diu,Rape in Custody (Section 376(2)) - By Public Servant (Sec.376(2) (b),public_servant,0,NCRB CII 2021 Table 3A.11 (1679653232TABLE3A11.xlsx)
2021,Delhi,Rape in Custody (Section 376(2)) - By Public Servant (Sec.376(2) (b),public_servant,0,NCRB CII 2021 Table 3A.11 (1679653232TABLE3A11.xlsx)
2021,Jammu & Kashmir,Rape in Custody (Section 376(2)) - By Public Servant (Sec.376(2) (b),public_servant,0,NCRB CII 2021 Table 3A.11 (1679653232TABLE3A11.xlsx)
2021,Ladakh,Rape in Custody (Section 376(2)) - By Public Servant (Sec.376(2) (b),public_servant,0,NCRB CII 2021 Table 3A.11 (1679653232TABLE3A11.xlsx)
2021,Lakshadweep,Rape in Custody (Section 376(2)) - By Public Servant (Sec.376(2) (b),public_servant,0,NCRB CII 2021 Table 3A.11 (1679653232TABLE3A11.xlsx)
2021,Puducherry,Rape in Custody (Section 376(2)) - By Public Servant (Sec.376(2) (b),public_servant,0,NCRB CII 2021 Table 3A.11 (1679653232TABLE3A11.xlsx)
2021,All India,Rape in Custody (Section 376(2)) - By Public Servant (Sec.376(2) (b),public_servant,11,NCRB CII 2021 Table 3A.11 (1679653232TABLE3A11.xlsx)
2021,Andhra Pradesh,Rape in Custody (Section 376(2)) - By Member of Armed Forces (Sec.376(2) (c),armed_forces,0,NCRB CII 2021 Table 3A.11 (1679653232TABLE3A11.xlsx)
2021,Arunachal Pradesh,Rape in Custody (Section 376(2)) - By Member of Armed Forces (Sec.376(2) (c),armed_forces,0,NCRB CII 2021 Table 3A.11 (1679653232TABLE3A11.xlsx)
2021,Assam,Rape in Custody (Section 376(2)) - By Member of Armed Forces (Sec.376(2) (c),armed_forces,0,NCRB CII 2021 Table 3A.11 (1679653232TABLE3A11.xlsx)
2021,Bihar,Rape in Custody (Section 376(2)) - By Member of Armed Forces (Sec.376(2) (c),armed_forces,0,NCRB CII 2021 Table 3A.11 (1679653232TABLE3A11.xlsx)
2021,Chhattisgarh,Rape in Custody (Section 376(2)) - By Member of Armed Forces (Sec.376(2) (c),armed_forces,1,NCRB CII 2021 Table 3A.11 (1679653232TABLE3A11.xlsx)
2021,Goa,Rape in Custody (Section 376(2)) - By Member of Armed Forces (Sec.376(2) (c),armed_forces,0,NCRB CII 2021 Table 3A.11 (1679653232TABLE3A11.xlsx)
2021,Gujarat,Rape in Custody (Section 376(2)) - By Member of Armed Forces (Sec.376(2) (c),armed_forces,0,NCRB CII 2021 Table 3A.11 (1679653232TABLE3A11.xlsx)
2021,Haryana,Rape in Custody (Section 376(2)) - By Member of Armed Forces (Sec.376(2) (c),armed_forces,0,NCRB CII 2021 Table 3A.11 (1679653232TABLE3A11.xlsx)
2021,Himachal Pradesh,Rape in Custody (Section 376(2)) - By Member of Armed Forces (Sec.376(2) (c),armed_forces,0,NCRB CII 2021 Table 3A.11 (1679653232TABLE3A11.xlsx)
2021,Jharkhand,Rape in Custody (Section 376(2)) - By Member of Armed Forces (Sec.376(2) (c),armed_forces,0,NCRB CII 2021 Table 3A.11 (1679653232TABLE3A11.xlsx)
2021,Karnataka,Rape in Custody (Section 376(2)) - By Member of Armed Forces (Sec.376(2) (c),armed_forces,0,NCRB CII 2021 Table 3A.11 (1679653232TABLE3A11.xlsx)
2021,Kerala,Rape in Custody (Section 376(2)) - By Member of Armed Forces (Sec.376(2) (c),armed_forces,0,NCRB CII 2021 Table 3A.11 (1679653232TABLE3A11.xlsx)
2021,Madhya Pradesh,Rape in Custody (Section 376(2)) - By Member of Armed Forces (Sec.376(2) (c),armed_forces,0,NCRB CII 2021 Table 3A.11 (1679653232TABLE3A11.xlsx)
2021,Maharashtra,Rape in Custody (Section 376(2)) - By Member of Armed Forces (Sec.376(2) (c),armed_forces,0,NCRB CII 2021 Table 3A.11 (1679653232TABLE3A11.xlsx)
2021,Manipur,Rape in Custody (Section 376(2)) - By Member of Armed Forces (Sec.376(2) (c),armed_forces,0,NCRB CII 2021 Table 3A.11 (1679653232TABLE3A11.xlsx)
2021,Meghalaya,Rape in Custody (Section 376(2)) - By Member of Armed Forces (Sec.376(2) (c),armed_forces,0,NCRB CII 2021 Table 3A.11 (1679653232TABLE3A11.xlsx)
2021,Mizoram,Rape in Custody (Section 376(2)) - By Member of Armed Forces (Sec.376(2) (c),armed_forces,0,NCRB CII 2021 Table 3A.11 (1679653232TABLE3A11.xlsx)
2021,Nagaland,Rape in Custody (Section 376(2)) - By Member of Armed Forces (Sec.376(2) (c),armed_forces,0,NCRB CII 2021 Table 3A.11 (1679653232TABLE3A11.xlsx)
2021,Odisha,Rape in Custody (Section 376(2)) - By Member of Armed Forces (Sec.376(2) (c),armed_forces,0,NCRB CII 2021 Table 3A.11 (1679653232TABLE3A11.xlsx)
2021,Punjab,Rape in Custody (Section 376(2)) - By Member of Armed Forces (Sec.376(2) (c),armed_forces,0,NCRB CII 2021 Table 3A.11 (1679653232TABLE3A11.xlsx)
2021,Rajasthan,Rape in Custody (Section 376(2)) - By Member of Armed Forces (Sec.376(2) (c),armed_forces,0,NCRB CII 2021 Table 3A.11 (1679653232TABLE3A11.xlsx)
2021,Sikkim,Rape in Custody (Section 376(2)) - By Member of Armed Forces (Sec.376(2) (c),armed_forces,0,NCRB CII 2021 Table 3A.11 (1679653232TABLE3A11.xlsx)
2021,Tamil Nadu,Rape in Custody (Section 376(2)) - By Member of Armed Forces (Sec.376(2) (c),armed_forces,0,NCRB CII 2021 Table 3A.11 (1679653232TABLE3A11.xlsx)
2021,Telangana,Rape in Custody (Section 376(2)) - By Member of Armed Forces (Sec.376(2) (c),armed_forces,0,NCRB CII 2021 Table 3A.11 (1679653232TABLE3A11.xlsx)
2021,Tripura,Rape in Custody (Section 376(2)) - By Member of Armed Forces (Sec.376(2) (c),armed_forces,0,NCRB CII 2021 Table 3A.11 (1679653232TABLE3A11.xlsx)
2021,Uttar Pradesh,Rape in Custody (Section 376(2)) - By Member of Armed Forces (Sec.376(2) (c),armed_forces,0,NCRB CII 2021 Table 3A.11 (1679653232TABLE3A11.xlsx)
2021,Uttarakhand,Rape in Custody (Section 376(2)) - By Member of Armed Forces (Sec.376(2) (c),armed_forces,0,NCRB CII 2021 Table 3A.11 (1679653232TABLE3A11.xlsx)
2021,West Bengal,Rape in Custody (Section 376(2)) - By Member of Armed Forces (Sec.376(2) (c),armed_forces,0,NCRB CII 2021 Table 3A.11 (1679653232TABLE3A11.xlsx)
2021,Andaman & Nicobar Islands,Rape in Custody (Section 376(2)) - By Member of Armed Forces (Sec.376(2) (c),armed_forces,0,NCRB CII 2021 Table 3A.11 (1679653232TABLE3A11.xlsx)
2021,Chandigarh,Rape in Custody (Section 376(2)) - By Member of Armed Forces (Sec.376(2) (c),armed_forces,0,NCRB CII 2021 Table 3A.11 (1679653232TABLE3A11.xlsx)
2021,Dadra & Nagar Haveli and Daman & Diu,Rape in Custody (Section 376(2)) - By Member of Armed Forces (Sec.376(2) (c),armed_forces,0,NCRB CII 2021 Table 3A.11 (1679653232TABLE3A11.xlsx)
2021,Delhi,Rape in Custody (Section 376(2)) - By Member of Armed Forces (Sec.376(2) (c),armed_forces,0,NCRB CII 2021 Table 3A.11 (1679653232TABLE3A11.xlsx)
2021,Jammu & Kashmir,Rape in Custody (Section 376(2)) - By Member of Armed Forces (Sec.376(2) (c),armed_forces,0,NCRB CII 2021 Table 3A.11 (1679653232TABLE3A11.xlsx)
2021,Ladakh,Rape in Custody (Section 376(2)) - By Member of Armed Forces (Sec.376(2) (c),armed_forces,0,NCRB CII 2021 Table 3A.11 (1679653232TABLE3A11.xlsx)
2021,Lakshadweep,Rape in Custody (Section 376(2)) - By Member of Armed Forces (Sec.376(2) (c),armed_forces,0,NCRB CII 2021 Table 3A.11 (1679653232TABLE3A11.xlsx)
2021,Puducherry,Rape in Custody (Section 376(2)) - By Member of Armed Forces (Sec.376(2) (c),armed_forces,0,NCRB CII 2021 Table 3A.11 (1679653232TABLE3A11.xlsx)
2021,All India,Rape in Custody (Section 376(2)) - By Member of Armed Forces (Sec.376(2) (c),armed_forces,1,NCRB CII 2021 Table 3A.11 (1679653232TABLE3A11.xlsx)
2021,Andhra Pradesh,Rape in Custody (Section 376(2)) - By Management/Staff of Jail/Remand Home/Place of Custody (Sec.376(2)(d),jail_remand_home_place_of_custody,0,NCRB CII 2021 Table 3A.11 (1679653232TABLE3A11.xlsx)
2021,Arunachal Pradesh,Rape in Custody (Section 376(2)) - By Management/Staff of Jail/Remand Home/Place of Custody (Sec.376(2)(d),jail_remand_home_place_of_custody,0,NCRB CII 2021 Table 3A.11 (1679653232TABLE3A11.xlsx)
2021,Assam,Rape in Custody (Section 376(2)) - By Management/Staff of Jail/Remand Home/Place of Custody (Sec.376(2)(d),jail_remand_home_place_of_custody,0,NCRB CII 2021 Table 3A.11 (1679653232TABLE3A11.xlsx)
2021,Bihar,Rape in Custody (Section 376(2)) - By Management/Staff of Jail/Remand Home/Place of Custody (Sec.376(2)(d),jail_remand_home_place_of_custody,0,NCRB CII 2021 Table 3A.11 (1679653232TABLE3A11.xlsx)
2021,Chhattisgarh,Rape in Custody (Section 376(2)) - By Management/Staff of Jail/Remand Home/Place of Custody (Sec.376(2)(d),jail_remand_home_place_of_custody,1,NCRB CII 2021 Table 3A.11 (1679653232TABLE3A11.xlsx)
2021,Goa,Rape in Custody (Section 376(2)) - By Management/Staff of Jail/Remand Home/Place of Custody (Sec.376(2)(d),jail_remand_home_place_of_custody,0,NCRB CII 2021 Table 3A.11 (1679653232TABLE3A11.xlsx)
2021,Gujarat,Rape in Custody (Section 376(2)) - By Management/Staff of Jail/Remand Home/Place of Custody (Sec.376(2)(d),jail_remand_home_place_of_custody,0,NCRB CII 2021 Table 3A.11 (1679653232TABLE3A11.xlsx)
2021,Haryana,Rape in Custody (Section 376(2)) - By Management/Staff of Jail/Remand Home/Place of Custody (Sec.376(2)(d),jail_remand_home_place_of_custody,0,NCRB CII 2021 Table 3A.11 (1679653232TABLE3A11.xlsx)
2021,Himachal Pradesh,Rape in Custody (Section 376(2)) - By Management/Staff of Jail/Remand Home/Place of Custody (Sec.376(2)(d),jail_remand_home_place_of_custody,0,NCRB CII 2021 Table 3A.11 (1679653232TABLE3A11.xlsx)
2021,Jharkhand,Rape in Custody (Section 376(2)) - By Management/Staff of Jail/Remand Home/Place of Custody (Sec.376(2)(d),jail_remand_home_place_of_custody,0,NCRB CII 2021 Table 3A.11 (1679653232TABLE3A11.xlsx)
2021,Karnataka,Rape in Custody (Section 376(2)) - By Management/Staff of Jail/Remand Home/Place of Custody (Sec.376(2)(d),jail_remand_home_place_of_custody,0,NCRB CII 2021 Table 3A.11 (1679653232TABLE3A11.xlsx)
2021,Kerala,Rape in Custody (Section 376(2)) - By Management/Staff of Jail/Remand Home/Place of Custody (Sec.376(2)(d),jail_remand_home_place_of_custody,0,NCRB CII 2021 Table 3A.11 (1679653232TABLE3A11.xlsx)
2021,Madhya Pradesh,Rape in Custody (Section 376(2)) - By Management/Staff of Jail/Remand Home/Place of Custody (Sec.376(2)(d),jail_remand_home_place_of_custody,0,NCRB CII 2021 Table 3A.11 (1679653232TABLE3A11.xlsx)
2021,Maharashtra,Rape in Custody (Section 376(2)) - By Management/Staff of Jail/Remand Home/Place of Custody (Sec.376(2)(d),jail_remand_home_place_of_custody,0,NCRB CII 2021 Table 3A.11 (1679653232TABLE3A11.xlsx)
2021,Manipur,Rape in Custody (Section 376(2)) - By Management/Staff of Jail/Remand Home/Place of Custody (Sec.376(2)(d),jail_remand_home_place_of_custody,0,NCRB CII 2021 Table 3A.11 (1679653232TABLE3A11.xlsx)
2021,Meghalaya,Rape in Custody (Section 376(2)) - By Management/Staff of Jail/Remand Home/Place of Custody (Sec.376(2)(d),jail_remand_home_place_of_custody,0,NCRB CII 2021 Table 3A.11 (1679653232TABLE3A11.xlsx)
2021,Mizoram,Rape in Custody (Section 376(2)) - By Management/Staff of Jail/Remand Home/Place of Custody (Sec.376(2)(d),jail_remand_home_place_of_custody,0,NCRB CII 2021 Table 3A.11 (1679653232TABLE3A11.xlsx)
2021,Nagaland,Rape in Custody (Section 376(2)) - By Management/Staff of Jail/Remand Home/Place of Custody (Sec.376(2)(d),jail_remand_home_place_of_custody,0,NCRB CII 2021 Table 3A.11 (1679653232TABLE3A11.xlsx)
2021,Odisha,Rape in Custody (Section 376(2)) - By Management/Staff of Jail/Remand Home/Place of Custody (Sec.376(2)(d),jail_remand_home_place_of_custody,0,NCRB CII 2021 Table 3A.11 (1679653232TABLE3A11.xlsx)
2021,Punjab,Rape in Custody (Section 376(2)) - By Management/Staff of Jail/Remand Home/Place of Custody (Sec.376(2)(d),jail_remand_home_place_of_custody,1,NCRB CII 2021 Table 3A.11 (1679653232TABLE3A11.xlsx)
2021,Rajasthan,Rape in Custody (Section 376(2)) - By Management/Staff of Jail/Remand Home/Place of Custody (Sec.376(2)(d),jail_remand_home_place_of_custody,0,NCRB CII 2021 Table 3A.11 (1679653232TABLE3A11.xlsx)
2021,Sikkim,Rape in Custody (Section 376(2)) - By Management/Staff of Jail/Remand Home/Place of Custody (Sec.376(2)(d),jail_remand_home_place_of_custody,0,NCRB CII 2021 Table 3A.11 (1679653232TABLE3A11.xlsx)
2021,Tamil Nadu,Rape in Custody (Section 376(2)) - By Management/Staff of Jail/Remand Home/Place of Custody (Sec.376(2)(d),jail_remand_home_place_of_custody,0,NCRB CII 2021 Table 3A.11 (1679653232TABLE3A11.xlsx)
2021,Telangana,Rape in Custody (Section 376(2)) - By Management/Staff of Jail/Remand Home/Place of Custody (Sec.376(2)(d),jail_remand_home_place_of_custody,0,NCRB CII 2021 Table 3A.11 (1679653232TABLE3A11.xlsx)
2021,Tripura,Rape in Custody (Section 376(2)) - By Management/Staff of Jail/Remand Home/Place of Custody (Sec.376(2)(d),jail_remand_home_place_of_custody,0,NCRB CII 2021 Table 3A.11 (1679653232TABLE3A11.xlsx)
2021,Uttar Pradesh,Rape in Custody (Section 376(2)) - By Management/Staff of Jail/Remand Home/Place of Custody (Sec.376(2)(d),jail_remand_home_place_of_custody,2,NCRB CII 2021 Table 3A.11 (1679653232TABLE3A11.xlsx)
2021,Uttarakhand,Rape in Custody (Section 376(2)) - By Management/Staff of Jail/Remand Home/Place of Custody (Sec.376(2)(d),jail_remand_home_place_of_custody,0,NCRB CII 2021 Table 3A.11 (1679653232TABLE3A11.xlsx)
2021,West Bengal,Rape in Custody (Section 376(2)) - By Management/Staff of Jail/Remand Home/Place of Custody (Sec.376(2)(d),jail_remand_home_place_of_custody,0,NCRB CII 2021 Table 3A.11 (1679653232TABLE3A11.xlsx)
2021,Andaman & Nicobar Islands,Rape in Custody (Section 376(2)) - By Management/Staff of Jail/Remand Home/Place of Custody (Sec.376(2)(d),jail_remand_home_place_of_custody,0,NCRB CII 2021 Table 3A.11 (1679653232TABLE3A11.xlsx)
2021,Chandigarh,Rape in Custody (Section 376(2)) - By Management/Staff of Jail/Remand Home/Place of Custody (Sec.376(2)(d),jail_remand_home_place_of_custody,0,NCRB CII 2021 Table 3A.11 (1679653232TABLE3A11.xlsx)
2021,Dadra & Nagar Haveli and Daman & Diu,Rape in Custody (Section 376(2)) - By Management/Staff of Jail/Remand Home/Place of Custody (Sec.376(2)(d),jail_remand_home_place_of_custody,0,NCRB CII 2021 Table 3A.11 (1679653232TABLE3A11.xlsx)
2021,Delhi,Rape in Custody (Section 376(2)) - By Management/Staff of Jail/Remand Home/Place of Custody (Sec.376(2)(d),jail_remand_home_place_of_custody,0,NCRB CII 2021 Table 3A.11 (1679653232TABLE3A11.xlsx)
2021,Jammu & Kashmir,Rape in Custody (Section 376(2)) - By Management/Staff of Jail/Remand Home/Place of Custody (Sec.376(2)(d),jail_remand_home_place_of_custody,0,NCRB CII 2021 Table 3A.11 (1679653232TABLE3A11.xlsx)
2021,Ladakh,Rape in Custody (Section 376(2)) - By Management/Staff of Jail/Remand Home/Place of Custody (Sec.376(2)(d),jail_remand_home_place_of_custody,0,NCRB CII 2021 Table 3A.11 (1679653232TABLE3A11.xlsx)
2021,Lakshadweep,Rape in Custody (Section 376(2)) - By Management/Staff of Jail/Remand Home/Place of Custody (Sec.376(2)(d),jail_remand_home_place_of_custody,0,NCRB CII 2021 Table 3A.11 (1679653232TABLE3A11.xlsx)
2021,Puducherry,Rape in Custody (Section 376(2)) - By Management/Staff of Jail/Remand Home/Place of Custody (Sec.376(2)(d),jail_remand_home_place_of_custody,0,NCRB CII 2021 Table 3A.11 (1679653232TABLE3A11.xlsx)
2021,All India,Rape in Custody (Section 376(2)) - By Management/Staff of Jail/Remand Home/Place of Custody (Sec.376(2)(d),jail_remand_home_place_of_custody,4,NCRB CII 2021 Table 3A.11 (1679653232TABLE3A11.xlsx)
2021,Andhra Pradesh,Rape in Custody (Section 376(2)) - By Management/ Staff of Hospital (Sec.376(2)e),hospital,0,NCRB CII 2021 Table 3A.11 (1679653232TABLE3A11.xlsx)
2021,Arunachal Pradesh,Rape in Custody (Section 376(2)) - By Management/ Staff of Hospital (Sec.376(2)e),hospital,0,NCRB CII 2021 Table 3A.11 (1679653232TABLE3A11.xlsx)
2021,Assam,Rape in Custody (Section 376(2)) - By Management/ Staff of Hospital (Sec.376(2)e),hospital,0,NCRB CII 2021 Table 3A.11 (1679653232TABLE3A11.xlsx)
2021,Bihar,Rape in Custody (Section 376(2)) - By Management/ Staff of Hospital (Sec.376(2)e),hospital,0,NCRB CII 2021 Table 3A.11 (1679653232TABLE3A11.xlsx)
2021,Chhattisgarh,Rape in Custody (Section 376(2)) - By Management/ Staff of Hospital (Sec.376(2)e),hospital,0,NCRB CII 2021 Table 3A.11 (1679653232TABLE3A11.xlsx)
2021,Goa,Rape in Custody (Section 376(2)) - By Management/ Staff of Hospital (Sec.376(2)e),hospital,0,NCRB CII 2021 Table 3A.11 (1679653232TABLE3A11.xlsx)
2021,Gujarat,Rape in Custody (Section 376(2)) - By Management/ Staff of Hospital (Sec.376(2)e),hospital,0,NCRB CII 2021 Table 3A.11 (1679653232TABLE3A11.xlsx)
2021,Haryana,Rape in Custody (Section 376(2)) - By Management/ Staff of Hospital (Sec.376(2)e),hospital,0,NCRB CII 2021 Table 3A.11 (1679653232TABLE3A11.xlsx)
2021,Himachal Pradesh,Rape in Custody (Section 376(2)) - By Management/ Staff of Hospital (Sec.376(2)e),hospital,1,NCRB CII 2021 Table 3A.11 (1679653232TABLE3A11.xlsx)
2021,Jharkhand,Rape in Custody (Section 376(2)) - By Management/ Staff of Hospital (Sec.376(2)e),hospital,0,NCRB CII 2021 Table 3A.11 (1679653232TABLE3A11.xlsx)
2021,Karnataka,Rape in Custody (Section 376(2)) - By Management/ Staff of Hospital (Sec.376(2)e),hospital,0,NCRB CII 2021 Table 3A.11 (1679653232TABLE3A11.xlsx)
2021,Kerala,Rape in Custody (Section 376(2)) - By Management/ Staff of Hospital (Sec.376(2)e),hospital,3,NCRB CII 2021 Table 3A.11 (1679653232TABLE3A11.xlsx)
2021,Madhya Pradesh,Rape in Custody (Section 376(2)) - By Management/ Staff of Hospital (Sec.376(2)e),hospital,1,NCRB CII 2021 Table 3A.11 (1679653232TABLE3A11.xlsx)
2021,Maharashtra,Rape in Custody (Section 376(2)) - By Management/ Staff of Hospital (Sec.376(2)e),hospital,0,NCRB CII 2021 Table 3A.11 (1679653232TABLE3A11.xlsx)
2021,Manipur,Rape in Custody (Section 376(2)) - By Management/ Staff of Hospital (Sec.376(2)e),hospital,0,NCRB CII 2021 Table 3A.11 (1679653232TABLE3A11.xlsx)
2021,Meghalaya,Rape in Custody (Section 376(2)) - By Management/ Staff of Hospital (Sec.376(2)e),hospital,0,NCRB CII 2021 Table 3A.11 (1679653232TABLE3A11.xlsx)
2021,Mizoram,Rape in Custody (Section 376(2)) - By Management/ Staff of Hospital (Sec.376(2)e),hospital,0,NCRB CII 2021 Table 3A.11 (1679653232TABLE3A11.xlsx)
2021,Nagaland,Rape in Custody (Section 376(2)) - By Management/ Staff of Hospital (Sec.376(2)e),hospital,0,NCRB CII 2021 Table 3A.11 (1679653232TABLE3A11.xlsx)
2021,Odisha,Rape in Custody (Section 376(2)) - By Management/ Staff of Hospital (Sec.376(2)e),hospital,0,NCRB CII 2021 Table 3A.11 (1679653232TABLE3A11.xlsx)
2021,Punjab,Rape in Custody (Section 376(2)) - By Management/ Staff of Hospital (Sec.376(2)e),hospital,0,NCRB CII 2021 Table 3A.11 (1679653232TABLE3A11.xlsx)
2021,Rajasthan,Rape in Custody (Section 376(2)) - By Management/ Staff of Hospital (Sec.376(2)e),hospital,0,NCRB CII 2021 Table 3A.11 (1679653232TABLE3A11.xlsx)
2021,Sikkim,Rape in Custody (Section 376(2)) - By Management/ Staff of Hospital (Sec.376(2)e),hospital,0,NCRB CII 2021 Table 3A.11 (1679653232TABLE3A11.xlsx)
2021,Tamil Nadu,Rape in Custody (Section 376(2)) - By Management/ Staff of Hospital (Sec.376(2)e),hospital,0,NCRB CII 2021 Table 3A.11 (1679653232TABLE3A11.xlsx)
2021,Telangana,Rape in Custody (Section 376(2)) - By Management/ Staff of Hospital (Sec.376(2)e),hospital,1,NCRB CII 2021 Table 3A.11 (1679653232TABLE3A11.xlsx)
2021,Tripura,Rape in Custody (Section 376(2)) - By Management/ Staff of Hospital (Sec.376(2)e),hospital,0,NCRB CII 2021 Table 3A.11 (1679653232TABLE3A11.xlsx)
2021,Uttar Pradesh,Rape in Custody (Section 376(2)) - By Management/ Staff of Hospital (Sec.376(2)e),hospital,1,NCRB CII 2021 Table 3A.11 (1679653232TABLE3A11.xlsx)
2021,Uttarakhand,Rape in Custody (Section 376(2)) - By Management/ Staff of Hospital (Sec.376(2)e),hospital,0,NCRB CII 2021 Table 3A.11 (1679653232TABLE3A11.xlsx)
2021,West Bengal,Rape in Custody (Section 376(2)) - By Management/ Staff of Hospital (Sec.376(2)e),hospital,0,NCRB CII 2021 Table 3A.11 (1679653232TABLE3A11.xlsx)
2021,Andaman & Nicobar Islands,Rape in Custody (Section 376(2)) - By Management/ Staff of Hospital (Sec.376(2)e),hospital,0,NCRB CII 2021 Table 3A.11 (1679653232TABLE3A11.xlsx)
2021,Chandigarh,Rape in Custody (Section 376(2)) - By Management/ Staff of Hospital (Sec.376(2)e),hospital,0,NCRB CII 2021 Table 3A.11 (1679653232TABLE3A11.xlsx)
2021,Dadra & Nagar Haveli and Daman & Diu,Rape in Custody (Section 376(2)) - By Management/ Staff of Hospital (Sec.376(2)e),hospital,0,NCRB CII 2021 Table 3A.11 (1679653232TABLE3A11.xlsx)
2021,Delhi,Rape in Custody (Section 376(2)) - By Management/ Staff of Hospital (Sec.376(2)e),hospital,0,NCRB CII 2021 Table 3A.11 (1679653232TABLE3A11.xlsx)
2021,Jammu & Kashmir,Rape in Custody (Section 376(2)) - By Management/ Staff of Hospital (Sec.376(2)e),hospital,0,NCRB CII 2021 Table 3A.11 (1679653232TABLE3A11.xlsx)
2021,Ladakh,Rape in Custody (Section 376(2)) - By Management/ Staff of Hospital (Sec.376(2)e),hospital,0,NCRB CII 2021 Table 3A.11 (1679653232TABLE3A11.xlsx)
2021,Lakshadweep,Rape in Custody (Section 376(2)) - By Management/ Staff of Hospital (Sec.376(2)e),hospital,0,NCRB CII 2021 Table 3A.11 (1679653232TABLE3A11.xlsx)
2021,Puducherry,Rape in Custody (Section 376(2)) - By Management/ Staff of Hospital (Sec.376(2)e),hospital,0,NCRB CII 2021 Table 3A.11 (1679653232TABLE3A11.xlsx)
2021,All India,Rape in Custody (Section 376(2)) - By Management/ Staff of Hospital (Sec.376(2)e),hospital,7,NCRB CII 2021 Table 3A.11 (1679653232TABLE3A11.xlsx)
2022,Andhra Pradesh,Rape in Custody (Section 376(2)) - Rape in Custody (Total),custodial_total,1,NCRB CII 2022 Table 3A.11 (1701935624TABLE3A11.xlsx)
2022,Arunachal Pradesh,Rape in Custody (Section 376(2)) - Rape in Custody (Total),custodial_total,0,NCRB CII 2022 Table 3A.11 (1701935624TABLE3A11.xlsx)
2022,Assam,Rape in Custody (Section 376(2)) - Rape in Custody (Total),custodial_total,0,NCRB CII 2022 Table 3A.11 (1701935624TABLE3A11.xlsx)
2022,Bihar,Rape in Custody (Section 376(2)) - Rape in Custody (Total),custodial_total,0,NCRB CII 2022 Table 3A.11 (1701935624TABLE3A11.xlsx)
2022,Chhattisgarh,Rape in Custody (Section 376(2)) - Rape in Custody (Total),custodial_total,2,NCRB CII 2022 Table 3A.11 (1701935624TABLE3A11.xlsx)
2022,Goa,Rape in Custody (Section 376(2)) - Rape in Custody (Total),custodial_total,0,NCRB CII 2022 Table 3A.11 (1701935624TABLE3A11.xlsx)
2022,Gujarat,Rape in Custody (Section 376(2)) - Rape in Custody (Total),custodial_total,0,NCRB CII 2022 Table 3A.11 (1701935624TABLE3A11.xlsx)
2022,Haryana,Rape in Custody (Section 376(2)) - Rape in Custody (Total),custodial_total,0,NCRB CII 2022 Table 3A.11 (1701935624TABLE3A11.xlsx)
2022,Himachal Pradesh,Rape in Custody (Section 376(2)) - Rape in Custody (Total),custodial_total,1,NCRB CII 2022 Table 3A.11 (1701935624TABLE3A11.xlsx)
2022,Jharkhand,Rape in Custody (Section 376(2)) - Rape in Custody (Total),custodial_total,0,NCRB CII 2022 Table 3A.11 (1701935624TABLE3A11.xlsx)
2022,Karnataka,Rape in Custody (Section 376(2)) - Rape in Custody (Total),custodial_total,1,NCRB CII 2022 Table 3A.11 (1701935624TABLE3A11.xlsx)
2022,Kerala,Rape in Custody (Section 376(2)) - Rape in Custody (Total),custodial_total,2,NCRB CII 2022 Table 3A.11 (1701935624TABLE3A11.xlsx)
2022,Madhya Pradesh,Rape in Custody (Section 376(2)) - Rape in Custody (Total),custodial_total,6,NCRB CII 2022 Table 3A.11 (1701935624TABLE3A11.xlsx)
2022,Maharashtra,Rape in Custody (Section 376(2)) - Rape in Custody (Total),custodial_total,0,NCRB CII 2022 Table 3A.11 (1701935624TABLE3A11.xlsx)
2022,Manipur,Rape in Custody (Section 376(2)) - Rape in Custody (Total),custodial_total,0,NCRB CII 2022 Table 3A.11 (1701935624TABLE3A11.xlsx)
2022,Meghalaya,Rape in Custody (Section 376(2)) - Rape in Custody (Total),custodial_total,0,NCRB CII 2022 Table 3A.11 (1701935624TABLE3A11.xlsx)
2022,Mizoram,Rape in Custody (Section 376(2)) - Rape in Custody (Total),custodial_total,0,NCRB CII 2022 Table 3A.11 (1701935624TABLE3A11.xlsx)
2022,Nagaland,Rape in Custody (Section 376(2)) - Rape in Custody (Total),custodial_total,1,NCRB CII 2022 Table 3A.11 (1701935624TABLE3A11.xlsx)
2022,Odisha,Rape in Custody (Section 376(2)) - Rape in Custody (Total),custodial_total,0,NCRB CII 2022 Table 3A.11 (1701935624TABLE3A11.xlsx)
2022,Punjab,Rape in Custody (Section 376(2)) - Rape in Custody (Total),custodial_total,1,NCRB CII 2022 Table 3A.11 (1701935624TABLE3A11.xlsx)
2022,Rajasthan,Rape in Custody (Section 376(2)) - Rape in Custody (Total),custodial_total,0,NCRB CII 2022 Table 3A.11 (1701935624TABLE3A11.xlsx)
2022,Sikkim,Rape in Custody (Section 376(2)) - Rape in Custody (Total),custodial_total,0,NCRB CII 2022 Table 3A.11 (1701935624TABLE3A11.xlsx)
2022,Tamil Nadu,Rape in Custody (Section 376(2)) - Rape in Custody (Total),custodial_total,0,NCRB CII 2022 Table 3A.11 (1701935624TABLE3A11.xlsx)
2022,Telangana,Rape in Custody (Section 376(2)) - Rape in Custody (Total),custodial_total,0,NCRB CII 2022 Table 3A.11 (1701935624TABLE3A11.xlsx)
2022,Tripura,Rape in Custody (Section 376(2)) - Rape in Custody (Total),custodial_total,0,NCRB CII 2022 Table 3A.11 (1701935624TABLE3A11.xlsx)
2022,Uttar Pradesh,Rape in Custody (Section 376(2)) - Rape in Custody (Total),custodial_total,9,NCRB CII 2022 Table 3A.11 (1701935624TABLE3A11.xlsx)
2022,Uttarakhand,Rape in Custody (Section 376(2)) - Rape in Custody (Total),custodial_total,0,NCRB CII 2022 Table 3A.11 (1701935624TABLE3A11.xlsx)
2022,West Bengal,Rape in Custody (Section 376(2)) - Rape in Custody (Total),custodial_total,0,NCRB CII 2022 Table 3A.11 (1701935624TABLE3A11.xlsx)
2022,Andaman & Nicobar Islands,Rape in Custody (Section 376(2)) - Rape in Custody (Total),custodial_total,0,NCRB CII 2022 Table 3A.11 (1701935624TABLE3A11.xlsx)
2022,Chandigarh,Rape in Custody (Section 376(2)) - Rape in Custody (Total),custodial_total,0,NCRB CII 2022 Table 3A.11 (1701935624TABLE3A11.xlsx)
2022,Dadra & Nagar Haveli and Daman & Diu,Rape in Custody (Section 376(2)) - Rape in Custody (Total),custodial_total,0,NCRB CII 2022 Table 3A.11 (1701935624TABLE3A11.xlsx)
2022,Delhi,Rape in Custody (Section 376(2)) - Rape in Custody (Total),custodial_total,0,NCRB CII 2022 Table 3A.11 (1701935624TABLE3A11.xlsx)
2022,Jammu & Kashmir,Rape in Custody (Section 376(2)) - Rape in Custody (Total),custodial_total,0,NCRB CII 2022 Table 3A.11 (1701935624TABLE3A11.xlsx)
2022,Ladakh,Rape in Custody (Section 376(2)) - Rape in Custody (Total),custodial_total,0,NCRB CII 2022 Table 3A.11 (1701935624TABLE3A11.xlsx)
2022,Lakshadweep,Rape in Custody (Section 376(2)) - Rape in Custody (Total),custodial_total,0,NCRB CII 2022 Table 3A.11 (1701935624TABLE3A11.xlsx)
2022,Puducherry,Rape in Custody (Section 376(2)) - Rape in Custody (Total),custodial_total,0,NCRB CII 2022 Table 3A.11 (1701935624TABLE3A11.xlsx)
2022,All India,Rape in Custody (Section 376(2)) - Rape in Custody (Total),custodial_total,24,NCRB CII 2022 Table 3A.11 (1701935624TABLE3A11.xlsx)
2022,Andhra Pradesh,Rape in Custody (Section 376(2)) - By Police Personnel (Sec.376(2) (a),police_personnel,1,NCRB CII 2022 Table 3A.11 (1701935624TABLE3A11.xlsx)
2022,Arunachal Pradesh,Rape in Custody (Section 376(2)) - By Police Personnel (Sec.376(2) (a),police_personnel,0,NCRB CII 2022 Table 3A.11 (1701935624TABLE3A11.xlsx)
2022,Assam,Rape in Custody (Section 376(2)) - By Police Personnel (Sec.376(2) (a),police_personnel,0,NCRB CII 2022 Table 3A.11 (1701935624TABLE3A11.xlsx)
2022,Bihar,Rape in Custody (Section 376(2)) - By Police Personnel (Sec.376(2) (a),police_personnel,0,NCRB CII 2022 Table 3A.11 (1701935624TABLE3A11.xlsx)
2022,Chhattisgarh,Rape in Custody (Section 376(2)) - By Police Personnel (Sec.376(2) (a),police_personnel,0,NCRB CII 2022 Table 3A.11 (1701935624TABLE3A11.xlsx)
2022,Goa,Rape in Custody (Section 376(2)) - By Police Personnel (Sec.376(2) (a),police_personnel,0,NCRB CII 2022 Table 3A.11 (1701935624TABLE3A11.xlsx)
2022,Gujarat,Rape in Custody (Section 376(2)) - By Police Personnel (Sec.376(2) (a),police_personnel,0,NCRB CII 2022 Table 3A.11 (1701935624TABLE3A11.xlsx)
2022,Haryana,Rape in Custody (Section 376(2)) - By Police Personnel (Sec.376(2) (a),police_personnel,0,NCRB CII 2022 Table 3A.11 (1701935624TABLE3A11.xlsx)
2022,Himachal Pradesh,Rape in Custody (Section 376(2)) - By Police Personnel (Sec.376(2) (a),police_personnel,0,NCRB CII 2022 Table 3A.11 (1701935624TABLE3A11.xlsx)
2022,Jharkhand,Rape in Custody (Section 376(2)) - By Police Personnel (Sec.376(2) (a),police_personnel,0,NCRB CII 2022 Table 3A.11 (1701935624TABLE3A11.xlsx)
2022,Karnataka,Rape in Custody (Section 376(2)) - By Police Personnel (Sec.376(2) (a),police_personnel,0,NCRB CII 2022 Table 3A.11 (1701935624TABLE3A11.xlsx)
2022,Kerala,Rape in Custody (Section 376(2)) - By Police Personnel (Sec.376(2) (a),police_personnel,1,NCRB CII 2022 Table 3A.11 (1701935624TABLE3A11.xlsx)
2022,Madhya Pradesh,Rape in Custody (Section 376(2)) - By Police Personnel (Sec.376(2) (a),police_personnel,2,NCRB CII 2022 Table 3A.11 (1701935624TABLE3A11.xlsx)
2022,Maharashtra,Rape in Custody (Section 376(2)) - By Police Personnel (Sec.376(2) (a),police_personnel,0,NCRB CII 2022 Table 3A.11 (1701935624TABLE3A11.xlsx)
2022,Manipur,Rape in Custody (Section 376(2)) - By Police Personnel (Sec.376(2) (a),police_personnel,0,NCRB CII 2022 Table 3A.11 (1701935624TABLE3A11.xlsx)
2022,Meghalaya,Rape in Custody (Section 376(2)) - By Police Personnel (Sec.376(2) (a),police_personnel,0,NCRB CII 2022 Table 3A.11 (1701935624TABLE3A11.xlsx)
2022,Mizoram,Rape in Custody (Section 376(2)) - By Police Personnel (Sec.376(2) (a),police_personnel,0,NCRB CII 2022 Table 3A.11 (1701935624TABLE3A11.xlsx)
2022,Nagaland,Rape in Custody (Section 376(2)) - By Police Personnel (Sec.376(2) (a),police_personnel,1,NCRB CII 2022 Table 3A.11 (1701935624TABLE3A11.xlsx)
2022,Odisha,Rape in Custody (Section 376(2)) - By Police Personnel (Sec.376(2) (a),police_personnel,0,NCRB CII 2022 Table 3A.11 (1701935624TABLE3A11.xlsx)
2022,Punjab,Rape in Custody (Section 376(2)) - By Police Personnel (Sec.376(2) (a),police_personnel,1,NCRB CII 2022 Table 3A.11 (1701935624TABLE3A11.xlsx)
2022,Rajasthan,Rape in Custody (Section 376(2)) - By Police Personnel (Sec.376(2) (a),police_personnel,0,NCRB CII 2022 Table 3A.11 (1701935624TABLE3A11.xlsx)
2022,Sikkim,Rape in Custody (Section 376(2)) - By Police Personnel (Sec.376(2) (a),police_personnel,0,NCRB CII 2022 Table 3A.11 (1701935624TABLE3A11.xlsx)
2022,Tamil Nadu,Rape in Custody (Section 376(2)) - By Police Personnel (Sec.376(2) (a),police_personnel,0,NCRB CII 2022 Table 3A.11 (1701935624TABLE3A11.xlsx)
2022,Telangana,Rape in Custody (Section 376(2)) - By Police Personnel (Sec.376(2) (a),police_personnel,0,NCRB CII 2022 Table 3A.11 (1701935624TABLE3A11.xlsx)
2022,Tripura,Rape in Custody (Section 376(2)) - By Police Personnel (Sec.376(2) (a),police_personnel,0,NCRB CII 2022 Table 3A.11 (1701935624TABLE3A11.xlsx)
2022,Uttar Pradesh,Rape in Custody (Section 376(2)) - By Police Personnel (Sec.376(2) (a),police_personnel,1,NCRB CII 2022 Table 3A.11 (1701935624TABLE3A11.xlsx)
2022,Uttarakhand,Rape in Custody (Section 376(2)) - By Police Personnel (Sec.376(2) (a),police_personnel,0,NCRB CII 2022 Table 3A.11 (1701935624TABLE3A11.xlsx)
2022,West Bengal,Rape in Custody (Section 376(2)) - By Police Personnel (Sec.376(2) (a),police_personnel,0,NCRB CII 2022 Table 3A.11 (1701935624TABLE3A11.xlsx)
2022,Andaman & Nicobar Islands,Rape in Custody (Section 376(2)) - By Police Personnel (Sec.376(2) (a),police_personnel,0,NCRB CII 2022 Table 3A.11 (1701935624TABLE3A11.xlsx)
2022,Chandigarh,Rape in Custody (Section 376(2)) - By Police Personnel (Sec.376(2) (a),police_personnel,0,NCRB CII 2022 Table 3A.11 (1701935624TABLE3A11.xlsx)
2022,Dadra & Nagar Haveli and Daman & Diu,Rape in Custody (Section 376(2)) - By Police Personnel (Sec.376(2) (a),police_personnel,0,NCRB CII 2022 Table 3A.11 (1701935624TABLE3A11.xlsx)
2022,Delhi,Rape in Custody (Section 376(2)) - By Police Personnel (Sec.376(2) (a),police_personnel,0,NCRB CII 2022 Table 3A.11 (1701935624TABLE3A11.xlsx)
2022,Jammu & Kashmir,Rape in Custody (Section 376(2)) - By Police Personnel (Sec.376(2) (a),police_personnel,0,NCRB CII 2022 Table 3A.11 (1701935624TABLE3A11.xlsx)
2022,Ladakh,Rape in Custody (Section 376(2)) - By Police Personnel (Sec.376(2) (a),police_personnel,0,NCRB CII 2022 Table 3A.11 (1701935624TABLE3A11.xlsx)
2022,Lakshadweep,Rape in Custody (Section 376(2)) - By Police Personnel (Sec.376(2) (a),police_personnel,0,NCRB CII 2022 Table 3A.11 (1701935624TABLE3A11.xlsx)
2022,Puducherry,Rape in Custody (Section 376(2)) - By Police Personnel (Sec.376(2) (a),police_personnel,0,NCRB CII 2022 Table 3A.11 (1701935624TABLE3A11.xlsx)
2022,All India,Rape in Custody (Section 376(2)) - By Police Personnel (Sec.376(2) (a),police_personnel,7,NCRB CII 2022 Table 3A.11 (1701935624TABLE3A11.xlsx)
2022,Andhra Pradesh,Rape in Custody (Section 376(2)) - By Public Servant (Sec.376(2) (b),public_servant,0,NCRB CII 2022 Table 3A.11 (1701935624TABLE3A11.xlsx)
2022,Arunachal Pradesh,Rape in Custody (Section 376(2)) - By Public Servant (Sec.376(2) (b),public_servant,0,NCRB CII 2022 Table 3A.11 (1701935624TABLE3A11.xlsx)
2022,Assam,Rape in Custody (Section 376(2)) - By Public Servant (Sec.376(2) (b),public_servant,0,NCRB CII 2022 Table 3A.11 (1701935624TABLE3A11.xlsx)
2022,Bihar,Rape in Custody (Section 376(2)) - By Public Servant (Sec.376(2) (b),public_servant,0,NCRB CII 2022 Table 3A.11 (1701935624TABLE3A11.xlsx)
2022,Chhattisgarh,Rape in Custody (Section 376(2)) - By Public Servant (Sec.376(2) (b),public_servant,1,NCRB CII 2022 Table 3A.11 (1701935624TABLE3A11.xlsx)
2022,Goa,Rape in Custody (Section 376(2)) - By Public Servant (Sec.376(2) (b),public_servant,0,NCRB CII 2022 Table 3A.11 (1701935624TABLE3A11.xlsx)
2022,Gujarat,Rape in Custody (Section 376(2)) - By Public Servant (Sec.376(2) (b),public_servant,0,NCRB CII 2022 Table 3A.11 (1701935624TABLE3A11.xlsx)
2022,Haryana,Rape in Custody (Section 376(2)) - By Public Servant (Sec.376(2) (b),public_servant,0,NCRB CII 2022 Table 3A.11 (1701935624TABLE3A11.xlsx)
2022,Himachal Pradesh,Rape in Custody (Section 376(2)) - By Public Servant (Sec.376(2) (b),public_servant,0,NCRB CII 2022 Table 3A.11 (1701935624TABLE3A11.xlsx)
2022,Jharkhand,Rape in Custody (Section 376(2)) - By Public Servant (Sec.376(2) (b),public_servant,0,NCRB CII 2022 Table 3A.11 (1701935624TABLE3A11.xlsx)
2022,Karnataka,Rape in Custody (Section 376(2)) - By Public Servant (Sec.376(2) (b),public_servant,0,NCRB CII 2022 Table 3A.11 (1701935624TABLE3A11.xlsx)
2022,Kerala,Rape in Custody (Section 376(2)) - By Public Servant (Sec.376(2) (b),public_servant,0,NCRB CII 2022 Table 3A.11 (1701935624TABLE3A11.xlsx)
2022,Madhya Pradesh,Rape in Custody (Section 376(2)) - By Public Servant (Sec.376(2) (b),public_servant,0,NCRB CII 2022 Table 3A.11 (1701935624TABLE3A11.xlsx)
2022,Maharashtra,Rape in Custody (Section 376(2)) - By Public Servant (Sec.376(2) (b),public_servant,0,NCRB CII 2022 Table 3A.11 (1701935624TABLE3A11.xlsx)
2022,Manipur,Rape in Custody (Section 376(2)) - By Public Servant (Sec.376(2) (b),public_servant,0,NCRB CII 2022 Table 3A.11 (1701935624TABLE3A11.xlsx)
2022,Meghalaya,Rape in Custody (Section 376(2)) - By Public Servant (Sec.376(2) (b),public_servant,0,NCRB CII 2022 Table 3A.11 (1701935624TABLE3A11.xlsx)
2022,Mizoram,Rape in Custody (Section 376(2)) - By Public Servant (Sec.376(2) (b),public_servant,0,NCRB CII 2022 Table 3A.11 (1701935624TABLE3A11.xlsx)
2022,Nagaland,Rape in Custody (Section 376(2)) - By Public Servant (Sec.376(2) (b),public_servant,0,NCRB CII 2022 Table 3A.11 (1701935624TABLE3A11.xlsx)
2022,Odisha,Rape in Custody (Section 376(2)) - By Public Servant (Sec.376(2) (b),public_servant,0,NCRB CII 2022 Table 3A.11 (1701935624TABLE3A11.xlsx)
2022,Punjab,Rape in Custody (Section 376(2)) - By Public Servant (Sec.376(2) (b),public_servant,0,NCRB CII 2022 Table 3A.11 (1701935624TABLE3A11.xlsx)
2022,Rajasthan,Rape in Custody (Section 376(2)) - By Public Servant (Sec.376(2) (b),public_servant,0,NCRB CII 2022 Table 3A.11 (1701935624TABLE3A11.xlsx)
2022,Sikkim,Rape in Custody (Section 376(2)) - By Public Servant (Sec.376(2) (b),public_servant,0,NCRB CII 2022 Table 3A.11 (1701935624TABLE3A11.xlsx)
2022,Tamil Nadu,Rape in Custody (Section 376(2)) - By Public Servant (Sec.376(2) (b),public_servant,0,NCRB CII 2022 Table 3A.11 (1701935624TABLE3A11.xlsx)
2022,Telangana,Rape in Custody (Section 376(2)) - By Public Servant (Sec.376(2) (b),public_servant,0,NCRB CII 2022 Table 3A.11 (1701935624TABLE3A11.xlsx)
2022,Tripura,Rape in Custody (Section 376(2)) - By Public Servant (Sec.376(2) (b),public_servant,0,NCRB CII 2022 Table 3A.11 (1701935624TABLE3A11.xlsx)
2022,Uttar Pradesh,Rape in Custody (Section 376(2)) - By Public Servant (Sec.376(2) (b),public_servant,0,NCRB CII 2022 Table 3A.11 (1701935624TABLE3A11.xlsx)
2022,Uttarakhand,Rape in Custody (Section 376(2)) - By Public Servant (Sec.376(2) (b),public_servant,0,NCRB CII 2022 Table 3A.11 (1701935624TABLE3A11.xlsx)
2022,West Bengal,Rape in Custody (Section 376(2)) - By Public Servant (Sec.376(2) (b),public_servant,0,NCRB CII 2022 Table 3A.11 (1701935624TABLE3A11.xlsx)
2022,Andaman & Nicobar Islands,Rape in Custody (Section 376(2)) - By Public Servant (Sec.376(2) (b),public_servant,0,NCRB CII 2022 Table 3A.11 (1701935624TABLE3A11.xlsx)
2022,Chandigarh,Rape in Custody (Section 376(2)) - By Public Servant (Sec.376(2) (b),public_servant,0,NCRB CII 2022 Table 3A.11 (1701935624TABLE3A11.xlsx)
2022,Dadra & Nagar Haveli and Daman & Diu,Rape in Custody (Section 376(2)) - By Public Servant (Sec.376(2) (b),public_servant,0,NCRB CII 2022 Table 3A.11 (1701935624TABLE3A11.xlsx)
2022,Delhi,Rape in Custody (Section 376(2)) - By Public Servant (Sec.376(2) (b),public_servant,0,NCRB CII 2022 Table 3A.11 (1701935624TABLE3A11.xlsx)
2022,Jammu & Kashmir,Rape in Custody (Section 376(2)) - By Public Servant (Sec.376(2) (b),public_servant,0,NCRB CII 2022 Table 3A.11 (1701935624TABLE3A11.xlsx)
2022,Ladakh,Rape in Custody (Section 376(2)) - By Public Servant (Sec.376(2) (b),public_servant,0,NCRB CII 2022 Table 3A.11 (1701935624TABLE3A11.xlsx)
2022,Lakshadweep,Rape in Custody (Section 376(2)) - By Public Servant (Sec.376(2) (b),public_servant,0,NCRB CII 2022 Table 3A.11 (1701935624TABLE3A11.xlsx)
2022,Puducherry,Rape in Custody (Section 376(2)) - By Public Servant (Sec.376(2) (b),public_servant,0,NCRB CII 2022 Table 3A.11 (1701935624TABLE3A11.xlsx)
2022,All India,Rape in Custody (Section 376(2)) - By Public Servant (Sec.376(2) (b),public_servant,1,NCRB CII 2022 Table 3A.11 (1701935624TABLE3A11.xlsx)
2022,Andhra Pradesh,Rape in Custody (Section 376(2)) - By Member of Armed Forces (Sec.376(2) (c),armed_forces,0,NCRB CII 2022 Table 3A.11 (1701935624TABLE3A11.xlsx)
2022,Arunachal Pradesh,Rape in Custody (Section 376(2)) - By Member of Armed Forces (Sec.376(2) (c),armed_forces,0,NCRB CII 2022 Table 3A.11 (1701935624TABLE3A11.xlsx)
2022,Assam,Rape in Custody (Section 376(2)) - By Member of Armed Forces (Sec.376(2) (c),armed_forces,0,NCRB CII 2022 Table 3A.11 (1701935624TABLE3A11.xlsx)
2022,Bihar,Rape in Custody (Section 376(2)) - By Member of Armed Forces (Sec.376(2) (c),armed_forces,0,NCRB CII 2022 Table 3A.11 (1701935624TABLE3A11.xlsx)
2022,Chhattisgarh,Rape in Custody (Section 376(2)) - By Member of Armed Forces (Sec.376(2) (c),armed_forces,0,NCRB CII 2022 Table 3A.11 (1701935624TABLE3A11.xlsx)
2022,Goa,Rape in Custody (Section 376(2)) - By Member of Armed Forces (Sec.376(2) (c),armed_forces,0,NCRB CII 2022 Table 3A.11 (1701935624TABLE3A11.xlsx)
2022,Gujarat,Rape in Custody (Section 376(2)) - By Member of Armed Forces (Sec.376(2) (c),armed_forces,0,NCRB CII 2022 Table 3A.11 (1701935624TABLE3A11.xlsx)
2022,Haryana,Rape in Custody (Section 376(2)) - By Member of Armed Forces (Sec.376(2) (c),armed_forces,0,NCRB CII 2022 Table 3A.11 (1701935624TABLE3A11.xlsx)
2022,Himachal Pradesh,Rape in Custody (Section 376(2)) - By Member of Armed Forces (Sec.376(2) (c),armed_forces,1,NCRB CII 2022 Table 3A.11 (1701935624TABLE3A11.xlsx)
2022,Jharkhand,Rape in Custody (Section 376(2)) - By Member of Armed Forces (Sec.376(2) (c),armed_forces,0,NCRB CII 2022 Table 3A.11 (1701935624TABLE3A11.xlsx)
2022,Karnataka,Rape in Custody (Section 376(2)) - By Member of Armed Forces (Sec.376(2) (c),armed_forces,0,NCRB CII 2022 Table 3A.11 (1701935624TABLE3A11.xlsx)
2022,Kerala,Rape in Custody (Section 376(2)) - By Member of Armed Forces (Sec.376(2) (c),armed_forces,1,NCRB CII 2022 Table 3A.11 (1701935624TABLE3A11.xlsx)
2022,Madhya Pradesh,Rape in Custody (Section 376(2)) - By Member of Armed Forces (Sec.376(2) (c),armed_forces,1,NCRB CII 2022 Table 3A.11 (1701935624TABLE3A11.xlsx)
2022,Maharashtra,Rape in Custody (Section 376(2)) - By Member of Armed Forces (Sec.376(2) (c),armed_forces,0,NCRB CII 2022 Table 3A.11 (1701935624TABLE3A11.xlsx)
2022,Manipur,Rape in Custody (Section 376(2)) - By Member of Armed Forces (Sec.376(2) (c),armed_forces,0,NCRB CII 2022 Table 3A.11 (1701935624TABLE3A11.xlsx)
2022,Meghalaya,Rape in Custody (Section 376(2)) - By Member of Armed Forces (Sec.376(2) (c),armed_forces,0,NCRB CII 2022 Table 3A.11 (1701935624TABLE3A11.xlsx)
2022,Mizoram,Rape in Custody (Section 376(2)) - By Member of Armed Forces (Sec.376(2) (c),armed_forces,0,NCRB CII 2022 Table 3A.11 (1701935624TABLE3A11.xlsx)
2022,Nagaland,Rape in Custody (Section 376(2)) - By Member of Armed Forces (Sec.376(2) (c),armed_forces,0,NCRB CII 2022 Table 3A.11 (1701935624TABLE3A11.xlsx)
2022,Odisha,Rape in Custody (Section 376(2)) - By Member of Armed Forces (Sec.376(2) (c),armed_forces,0,NCRB CII 2022 Table 3A.11 (1701935624TABLE3A11.xlsx)
2022,Punjab,Rape in Custody (Section 376(2)) - By Member of Armed Forces (Sec.376(2) (c),armed_forces,0,NCRB CII 2022 Table 3A.11 (1701935624TABLE3A11.xlsx)
2022,Rajasthan,Rape in Custody (Section 376(2)) - By Member of Armed Forces (Sec.376(2) (c),armed_forces,0,NCRB CII 2022 Table 3A.11 (1701935624TABLE3A11.xlsx)
2022,Sikkim,Rape in Custody (Section 376(2)) - By Member of Armed Forces (Sec.376(2) (c),armed_forces,0,NCRB CII 2022 Table 3A.11 (1701935624TABLE3A11.xlsx)
2022,Tamil Nadu,Rape in Custody (Section 376(2)) - By Member of Armed Forces (Sec.376(2) (c),armed_forces,0,NCRB CII 2022 Table 3A.11 (1701935624TABLE3A11.xlsx)
2022,Telangana,Rape in Custody (Section 376(2)) - By Member of Armed Forces (Sec.376(2) (c),armed_forces,0,NCRB CII 2022 Table 3A.11 (1701935624TABLE3A11.xlsx)
2022,Tripura,Rape in Custody (Section 376(2)) - By Member of Armed Forces (Sec.376(2) (c),armed_forces,0,NCRB CII 2022 Table 3A.11 (1701935624TABLE3A11.xlsx)
2022,Uttar Pradesh,Rape in Custody (Section 376(2)) - By Member of Armed Forces (Sec.376(2) (c),armed_forces,0,NCRB CII 2022 Table 3A.11 (1701935624TABLE3A11.xlsx)
2022,Uttarakhand,Rape in Custody (Section 376(2)) - By Member of Armed Forces (Sec.376(2) (c),armed_forces,0,NCRB CII 2022 Table 3A.11 (1701935624TABLE3A11.xlsx)
2022,West Bengal,Rape in Custody (Section 376(2)) - By Member of Armed Forces (Sec.376(2) (c),armed_forces,0,NCRB CII 2022 Table 3A.11 (1701935624TABLE3A11.xlsx)
2022,Andaman & Nicobar Islands,Rape in Custody (Section 376(2)) - By Member of Armed Forces (Sec.376(2) (c),armed_forces,0,NCRB CII 2022 Table 3A.11 (1701935624TABLE3A11.xlsx)
2022,Chandigarh,Rape in Custody (Section 376(2)) - By Member of Armed Forces (Sec.376(2) (c),armed_forces,0,NCRB CII 2022 Table 3A.11 (1701935624TABLE3A11.xlsx)
2022,Dadra & Nagar Haveli and Daman & Diu,Rape in Custody (Section 376(2)) - By Member of Armed Forces (Sec.376(2) (c),armed_forces,0,NCRB CII 2022 Table 3A.11 (1701935624TABLE3A11.xlsx)
2022,Delhi,Rape in Custody (Section 376(2)) - By Member of Armed Forces (Sec.376(2) (c),armed_forces,0,NCRB CII 2022 Table 3A.11 (1701935624TABLE3A11.xlsx)
2022,Jammu & Kashmir,Rape in Custody (Section 376(2)) - By Member of Armed Forces (Sec.376(2) (c),armed_forces,0,NCRB CII 2022 Table 3A.11 (1701935624TABLE3A11.xlsx)
2022,Ladakh,Rape in Custody (Section 376(2)) - By Member of Armed Forces (Sec.376(2) (c),armed_forces,0,NCRB CII 2022 Table 3A.11 (1701935624TABLE3A11.xlsx)
2022,Lakshadweep,Rape in Custody (Section 376(2)) - By Member of Armed Forces (Sec.376(2) (c),armed_forces,0,NCRB CII 2022 Table 3A.11 (1701935624TABLE3A11.xlsx)
2022,Puducherry,Rape in Custody (Section 376(2)) - By Member of Armed Forces (Sec.376(2) (c),armed_forces,0,NCRB CII 2022 Table 3A.11 (1701935624TABLE3A11.xlsx)
2022,All India,Rape in Custody (Section 376(2)) - By Member of Armed Forces (Sec.376(2) (c),armed_forces,3,NCRB CII 2022 Table 3A.11 (1701935624TABLE3A11.xlsx)
2022,Andhra Pradesh,Rape in Custody (Section 376(2)) - By Management/Staff of Jail/Remand Home/Place of Custody (Sec.376(2)(d),jail_remand_home_place_of_custody,0,NCRB CII 2022 Table 3A.11 (1701935624TABLE3A11.xlsx)
2022,Arunachal Pradesh,Rape in Custody (Section 376(2)) - By Management/Staff of Jail/Remand Home/Place of Custody (Sec.376(2)(d),jail_remand_home_place_of_custody,0,NCRB CII 2022 Table 3A.11 (1701935624TABLE3A11.xlsx)
2022,Assam,Rape in Custody (Section 376(2)) - By Management/Staff of Jail/Remand Home/Place of Custody (Sec.376(2)(d),jail_remand_home_place_of_custody,0,NCRB CII 2022 Table 3A.11 (1701935624TABLE3A11.xlsx)
2022,Bihar,Rape in Custody (Section 376(2)) - By Management/Staff of Jail/Remand Home/Place of Custody (Sec.376(2)(d),jail_remand_home_place_of_custody,0,NCRB CII 2022 Table 3A.11 (1701935624TABLE3A11.xlsx)
2022,Chhattisgarh,Rape in Custody (Section 376(2)) - By Management/Staff of Jail/Remand Home/Place of Custody (Sec.376(2)(d),jail_remand_home_place_of_custody,1,NCRB CII 2022 Table 3A.11 (1701935624TABLE3A11.xlsx)
2022,Goa,Rape in Custody (Section 376(2)) - By Management/Staff of Jail/Remand Home/Place of Custody (Sec.376(2)(d),jail_remand_home_place_of_custody,0,NCRB CII 2022 Table 3A.11 (1701935624TABLE3A11.xlsx)
2022,Gujarat,Rape in Custody (Section 376(2)) - By Management/Staff of Jail/Remand Home/Place of Custody (Sec.376(2)(d),jail_remand_home_place_of_custody,0,NCRB CII 2022 Table 3A.11 (1701935624TABLE3A11.xlsx)
2022,Haryana,Rape in Custody (Section 376(2)) - By Management/Staff of Jail/Remand Home/Place of Custody (Sec.376(2)(d),jail_remand_home_place_of_custody,0,NCRB CII 2022 Table 3A.11 (1701935624TABLE3A11.xlsx)
2022,Himachal Pradesh,Rape in Custody (Section 376(2)) - By Management/Staff of Jail/Remand Home/Place of Custody (Sec.376(2)(d),jail_remand_home_place_of_custody,0,NCRB CII 2022 Table 3A.11 (1701935624TABLE3A11.xlsx)
2022,Jharkhand,Rape in Custody (Section 376(2)) - By Management/Staff of Jail/Remand Home/Place of Custody (Sec.376(2)(d),jail_remand_home_place_of_custody,0,NCRB CII 2022 Table 3A.11 (1701935624TABLE3A11.xlsx)
2022,Karnataka,Rape in Custody (Section 376(2)) - By Management/Staff of Jail/Remand Home/Place of Custody (Sec.376(2)(d),jail_remand_home_place_of_custody,0,NCRB CII 2022 Table 3A.11 (1701935624TABLE3A11.xlsx)
2022,Kerala,Rape in Custody (Section 376(2)) - By Management/Staff of Jail/Remand Home/Place of Custody (Sec.376(2)(d),jail_remand_home_place_of_custody,0,NCRB CII 2022 Table 3A.11 (1701935624TABLE3A11.xlsx)
2022,Madhya Pradesh,Rape in Custody (Section 376(2)) - By Management/Staff of Jail/Remand Home/Place of Custody (Sec.376(2)(d),jail_remand_home_place_of_custody,3,NCRB CII 2022 Table 3A.11 (1701935624TABLE3A11.xlsx)
2022,Maharashtra,Rape in Custody (Section 376(2)) - By Management/Staff of Jail/Remand Home/Place of Custody (Sec.376(2)(d),jail_remand_home_place_of_custody,0,NCRB CII 2022 Table 3A.11 (1701935624TABLE3A11.xlsx)
2022,Manipur,Rape in Custody (Section 376(2)) - By Management/Staff of Jail/Remand Home/Place of Custody (Sec.376(2)(d),jail_remand_home_place_of_custody,0,NCRB CII 2022 Table 3A.11 (1701935624TABLE3A11.xlsx)
2022,Meghalaya,Rape in Custody (Section 376(2)) - By Management/Staff of Jail/Remand Home/Place of Custody (Sec.376(2)(d),jail_remand_home_place_of_custody,0,NCRB CII 2022 Table 3A.11 (1701935624TABLE3A11.xlsx)
2022,Mizoram,Rape in Custody (Section 376(2)) - By Management/Staff of Jail/Remand Home/Place of Custody (Sec.376(2)(d),jail_remand_home_place_of_custody,0,NCRB CII 2022 Table 3A.11 (1701935624TABLE3A11.xlsx)
2022,Nagaland,Rape in Custody (Section 376(2)) - By Management/Staff of Jail/Remand Home/Place of Custody (Sec.376(2)(d),jail_remand_home_place_of_custody,0,NCRB CII 2022 Table 3A.11 (1701935624TABLE3A11.xlsx)
2022,Odisha,Rape in Custody (Section 376(2)) - By Management/Staff of Jail/Remand Home/Place of Custody (Sec.376(2)(d),jail_remand_home_place_of_custody,0,NCRB CII 2022 Table 3A.11 (1701935624TABLE3A11.xlsx)
2022,Punjab,Rape in Custody (Section 376(2)) - By Management/Staff of Jail/Remand Home/Place of Custody (Sec.376(2)(d),jail_remand_home_place_of_custody,0,NCRB CII 2022 Table 3A.11 (1701935624TABLE3A11.xlsx)
2022,Rajasthan,Rape in Custody (Section 376(2)) - By Management/Staff of Jail/Remand Home/Place of Custody (Sec.376(2)(d),jail_remand_home_place_of_custody,0,NCRB CII 2022 Table 3A.11 (1701935624TABLE3A11.xlsx)
2022,Sikkim,Rape in Custody (Section 376(2)) - By Management/Staff of Jail/Remand Home/Place of Custody (Sec.376(2)(d),jail_remand_home_place_of_custody,0,NCRB CII 2022 Table 3A.11 (1701935624TABLE3A11.xlsx)
2022,Tamil Nadu,Rape in Custody (Section 376(2)) - By Management/Staff of Jail/Remand Home/Place of Custody (Sec.376(2)(d),jail_remand_home_place_of_custody,0,NCRB CII 2022 Table 3A.11 (1701935624TABLE3A11.xlsx)
2022,Telangana,Rape in Custody (Section 376(2)) - By Management/Staff of Jail/Remand Home/Place of Custody (Sec.376(2)(d),jail_remand_home_place_of_custody,0,NCRB CII 2022 Table 3A.11 (1701935624TABLE3A11.xlsx)
2022,Tripura,Rape in Custody (Section 376(2)) - By Management/Staff of Jail/Remand Home/Place of Custody (Sec.376(2)(d),jail_remand_home_place_of_custody,0,NCRB CII 2022 Table 3A.11 (1701935624TABLE3A11.xlsx)
2022,Uttar Pradesh,Rape in Custody (Section 376(2)) - By Management/Staff of Jail/Remand Home/Place of Custody (Sec.376(2)(d),jail_remand_home_place_of_custody,8,NCRB CII 2022 Table 3A.11 (1701935624TABLE3A11.xlsx)
2022,Uttarakhand,Rape in Custody (Section 376(2)) - By Management/Staff of Jail/Remand Home/Place of Custody (Sec.376(2)(d),jail_remand_home_place_of_custody,0,NCRB CII 2022 Table 3A.11 (1701935624TABLE3A11.xlsx)
2022,West Bengal,Rape in Custody (Section 376(2)) - By Management/Staff of Jail/Remand Home/Place of Custody (Sec.376(2)(d),jail_remand_home_place_of_custody,0,NCRB CII 2022 Table 3A.11 (1701935624TABLE3A11.xlsx)
2022,Andaman & Nicobar Islands,Rape in Custody (Section 376(2)) - By Management/Staff of Jail/Remand Home/Place of Custody (Sec.376(2)(d),jail_remand_home_place_of_custody,0,NCRB CII 2022 Table 3A.11 (1701935624TABLE3A11.xlsx)
2022,Chandigarh,Rape in Custody (Section 376(2)) - By Management/Staff of Jail/Remand Home/Place of Custody (Sec.376(2)(d),jail_remand_home_place_of_custody,0,NCRB CII 2022 Table 3A.11 (1701935624TABLE3A11.xlsx)
2022,Dadra & Nagar Haveli and Daman & Diu,Rape in Custody (Section 376(2)) - By Management/Staff of Jail/Remand Home/Place of Custody (Sec.376(2)(d),jail_remand_home_place_of_custody,0,NCRB CII 2022 Table 3A.11 (1701935624TABLE3A11.xlsx)
2022,Delhi,Rape in Custody (Section 376(2)) - By Management/Staff of Jail/Remand Home/Place of Custody (Sec.376(2)(d),jail_remand_home_place_of_custody,0,NCRB CII 2022 Table 3A.11 (1701935624TABLE3A11.xlsx)
2022,Jammu & Kashmir,Rape in Custody (Section 376(2)) - By Management/Staff of Jail/Remand Home/Place of Custody (Sec.376(2)(d),jail_remand_home_place_of_custody,0,NCRB CII 2022 Table 3A.11 (1701935624TABLE3A11.xlsx)
2022,Ladakh,Rape in Custody (Section 376(2)) - By Management/Staff of Jail/Remand Home/Place of Custody (Sec.376(2)(d),jail_remand_home_place_of_custody,0,NCRB CII 2022 Table 3A.11 (1701935624TABLE3A11.xlsx)
2022,Lakshadweep,Rape in Custody (Section 376(2)) - By Management/Staff of Jail/Remand Home/Place of Custody (Sec.376(2)(d),jail_remand_home_place_of_custody,0,NCRB CII 2022 Table 3A.11 (1701935624TABLE3A11.xlsx)
2022,Puducherry,Rape in Custody (Section 376(2)) - By Management/Staff of Jail/Remand Home/Place of Custody (Sec.376(2)(d),jail_remand_home_place_of_custody,0,NCRB CII 2022 Table 3A.11 (1701935624TABLE3A11.xlsx)
2022,All India,Rape in Custody (Section 376(2)) - By Management/Staff of Jail/Remand Home/Place of Custody (Sec.376(2)(d),jail_remand_home_place_of_custody,12,NCRB CII 2022 Table 3A.11 (1701935624TABLE3A11.xlsx)
2022,Andhra Pradesh,Rape in Custody (Section 376(2)) - By Management/ Staff of Hospital (Sec.376(2)e),hospital,0,NCRB CII 2022 Table 3A.11 (1701935624TABLE3A11.xlsx)
2022,Arunachal Pradesh,Rape in Custody (Section 376(2)) - By Management/ Staff of Hospital (Sec.376(2)e),hospital,0,NCRB CII 2022 Table 3A.11 (1701935624TABLE3A11.xlsx)
2022,Assam,Rape in Custody (Section 376(2)) - By Management/ Staff of Hospital (Sec.376(2)e),hospital,0,NCRB CII 2022 Table 3A.11 (1701935624TABLE3A11.xlsx)
2022,Bihar,Rape in Custody (Section 376(2)) - By Management/ Staff of Hospital (Sec.376(2)e),hospital,0,NCRB CII 2022 Table 3A.11 (1701935624TABLE3A11.xlsx)
2022,Chhattisgarh,Rape in Custody (Section 376(2)) - By Management/ Staff of Hospital (Sec.376(2)e),hospital,0,NCRB CII 2022 Table 3A.11 (1701935624TABLE3A11.xlsx)
2022,Goa,Rape in Custody (Section 376(2)) - By Management/ Staff of Hospital (Sec.376(2)e),hospital,0,NCRB CII 2022 Table 3A.11 (1701935624TABLE3A11.xlsx)
2022,Gujarat,Rape in Custody (Section 376(2)) - By Management/ Staff of Hospital (Sec.376(2)e),hospital,0,NCRB CII 2022 Table 3A.11 (1701935624TABLE3A11.xlsx)
2022,Haryana,Rape in Custody (Section 376(2)) - By Management/ Staff of Hospital (Sec.376(2)e),hospital,0,NCRB CII 2022 Table 3A.11 (1701935624TABLE3A11.xlsx)
2022,Himachal Pradesh,Rape in Custody (Section 376(2)) - By Management/ Staff of Hospital (Sec.376(2)e),hospital,0,NCRB CII 2022 Table 3A.11 (1701935624TABLE3A11.xlsx)
2022,Jharkhand,Rape in Custody (Section 376(2)) - By Management/ Staff of Hospital (Sec.376(2)e),hospital,0,NCRB CII 2022 Table 3A.11 (1701935624TABLE3A11.xlsx)
2022,Karnataka,Rape in Custody (Section 376(2)) - By Management/ Staff of Hospital (Sec.376(2)e),hospital,1,NCRB CII 2022 Table 3A.11 (1701935624TABLE3A11.xlsx)
2022,Kerala,Rape in Custody (Section 376(2)) - By Management/ Staff of Hospital (Sec.376(2)e),hospital,0,NCRB CII 2022 Table 3A.11 (1701935624TABLE3A11.xlsx)
2022,Madhya Pradesh,Rape in Custody (Section 376(2)) - By Management/ Staff of Hospital (Sec.376(2)e),hospital,0,NCRB CII 2022 Table 3A.11 (1701935624TABLE3A11.xlsx)
2022,Maharashtra,Rape in Custody (Section 376(2)) - By Management/ Staff of Hospital (Sec.376(2)e),hospital,0,NCRB CII 2022 Table 3A.11 (1701935624TABLE3A11.xlsx)
2022,Manipur,Rape in Custody (Section 376(2)) - By Management/ Staff of Hospital (Sec.376(2)e),hospital,0,NCRB CII 2022 Table 3A.11 (1701935624TABLE3A11.xlsx)
2022,Meghalaya,Rape in Custody (Section 376(2)) - By Management/ Staff of Hospital (Sec.376(2)e),hospital,0,NCRB CII 2022 Table 3A.11 (1701935624TABLE3A11.xlsx)
2022,Mizoram,Rape in Custody (Section 376(2)) - By Management/ Staff of Hospital (Sec.376(2)e),hospital,0,NCRB CII 2022 Table 3A.11 (1701935624TABLE3A11.xlsx)
2022,Nagaland,Rape in Custody (Section 376(2)) - By Management/ Staff of Hospital (Sec.376(2)e),hospital,0,NCRB CII 2022 Table 3A.11 (1701935624TABLE3A11.xlsx)
2022,Odisha,Rape in Custody (Section 376(2)) - By Management/ Staff of Hospital (Sec.376(2)e),hospital,0,NCRB CII 2022 Table 3A.11 (1701935624TABLE3A11.xlsx)
2022,Punjab,Rape in Custody (Section 376(2)) - By Management/ Staff of Hospital (Sec.376(2)e),hospital,0,NCRB CII 2022 Table 3A.11 (1701935624TABLE3A11.xlsx)
2022,Rajasthan,Rape in Custody (Section 376(2)) - By Management/ Staff of Hospital (Sec.376(2)e),hospital,0,NCRB CII 2022 Table 3A.11 (1701935624TABLE3A11.xlsx)
2022,Sikkim,Rape in Custody (Section 376(2)) - By Management/ Staff of Hospital (Sec.376(2)e),hospital,0,NCRB CII 2022 Table 3A.11 (1701935624TABLE3A11.xlsx)
2022,Tamil Nadu,Rape in Custody (Section 376(2)) - By Management/ Staff of Hospital (Sec.376(2)e),hospital,0,NCRB CII 2022 Table 3A.11 (1701935624TABLE3A11.xlsx)
2022,Telangana,Rape in Custody (Section 376(2)) - By Management/ Staff of Hospital (Sec.376(2)e),hospital,0,NCRB CII 2022 Table 3A.11 (1701935624TABLE3A11.xlsx)
2022,Tripura,Rape in Custody (Section 376(2)) - By Management/ Staff of Hospital (Sec.376(2)e),hospital,0,NCRB CII 2022 Table 3A.11 (1701935624TABLE3A11.xlsx)
2022,Uttar Pradesh,Rape in Custody (Section 376(2)) - By Management/ Staff of Hospital (Sec.376(2)e),hospital,0,NCRB CII 2022 Table 3A.11 (1701935624TABLE3A11.xlsx)
2022,Uttarakhand,Rape in Custody (Section 376(2)) - By Management/ Staff of Hospital (Sec.376(2)e),hospital,0,NCRB CII 2022 Table 3A.11 (1701935624TABLE3A11.xlsx)
2022,West Bengal,Rape in Custody (Section 376(2)) - By Management/ Staff of Hospital (Sec.376(2)e),hospital,0,NCRB CII 2022 Table 3A.11 (1701935624TABLE3A11.xlsx)
2022,Andaman & Nicobar Islands,Rape in Custody (Section 376(2)) - By Management/ Staff of Hospital (Sec.376(2)e),hospital,0,NCRB CII 2022 Table 3A.11 (1701935624TABLE3A11.xlsx)
2022,Chandigarh,Rape in Custody (Section 376(2)) - By Management/ Staff of Hospital (Sec.376(2)e),hospital,0,NCRB CII 2022 Table 3A.11 (1701935624TABLE3A11.xlsx)
2022,Dadra & Nagar Haveli and Daman & Diu,Rape in Custody (Section 376(2)) - By Management/ Staff of Hospital (Sec.376(2)e),hospital,0,NCRB CII 2022 Table 3A.11 (1701935624TABLE3A11.xlsx)
2022,Delhi,Rape in Custody (Section 376(2)) - By Management/ Staff of Hospital (Sec.376(2)e),hospital,0,NCRB CII 2022 Table 3A.11 (1701935624TABLE3A11.xlsx)
2022,Jammu & Kashmir,Rape in Custody (Section 376(2)) - By Management/ Staff of Hospital (Sec.376(2)e),hospital,0,NCRB CII 2022 Table 3A.11 (1701935624TABLE3A11.xlsx)
2022,Ladakh,Rape in Custody (Section 376(2)) - By Management/ Staff of Hospital (Sec.376(2)e),hospital,0,NCRB CII 2022 Table 3A.11 (1701935624TABLE3A11.xlsx)
2022,Lakshadweep,Rape in Custody (Section 376(2)) - By Management/ Staff of Hospital (Sec.376(2)e),hospital,0,NCRB CII 2022 Table 3A.11 (1701935624TABLE3A11.xlsx)
2022,Puducherry,Rape in Custody (Section 376(2)) - By Management/ Staff of Hospital (Sec.376(2)e),hospital,0,NCRB CII 2022 Table 3A.11 (1701935624TABLE3A11.xlsx)
2022,All India,Rape in Custody (Section 376(2)) - By Management/ Staff of Hospital (Sec.376(2)e),hospital,1,NCRB CII 2022 Table 3A.11 (1701935624TABLE3A11.xlsx)
