year,state_ut,metric,value,cii_edition,source
2015,Andhra Pradesh,cases,15967.0,2017,NCRB CII 2017 Table 3A.1 (Table-3A.1_1.xlsx)
2016,Andhra Pradesh,cases,16362.0,2017,NCRB CII 2017 Table 3A.1 (Table-3A.1_1.xlsx)
2017,Andhra Pradesh,cases,17909.0,2017,NCRB CII 2017 Table 3A.1 (Table-3A.1_1.xlsx)
2017,Andhra Pradesh,pct_share_all_india,4.976809717409247,2017,NCRB CII 2017 Table 3A.1 (Table-3A.1_1.xlsx)
2017,Andhra Pradesh,midyear_female_population_lakh,259.8,2017,NCRB CII 2017 Table 3A.1 (Table-3A.1_1.xlsx)
2017,Andhra Pradesh,crime_rate_per_lakh_women,68.9,2017,NCRB CII 2017 Table 3A.1 (Table-3A.1_1.xlsx)
2015,Arunachal Pradesh,cases,384.0,2017,NCRB CII 2017 Table 3A.1 (Table-3A.1_1.xlsx)
2016,Arunachal Pradesh,cases,367.0,2017,NCRB CII 2017 Table 3A.1 (Table-3A.1_1.xlsx)
2017,Arunachal Pradesh,cases,337.0,2017,NCRB CII 2017 Table 3A.1 (Table-3A.1_1.xlsx)
2017,Arunachal Pradesh,pct_share_all_india,0.09365039224785952,2017,NCRB CII 2017 Table 3A.1 (Table-3A.1_1.xlsx)
2017,Arunachal Pradesh,midyear_female_population_lakh,6.3,2017,NCRB CII 2017 Table 3A.1 (Table-3A.1_1.xlsx)
2017,Arunachal Pradesh,crime_rate_per_lakh_women,53.4,2017,NCRB CII 2017 Table 3A.1 (Table-3A.1_1.xlsx)
2015,Assam,cases,23365.0,2017,NCRB CII 2017 Table 3A.1 (Table-3A.1_1.xlsx)
2016,Assam,cases,20869.0,2017,NCRB CII 2017 Table 3A.1 (Table-3A.1_1.xlsx)
2017,Assam,cases,23082.0,2017,NCRB CII 2017 Table 3A.1 (Table-3A.1_1.xlsx)
2017,Assam,pct_share_all_india,6.41435713313084,2017,NCRB CII 2017 Table 3A.1 (Table-3A.1_1.xlsx)
2017,Assam,midyear_female_population_lakh,160.7,2017,NCRB CII 2017 Table 3A.1 (Table-3A.1_1.xlsx)
2017,Assam,crime_rate_per_lakh_women,143.6,2017,NCRB CII 2017 Table 3A.1 (Table-3A.1_1.xlsx)
2015,Bihar,cases,13904.0,2017,NCRB CII 2017 Table 3A.1 (Table-3A.1_1.xlsx)
2016,Bihar,cases,13400.0,2017,NCRB CII 2017 Table 3A.1 (Table-3A.1_1.xlsx)
2017,Bihar,cases,14711.0,2017,NCRB CII 2017 Table 3A.1 (Table-3A.1_1.xlsx)
2017,Bihar,pct_share_all_india,4.088103621241132,2017,NCRB CII 2017 Table 3A.1 (Table-3A.1_1.xlsx)
2017,Bihar,midyear_female_population_lakh,510.3,2017,NCRB CII 2017 Table 3A.1 (Table-3A.1_1.xlsx)
2017,Bihar,crime_rate_per_lakh_women,28.8,2017,NCRB CII 2017 Table 3A.1 (Table-3A.1_1.xlsx)
2015,Chhattisgarh,cases,5783.0,2017,NCRB CII 2017 Table 3A.1 (Table-3A.1_1.xlsx)
2016,Chhattisgarh,cases,5947.0,2017,NCRB CII 2017 Table 3A.1 (Table-3A.1_1.xlsx)
2017,Chhattisgarh,cases,7996.0,2017,NCRB CII 2017 Table 3A.1 (Table-3A.1_1.xlsx)
2017,Chhattisgarh,pct_share_all_india,2.2220431347593017,2017,NCRB CII 2017 Table 3A.1 (Table-3A.1_1.xlsx)
2017,Chhattisgarh,midyear_female_population_lakh,130.9,2017,NCRB CII 2017 Table 3A.1 (Table-3A.1_1.xlsx)
2017,Chhattisgarh,crime_rate_per_lakh_women,61.1,2017,NCRB CII 2017 Table 3A.1 (Table-3A.1_1.xlsx)
2015,Goa,cases,392.0,2017,NCRB CII 2017 Table 3A.1 (Table-3A.1_1.xlsx)
2016,Goa,cases,371.0,2017,NCRB CII 2017 Table 3A.1 (Table-3A.1_1.xlsx)
2017,Goa,cases,369.0,2017,NCRB CII 2017 Table 3A.1 (Table-3A.1_1.xlsx)
2017,Goa,pct_share_all_india,0.10254301109632097,2017,NCRB CII 2017 Table 3A.1 (Table-3A.1_1.xlsx)
2017,Goa,midyear_female_population_lakh,9.3,2017,NCRB CII 2017 Table 3A.1 (Table-3A.1_1.xlsx)
2017,Goa,crime_rate_per_lakh_women,39.6,2017,NCRB CII 2017 Table 3A.1 (Table-3A.1_1.xlsx)
2015,Gujarat,cases,7777.0,2017,NCRB CII 2017 Table 3A.1 (Table-3A.1_1.xlsx)
2016,Gujarat,cases,8532.0,2017,NCRB CII 2017 Table 3A.1 (Table-3A.1_1.xlsx)
2017,Gujarat,cases,8133.0,2017,NCRB CII 2017 Table 3A.1 (Table-3A.1_1.xlsx)
2017,Gujarat,pct_share_all_india,2.2601146592042776,2017,NCRB CII 2017 Table 3A.1 (Table-3A.1_1.xlsx)
2017,Gujarat,midyear_female_population_lakh,301.0,2017,NCRB CII 2017 Table 3A.1 (Table-3A.1_1.xlsx)
2017,Gujarat,crime_rate_per_lakh_women,27.0,2017,NCRB CII 2017 Table 3A.1 (Table-3A.1_1.xlsx)
2015,Haryana,cases,9511.0,2017,NCRB CII 2017 Table 3A.1 (Table-3A.1_1.xlsx)
2016,Haryana,cases,9839.0,2017,NCRB CII 2017 Table 3A.1 (Table-3A.1_1.xlsx)
2017,Haryana,cases,11370.0,2017,NCRB CII 2017 Table 3A.1 (Table-3A.1_1.xlsx)
2017,Haryana,pct_share_all_india,3.1596586345939546,2017,NCRB CII 2017 Table 3A.1 (Table-3A.1_1.xlsx)
2017,Haryana,midyear_female_population_lakh,128.2,2017,NCRB CII 2017 Table 3A.1 (Table-3A.1_1.xlsx)
2017,Haryana,crime_rate_per_lakh_women,88.7,2017,NCRB CII 2017 Table 3A.1 (Table-3A.1_1.xlsx)
2015,Himachal Pradesh,cases,1295.0,2017,NCRB CII 2017 Table 3A.1 (Table-3A.1_1.xlsx)
2016,Himachal Pradesh,cases,1222.0,2017,NCRB CII 2017 Table 3A.1 (Table-3A.1_1.xlsx)
2017,Himachal Pradesh,cases,1246.0,2017,NCRB CII 2017 Table 3A.1 (Table-3A.1_1.xlsx)
2017,Himachal Pradesh,pct_share_all_india,0.34625634641196723,2017,NCRB CII 2017 Table 3A.1 (Table-3A.1_1.xlsx)
2017,Himachal Pradesh,midyear_female_population_lakh,34.9,2017,NCRB CII 2017 Table 3A.1 (Table-3A.1_1.xlsx)
2017,Himachal Pradesh,crime_rate_per_lakh_women,35.7,2017,NCRB CII 2017 Table 3A.1 (Table-3A.1_1.xlsx)
2015,Jammu & Kashmir,cases,3366.0,2017,NCRB CII 2017 Table 3A.1 (Table-3A.1_1.xlsx)
2016,Jammu & Kashmir,cases,2850.0,2017,NCRB CII 2017 Table 3A.1 (Table-3A.1_1.xlsx)
2017,Jammu & Kashmir,cases,3129.0,2017,NCRB CII 2017 Table 3A.1 (Table-3A.1_1.xlsx)
2017,Jammu & Kashmir,pct_share_all_india,0.86953138677612,2017,NCRB CII 2017 Table 3A.1 (Table-3A.1_1.xlsx)
2017,Jammu & Kashmir,midyear_female_population_lakh,60.3,2017,NCRB CII 2017 Table 3A.1 (Table-3A.1_1.xlsx)
2017,Jammu & Kashmir,crime_rate_per_lakh_women,51.9,2017,NCRB CII 2017 Table 3A.1 (Table-3A.1_1.xlsx)
2015,Jharkhand,cases,6568.0,2017,NCRB CII 2017 Table 3A.1 (Table-3A.1_1.xlsx)
2016,Jharkhand,cases,5453.0,2017,NCRB CII 2017 Table 3A.1 (Table-3A.1_1.xlsx)
2017,Jharkhand,cases,5911.0,2017,NCRB CII 2017 Table 3A.1 (Table-3A.1_1.xlsx)
2017,Jharkhand,pct_share_all_india,1.6426334379142364,2017,NCRB CII 2017 Table 3A.1 (Table-3A.1_1.xlsx)
2017,Jharkhand,midyear_female_population_lakh,166.3,2017,NCRB CII 2017 Table 3A.1 (Table-3A.1_1.xlsx)
2017,Jharkhand,crime_rate_per_lakh_women,35.6,2017,NCRB CII 2017 Table 3A.1 (Table-3A.1_1.xlsx)
2015,Karnataka,cases,12775.0,2017,NCRB CII 2017 Table 3A.1 (Table-3A.1_1.xlsx)
2016,Karnataka,cases,14131.0,2017,NCRB CII 2017 Table 3A.1 (Table-3A.1_1.xlsx)
2017,Karnataka,cases,14078.0,2017,NCRB CII 2017 Table 3A.1 (Table-3A.1_1.xlsx)
2017,Karnataka,pct_share_all_india,3.912196504645004,2017,NCRB CII 2017 Table 3A.1 (Table-3A.1_1.xlsx)
2017,Karnataka,midyear_female_population_lakh,311.2,2017,NCRB CII 2017 Table 3A.1 (Table-3A.1_1.xlsx)
2017,Karnataka,crime_rate_per_lakh_women,45.2,2017,NCRB CII 2017 Table 3A.1 (Table-3A.1_1.xlsx)
2015,Kerala,cases,9767.0,2017,NCRB CII 2017 Table 3A.1 (Table-3A.1_1.xlsx)
2016,Kerala,cases,10034.0,2017,NCRB CII 2017 Table 3A.1 (Table-3A.1_1.xlsx)
2017,Kerala,cases,11057.0,2017,NCRB CII 2017 Table 3A.1 (Table-3A.1_1.xlsx)
2017,Kerala,pct_share_all_india,3.0726777064824415,2017,NCRB CII 2017 Table 3A.1 (Table-3A.1_1.xlsx)
2017,Kerala,midyear_female_population_lakh,183.6,2017,NCRB CII 2017 Table 3A.1 (Table-3A.1_1.xlsx)
2017,Kerala,crime_rate_per_lakh_women,60.2,2017,NCRB CII 2017 Table 3A.1 (Table-3A.1_1.xlsx)
2015,Madhya Pradesh,cases,24231.0,2017,NCRB CII 2017 Table 3A.1 (Table-3A.1_1.xlsx)
2016,Madhya Pradesh,cases,26604.0,2017,NCRB CII 2017 Table 3A.1 (Table-3A.1_1.xlsx)
2017,Madhya Pradesh,cases,29788.0,2017,NCRB CII 2017 Table 3A.1 (Table-3A.1_1.xlsx)
2017,Madhya Pradesh,pct_share_all_india,8.277916570561542,2017,NCRB CII 2017 Table 3A.1 (Table-3A.1_1.xlsx)
2017,Madhya Pradesh,midyear_female_population_lakh,379.0,2017,NCRB CII 2017 Table 3A.1 (Table-3A.1_1.xlsx)
2017,Madhya Pradesh,crime_rate_per_lakh_women,78.6,2017,NCRB CII 2017 Table 3A.1 (Table-3A.1_1.xlsx)
2015,Maharashtra,cases,31216.0,2017,NCRB CII 2017 Table 3A.1 (Table-3A.1_1.xlsx)
2016,Maharashtra,cases,31388.0,2017,NCRB CII 2017 Table 3A.1 (Table-3A.1_1.xlsx)
2017,Maharashtra,cases,31979.0,2017,NCRB CII 2017 Table 3A.1 (Table-3A.1_1.xlsx)
2017,Maharashtra,pct_share_all_india,8.886783067342135,2017,NCRB CII 2017 Table 3A.1 (Table-3A.1_1.xlsx)
2017,Maharashtra,midyear_female_population_lakh,581.1,2017,NCRB CII 2017 Table 3A.1 (Table-3A.1_1.xlsx)
2017,Maharashtra,crime_rate_per_lakh_women,55.0,2017,NCRB CII 2017 Table 3A.1 (Table-3A.1_1.xlsx)
2015,Manipur,cases,266.0,2017,NCRB CII 2017 Table 3A.1 (Table-3A.1_1.xlsx)
2016,Manipur,cases,253.0,2017,NCRB CII 2017 Table 3A.1 (Table-3A.1_1.xlsx)
2017,Manipur,cases,236.0,2017,NCRB CII 2017 Table 3A.1 (Table-3A.1_1.xlsx)
2017,Manipur,pct_share_all_india,0.0655830640074031,2017,NCRB CII 2017 Table 3A.1 (Table-3A.1_1.xlsx)
2017,Manipur,midyear_female_population_lakh,13.1,2017,NCRB CII 2017 Table 3A.1 (Table-3A.1_1.xlsx)
2017,Manipur,crime_rate_per_lakh_women,18.1,2017,NCRB CII 2017 Table 3A.1 (Table-3A.1_1.xlsx)
2015,Meghalaya,cases,337.0,2017,NCRB CII 2017 Table 3A.1 (Table-3A.1_1.xlsx)
2016,Meghalaya,cases,372.0,2017,NCRB CII 2017 Table 3A.1 (Table-3A.1_1.xlsx)
2017,Meghalaya,cases,567.0,2017,NCRB CII 2017 Table 3A.1 (Table-3A.1_1.xlsx)
2017,Meghalaya,pct_share_all_india,0.1575660902211761,2017,NCRB CII 2017 Table 3A.1 (Table-3A.1_1.xlsx)
2017,Meghalaya,midyear_female_population_lakh,13.9,2017,NCRB CII 2017 Table 3A.1 (Table-3A.1_1.xlsx)
2017,Meghalaya,crime_rate_per_lakh_women,40.7,2017,NCRB CII 2017 Table 3A.1 (Table-3A.1_1.xlsx)
2015,Mizoram,cases,158.0,2017,NCRB CII 2017 Table 3A.1 (Table-3A.1_1.xlsx)
2016,Mizoram,cases,120.0,2017,NCRB CII 2017 Table 3A.1 (Table-3A.1_1.xlsx)
2017,Mizoram,cases,301.0,2017,NCRB CII 2017 Table 3A.1 (Table-3A.1_1.xlsx)
2017,Mizoram,pct_share_all_india,0.08364619604334039,2017,NCRB CII 2017 Table 3A.1 (Table-3A.1_1.xlsx)
2017,Mizoram,midyear_female_population_lakh,5.2,2017,NCRB CII 2017 Table 3A.1 (Table-3A.1_1.xlsx)
2017,Mizoram,crime_rate_per_lakh_women,57.6,2017,NCRB CII 2017 Table 3A.1 (Table-3A.1_1.xlsx)
2015,Nagaland,cases,91.0,2017,NCRB CII 2017 Table 3A.1 (Table-3A.1_1.xlsx)
2016,Nagaland,cases,105.0,2017,NCRB CII 2017 Table 3A.1 (Table-3A.1_1.xlsx)
2017,Nagaland,cases,79.0,2017,NCRB CII 2017 Table 3A.1 (Table-3A.1_1.xlsx)
2017,Nagaland,pct_share_all_india,0.021953652782139177,2017,NCRB CII 2017 Table 3A.1 (Table-3A.1_1.xlsx)
2017,Nagaland,midyear_female_population_lakh,11.5,2017,NCRB CII 2017 Table 3A.1 (Table-3A.1_1.xlsx)
2017,Nagaland,crime_rate_per_lakh_women,6.9,2017,NCRB CII 2017 Table 3A.1 (Table-3A.1_1.xlsx)
2015,Odisha,cases,17200.0,2017,NCRB CII 2017 Table 3A.1 (Table-3A.1_1.xlsx)
2016,Odisha,cases,17837.0,2017,NCRB CII 2017 Table 3A.1 (Table-3A.1_1.xlsx)
2017,Odisha,cases,20098.0,2017,NCRB CII 2017 Table 3A.1 (Table-3A.1_1.xlsx)
2017,Odisha,pct_share_all_india,5.585120425511811,2017,NCRB CII 2017 Table 3A.1 (Table-3A.1_1.xlsx)
2017,Odisha,midyear_female_population_lakh,212.7,2017,NCRB CII 2017 Table 3A.1 (Table-3A.1_1.xlsx)
2017,Odisha,crime_rate_per_lakh_women,94.5,2017,NCRB CII 2017 Table 3A.1 (Table-3A.1_1.xlsx)
2015,Punjab,cases,5340.0,2017,NCRB CII 2017 Table 3A.1 (Table-3A.1_1.xlsx)
2016,Punjab,cases,5105.0,2017,NCRB CII 2017 Table 3A.1 (Table-3A.1_1.xlsx)
2017,Punjab,cases,4620.0,2017,NCRB CII 2017 Table 3A.1 (Table-3A.1_1.xlsx)
2017,Punjab,pct_share_all_india,1.28387184624662,2017,NCRB CII 2017 Table 3A.1 (Table-3A.1_1.xlsx)
2017,Punjab,midyear_female_population_lakh,135.4,2017,NCRB CII 2017 Table 3A.1 (Table-3A.1_1.xlsx)
2017,Punjab,crime_rate_per_lakh_women,34.1,2017,NCRB CII 2017 Table 3A.1 (Table-3A.1_1.xlsx)
2015,Rajasthan,cases,28224.0,2017,NCRB CII 2017 Table 3A.1 (Table-3A.1_1.xlsx)
2016,Rajasthan,cases,27422.0,2017,NCRB CII 2017 Table 3A.1 (Table-3A.1_1.xlsx)
2017,Rajasthan,cases,25993.0,2017,NCRB CII 2017 Table 3A.1 (Table-3A.1_1.xlsx)
2017,Rajasthan,pct_share_all_india,7.223307554001818,2017,NCRB CII 2017 Table 3A.1 (Table-3A.1_1.xlsx)
2017,Rajasthan,midyear_female_population_lakh,354.8,2017,NCRB CII 2017 Table 3A.1 (Table-3A.1_1.xlsx)
2017,Rajasthan,crime_rate_per_lakh_women,73.3,2017,NCRB CII 2017 Table 3A.1 (Table-3A.1_1.xlsx)
2015,Sikkim,cases,53.0,2017,NCRB CII 2017 Table 3A.1 (Table-3A.1_1.xlsx)
2016,Sikkim,cases,153.0,2017,NCRB CII 2017 Table 3A.1 (Table-3A.1_1.xlsx)
2017,Sikkim,cases,163.0,2017,NCRB CII 2017 Table 3A.1 (Table-3A.1_1.xlsx)
2017,Sikkim,pct_share_all_india,0.04529677725935045,2017,NCRB CII 2017 Table 3A.1 (Table-3A.1_1.xlsx)
2017,Sikkim,midyear_female_population_lakh,3.1,2017,NCRB CII 2017 Table 3A.1 (Table-3A.1_1.xlsx)
2017,Sikkim,crime_rate_per_lakh_women,53.1,2017,NCRB CII 2017 Table 3A.1 (Table-3A.1_1.xlsx)
2015,Tamil Nadu,cases,5919.0,2017,NCRB CII 2017 Table 3A.1 (Table-3A.1_1.xlsx)
2016,Tamil Nadu,cases,4463.0,2017,NCRB CII 2017 Table 3A.1 (Table-3A.1_1.xlsx)
2017,Tamil Nadu,cases,5397.0,2017,NCRB CII 2017 Table 3A.1 (Table-3A.1_1.xlsx)
2017,Tamil Nadu,pct_share_all_india,1.4997957476608244,2017,NCRB CII 2017 Table 3A.1 (Table-3A.1_1.xlsx)
2017,Tamil Nadu,midyear_female_population_lakh,348.4,2017,NCRB CII 2017 Table 3A.1 (Table-3A.1_1.xlsx)
2017,Tamil Nadu,crime_rate_per_lakh_women,15.5,2017,NCRB CII 2017 Table 3A.1 (Table-3A.1_1.xlsx)
2015,Telangana,cases,15425.0,2017,NCRB CII 2017 Table 3A.1 (Table-3A.1_1.xlsx)
2016,Telangana,cases,15374.0,2017,NCRB CII 2017 Table 3A.1 (Table-3A.1_1.xlsx)
2017,Telangana,cases,17521.0,2017,NCRB CII 2017 Table 3A.1 (Table-3A.1_1.xlsx)
2017,Telangana,pct_share_all_india,4.868986713871651,2017,NCRB CII 2017 Table 3A.1 (Table-3A.1_1.xlsx)
2017,Telangana,midyear_female_population_lakh,185.0,2017,NCRB CII 2017 Table 3A.1 (Table-3A.1_1.xlsx)
2017,Telangana,crime_rate_per_lakh_women,94.7,2017,NCRB CII 2017 Table 3A.1 (Table-3A.1_1.xlsx)
2015,Tripura,cases,1267.0,2017,NCRB CII 2017 Table 3A.1 (Table-3A.1_1.xlsx)
2016,Tripura,cases,1013.0,2017,NCRB CII 2017 Table 3A.1 (Table-3A.1_1.xlsx)
2017,Tripura,cases,972.0,2017,NCRB CII 2017 Table 3A.1 (Table-3A.1_1.xlsx)
2017,Tripura,pct_share_all_india,0.2701132975220162,2017,NCRB CII 2017 Table 3A.1 (Table-3A.1_1.xlsx)
2017,Tripura,midyear_female_population_lakh,19.0,2017,NCRB CII 2017 Table 3A.1 (Table-3A.1_1.xlsx)
2017,Tripura,crime_rate_per_lakh_women,51.2,2017,NCRB CII 2017 Table 3A.1 (Table-3A.1_1.xlsx)
2015,Uttar Pradesh,cases,35908.0,2017,NCRB CII 2017 Table 3A.1 (Table-3A.1_1.xlsx)
2016,Uttar Pradesh,cases,49262.0,2017,NCRB CII 2017 Table 3A.1 (Table-3A.1_1.xlsx)
2017,Uttar Pradesh,cases,56011.0,2017,NCRB CII 2017 Table 3A.1 (Table-3A.1_1.xlsx)
2017,Uttar Pradesh,pct_share_all_india,15.565139822536675,2017,NCRB CII 2017 Table 3A.1 (Table-3A.1_1.xlsx)
2017,Uttar Pradesh,midyear_female_population_lakh,1053.4,2017,NCRB CII 2017 Table 3A.1 (Table-3A.1_1.xlsx)
2017,Uttar Pradesh,crime_rate_per_lakh_women,53.2,2017,NCRB CII 2017 Table 3A.1 (Table-3A.1_1.xlsx)
2015,Uttarakhand,cases,1465.0,2017,NCRB CII 2017 Table 3A.1 (Table-3A.1_1.xlsx)
2016,Uttarakhand,cases,1588.0,2017,NCRB CII 2017 Table 3A.1 (Table-3A.1_1.xlsx)
2017,Uttarakhand,cases,1944.0,2017,NCRB CII 2017 Table 3A.1 (Table-3A.1_1.xlsx)
2017,Uttarakhand,pct_share_all_india,0.5402265950440324,2017,NCRB CII 2017 Table 3A.1 (Table-3A.1_1.xlsx)
2017,Uttarakhand,midyear_female_population_lakh,52.8,2017,NCRB CII 2017 Table 3A.1 (Table-3A.1_1.xlsx)
2017,Uttarakhand,crime_rate_per_lakh_women,36.8,2017,NCRB CII 2017 Table 3A.1 (Table-3A.1_1.xlsx)
2015,West Bengal,cases,33318.0,2017,NCRB CII 2017 Table 3A.1 (Table-3A.1_1.xlsx)
2016,West Bengal,cases,32513.0,2017,NCRB CII 2017 Table 3A.1 (Table-3A.1_1.xlsx)
2017,West Bengal,cases,30992.0,2017,NCRB CII 2017 Table 3A.1 (Table-3A.1_1.xlsx)
2017,West Bengal,pct_share_all_india,8.612501354734903,2017,NCRB CII 2017 Table 3A.1 (Table-3A.1_1.xlsx)
2017,West Bengal,midyear_female_population_lakh,460.8,2017,NCRB CII 2017 Table 3A.1 (Table-3A.1_1.xlsx)
2017,West Bengal,crime_rate_per_lakh_women,67.3,2017,NCRB CII 2017 Table 3A.1 (Table-3A.1_1.xlsx)
2015,Andaman & Nicobar Islands,cases,136.0,2017,NCRB CII 2017 Table 3A.1 (Table-3A.1_1.xlsx)
2016,Andaman & Nicobar Islands,cases,108.0,2017,NCRB CII 2017 Table 3A.1 (Table-3A.1_1.xlsx)
2017,Andaman & Nicobar Islands,cases,132.0,2017,NCRB CII 2017 Table 3A.1 (Table-3A.1_1.xlsx)
2017,Andaman & Nicobar Islands,pct_share_all_india,0.03668205274990343,2017,NCRB CII 2017 Table 3A.1 (Table-3A.1_1.xlsx)
2017,Andaman & Nicobar Islands,midyear_female_population_lakh,2.8,2017,NCRB CII 2017 Table 3A.1 (Table-3A.1_1.xlsx)
2017,Andaman & Nicobar Islands,crime_rate_per_lakh_women,47.7,2017,NCRB CII 2017 Table 3A.1 (Table-3A.1_1.xlsx)
2015,Chandigarh,cases,468.0,2017,NCRB CII 2017 Table 3A.1 (Table-3A.1_1.xlsx)
2016,Chandigarh,cases,414.0,2017,NCRB CII 2017 Table 3A.1 (Table-3A.1_1.xlsx)
2017,Chandigarh,cases,453.0,2017,NCRB CII 2017 Table 3A.1 (Table-3A.1_1.xlsx)
2017,Chandigarh,pct_share_all_india,0.12588613557353223,2017,NCRB CII 2017 Table 3A.1 (Table-3A.1_1.xlsx)
2017,Chandigarh,midyear_female_population_lakh,7.6,2017,NCRB CII 2017 Table 3A.1 (Table-3A.1_1.xlsx)
2017,Chandigarh,crime_rate_per_lakh_women,59.8,2017,NCRB CII 2017 Table 3A.1 (Table-3A.1_1.xlsx)
2015,Dadra & Nagar Haveli and Daman & Diu,cases,54.0,2017,NCRB CII 2017 Table 3A.1 (Table-3A.1_1.xlsx)
2016,Dadra & Nagar Haveli and Daman & Diu,cases,69.0,2017,NCRB CII 2017 Table 3A.1 (Table-3A.1_1.xlsx)
2017,Dadra & Nagar Haveli and Daman & Diu,cases,46.0,2017,NCRB CII 2017 Table 3A.1 (Table-3A.1_1.xlsx)
2015,Delhi,cases,17222.0,2017,NCRB CII 2017 Table 3A.1 (Table-3A.1_1.xlsx)
2016,Delhi,cases,15310.0,2017,NCRB CII 2017 Table 3A.1 (Table-3A.1_1.xlsx)
2017,Delhi,cases,13076.0,2017,NCRB CII 2017 Table 3A.1 (Table-3A.1_1.xlsx)
2017,Delhi,pct_share_all_india,3.633746376952555,2017,NCRB CII 2017 Table 3A.1 (Table-3A.1_1.xlsx)
2017,Delhi,midyear_female_population_lakh,98.1,2017,NCRB CII 2017 Table 3A.1 (Table-3A.1_1.xlsx)
2017,Delhi,crime_rate_per_lakh_women,133.3,2017,NCRB CII 2017 Table 3A.1 (Table-3A.1_1.xlsx)
2015,Lakshadweep,cases,9.0,2017,NCRB CII 2017 Table 3A.1 (Table-3A.1_1.xlsx)
2016,Lakshadweep,cases,9.0,2017,NCRB CII 2017 Table 3A.1 (Table-3A.1_1.xlsx)
2017,Lakshadweep,cases,6.0,2017,NCRB CII 2017 Table 3A.1 (Table-3A.1_1.xlsx)
2017,Lakshadweep,pct_share_all_india,0.0016673660340865198,2017,NCRB CII 2017 Table 3A.1 (Table-3A.1_1.xlsx)
2017,Lakshadweep,midyear_female_population_lakh,0.4,2017,NCRB CII 2017 Table 3A.1 (Table-3A.1_1.xlsx)
2017,Lakshadweep,crime_rate_per_lakh_women,14.0,2017,NCRB CII 2017 Table 3A.1 (Table-3A.1_1.xlsx)
2015,Puducherry,cases,82.0,2017,NCRB CII 2017 Table 3A.1 (Table-3A.1_1.xlsx)
2016,Puducherry,cases,95.0,2017,NCRB CII 2017 Table 3A.1 (Table-3A.1_1.xlsx)
2017,Puducherry,cases,147.0,2017,NCRB CII 2017 Table 3A.1 (Table-3A.1_1.xlsx)
2017,Puducherry,pct_share_all_india,0.04085046783511973,2017,NCRB CII 2017 Table 3A.1 (Table-3A.1_1.xlsx)
2017,Puducherry,midyear_female_population_lakh,7.6,2017,NCRB CII 2017 Table 3A.1 (Table-3A.1_1.xlsx)
2017,Puducherry,crime_rate_per_lakh_women,19.3,2017,NCRB CII 2017 Table 3A.1 (Table-3A.1_1.xlsx)
2015,All India,cases,329243.0,2017,NCRB CII 2017 Table 3A.1 (Table-3A.1_1.xlsx)
2016,All India,cases,338954.0,2017,NCRB CII 2017 Table 3A.1 (Table-3A.1_1.xlsx)
2017,All India,cases,359849.0,2017,NCRB CII 2017 Table 3A.1 (Table-3A.1_1.xlsx)
2017,All India,pct_share_all_india,100.0,2017,NCRB CII 2017 Table 3A.1 (Table-3A.1_1.xlsx)
2017,All India,midyear_female_population_lakh,6211.5,2017,NCRB CII 2017 Table 3A.1 (Table-3A.1_1.xlsx)
2017,All India,crime_rate_per_lakh_women,57.9,2017,NCRB CII 2017 Table 3A.1 (Table-3A.1_1.xlsx)
2016,Andhra Pradesh,cases,16362.0,2018,NCRB CII 2018 Table 3A.1 (Table-3A.1_0.xlsx)
2017,Andhra Pradesh,cases,17909.0,2018,NCRB CII 2018 Table 3A.1 (Table-3A.1_0.xlsx)
2018,Andhra Pradesh,cases,16438.0,2018,NCRB CII 2018 Table 3A.1 (Table-3A.1_0.xlsx)
2018,Andhra Pradesh,pct_share_all_india,4.345492853120861,2018,NCRB CII 2018 Table 3A.1 (Table-3A.1_0.xlsx)
2018,Andhra Pradesh,midyear_female_population_lakh,260.0,2018,NCRB CII 2018 Table 3A.1 (Table-3A.1_0.xlsx)
2018,Andhra Pradesh,crime_rate_per_lakh_women,63.223076923076924,2018,NCRB CII 2018 Table 3A.1 (Table-3A.1_0.xlsx)
2016,Arunachal Pradesh,cases,367.0,2018,NCRB CII 2018 Table 3A.1 (Table-3A.1_0.xlsx)
2017,Arunachal Pradesh,cases,337.0,2018,NCRB CII 2018 Table 3A.1 (Table-3A.1_0.xlsx)
2018,Arunachal Pradesh,cases,368.0,2018,NCRB CII 2018 Table 3A.1 (Table-3A.1_0.xlsx)
2018,Arunachal Pradesh,pct_share_all_india,0.09728320780803484,2018,NCRB CII 2018 Table 3A.1 (Table-3A.1_0.xlsx)
2018,Arunachal Pradesh,midyear_female_population_lakh,7.2,2018,NCRB CII 2018 Table 3A.1 (Table-3A.1_0.xlsx)
2018,Arunachal Pradesh,crime_rate_per_lakh_women,51.11111111111111,2018,NCRB CII 2018 Table 3A.1 (Table-3A.1_0.xlsx)
2016,Assam,cases,20869.0,2018,NCRB CII 2018 Table 3A.1 (Table-3A.1_0.xlsx)
2017,Assam,cases,23082.0,2018,NCRB CII 2018 Table 3A.1 (Table-3A.1_0.xlsx)
2018,Assam,cases,27728.0,2018,NCRB CII 2018 Table 3A.1 (Table-3A.1_0.xlsx)
2018,Assam,pct_share_all_india,7.330078223101061,2018,NCRB CII 2018 Table 3A.1 (Table-3A.1_0.xlsx)
2018,Assam,midyear_female_population_lakh,167.0,2018,NCRB CII 2018 Table 3A.1 (Table-3A.1_0.xlsx)
2018,Assam,crime_rate_per_lakh_women,166.03592814371257,2018,NCRB CII 2018 Table 3A.1 (Table-3A.1_0.xlsx)
2016,Bihar,cases,13400.0,2018,NCRB CII 2018 Table 3A.1 (Table-3A.1_0.xlsx)
2017,Bihar,cases,14711.0,2018,NCRB CII 2018 Table 3A.1 (Table-3A.1_0.xlsx)
2018,Bihar,cases,16920.0,2018,NCRB CII 2018 Table 3A.1 (Table-3A.1_0.xlsx)
2018,Bihar,pct_share_all_india,4.472912706825951,2018,NCRB CII 2018 Table 3A.1 (Table-3A.1_0.xlsx)
2018,Bihar,midyear_female_population_lakh,567.4,2018,NCRB CII 2018 Table 3A.1 (Table-3A.1_0.xlsx)
2018,Bihar,crime_rate_per_lakh_women,29.820232640112796,2018,NCRB CII 2018 Table 3A.1 (Table-3A.1_0.xlsx)
2016,Chhattisgarh,cases,5947.0,2018,NCRB CII 2018 Table 3A.1 (Table-3A.1_0.xlsx)
2017,Chhattisgarh,cases,7996.0,2018,NCRB CII 2018 Table 3A.1 (Table-3A.1_0.xlsx)
2018,Chhattisgarh,cases,8587.0,2018,NCRB CII 2018 Table 3A.1 (Table-3A.1_0.xlsx)
2018,Chhattisgarh,pct_share_all_india,2.2700296343684654,2018,NCRB CII 2018 Table 3A.1 (Table-3A.1_0.xlsx)
2018,Chhattisgarh,midyear_female_population_lakh,141.9,2018,NCRB CII 2018 Table 3A.1 (Table-3A.1_0.xlsx)
2018,Chhattisgarh,crime_rate_per_lakh_women,60.514446793516555,2018,NCRB CII 2018 Table 3A.1 (Table-3A.1_0.xlsx)
2016,Goa,cases,371.0,2018,NCRB CII 2018 Table 3A.1 (Table-3A.1_0.xlsx)
2017,Goa,cases,369.0,2018,NCRB CII 2018 Table 3A.1 (Table-3A.1_0.xlsx)
2018,Goa,cases,362.0,2018,NCRB CII 2018 Table 3A.1 (Table-3A.1_0.xlsx)
2018,Goa,pct_share_all_india,0.09569706855029515,2018,NCRB CII 2018 Table 3A.1 (Table-3A.1_0.xlsx)
2018,Goa,midyear_female_population_lakh,7.6,2018,NCRB CII 2018 Table 3A.1 (Table-3A.1_0.xlsx)
2018,Goa,crime_rate_per_lakh_women,47.631578947368425,2018,NCRB CII 2018 Table 3A.1 (Table-3A.1_0.xlsx)
2016,Gujarat,cases,8532.0,2018,NCRB CII 2018 Table 3A.1 (Table-3A.1_0.xlsx)
2017,Gujarat,cases,8133.0,2018,NCRB CII 2018 Table 3A.1 (Table-3A.1_0.xlsx)
2018,Gujarat,cases,8329.0,2018,NCRB CII 2018 Table 3A.1 (Table-3A.1_0.xlsx)
2018,Gujarat,pct_share_all_india,2.2018256462856582,2018,NCRB CII 2018 Table 3A.1 (Table-3A.1_0.xlsx)
2018,Gujarat,midyear_female_population_lakh,320.7,2018,NCRB CII 2018 Table 3A.1 (Table-3A.1_0.xlsx)
2018,Gujarat,crime_rate_per_lakh_women,25.971312753352045,2018,NCRB CII 2018 Table 3A.1 (Table-3A.1_0.xlsx)
2016,Haryana,cases,9839.0,2018,NCRB CII 2018 Table 3A.1 (Table-3A.1_0.xlsx)
2017,Haryana,cases,11370.0,2018,NCRB CII 2018 Table 3A.1 (Table-3A.1_0.xlsx)
2018,Haryana,cases,14326.0,2018,NCRB CII 2018 Table 3A.1 (Table-3A.1_0.xlsx)
2018,Haryana,pct_share_all_india,3.787171834396487,2018,NCRB CII 2018 Table 3A.1 (Table-3A.1_0.xlsx)
2018,Haryana,midyear_female_population_lakh,133.3,2018,NCRB CII 2018 Table 3A.1 (Table-3A.1_0.xlsx)
2018,Haryana,crime_rate_per_lakh_women,107.47186796699174,2018,NCRB CII 2018 Table 3A.1 (Table-3A.1_0.xlsx)
2016,Himachal Pradesh,cases,1222.0,2018,NCRB CII 2018 Table 3A.1 (Table-3A.1_0.xlsx)
2017,Himachal Pradesh,cases,1246.0,2018,NCRB CII 2018 Table 3A.1 (Table-3A.1_0.xlsx)
2018,Himachal Pradesh,cases,1633.0,2018,NCRB CII 2018 Table 3A.1 (Table-3A.1_0.xlsx)
2018,Himachal Pradesh,pct_share_all_india,0.43169423464815465,2018,NCRB CII 2018 Table 3A.1 (Table-3A.1_0.xlsx)
2018,Himachal Pradesh,midyear_female_population_lakh,35.8,2018,NCRB CII 2018 Table 3A.1 (Table-3A.1_0.xlsx)
2018,Himachal Pradesh,crime_rate_per_lakh_women,45.614525139664806,2018,NCRB CII 2018 Table 3A.1 (Table-3A.1_0.xlsx)
2016,Jammu & Kashmir,cases,2850.0,2018,NCRB CII 2018 Table 3A.1 (Table-3A.1_0.xlsx)
2017,Jammu & Kashmir,cases,3129.0,2018,NCRB CII 2018 Table 3A.1 (Table-3A.1_0.xlsx)
2018,Jammu & Kashmir,cases,3437.0,2018,NCRB CII 2018 Table 3A.1 (Table-3A.1_0.xlsx)
2018,Jammu & Kashmir,pct_share_all_india,0.9085934381418908,2018,NCRB CII 2018 Table 3A.1 (Table-3A.1_0.xlsx)
2018,Jammu & Kashmir,midyear_female_population_lakh,63.6,2018,NCRB CII 2018 Table 3A.1 (Table-3A.1_0.xlsx)
2018,Jammu & Kashmir,crime_rate_per_lakh_women,54.040880503144656,2018,NCRB CII 2018 Table 3A.1 (Table-3A.1_0.xlsx)
2016,Jharkhand,cases,5453.0,2018,NCRB CII 2018 Table 3A.1 (Table-3A.1_0.xlsx)
2017,Jharkhand,cases,5911.0,2018,NCRB CII 2018 Table 3A.1 (Table-3A.1_0.xlsx)
2018,Jharkhand,cases,7083.0,2018,NCRB CII 2018 Table 3A.1 (Table-3A.1_0.xlsx)
2018,Jharkhand,pct_share_all_india,1.8724373937617143,2018,NCRB CII 2018 Table 3A.1 (Table-3A.1_0.xlsx)
2018,Jharkhand,midyear_female_population_lakh,180.6,2018,NCRB CII 2018 Table 3A.1 (Table-3A.1_0.xlsx)
2018,Jharkhand,crime_rate_per_lakh_women,39.21926910299003,2018,NCRB CII 2018 Table 3A.1 (Table-3A.1_0.xlsx)
2016,Karnataka,cases,14131.0,2018,NCRB CII 2018 Table 3A.1 (Table-3A.1_0.xlsx)
2017,Karnataka,cases,14078.0,2018,NCRB CII 2018 Table 3A.1 (Table-3A.1_0.xlsx)
2018,Karnataka,cases,13514.0,2018,NCRB CII 2018 Table 3A.1 (Table-3A.1_0.xlsx)
2018,Karnataka,pct_share_all_india,3.572514321515715,2018,NCRB CII 2018 Table 3A.1 (Table-3A.1_0.xlsx)
2018,Karnataka,midyear_female_population_lakh,322.6,2018,NCRB CII 2018 Table 3A.1 (Table-3A.1_0.xlsx)
2018,Karnataka,crime_rate_per_lakh_women,41.89088654680719,2018,NCRB CII 2018 Table 3A.1 (Table-3A.1_0.xlsx)
2016,Kerala,cases,10034.0,2018,NCRB CII 2018 Table 3A.1 (Table-3A.1_0.xlsx)
2017,Kerala,cases,11057.0,2018,NCRB CII 2018 Table 3A.1 (Table-3A.1_0.xlsx)
2018,Kerala,cases,10461.0,2018,NCRB CII 2018 Table 3A.1 (Table-3A.1_0.xlsx)
2018,Kerala,pct_share_all_india,2.7654337958691646,2018,NCRB CII 2018 Table 3A.1 (Table-3A.1_0.xlsx)
2018,Kerala,midyear_female_population_lakh,182.0,2018,NCRB CII 2018 Table 3A.1 (Table-3A.1_0.xlsx)
2018,Kerala,crime_rate_per_lakh_women,57.47802197802198,2018,NCRB CII 2018 Table 3A.1 (Table-3A.1_0.xlsx)
2016,Madhya Pradesh,cases,26604.0,2018,NCRB CII 2018 Table 3A.1 (Table-3A.1_0.xlsx)
2017,Madhya Pradesh,cases,29788.0,2018,NCRB CII 2018 Table 3A.1 (Table-3A.1_0.xlsx)
2018,Madhya Pradesh,cases,28942.0,2018,NCRB CII 2018 Table 3A.1 (Table-3A.1_0.xlsx)
2018,Madhya Pradesh,pct_share_all_india,7.651007066250393,2018,NCRB CII 2018 Table 3A.1 (Table-3A.1_0.xlsx)
2018,Madhya Pradesh,midyear_female_population_lakh,393.9,2018,NCRB CII 2018 Table 3A.1 (Table-3A.1_0.xlsx)
2018,Madhya Pradesh,crime_rate_per_lakh_women,73.47550139629348,2018,NCRB CII 2018 Table 3A.1 (Table-3A.1_0.xlsx)
2016,Maharashtra,cases,31388.0,2018,NCRB CII 2018 Table 3A.1 (Table-3A.1_0.xlsx)
2017,Maharashtra,cases,31979.0,2018,NCRB CII 2018 Table 3A.1 (Table-3A.1_0.xlsx)
2018,Maharashtra,cases,35497.0,2018,NCRB CII 2018 Table 3A.1 (Table-3A.1_0.xlsx)
2018,Maharashtra,pct_share_all_india,9.383864205331014,2018,NCRB CII 2018 Table 3A.1 (Table-3A.1_0.xlsx)
2018,Maharashtra,midyear_female_population_lakh,583.2,2018,NCRB CII 2018 Table 3A.1 (Table-3A.1_0.xlsx)
2018,Maharashtra,crime_rate_per_lakh_women,60.865912208504795,2018,NCRB CII 2018 Table 3A.1 (Table-3A.1_0.xlsx)
2016,Manipur,cases,253.0,2018,NCRB CII 2018 Table 3A.1 (Table-3A.1_0.xlsx)
2017,Manipur,cases,236.0,2018,NCRB CII 2018 Table 3A.1 (Table-3A.1_0.xlsx)
2018,Manipur,cases,271.0,2018,NCRB CII 2018 Table 3A.1 (Table-3A.1_0.xlsx)
2018,Manipur,pct_share_all_india,0.07164062314124306,2018,NCRB CII 2018 Table 3A.1 (Table-3A.1_0.xlsx)
2018,Manipur,midyear_female_population_lakh,15.3,2018,NCRB CII 2018 Table 3A.1 (Table-3A.1_0.xlsx)
2018,Manipur,crime_rate_per_lakh_women,17.712418300653592,2018,NCRB CII 2018 Table 3A.1 (Table-3A.1_0.xlsx)
2016,Meghalaya,cases,372.0,2018,NCRB CII 2018 Table 3A.1 (Table-3A.1_0.xlsx)
2017,Meghalaya,cases,567.0,2018,NCRB CII 2018 Table 3A.1 (Table-3A.1_0.xlsx)
2018,Meghalaya,cases,571.0,2018,NCRB CII 2018 Table 3A.1 (Table-3A.1_0.xlsx)
2018,Meghalaya,pct_share_all_india,0.150947586028228,2018,NCRB CII 2018 Table 3A.1 (Table-3A.1_0.xlsx)
2018,Meghalaya,midyear_female_population_lakh,16.0,2018,NCRB CII 2018 Table 3A.1 (Table-3A.1_0.xlsx)
2018,Meghalaya,crime_rate_per_lakh_women,35.6875,2018,NCRB CII 2018 Table 3A.1 (Table-3A.1_0.xlsx)
2016,Mizoram,cases,120.0,2018,NCRB CII 2018 Table 3A.1 (Table-3A.1_0.xlsx)
2017,Mizoram,cases,301.0,2018,NCRB CII 2018 Table 3A.1 (Table-3A.1_0.xlsx)
2018,Mizoram,cases,249.0,2018,NCRB CII 2018 Table 3A.1 (Table-3A.1_0.xlsx)
2018,Mizoram,pct_share_all_india,0.0658247791961975,2018,NCRB CII 2018 Table 3A.1 (Table-3A.1_0.xlsx)
2018,Mizoram,midyear_female_population_lakh,5.9,2018,NCRB CII 2018 Table 3A.1 (Table-3A.1_0.xlsx)
2018,Mizoram,crime_rate_per_lakh_women,42.20338983050847,2018,NCRB CII 2018 Table 3A.1 (Table-3A.1_0.xlsx)
2016,Nagaland,cases,105.0,2018,NCRB CII 2018 Table 3A.1 (Table-3A.1_0.xlsx)
2017,Nagaland,cases,79.0,2018,NCRB CII 2018 Table 3A.1 (Table-3A.1_0.xlsx)
2018,Nagaland,cases,75.0,2018,NCRB CII 2018 Table 3A.1 (Table-3A.1_0.xlsx)
2018,Nagaland,pct_share_all_india,0.01982674072174623,2018,NCRB CII 2018 Table 3A.1 (Table-3A.1_0.xlsx)
2018,Nagaland,midyear_female_population_lakh,10.3,2018,NCRB CII 2018 Table 3A.1 (Table-3A.1_0.xlsx)
2018,Nagaland,crime_rate_per_lakh_women,7.281553398058252,2018,NCRB CII 2018 Table 3A.1 (Table-3A.1_0.xlsx)
2016,Odisha,cases,17837.0,2018,NCRB CII 2018 Table 3A.1 (Table-3A.1_0.xlsx)
2017,Odisha,cases,20098.0,2018,NCRB CII 2018 Table 3A.1 (Table-3A.1_0.xlsx)
2018,Odisha,cases,20274.0,2018,NCRB CII 2018 Table 3A.1 (Table-3A.1_0.xlsx)
2018,Odisha,pct_share_all_india,5.359564551902442,2018,NCRB CII 2018 Table 3A.1 (Table-3A.1_0.xlsx)
2018,Odisha,midyear_female_population_lakh,222.1,2018,NCRB CII 2018 Table 3A.1 (Table-3A.1_0.xlsx)
2018,Odisha,crime_rate_per_lakh_women,91.28320576316975,2018,NCRB CII 2018 Table 3A.1 (Table-3A.1_0.xlsx)
2016,Punjab,cases,5105.0,2018,NCRB CII 2018 Table 3A.1 (Table-3A.1_0.xlsx)
2017,Punjab,cases,4620.0,2018,NCRB CII 2018 Table 3A.1 (Table-3A.1_0.xlsx)
2018,Punjab,cases,5302.0,2018,NCRB CII 2018 Table 3A.1 (Table-3A.1_0.xlsx)
2018,Punjab,pct_share_all_india,1.4016183907559805,2018,NCRB CII 2018 Table 3A.1 (Table-3A.1_0.xlsx)
2018,Punjab,midyear_female_population_lakh,140.7,2018,NCRB CII 2018 Table 3A.1 (Table-3A.1_0.xlsx)
2018,Punjab,crime_rate_per_lakh_women,37.68301350390903,2018,NCRB CII 2018 Table 3A.1 (Table-3A.1_0.xlsx)
2016,Rajasthan,cases,27422.0,2018,NCRB CII 2018 Table 3A.1 (Table-3A.1_0.xlsx)
2017,Rajasthan,cases,25993.0,2018,NCRB CII 2018 Table 3A.1 (Table-3A.1_0.xlsx)
2018,Rajasthan,cases,27866.0,2018,NCRB CII 2018 Table 3A.1 (Table-3A.1_0.xlsx)
2018,Rajasthan,pct_share_all_india,7.366559426029074,2018,NCRB CII 2018 Table 3A.1 (Table-3A.1_0.xlsx)
2018,Rajasthan,midyear_female_population_lakh,371.1,2018,NCRB CII 2018 Table 3A.1 (Table-3A.1_0.xlsx)
2018,Rajasthan,crime_rate_per_lakh_women,75.09027216383724,2018,NCRB CII 2018 Table 3A.1 (Table-3A.1_0.xlsx)
2016,Sikkim,cases,153.0,2018,NCRB CII 2018 Table 3A.1 (Table-3A.1_0.xlsx)
2017,Sikkim,cases,163.0,2018,NCRB CII 2018 Table 3A.1 (Table-3A.1_0.xlsx)
2018,Sikkim,cases,172.0,2018,NCRB CII 2018 Table 3A.1 (Table-3A.1_0.xlsx)
2018,Sikkim,pct_share_all_india,0.045469325388538026,2018,NCRB CII 2018 Table 3A.1 (Table-3A.1_0.xlsx)
2018,Sikkim,midyear_female_population_lakh,3.1,2018,NCRB CII 2018 Table 3A.1 (Table-3A.1_0.xlsx)
2018,Sikkim,crime_rate_per_lakh_women,55.483870967741936,2018,NCRB CII 2018 Table 3A.1 (Table-3A.1_0.xlsx)
2016,Tamil Nadu,cases,4463.0,2018,NCRB CII 2018 Table 3A.1 (Table-3A.1_0.xlsx)
2017,Tamil Nadu,cases,5397.0,2018,NCRB CII 2018 Table 3A.1 (Table-3A.1_0.xlsx)
2018,Tamil Nadu,cases,5822.0,2018,NCRB CII 2018 Table 3A.1 (Table-3A.1_0.xlsx)
2018,Tamil Nadu,pct_share_all_india,1.539083793093421,2018,NCRB CII 2018 Table 3A.1 (Table-3A.1_0.xlsx)
2018,Tamil Nadu,midyear_female_population_lakh,377.3,2018,NCRB CII 2018 Table 3A.1 (Table-3A.1_0.xlsx)
2018,Tamil Nadu,crime_rate_per_lakh_women,15.43069175722237,2018,NCRB CII 2018 Table 3A.1 (Table-3A.1_0.xlsx)
2016,Telangana,cases,15374.0,2018,NCRB CII 2018 Table 3A.1 (Table-3A.1_0.xlsx)
2017,Telangana,cases,17521.0,2018,NCRB CII 2018 Table 3A.1 (Table-3A.1_0.xlsx)
2018,Telangana,cases,16027.0,2018,NCRB CII 2018 Table 3A.1 (Table-3A.1_0.xlsx)
2018,Telangana,pct_share_all_india,4.236842313965692,2018,NCRB CII 2018 Table 3A.1 (Table-3A.1_0.xlsx)
2018,Telangana,midyear_female_population_lakh,184.0,2018,NCRB CII 2018 Table 3A.1 (Table-3A.1_0.xlsx)
2018,Telangana,crime_rate_per_lakh_women,87.10326086956522,2018,NCRB CII 2018 Table 3A.1 (Table-3A.1_0.xlsx)
2016,Tripura,cases,1013.0,2018,NCRB CII 2018 Table 3A.1 (Table-3A.1_0.xlsx)
2017,Tripura,cases,972.0,2018,NCRB CII 2018 Table 3A.1 (Table-3A.1_0.xlsx)
2018,Tripura,cases,907.0,2018,NCRB CII 2018 Table 3A.1 (Table-3A.1_0.xlsx)
2018,Tripura,pct_share_all_india,0.23977138446165114,2018,NCRB CII 2018 Table 3A.1 (Table-3A.1_0.xlsx)
2018,Tripura,midyear_female_population_lakh,19.5,2018,NCRB CII 2018 Table 3A.1 (Table-3A.1_0.xlsx)
2018,Tripura,crime_rate_per_lakh_women,46.51282051282051,2018,NCRB CII 2018 Table 3A.1 (Table-3A.1_0.xlsx)
2016,Uttar Pradesh,cases,49262.0,2018,NCRB CII 2018 Table 3A.1 (Table-3A.1_0.xlsx)
2017,Uttar Pradesh,cases,56011.0,2018,NCRB CII 2018 Table 3A.1 (Table-3A.1_0.xlsx)
2018,Uttar Pradesh,cases,59445.0,2018,NCRB CII 2018 Table 3A.1 (Table-3A.1_0.xlsx)
2018,Uttar Pradesh,pct_share_all_india,15.714674696056063,2018,NCRB CII 2018 Table 3A.1 (Table-3A.1_0.xlsx)
2018,Uttar Pradesh,midyear_female_population_lakh,1066.8,2018,NCRB CII 2018 Table 3A.1 (Table-3A.1_0.xlsx)
2018,Uttar Pradesh,crime_rate_per_lakh_women,55.72272215973003,2018,NCRB CII 2018 Table 3A.1 (Table-3A.1_0.xlsx)
2016,Uttarakhand,cases,1588.0,2018,NCRB CII 2018 Table 3A.1 (Table-3A.1_0.xlsx)
2017,Uttarakhand,cases,1944.0,2018,NCRB CII 2018 Table 3A.1 (Table-3A.1_0.xlsx)
2018,Uttarakhand,cases,2817.0,2018,NCRB CII 2018 Table 3A.1 (Table-3A.1_0.xlsx)
2018,Uttarakhand,pct_share_all_india,0.7446923815087886,2018,NCRB CII 2018 Table 3A.1 (Table-3A.1_0.xlsx)
2018,Uttarakhand,midyear_female_population_lakh,54.0,2018,NCRB CII 2018 Table 3A.1 (Table-3A.1_0.xlsx)
2018,Uttarakhand,crime_rate_per_lakh_women,52.166666666666664,2018,NCRB CII 2018 Table 3A.1 (Table-3A.1_0.xlsx)
2016,West Bengal,cases,32513.0,2018,NCRB CII 2018 Table 3A.1 (Table-3A.1_0.xlsx)
2017,West Bengal,cases,30992.0,2018,NCRB CII 2018 Table 3A.1 (Table-3A.1_0.xlsx)
2018,West Bengal,cases,30394.0,2018,NCRB CII 2018 Table 3A.1 (Table-3A.1_0.xlsx)
2018,West Bengal,pct_share_all_india,8.0348527666234,2018,NCRB CII 2018 Table 3A.1 (Table-3A.1_0.xlsx)
2018,West Bengal,midyear_female_population_lakh,471.7,2018,NCRB CII 2018 Table 3A.1 (Table-3A.1_0.xlsx)
2018,West Bengal,crime_rate_per_lakh_women,64.43502225991097,2018,NCRB CII 2018 Table 3A.1 (Table-3A.1_0.xlsx)
2016,Andaman & Nicobar Islands,cases,108.0,2018,NCRB CII 2018 Table 3A.1 (Table-3A.1_0.xlsx)
2017,Andaman & Nicobar Islands,cases,132.0,2018,NCRB CII 2018 Table 3A.1 (Table-3A.1_0.xlsx)
2018,Andaman & Nicobar Islands,cases,147.0,2018,NCRB CII 2018 Table 3A.1 (Table-3A.1_0.xlsx)
2018,Andaman & Nicobar Islands,pct_share_all_india,0.03886041181462262,2018,NCRB CII 2018 Table 3A.1 (Table-3A.1_0.xlsx)
2018,Andaman & Nicobar Islands,midyear_female_population_lakh,1.9,2018,NCRB CII 2018 Table 3A.1 (Table-3A.1_0.xlsx)
2018,Andaman & Nicobar Islands,crime_rate_per_lakh_women,77.36842105263159,2018,NCRB CII 2018 Table 3A.1 (Table-3A.1_0.xlsx)
2016,Chandigarh,cases,414.0,2018,NCRB CII 2018 Table 3A.1 (Table-3A.1_0.xlsx)
2017,Chandigarh,cases,453.0,2018,NCRB CII 2018 Table 3A.1 (Table-3A.1_0.xlsx)
2018,Chandigarh,cases,442.0,2018,NCRB CII 2018 Table 3A.1 (Table-3A.1_0.xlsx)
2018,Chandigarh,pct_share_all_india,0.11684559198682445,2018,NCRB CII 2018 Table 3A.1 (Table-3A.1_0.xlsx)
2018,Chandigarh,midyear_female_population_lakh,5.3,2018,NCRB CII 2018 Table 3A.1 (Table-3A.1_0.xlsx)
2018,Chandigarh,crime_rate_per_lakh_women,83.39622641509435,2018,NCRB CII 2018 Table 3A.1 (Table-3A.1_0.xlsx)
2016,Dadra & Nagar Haveli and Daman & Diu,cases,69.0,2018,NCRB CII 2018 Table 3A.1 (Table-3A.1_0.xlsx)
2017,Dadra & Nagar Haveli and Daman & Diu,cases,46.0,2018,NCRB CII 2018 Table 3A.1 (Table-3A.1_0.xlsx)
2018,Dadra & Nagar Haveli and Daman & Diu,cases,54.0,2018,NCRB CII 2018 Table 3A.1 (Table-3A.1_0.xlsx)
2016,Delhi,cases,15310.0,2018,NCRB CII 2018 Table 3A.1 (Table-3A.1_0.xlsx)
2017,Delhi,cases,13076.0,2018,NCRB CII 2018 Table 3A.1 (Table-3A.1_0.xlsx)
2018,Delhi,cases,13640.0,2018,NCRB CII 2018 Table 3A.1 (Table-3A.1_0.xlsx)
2018,Delhi,pct_share_all_india,3.6058232459282484,2018,NCRB CII 2018 Table 3A.1 (Table-3A.1_0.xlsx)
2018,Delhi,midyear_female_population_lakh,91.2,2018,NCRB CII 2018 Table 3A.1 (Table-3A.1_0.xlsx)
2018,Delhi,crime_rate_per_lakh_women,149.56140350877192,2018,NCRB CII 2018 Table 3A.1 (Table-3A.1_0.xlsx)
2016,Lakshadweep,cases,9.0,2018,NCRB CII 2018 Table 3A.1 (Table-3A.1_0.xlsx)
2017,Lakshadweep,cases,6.0,2018,NCRB CII 2018 Table 3A.1 (Table-3A.1_0.xlsx)
2018,Lakshadweep,cases,11.0,2018,NCRB CII 2018 Table 3A.1 (Table-3A.1_0.xlsx)
2018,Lakshadweep,pct_share_all_india,0.002907921972522781,2018,NCRB CII 2018 Table 3A.1 (Table-3A.1_0.xlsx)
2018,Lakshadweep,midyear_female_population_lakh,0.3,2018,NCRB CII 2018 Table 3A.1 (Table-3A.1_0.xlsx)
2018,Lakshadweep,crime_rate_per_lakh_women,36.66666666666667,2018,NCRB CII 2018 Table 3A.1 (Table-3A.1_0.xlsx)
2016,Puducherry,cases,95.0,2018,NCRB CII 2018 Table 3A.1 (Table-3A.1_0.xlsx)
2017,Puducherry,cases,147.0,2018,NCRB CII 2018 Table 3A.1 (Table-3A.1_0.xlsx)
2018,Puducherry,cases,166.0,2018,NCRB CII 2018 Table 3A.1 (Table-3A.1_0.xlsx)
2018,Puducherry,pct_share_all_india,0.04388318613079833,2018,NCRB CII 2018 Table 3A.1 (Table-3A.1_0.xlsx)
2018,Puducherry,midyear_female_population_lakh,7.7,2018,NCRB CII 2018 Table 3A.1 (Table-3A.1_0.xlsx)
2018,Puducherry,crime_rate_per_lakh_women,21.558441558441558,2018,NCRB CII 2018 Table 3A.1 (Table-3A.1_0.xlsx)
2016,All India,cases,338954.0,2018,NCRB CII 2018 Table 3A.1 (Table-3A.1_0.xlsx)
2017,All India,cases,359849.0,2018,NCRB CII 2018 Table 3A.1 (Table-3A.1_0.xlsx)
2018,All India,cases,378277.0,2018,NCRB CII 2018 Table 3A.1 (Table-3A.1_0.xlsx)
2018,All India,pct_share_all_india,100.0,2018,NCRB CII 2018 Table 3A.1 (Table-3A.1_0.xlsx)
2018,All India,midyear_female_population_lakh,6434.4,2018,NCRB CII 2018 Table 3A.1 (Table-3A.1_0.xlsx)
2018,All India,crime_rate_per_lakh_women,58.789786149446726,2018,NCRB CII 2018 Table 3A.1 (Table-3A.1_0.xlsx)
2017,Andhra Pradesh,cases,17909.0,2019,NCRB CII 2019 Table 3A.1 (TABLE-3A.1.xlsx)
2018,Andhra Pradesh,cases,16438.0,2019,NCRB CII 2019 Table 3A.1 (TABLE-3A.1.xlsx)
2019,Andhra Pradesh,cases,17746.0,2019,NCRB CII 2019 Table 3A.1 (TABLE-3A.1.xlsx)
2019,Andhra Pradesh,pct_share_all_india,4.4,2019,NCRB CII 2019 Table 3A.1 (TABLE-3A.1.xlsx)
2019,Andhra Pradesh,midyear_female_population_lakh,261.4,2019,NCRB CII 2019 Table 3A.1 (TABLE-3A.1.xlsx)
2019,Andhra Pradesh,crime_rate_per_lakh_women,67.9,2019,NCRB CII 2019 Table 3A.1 (TABLE-3A.1.xlsx)
2017,Arunachal Pradesh,cases,337.0,2019,NCRB CII 2019 Table 3A.1 (TABLE-3A.1.xlsx)
2018,Arunachal Pradesh,cases,368.0,2019,NCRB CII 2019 Table 3A.1 (TABLE-3A.1.xlsx)
2019,Arunachal Pradesh,cases,317.0,2019,NCRB CII 2019 Table 3A.1 (TABLE-3A.1.xlsx)
2019,Arunachal Pradesh,pct_share_all_india,0.1,2019,NCRB CII 2019 Table 3A.1 (TABLE-3A.1.xlsx)
2019,Arunachal Pradesh,midyear_female_population_lakh,7.3,2019,NCRB CII 2019 Table 3A.1 (TABLE-3A.1.xlsx)
2019,Arunachal Pradesh,crime_rate_per_lakh_women,43.3,2019,NCRB CII 2019 Table 3A.1 (TABLE-3A.1.xlsx)
2017,Assam,cases,23082.0,2019,NCRB CII 2019 Table 3A.1 (TABLE-3A.1.xlsx)
2018,Assam,cases,27687.0,2019,NCRB CII 2019 Table 3A.1 (TABLE-3A.1.xlsx)
2019,Assam,cases,30025.0,2019,NCRB CII 2019 Table 3A.1 (TABLE-3A.1.xlsx)
2019,Assam,pct_share_all_india,7.4,2019,NCRB CII 2019 Table 3A.1 (TABLE-3A.1.xlsx)
2019,Assam,midyear_female_population_lakh,168.9,2019,NCRB CII 2019 Table 3A.1 (TABLE-3A.1.xlsx)
2019,Assam,crime_rate_per_lakh_women,177.8,2019,NCRB CII 2019 Table 3A.1 (TABLE-3A.1.xlsx)
2017,Bihar,cases,14711.0,2019,NCRB CII 2019 Table 3A.1 (TABLE-3A.1.xlsx)
2018,Bihar,cases,16920.0,2019,NCRB CII 2019 Table 3A.1 (TABLE-3A.1.xlsx)
2019,Bihar,cases,18587.0,2019,NCRB CII 2019 Table 3A.1 (TABLE-3A.1.xlsx)
2019,Bihar,pct_share_all_india,4.6,2019,NCRB CII 2019 Table 3A.1 (TABLE-3A.1.xlsx)
2019,Bihar,midyear_female_population_lakh,576.2,2019,NCRB CII 2019 Table 3A.1 (TABLE-3A.1.xlsx)
2019,Bihar,crime_rate_per_lakh_women,32.3,2019,NCRB CII 2019 Table 3A.1 (TABLE-3A.1.xlsx)
2017,Chhattisgarh,cases,7996.0,2019,NCRB CII 2019 Table 3A.1 (TABLE-3A.1.xlsx)
2018,Chhattisgarh,cases,8587.0,2019,NCRB CII 2019 Table 3A.1 (TABLE-3A.1.xlsx)
2019,Chhattisgarh,cases,7689.0,2019,NCRB CII 2019 Table 3A.1 (TABLE-3A.1.xlsx)
2019,Chhattisgarh,pct_share_all_india,1.9,2019,NCRB CII 2019 Table 3A.1 (TABLE-3A.1.xlsx)
2019,Chhattisgarh,midyear_female_population_lakh,143.8,2019,NCRB CII 2019 Table 3A.1 (TABLE-3A.1.xlsx)
2019,Chhattisgarh,crime_rate_per_lakh_women,53.5,2019,NCRB CII 2019 Table 3A.1 (TABLE-3A.1.xlsx)
2017,Goa,cases,369.0,2019,NCRB CII 2019 Table 3A.1 (TABLE-3A.1.xlsx)
2018,Goa,cases,362.0,2019,NCRB CII 2019 Table 3A.1 (TABLE-3A.1.xlsx)
2019,Goa,cases,329.0,2019,NCRB CII 2019 Table 3A.1 (TABLE-3A.1.xlsx)
2019,Goa,pct_share_all_india,0.1,2019,NCRB CII 2019 Table 3A.1 (TABLE-3A.1.xlsx)
2019,Goa,midyear_female_population_lakh,7.6,2019,NCRB CII 2019 Table 3A.1 (TABLE-3A.1.xlsx)
2019,Goa,crime_rate_per_lakh_women,43.1,2019,NCRB CII 2019 Table 3A.1 (TABLE-3A.1.xlsx)
2017,Gujarat,cases,8133.0,2019,NCRB CII 2019 Table 3A.1 (TABLE-3A.1.xlsx)
2018,Gujarat,cases,8329.0,2019,NCRB CII 2019 Table 3A.1 (TABLE-3A.1.xlsx)
2019,Gujarat,cases,8799.0,2019,NCRB CII 2019 Table 3A.1 (TABLE-3A.1.xlsx)
2019,Gujarat,pct_share_all_india,2.2,2019,NCRB CII 2019 Table 3A.1 (TABLE-3A.1.xlsx)
2019,Gujarat,midyear_female_population_lakh,324.9,2019,NCRB CII 2019 Table 3A.1 (TABLE-3A.1.xlsx)
2019,Gujarat,crime_rate_per_lakh_women,27.1,2019,NCRB CII 2019 Table 3A.1 (TABLE-3A.1.xlsx)
2017,Haryana,cases,11370.0,2019,NCRB CII 2019 Table 3A.1 (TABLE-3A.1.xlsx)
2018,Haryana,cases,14326.0,2019,NCRB CII 2019 Table 3A.1 (TABLE-3A.1.xlsx)
2019,Haryana,cases,14683.0,2019,NCRB CII 2019 Table 3A.1 (TABLE-3A.1.xlsx)
2019,Haryana,pct_share_all_india,3.6,2019,NCRB CII 2019 Table 3A.1 (TABLE-3A.1.xlsx)
2019,Haryana,midyear_female_population_lakh,135.3,2019,NCRB CII 2019 Table 3A.1 (TABLE-3A.1.xlsx)
2019,Haryana,crime_rate_per_lakh_women,108.5,2019,NCRB CII 2019 Table 3A.1 (TABLE-3A.1.xlsx)
2017,Himachal Pradesh,cases,1246.0,2019,NCRB CII 2019 Table 3A.1 (TABLE-3A.1.xlsx)
2018,Himachal Pradesh,cases,1633.0,2019,NCRB CII 2019 Table 3A.1 (TABLE-3A.1.xlsx)
2019,Himachal Pradesh,cases,1636.0,2019,NCRB CII 2019 Table 3A.1 (TABLE-3A.1.xlsx)
2019,Himachal Pradesh,pct_share_all_india,0.4,2019,NCRB CII 2019 Table 3A.1 (TABLE-3A.1.xlsx)
2019,Himachal Pradesh,midyear_female_population_lakh,36.1,2019,NCRB CII 2019 Table 3A.1 (TABLE-3A.1.xlsx)
2019,Himachal Pradesh,crime_rate_per_lakh_women,45.4,2019,NCRB CII 2019 Table 3A.1 (TABLE-3A.1.xlsx)
2017,Jammu & Kashmir,cases,3129.0,2019,NCRB CII 2019 Table 3A.1 (TABLE-3A.1.xlsx)
2018,Jammu & Kashmir,cases,3437.0,2019,NCRB CII 2019 Table 3A.1 (TABLE-3A.1.xlsx)
2019,Jammu & Kashmir,cases,3069.0,2019,NCRB CII 2019 Table 3A.1 (TABLE-3A.1.xlsx)
2019,Jammu & Kashmir,pct_share_all_india,0.8,2019,NCRB CII 2019 Table 3A.1 (TABLE-3A.1.xlsx)
2019,Jammu & Kashmir,midyear_female_population_lakh,64.2,2019,NCRB CII 2019 Table 3A.1 (TABLE-3A.1.xlsx)
2019,Jammu & Kashmir,crime_rate_per_lakh_women,47.8,2019,NCRB CII 2019 Table 3A.1 (TABLE-3A.1.xlsx)
2017,Jharkhand,cases,5911.0,2019,NCRB CII 2019 Table 3A.1 (TABLE-3A.1.xlsx)
2018,Jharkhand,cases,7083.0,2019,NCRB CII 2019 Table 3A.1 (TABLE-3A.1.xlsx)
2019,Jharkhand,cases,8760.0,2019,NCRB CII 2019 Table 3A.1 (TABLE-3A.1.xlsx)
2019,Jharkhand,pct_share_all_india,2.2,2019,NCRB CII 2019 Table 3A.1 (TABLE-3A.1.xlsx)
2019,Jharkhand,midyear_female_population_lakh,183.3,2019,NCRB CII 2019 Table 3A.1 (TABLE-3A.1.xlsx)
2019,Jharkhand,crime_rate_per_lakh_women,47.8,2019,NCRB CII 2019 Table 3A.1 (TABLE-3A.1.xlsx)
2017,Karnataka,cases,14078.0,2019,NCRB CII 2019 Table 3A.1 (TABLE-3A.1.xlsx)
2018,Karnataka,cases,13514.0,2019,NCRB CII 2019 Table 3A.1 (TABLE-3A.1.xlsx)
2019,Karnataka,cases,13828.0,2019,NCRB CII 2019 Table 3A.1 (TABLE-3A.1.xlsx)
2019,Karnataka,pct_share_all_india,3.4,2019,NCRB CII 2019 Table 3A.1 (TABLE-3A.1.xlsx)
2019,Karnataka,midyear_female_population_lakh,325.1,2019,NCRB CII 2019 Table 3A.1 (TABLE-3A.1.xlsx)
2019,Karnataka,crime_rate_per_lakh_women,42.5,2019,NCRB CII 2019 Table 3A.1 (TABLE-3A.1.xlsx)
2017,Kerala,cases,11057.0,2019,NCRB CII 2019 Table 3A.1 (TABLE-3A.1.xlsx)
2018,Kerala,cases,10461.0,2019,NCRB CII 2019 Table 3A.1 (TABLE-3A.1.xlsx)
2019,Kerala,cases,11462.0,2019,NCRB CII 2019 Table 3A.1 (TABLE-3A.1.xlsx)
2019,Kerala,pct_share_all_india,2.8,2019,NCRB CII 2019 Table 3A.1 (TABLE-3A.1.xlsx)
2019,Kerala,midyear_female_population_lakh,182.9,2019,NCRB CII 2019 Table 3A.1 (TABLE-3A.1.xlsx)
2019,Kerala,crime_rate_per_lakh_women,62.7,2019,NCRB CII 2019 Table 3A.1 (TABLE-3A.1.xlsx)
2017,Madhya Pradesh,cases,29788.0,2019,NCRB CII 2019 Table 3A.1 (TABLE-3A.1.xlsx)
2018,Madhya Pradesh,cases,28942.0,2019,NCRB CII 2019 Table 3A.1 (TABLE-3A.1.xlsx)
2019,Madhya Pradesh,cases,27560.0,2019,NCRB CII 2019 Table 3A.1 (TABLE-3A.1.xlsx)
2019,Madhya Pradesh,pct_share_all_india,6.8,2019,NCRB CII 2019 Table 3A.1 (TABLE-3A.1.xlsx)
2019,Madhya Pradesh,midyear_female_population_lakh,399.6,2019,NCRB CII 2019 Table 3A.1 (TABLE-3A.1.xlsx)
2019,Madhya Pradesh,crime_rate_per_lakh_women,69.0,2019,NCRB CII 2019 Table 3A.1 (TABLE-3A.1.xlsx)
2017,Maharashtra,cases,31979.0,2019,NCRB CII 2019 Table 3A.1 (TABLE-3A.1.xlsx)
2018,Maharashtra,cases,35497.0,2019,NCRB CII 2019 Table 3A.1 (TABLE-3A.1.xlsx)
2019,Maharashtra,cases,37144.0,2019,NCRB CII 2019 Table 3A.1 (TABLE-3A.1.xlsx)
2019,Maharashtra,pct_share_all_india,9.2,2019,NCRB CII 2019 Table 3A.1 (TABLE-3A.1.xlsx)
2019,Maharashtra,midyear_female_population_lakh,588.5,2019,NCRB CII 2019 Table 3A.1 (TABLE-3A.1.xlsx)
2019,Maharashtra,crime_rate_per_lakh_women,63.1,2019,NCRB CII 2019 Table 3A.1 (TABLE-3A.1.xlsx)
2017,Manipur,cases,236.0,2019,NCRB CII 2019 Table 3A.1 (TABLE-3A.1.xlsx)
2018,Manipur,cases,271.0,2019,NCRB CII 2019 Table 3A.1 (TABLE-3A.1.xlsx)
2019,Manipur,cases,266.0,2019,NCRB CII 2019 Table 3A.1 (TABLE-3A.1.xlsx)
2019,Manipur,pct_share_all_india,0.1,2019,NCRB CII 2019 Table 3A.1 (TABLE-3A.1.xlsx)
2019,Manipur,midyear_female_population_lakh,15.5,2019,NCRB CII 2019 Table 3A.1 (TABLE-3A.1.xlsx)
2019,Manipur,crime_rate_per_lakh_women,17.2,2019,NCRB CII 2019 Table 3A.1 (TABLE-3A.1.xlsx)
2017,Meghalaya,cases,567.0,2019,NCRB CII 2019 Table 3A.1 (TABLE-3A.1.xlsx)
2018,Meghalaya,cases,571.0,2019,NCRB CII 2019 Table 3A.1 (TABLE-3A.1.xlsx)
2019,Meghalaya,cases,558.0,2019,NCRB CII 2019 Table 3A.1 (TABLE-3A.1.xlsx)
2019,Meghalaya,pct_share_all_india,0.1,2019,NCRB CII 2019 Table 3A.1 (TABLE-3A.1.xlsx)
2019,Meghalaya,midyear_female_population_lakh,16.1,2019,NCRB CII 2019 Table 3A.1 (TABLE-3A.1.xlsx)
2019,Meghalaya,crime_rate_per_lakh_women,34.6,2019,NCRB CII 2019 Table 3A.1 (TABLE-3A.1.xlsx)
2017,Mizoram,cases,301.0,2019,NCRB CII 2019 Table 3A.1 (TABLE-3A.1.xlsx)
2018,Mizoram,cases,249.0,2019,NCRB CII 2019 Table 3A.1 (TABLE-3A.1.xlsx)
2019,Mizoram,cases,170.0,2019,NCRB CII 2019 Table 3A.1 (TABLE-3A.1.xlsx)
2019,Mizoram,pct_share_all_india,0.0,2019,NCRB CII 2019 Table 3A.1 (TABLE-3A.1.xlsx)
2019,Mizoram,midyear_female_population_lakh,5.9,2019,NCRB CII 2019 Table 3A.1 (TABLE-3A.1.xlsx)
2019,Mizoram,crime_rate_per_lakh_women,28.7,2019,NCRB CII 2019 Table 3A.1 (TABLE-3A.1.xlsx)
2017,Nagaland,cases,79.0,2019,NCRB CII 2019 Table 3A.1 (TABLE-3A.1.xlsx)
2018,Nagaland,cases,75.0,2019,NCRB CII 2019 Table 3A.1 (TABLE-3A.1.xlsx)
2019,Nagaland,cases,43.0,2019,NCRB CII 2019 Table 3A.1 (TABLE-3A.1.xlsx)
2019,Nagaland,pct_share_all_india,0.0,2019,NCRB CII 2019 Table 3A.1 (TABLE-3A.1.xlsx)
2019,Nagaland,midyear_female_population_lakh,10.4,2019,NCRB CII 2019 Table 3A.1 (TABLE-3A.1.xlsx)
2019,Nagaland,crime_rate_per_lakh_women,4.1,2019,NCRB CII 2019 Table 3A.1 (TABLE-3A.1.xlsx)
2017,Odisha,cases,20098.0,2019,NCRB CII 2019 Table 3A.1 (TABLE-3A.1.xlsx)
2018,Odisha,cases,20274.0,2019,NCRB CII 2019 Table 3A.1 (TABLE-3A.1.xlsx)
2019,Odisha,cases,23183.0,2019,NCRB CII 2019 Table 3A.1 (TABLE-3A.1.xlsx)
2019,Odisha,pct_share_all_india,5.7,2019,NCRB CII 2019 Table 3A.1 (TABLE-3A.1.xlsx)
2019,Odisha,midyear_female_population_lakh,223.9,2019,NCRB CII 2019 Table 3A.1 (TABLE-3A.1.xlsx)
2019,Odisha,crime_rate_per_lakh_women,103.5,2019,NCRB CII 2019 Table 3A.1 (TABLE-3A.1.xlsx)
2017,Punjab,cases,4620.0,2019,NCRB CII 2019 Table 3A.1 (TABLE-3A.1.xlsx)
2018,Punjab,cases,5302.0,2019,NCRB CII 2019 Table 3A.1 (TABLE-3A.1.xlsx)
2019,Punjab,cases,5886.0,2019,NCRB CII 2019 Table 3A.1 (TABLE-3A.1.xlsx)
2019,Punjab,pct_share_all_india,1.5,2019,NCRB CII 2019 Table 3A.1 (TABLE-3A.1.xlsx)
2019,Punjab,midyear_female_population_lakh,141.9,2019,NCRB CII 2019 Table 3A.1 (TABLE-3A.1.xlsx)
2019,Punjab,crime_rate_per_lakh_women,41.5,2019,NCRB CII 2019 Table 3A.1 (TABLE-3A.1.xlsx)
2017,Rajasthan,cases,25993.0,2019,NCRB CII 2019 Table 3A.1 (TABLE-3A.1.xlsx)
2018,Rajasthan,cases,27866.0,2019,NCRB CII 2019 Table 3A.1 (TABLE-3A.1.xlsx)
2019,Rajasthan,cases,41550.0,2019,NCRB CII 2019 Table 3A.1 (TABLE-3A.1.xlsx)
2019,Rajasthan,pct_share_all_india,10.2,2019,NCRB CII 2019 Table 3A.1 (TABLE-3A.1.xlsx)
2019,Rajasthan,midyear_female_population_lakh,376.4,2019,NCRB CII 2019 Table 3A.1 (TABLE-3A.1.xlsx)
2019,Rajasthan,crime_rate_per_lakh_women,110.4,2019,NCRB CII 2019 Table 3A.1 (TABLE-3A.1.xlsx)
2017,Sikkim,cases,163.0,2019,NCRB CII 2019 Table 3A.1 (TABLE-3A.1.xlsx)
2018,Sikkim,cases,172.0,2019,NCRB CII 2019 Table 3A.1 (TABLE-3A.1.xlsx)
2019,Sikkim,cases,125.0,2019,NCRB CII 2019 Table 3A.1 (TABLE-3A.1.xlsx)
2019,Sikkim,pct_share_all_india,0.0,2019,NCRB CII 2019 Table 3A.1 (TABLE-3A.1.xlsx)
2019,Sikkim,midyear_female_population_lakh,3.1,2019,NCRB CII 2019 Table 3A.1 (TABLE-3A.1.xlsx)
2019,Sikkim,crime_rate_per_lakh_women,39.8,2019,NCRB CII 2019 Table 3A.1 (TABLE-3A.1.xlsx)
2017,Tamil Nadu,cases,5397.0,2019,NCRB CII 2019 Table 3A.1 (TABLE-3A.1.xlsx)
2018,Tamil Nadu,cases,5822.0,2019,NCRB CII 2019 Table 3A.1 (TABLE-3A.1.xlsx)
2019,Tamil Nadu,cases,5934.0,2019,NCRB CII 2019 Table 3A.1 (TABLE-3A.1.xlsx)
2019,Tamil Nadu,pct_share_all_india,1.5,2019,NCRB CII 2019 Table 3A.1 (TABLE-3A.1.xlsx)
2019,Tamil Nadu,midyear_female_population_lakh,379.2,2019,NCRB CII 2019 Table 3A.1 (TABLE-3A.1.xlsx)
2019,Tamil Nadu,crime_rate_per_lakh_women,15.6,2019,NCRB CII 2019 Table 3A.1 (TABLE-3A.1.xlsx)
2017,Telangana,cases,17521.0,2019,NCRB CII 2019 Table 3A.1 (TABLE-3A.1.xlsx)
2018,Telangana,cases,16027.0,2019,NCRB CII 2019 Table 3A.1 (TABLE-3A.1.xlsx)
2019,Telangana,cases,18394.0,2019,NCRB CII 2019 Table 3A.1 (TABLE-3A.1.xlsx)
2019,Telangana,pct_share_all_india,4.5,2019,NCRB CII 2019 Table 3A.1 (TABLE-3A.1.xlsx)
2019,Telangana,midyear_female_population_lakh,185.3,2019,NCRB CII 2019 Table 3A.1 (TABLE-3A.1.xlsx)
2019,Telangana,crime_rate_per_lakh_women,99.3,2019,NCRB CII 2019 Table 3A.1 (TABLE-3A.1.xlsx)
2017,Tripura,cases,972.0,2019,NCRB CII 2019 Table 3A.1 (TABLE-3A.1.xlsx)
2018,Tripura,cases,907.0,2019,NCRB CII 2019 Table 3A.1 (TABLE-3A.1.xlsx)
2019,Tripura,cases,1070.0,2019,NCRB CII 2019 Table 3A.1 (TABLE-3A.1.xlsx)
2019,Tripura,pct_share_all_india,0.3,2019,NCRB CII 2019 Table 3A.1 (TABLE-3A.1.xlsx)
2019,Tripura,midyear_female_population_lakh,19.7,2019,NCRB CII 2019 Table 3A.1 (TABLE-3A.1.xlsx)
2019,Tripura,crime_rate_per_lakh_women,54.5,2019,NCRB CII 2019 Table 3A.1 (TABLE-3A.1.xlsx)
2017,Uttar Pradesh,cases,56011.0,2019,NCRB CII 2019 Table 3A.1 (TABLE-3A.1.xlsx)
2018,Uttar Pradesh,cases,59445.0,2019,NCRB CII 2019 Table 3A.1 (TABLE-3A.1.xlsx)
2019,Uttar Pradesh,cases,59853.0,2019,NCRB CII 2019 Table 3A.1 (TABLE-3A.1.xlsx)
2019,Uttar Pradesh,pct_share_all_india,14.7,2019,NCRB CII 2019 Table 3A.1 (TABLE-3A.1.xlsx)
2019,Uttar Pradesh,midyear_female_population_lakh,1081.4,2019,NCRB CII 2019 Table 3A.1 (TABLE-3A.1.xlsx)
2019,Uttar Pradesh,crime_rate_per_lakh_women,55.4,2019,NCRB CII 2019 Table 3A.1 (TABLE-3A.1.xlsx)
2017,Uttarakhand,cases,1944.0,2019,NCRB CII 2019 Table 3A.1 (TABLE-3A.1.xlsx)
2018,Uttarakhand,cases,2817.0,2019,NCRB CII 2019 Table 3A.1 (TABLE-3A.1.xlsx)
2019,Uttarakhand,cases,2541.0,2019,NCRB CII 2019 Table 3A.1 (TABLE-3A.1.xlsx)
2019,Uttarakhand,pct_share_all_india,0.6,2019,NCRB CII 2019 Table 3A.1 (TABLE-3A.1.xlsx)
2019,Uttarakhand,midyear_female_population_lakh,54.6,2019,NCRB CII 2019 Table 3A.1 (TABLE-3A.1.xlsx)
2019,Uttarakhand,crime_rate_per_lakh_women,46.5,2019,NCRB CII 2019 Table 3A.1 (TABLE-3A.1.xlsx)
2017,West Bengal,cases,30992.0,2019,NCRB CII 2019 Table 3A.1 (TABLE-3A.1.xlsx)
2018,West Bengal,cases,30394.0,2019,NCRB CII 2019 Table 3A.1 (TABLE-3A.1.xlsx)
2019,West Bengal,cases,30394.0,2019,NCRB CII 2019 Table 3A.1 (TABLE-3A.1.xlsx)
2019,West Bengal,pct_share_all_india,7.5,2019,NCRB CII 2019 Table 3A.1 (TABLE-3A.1.xlsx)
2019,West Bengal,midyear_female_population_lakh,474.9,2019,NCRB CII 2019 Table 3A.1 (TABLE-3A.1.xlsx)
2019,West Bengal,crime_rate_per_lakh_women,64.0,2019,NCRB CII 2019 Table 3A.1 (TABLE-3A.1.xlsx)
2017,Andaman & Nicobar Islands,cases,132.0,2019,NCRB CII 2019 Table 3A.1 (TABLE-3A.1.xlsx)
2018,Andaman & Nicobar Islands,cases,147.0,2019,NCRB CII 2019 Table 3A.1 (TABLE-3A.1.xlsx)
2019,Andaman & Nicobar Islands,cases,135.0,2019,NCRB CII 2019 Table 3A.1 (TABLE-3A.1.xlsx)
2019,Andaman & Nicobar Islands,pct_share_all_india,0.0,2019,NCRB CII 2019 Table 3A.1 (TABLE-3A.1.xlsx)
2019,Andaman & Nicobar Islands,midyear_female_population_lakh,1.9,2019,NCRB CII 2019 Table 3A.1 (TABLE-3A.1.xlsx)
2019,Andaman & Nicobar Islands,crime_rate_per_lakh_women,72.2,2019,NCRB CII 2019 Table 3A.1 (TABLE-3A.1.xlsx)
2017,Chandigarh,cases,453.0,2019,NCRB CII 2019 Table 3A.1 (TABLE-3A.1.xlsx)
2018,Chandigarh,cases,442.0,2019,NCRB CII 2019 Table 3A.1 (TABLE-3A.1.xlsx)
2019,Chandigarh,cases,515.0,2019,NCRB CII 2019 Table 3A.1 (TABLE-3A.1.xlsx)
2019,Chandigarh,pct_share_all_india,0.1,2019,NCRB CII 2019 Table 3A.1 (TABLE-3A.1.xlsx)
2019,Chandigarh,midyear_female_population_lakh,5.4,2019,NCRB CII 2019 Table 3A.1 (TABLE-3A.1.xlsx)
2019,Chandigarh,crime_rate_per_lakh_women,95.2,2019,NCRB CII 2019 Table 3A.1 (TABLE-3A.1.xlsx)
2017,Dadra & Nagar Haveli and Daman & Diu,cases,46.0,2019,NCRB CII 2019 Table 3A.1 (TABLE-3A.1.xlsx)
2018,Dadra & Nagar Haveli and Daman & Diu,cases,54.0,2019,NCRB CII 2019 Table 3A.1 (TABLE-3A.1.xlsx)
2019,Dadra & Nagar Haveli and Daman & Diu,cases,82.0,2019,NCRB CII 2019 Table 3A.1 (TABLE-3A.1.xlsx)
2017,Delhi,cases,13076.0,2019,NCRB CII 2019 Table 3A.1 (TABLE-3A.1.xlsx)
2018,Delhi,cases,13640.0,2019,NCRB CII 2019 Table 3A.1 (TABLE-3A.1.xlsx)
2019,Delhi,cases,13395.0,2019,NCRB CII 2019 Table 3A.1 (TABLE-3A.1.xlsx)
2019,Delhi,pct_share_all_india,3.3,2019,NCRB CII 2019 Table 3A.1 (TABLE-3A.1.xlsx)
2019,Delhi,midyear_female_population_lakh,93.1,2019,NCRB CII 2019 Table 3A.1 (TABLE-3A.1.xlsx)
2019,Delhi,crime_rate_per_lakh_women,144.0,2019,NCRB CII 2019 Table 3A.1 (TABLE-3A.1.xlsx)
2017,Lakshadweep,cases,6.0,2019,NCRB CII 2019 Table 3A.1 (TABLE-3A.1.xlsx)
2018,Lakshadweep,cases,11.0,2019,NCRB CII 2019 Table 3A.1 (TABLE-3A.1.xlsx)
2019,Lakshadweep,cases,38.0,2019,NCRB CII 2019 Table 3A.1 (TABLE-3A.1.xlsx)
2019,Lakshadweep,pct_share_all_india,0.0,2019,NCRB CII 2019 Table 3A.1 (TABLE-3A.1.xlsx)
2019,Lakshadweep,midyear_female_population_lakh,0.3,2019,NCRB CII 2019 Table 3A.1 (TABLE-3A.1.xlsx)
2019,Lakshadweep,crime_rate_per_lakh_women,115.2,2019,NCRB CII 2019 Table 3A.1 (TABLE-3A.1.xlsx)
2017,Puducherry,cases,147.0,2019,NCRB CII 2019 Table 3A.1 (TABLE-3A.1.xlsx)
2018,Puducherry,cases,166.0,2019,NCRB CII 2019 Table 3A.1 (TABLE-3A.1.xlsx)
2019,Puducherry,cases,95.0,2019,NCRB CII 2019 Table 3A.1 (TABLE-3A.1.xlsx)
2019,Puducherry,pct_share_all_india,0.0,2019,NCRB CII 2019 Table 3A.1 (TABLE-3A.1.xlsx)
2019,Puducherry,midyear_female_population_lakh,7.9,2019,NCRB CII 2019 Table 3A.1 (TABLE-3A.1.xlsx)
2019,Puducherry,crime_rate_per_lakh_women,12.1,2019,NCRB CII 2019 Table 3A.1 (TABLE-3A.1.xlsx)
2017,All India,cases,359849.0,2019,NCRB CII 2019 Table 3A.1 (TABLE-3A.1.xlsx)
2018,All India,cases,378236.0,2019,NCRB CII 2019 Table 3A.1 (TABLE-3A.1.xlsx)
2019,All India,cases,405861.0,2019,NCRB CII 2019 Table 3A.1 (TABLE-3A.1.xlsx)
2019,All India,pct_share_all_india,100.0,2019,NCRB CII 2019 Table 3A.1 (TABLE-3A.1.xlsx)
2019,All India,midyear_female_population_lakh,6505.4,2019,NCRB CII 2019 Table 3A.1 (TABLE-3A.1.xlsx)
2019,All India,crime_rate_per_lakh_women,62.4,2019,NCRB CII 2019 Table 3A.1 (TABLE-3A.1.xlsx)
2018,Andhra Pradesh,cases,16438.0,2020,NCRB CII 2020 Table 3A.1 (1680767998TABLE3A1.xlsx)
2019,Andhra Pradesh,cases,17746.0,2020,NCRB CII 2020 Table 3A.1 (1680767998TABLE3A1.xlsx)
2020,Andhra Pradesh,cases,17089.0,2020,NCRB CII 2020 Table 3A.1 (1680767998TABLE3A1.xlsx)
2020,Andhra Pradesh,midyear_female_population_lakh,262.9,2020,NCRB CII 2020 Table 3A.1 (1680767998TABLE3A1.xlsx)
2020,Andhra Pradesh,crime_rate_per_lakh_women,65.0,2020,NCRB CII 2020 Table 3A.1 (1680767998TABLE3A1.xlsx)
2020,Andhra Pradesh,chargesheeting_rate_pct,91.6,2020,NCRB CII 2020 Table 3A.1 (1680767998TABLE3A1.xlsx)
2018,Arunachal Pradesh,cases,368.0,2020,NCRB CII 2020 Table 3A.1 (1680767998TABLE3A1.xlsx)
2019,Arunachal Pradesh,cases,317.0,2020,NCRB CII 2020 Table 3A.1 (1680767998TABLE3A1.xlsx)
2020,Arunachal Pradesh,cases,281.0,2020,NCRB CII 2020 Table 3A.1 (1680767998TABLE3A1.xlsx)
2020,Arunachal Pradesh,midyear_female_population_lakh,7.4,2020,NCRB CII 2020 Table 3A.1 (1680767998TABLE3A1.xlsx)
2020,Arunachal Pradesh,crime_rate_per_lakh_women,38.0,2020,NCRB CII 2020 Table 3A.1 (1680767998TABLE3A1.xlsx)
2020,Arunachal Pradesh,chargesheeting_rate_pct,72.5,2020,NCRB CII 2020 Table 3A.1 (1680767998TABLE3A1.xlsx)
2018,Assam,cases,27687.0,2020,NCRB CII 2020 Table 3A.1 (1680767998TABLE3A1.xlsx)
2019,Assam,cases,30025.0,2020,NCRB CII 2020 Table 3A.1 (1680767998TABLE3A1.xlsx)
2020,Assam,cases,26352.0,2020,NCRB CII 2020 Table 3A.1 (1680767998TABLE3A1.xlsx)
2020,Assam,midyear_female_population_lakh,170.7,2020,NCRB CII 2020 Table 3A.1 (1680767998TABLE3A1.xlsx)
2020,Assam,crime_rate_per_lakh_women,154.3,2020,NCRB CII 2020 Table 3A.1 (1680767998TABLE3A1.xlsx)
2020,Assam,chargesheeting_rate_pct,63.8,2020,NCRB CII 2020 Table 3A.1 (1680767998TABLE3A1.xlsx)
2018,Bihar,cases,16920.0,2020,NCRB CII 2020 Table 3A.1 (1680767998TABLE3A1.xlsx)
2019,Bihar,cases,18587.0,2020,NCRB CII 2020 Table 3A.1 (1680767998TABLE3A1.xlsx)
2020,Bihar,cases,15359.0,2020,NCRB CII 2020 Table 3A.1 (1680767998TABLE3A1.xlsx)
2020,Bihar,midyear_female_population_lakh,584.9,2020,NCRB CII 2020 Table 3A.1 (1680767998TABLE3A1.xlsx)
2020,Bihar,crime_rate_per_lakh_women,26.3,2020,NCRB CII 2020 Table 3A.1 (1680767998TABLE3A1.xlsx)
2020,Bihar,chargesheeting_rate_pct,79.7,2020,NCRB CII 2020 Table 3A.1 (1680767998TABLE3A1.xlsx)
2018,Chhattisgarh,cases,8587.0,2020,NCRB CII 2020 Table 3A.1 (1680767998TABLE3A1.xlsx)
2019,Chhattisgarh,cases,7689.0,2020,NCRB CII 2020 Table 3A.1 (1680767998TABLE3A1.xlsx)
2020,Chhattisgarh,cases,7385.0,2020,NCRB CII 2020 Table 3A.1 (1680767998TABLE3A1.xlsx)
2020,Chhattisgarh,midyear_female_population_lakh,145.7,2020,NCRB CII 2020 Table 3A.1 (1680767998TABLE3A1.xlsx)
2020,Chhattisgarh,crime_rate_per_lakh_women,50.7,2020,NCRB CII 2020 Table 3A.1 (1680767998TABLE3A1.xlsx)
2020,Chhattisgarh,chargesheeting_rate_pct,87.7,2020,NCRB CII 2020 Table 3A.1 (1680767998TABLE3A1.xlsx)
2018,Goa,cases,362.0,2020,NCRB CII 2020 Table 3A.1 (1680767998TABLE3A1.xlsx)
2019,Goa,cases,329.0,2020,NCRB CII 2020 Table 3A.1 (1680767998TABLE3A1.xlsx)
2020,Goa,cases,219.0,2020,NCRB CII 2020 Table 3A.1 (1680767998TABLE3A1.xlsx)
2020,Goa,midyear_female_population_lakh,7.7,2020,NCRB CII 2020 Table 3A.1 (1680767998TABLE3A1.xlsx)
2020,Goa,crime_rate_per_lakh_women,28.5,2020,NCRB CII 2020 Table 3A.1 (1680767998TABLE3A1.xlsx)
2020,Goa,chargesheeting_rate_pct,76.5,2020,NCRB CII 2020 Table 3A.1 (1680767998TABLE3A1.xlsx)
2018,Gujarat,cases,8329.0,2020,NCRB CII 2020 Table 3A.1 (1680767998TABLE3A1.xlsx)
2019,Gujarat,cases,8799.0,2020,NCRB CII 2020 Table 3A.1 (1680767998TABLE3A1.xlsx)
2020,Gujarat,cases,8028.0,2020,NCRB CII 2020 Table 3A.1 (1680767998TABLE3A1.xlsx)
2020,Gujarat,midyear_female_population_lakh,329.1,2020,NCRB CII 2020 Table 3A.1 (1680767998TABLE3A1.xlsx)
2020,Gujarat,crime_rate_per_lakh_women,24.4,2020,NCRB CII 2020 Table 3A.1 (1680767998TABLE3A1.xlsx)
2020,Gujarat,chargesheeting_rate_pct,94.6,2020,NCRB CII 2020 Table 3A.1 (1680767998TABLE3A1.xlsx)
2018,Haryana,cases,14326.0,2020,NCRB CII 2020 Table 3A.1 (1680767998TABLE3A1.xlsx)
2019,Haryana,cases,14683.0,2020,NCRB CII 2020 Table 3A.1 (1680767998TABLE3A1.xlsx)
2020,Haryana,cases,13000.0,2020,NCRB CII 2020 Table 3A.1 (1680767998TABLE3A1.xlsx)
2020,Haryana,midyear_female_population_lakh,137.3,2020,NCRB CII 2020 Table 3A.1 (1680767998TABLE3A1.xlsx)
2020,Haryana,crime_rate_per_lakh_women,94.7,2020,NCRB CII 2020 Table 3A.1 (1680767998TABLE3A1.xlsx)
2020,Haryana,chargesheeting_rate_pct,57.9,2020,NCRB CII 2020 Table 3A.1 (1680767998TABLE3A1.xlsx)
2018,Himachal Pradesh,cases,1633.0,2020,NCRB CII 2020 Table 3A.1 (1680767998TABLE3A1.xlsx)
2019,Himachal Pradesh,cases,1636.0,2020,NCRB CII 2020 Table 3A.1 (1680767998TABLE3A1.xlsx)
2020,Himachal Pradesh,cases,1614.0,2020,NCRB CII 2020 Table 3A.1 (1680767998TABLE3A1.xlsx)
2020,Himachal Pradesh,midyear_female_population_lakh,36.3,2020,NCRB CII 2020 Table 3A.1 (1680767998TABLE3A1.xlsx)
2020,Himachal Pradesh,crime_rate_per_lakh_women,44.5,2020,NCRB CII 2020 Table 3A.1 (1680767998TABLE3A1.xlsx)
2020,Himachal Pradesh,chargesheeting_rate_pct,78.9,2020,NCRB CII 2020 Table 3A.1 (1680767998TABLE3A1.xlsx)
2018,Jharkhand,cases,7083.0,2020,NCRB CII 2020 Table 3A.1 (1680767998TABLE3A1.xlsx)
2019,Jharkhand,cases,8760.0,2020,NCRB CII 2020 Table 3A.1 (1680767998TABLE3A1.xlsx)
2020,Jharkhand,cases,7630.0,2020,NCRB CII 2020 Table 3A.1 (1680767998TABLE3A1.xlsx)
2020,Jharkhand,midyear_female_population_lakh,185.9,2020,NCRB CII 2020 Table 3A.1 (1680767998TABLE3A1.xlsx)
2020,Jharkhand,crime_rate_per_lakh_women,41.0,2020,NCRB CII 2020 Table 3A.1 (1680767998TABLE3A1.xlsx)
2020,Jharkhand,chargesheeting_rate_pct,78.8,2020,NCRB CII 2020 Table 3A.1 (1680767998TABLE3A1.xlsx)
2018,Karnataka,cases,13514.0,2020,NCRB CII 2020 Table 3A.1 (1680767998TABLE3A1.xlsx)
2019,Karnataka,cases,13828.0,2020,NCRB CII 2020 Table 3A.1 (1680767998TABLE3A1.xlsx)
2020,Karnataka,cases,12680.0,2020,NCRB CII 2020 Table 3A.1 (1680767998TABLE3A1.xlsx)
2020,Karnataka,midyear_female_population_lakh,327.6,2020,NCRB CII 2020 Table 3A.1 (1680767998TABLE3A1.xlsx)
2020,Karnataka,crime_rate_per_lakh_women,38.7,2020,NCRB CII 2020 Table 3A.1 (1680767998TABLE3A1.xlsx)
2020,Karnataka,chargesheeting_rate_pct,84.7,2020,NCRB CII 2020 Table 3A.1 (1680767998TABLE3A1.xlsx)
2018,Kerala,cases,10461.0,2020,NCRB CII 2020 Table 3A.1 (1680767998TABLE3A1.xlsx)
2019,Kerala,cases,11462.0,2020,NCRB CII 2020 Table 3A.1 (1680767998TABLE3A1.xlsx)
2020,Kerala,cases,10139.0,2020,NCRB CII 2020 Table 3A.1 (1680767998TABLE3A1.xlsx)
2020,Kerala,midyear_female_population_lakh,183.9,2020,NCRB CII 2020 Table 3A.1 (1680767998TABLE3A1.xlsx)
2020,Kerala,crime_rate_per_lakh_women,55.1,2020,NCRB CII 2020 Table 3A.1 (1680767998TABLE3A1.xlsx)
2020,Kerala,chargesheeting_rate_pct,94.1,2020,NCRB CII 2020 Table 3A.1 (1680767998TABLE3A1.xlsx)
2018,Madhya Pradesh,cases,28942.0,2020,NCRB CII 2020 Table 3A.1 (1680767998TABLE3A1.xlsx)
2019,Madhya Pradesh,cases,27560.0,2020,NCRB CII 2020 Table 3A.1 (1680767998TABLE3A1.xlsx)
2020,Madhya Pradesh,cases,25640.0,2020,NCRB CII 2020 Table 3A.1 (1680767998TABLE3A1.xlsx)
2020,Madhya Pradesh,midyear_female_population_lakh,405.3,2020,NCRB CII 2020 Table 3A.1 (1680767998TABLE3A1.xlsx)
2020,Madhya Pradesh,crime_rate_per_lakh_women,63.3,2020,NCRB CII 2020 Table 3A.1 (1680767998TABLE3A1.xlsx)
2020,Madhya Pradesh,chargesheeting_rate_pct,83.8,2020,NCRB CII 2020 Table 3A.1 (1680767998TABLE3A1.xlsx)
2018,Maharashtra,cases,35497.0,2020,NCRB CII 2020 Table 3A.1 (1680767998TABLE3A1.xlsx)
2019,Maharashtra,cases,37144.0,2020,NCRB CII 2020 Table 3A.1 (1680767998TABLE3A1.xlsx)
2020,Maharashtra,cases,31954.0,2020,NCRB CII 2020 Table 3A.1 (1680767998TABLE3A1.xlsx)
2020,Maharashtra,midyear_female_population_lakh,593.8,2020,NCRB CII 2020 Table 3A.1 (1680767998TABLE3A1.xlsx)
2020,Maharashtra,crime_rate_per_lakh_women,53.8,2020,NCRB CII 2020 Table 3A.1 (1680767998TABLE3A1.xlsx)
2020,Maharashtra,chargesheeting_rate_pct,82.0,2020,NCRB CII 2020 Table 3A.1 (1680767998TABLE3A1.xlsx)
2018,Manipur,cases,271.0,2020,NCRB CII 2020 Table 3A.1 (1680767998TABLE3A1.xlsx)
2019,Manipur,cases,266.0,2020,NCRB CII 2020 Table 3A.1 (1680767998TABLE3A1.xlsx)
2020,Manipur,cases,247.0,2020,NCRB CII 2020 Table 3A.1 (1680767998TABLE3A1.xlsx)
2020,Manipur,midyear_female_population_lakh,15.6,2020,NCRB CII 2020 Table 3A.1 (1680767998TABLE3A1.xlsx)
2020,Manipur,crime_rate_per_lakh_women,15.8,2020,NCRB CII 2020 Table 3A.1 (1680767998TABLE3A1.xlsx)
2020,Manipur,chargesheeting_rate_pct,56.1,2020,NCRB CII 2020 Table 3A.1 (1680767998TABLE3A1.xlsx)
2018,Meghalaya,cases,571.0,2020,NCRB CII 2020 Table 3A.1 (1680767998TABLE3A1.xlsx)
2019,Meghalaya,cases,558.0,2020,NCRB CII 2020 Table 3A.1 (1680767998TABLE3A1.xlsx)
2020,Meghalaya,cases,568.0,2020,NCRB CII 2020 Table 3A.1 (1680767998TABLE3A1.xlsx)
2020,Meghalaya,midyear_female_population_lakh,16.3,2020,NCRB CII 2020 Table 3A.1 (1680767998TABLE3A1.xlsx)
2020,Meghalaya,crime_rate_per_lakh_women,34.9,2020,NCRB CII 2020 Table 3A.1 (1680767998TABLE3A1.xlsx)
2020,Meghalaya,chargesheeting_rate_pct,66.0,2020,NCRB CII 2020 Table 3A.1 (1680767998TABLE3A1.xlsx)
2018,Mizoram,cases,249.0,2020,NCRB CII 2020 Table 3A.1 (1680767998TABLE3A1.xlsx)
2019,Mizoram,cases,170.0,2020,NCRB CII 2020 Table 3A.1 (1680767998TABLE3A1.xlsx)
2020,Mizoram,cases,172.0,2020,NCRB CII 2020 Table 3A.1 (1680767998TABLE3A1.xlsx)
2020,Mizoram,midyear_female_population_lakh,6.0,2020,NCRB CII 2020 Table 3A.1 (1680767998TABLE3A1.xlsx)
2020,Mizoram,crime_rate_per_lakh_women,28.8,2020,NCRB CII 2020 Table 3A.1 (1680767998TABLE3A1.xlsx)
2020,Mizoram,chargesheeting_rate_pct,98.8,2020,NCRB CII 2020 Table 3A.1 (1680767998TABLE3A1.xlsx)
2018,Nagaland,cases,75.0,2020,NCRB CII 2020 Table 3A.1 (1680767998TABLE3A1.xlsx)
2019,Nagaland,cases,43.0,2020,NCRB CII 2020 Table 3A.1 (1680767998TABLE3A1.xlsx)
2020,Nagaland,cases,39.0,2020,NCRB CII 2020 Table 3A.1 (1680767998TABLE3A1.xlsx)
2020,Nagaland,midyear_female_population_lakh,10.5,2020,NCRB CII 2020 Table 3A.1 (1680767998TABLE3A1.xlsx)
2020,Nagaland,crime_rate_per_lakh_women,3.7,2020,NCRB CII 2020 Table 3A.1 (1680767998TABLE3A1.xlsx)
2020,Nagaland,chargesheeting_rate_pct,67.6,2020,NCRB CII 2020 Table 3A.1 (1680767998TABLE3A1.xlsx)
2018,Odisha,cases,20274.0,2020,NCRB CII 2020 Table 3A.1 (1680767998TABLE3A1.xlsx)
2019,Odisha,cases,23183.0,2020,NCRB CII 2020 Table 3A.1 (1680767998TABLE3A1.xlsx)
2020,Odisha,cases,25489.0,2020,NCRB CII 2020 Table 3A.1 (1680767998TABLE3A1.xlsx)
2020,Odisha,midyear_female_population_lakh,225.7,2020,NCRB CII 2020 Table 3A.1 (1680767998TABLE3A1.xlsx)
2020,Odisha,crime_rate_per_lakh_women,112.9,2020,NCRB CII 2020 Table 3A.1 (1680767998TABLE3A1.xlsx)
2020,Odisha,chargesheeting_rate_pct,82.0,2020,NCRB CII 2020 Table 3A.1 (1680767998TABLE3A1.xlsx)
2018,Punjab,cases,5302.0,2020,NCRB CII 2020 Table 3A.1 (1680767998TABLE3A1.xlsx)
2019,Punjab,cases,5886.0,2020,NCRB CII 2020 Table 3A.1 (1680767998TABLE3A1.xlsx)
2020,Punjab,cases,4838.0,2020,NCRB CII 2020 Table 3A.1 (1680767998TABLE3A1.xlsx)
2020,Punjab,midyear_female_population_lakh,143.2,2020,NCRB CII 2020 Table 3A.1 (1680767998TABLE3A1.xlsx)
2020,Punjab,crime_rate_per_lakh_women,33.8,2020,NCRB CII 2020 Table 3A.1 (1680767998TABLE3A1.xlsx)
2020,Punjab,chargesheeting_rate_pct,77.0,2020,NCRB CII 2020 Table 3A.1 (1680767998TABLE3A1.xlsx)
2018,Rajasthan,cases,27866.0,2020,NCRB CII 2020 Table 3A.1 (1680767998TABLE3A1.xlsx)
2019,Rajasthan,cases,41550.0,2020,NCRB CII 2020 Table 3A.1 (1680767998TABLE3A1.xlsx)
2020,Rajasthan,cases,34535.0,2020,NCRB CII 2020 Table 3A.1 (1680767998TABLE3A1.xlsx)
2020,Rajasthan,midyear_female_population_lakh,381.6,2020,NCRB CII 2020 Table 3A.1 (1680767998TABLE3A1.xlsx)
2020,Rajasthan,crime_rate_per_lakh_women,90.5,2020,NCRB CII 2020 Table 3A.1 (1680767998TABLE3A1.xlsx)
2020,Rajasthan,chargesheeting_rate_pct,55.0,2020,NCRB CII 2020 Table 3A.1 (1680767998TABLE3A1.xlsx)
2018,Sikkim,cases,172.0,2020,NCRB CII 2020 Table 3A.1 (1680767998TABLE3A1.xlsx)
2019,Sikkim,cases,125.0,2020,NCRB CII 2020 Table 3A.1 (1680767998TABLE3A1.xlsx)
2020,Sikkim,cases,140.0,2020,NCRB CII 2020 Table 3A.1 (1680767998TABLE3A1.xlsx)
2020,Sikkim,midyear_female_population_lakh,3.2,2020,NCRB CII 2020 Table 3A.1 (1680767998TABLE3A1.xlsx)
2020,Sikkim,crime_rate_per_lakh_women,44.2,2020,NCRB CII 2020 Table 3A.1 (1680767998TABLE3A1.xlsx)
2020,Sikkim,chargesheeting_rate_pct,91.4,2020,NCRB CII 2020 Table 3A.1 (1680767998TABLE3A1.xlsx)
2018,Tamil Nadu,cases,5822.0,2020,NCRB CII 2020 Table 3A.1 (1680767998TABLE3A1.xlsx)
2019,Tamil Nadu,cases,5934.0,2020,NCRB CII 2020 Table 3A.1 (1680767998TABLE3A1.xlsx)
2020,Tamil Nadu,cases,6630.0,2020,NCRB CII 2020 Table 3A.1 (1680767998TABLE3A1.xlsx)
2020,Tamil Nadu,midyear_female_population_lakh,381.1,2020,NCRB CII 2020 Table 3A.1 (1680767998TABLE3A1.xlsx)
2020,Tamil Nadu,crime_rate_per_lakh_women,17.4,2020,NCRB CII 2020 Table 3A.1 (1680767998TABLE3A1.xlsx)
2020,Tamil Nadu,chargesheeting_rate_pct,86.5,2020,NCRB CII 2020 Table 3A.1 (1680767998TABLE3A1.xlsx)
2018,Telangana,cases,16027.0,2020,NCRB CII 2020 Table 3A.1 (1680767998TABLE3A1.xlsx)
2019,Telangana,cases,18394.0,2020,NCRB CII 2020 Table 3A.1 (1680767998TABLE3A1.xlsx)
2020,Telangana,cases,17791.0,2020,NCRB CII 2020 Table 3A.1 (1680767998TABLE3A1.xlsx)
2020,Telangana,midyear_female_population_lakh,186.5,2020,NCRB CII 2020 Table 3A.1 (1680767998TABLE3A1.xlsx)
2020,Telangana,crime_rate_per_lakh_women,95.4,2020,NCRB CII 2020 Table 3A.1 (1680767998TABLE3A1.xlsx)
2020,Telangana,chargesheeting_rate_pct,90.1,2020,NCRB CII 2020 Table 3A.1 (1680767998TABLE3A1.xlsx)
2018,Tripura,cases,907.0,2020,NCRB CII 2020 Table 3A.1 (1680767998TABLE3A1.xlsx)
2019,Tripura,cases,1070.0,2020,NCRB CII 2020 Table 3A.1 (1680767998TABLE3A1.xlsx)
2020,Tripura,cases,874.0,2020,NCRB CII 2020 Table 3A.1 (1680767998TABLE3A1.xlsx)
2020,Tripura,midyear_female_population_lakh,19.9,2020,NCRB CII 2020 Table 3A.1 (1680767998TABLE3A1.xlsx)
2020,Tripura,crime_rate_per_lakh_women,44.0,2020,NCRB CII 2020 Table 3A.1 (1680767998TABLE3A1.xlsx)
2020,Tripura,chargesheeting_rate_pct,82.5,2020,NCRB CII 2020 Table 3A.1 (1680767998TABLE3A1.xlsx)
2018,Uttar Pradesh,cases,59445.0,2020,NCRB CII 2020 Table 3A.1 (1680767998TABLE3A1.xlsx)
2019,Uttar Pradesh,cases,59853.0,2020,NCRB CII 2020 Table 3A.1 (1680767998TABLE3A1.xlsx)
2020,Uttar Pradesh,cases,49385.0,2020,NCRB CII 2020 Table 3A.1 (1680767998TABLE3A1.xlsx)
2020,Uttar Pradesh,midyear_female_population_lakh,1095.9,2020,NCRB CII 2020 Table 3A.1 (1680767998TABLE3A1.xlsx)
2020,Uttar Pradesh,crime_rate_per_lakh_women,45.1,2020,NCRB CII 2020 Table 3A.1 (1680767998TABLE3A1.xlsx)
2020,Uttar Pradesh,chargesheeting_rate_pct,77.1,2020,NCRB CII 2020 Table 3A.1 (1680767998TABLE3A1.xlsx)
2018,Uttarakhand,cases,2817.0,2020,NCRB CII 2020 Table 3A.1 (1680767998TABLE3A1.xlsx)
2019,Uttarakhand,cases,2541.0,2020,NCRB CII 2020 Table 3A.1 (1680767998TABLE3A1.xlsx)
2020,Uttarakhand,cases,2846.0,2020,NCRB CII 2020 Table 3A.1 (1680767998TABLE3A1.xlsx)
2020,Uttarakhand,midyear_female_population_lakh,55.2,2020,NCRB CII 2020 Table 3A.1 (1680767998TABLE3A1.xlsx)
2020,Uttarakhand,crime_rate_per_lakh_women,51.6,2020,NCRB CII 2020 Table 3A.1 (1680767998TABLE3A1.xlsx)
2020,Uttarakhand,chargesheeting_rate_pct,79.9,2020,NCRB CII 2020 Table 3A.1 (1680767998TABLE3A1.xlsx)
2018,West Bengal,cases,30394.0,2020,NCRB CII 2020 Table 3A.1 (1680767998TABLE3A1.xlsx)
2019,West Bengal,cases,29859.0,2020,NCRB CII 2020 Table 3A.1 (1680767998TABLE3A1.xlsx)
2020,West Bengal,cases,36439.0,2020,NCRB CII 2020 Table 3A.1 (1680767998TABLE3A1.xlsx)
2020,West Bengal,midyear_female_population_lakh,478.2,2020,NCRB CII 2020 Table 3A.1 (1680767998TABLE3A1.xlsx)
2020,West Bengal,crime_rate_per_lakh_women,76.2,2020,NCRB CII 2020 Table 3A.1 (1680767998TABLE3A1.xlsx)
2020,West Bengal,chargesheeting_rate_pct,88.2,2020,NCRB CII 2020 Table 3A.1 (1680767998TABLE3A1.xlsx)
2018,Andaman & Nicobar Islands,cases,147.0,2020,NCRB CII 2020 Table 3A.1 (1680767998TABLE3A1.xlsx)
2019,Andaman & Nicobar Islands,cases,135.0,2020,NCRB CII 2020 Table 3A.1 (1680767998TABLE3A1.xlsx)
2020,Andaman & Nicobar Islands,cases,143.0,2020,NCRB CII 2020 Table 3A.1 (1680767998TABLE3A1.xlsx)
2020,Andaman & Nicobar Islands,midyear_female_population_lakh,1.9,2020,NCRB CII 2020 Table 3A.1 (1680767998TABLE3A1.xlsx)
2020,Andaman & Nicobar Islands,crime_rate_per_lakh_women,76.1,2020,NCRB CII 2020 Table 3A.1 (1680767998TABLE3A1.xlsx)
2020,Andaman & Nicobar Islands,chargesheeting_rate_pct,97.4,2020,NCRB CII 2020 Table 3A.1 (1680767998TABLE3A1.xlsx)
2018,Chandigarh,cases,442.0,2020,NCRB CII 2020 Table 3A.1 (1680767998TABLE3A1.xlsx)
2019,Chandigarh,cases,515.0,2020,NCRB CII 2020 Table 3A.1 (1680767998TABLE3A1.xlsx)
2020,Chandigarh,cases,301.0,2020,NCRB CII 2020 Table 3A.1 (1680767998TABLE3A1.xlsx)
2020,Chandigarh,midyear_female_population_lakh,5.5,2020,NCRB CII 2020 Table 3A.1 (1680767998TABLE3A1.xlsx)
2020,Chandigarh,crime_rate_per_lakh_women,54.8,2020,NCRB CII 2020 Table 3A.1 (1680767998TABLE3A1.xlsx)
2020,Chandigarh,chargesheeting_rate_pct,64.2,2020,NCRB CII 2020 Table 3A.1 (1680767998TABLE3A1.xlsx)
2018,Dadra & Nagar Haveli and Daman & Diu,cases,54.0,2020,NCRB CII 2020 Table 3A.1 (1680767998TABLE3A1.xlsx)
2019,Dadra & Nagar Haveli and Daman & Diu,cases,82.0,2020,NCRB CII 2020 Table 3A.1 (1680767998TABLE3A1.xlsx)
2020,Dadra & Nagar Haveli and Daman & Diu,cases,61.0,2020,NCRB CII 2020 Table 3A.1 (1680767998TABLE3A1.xlsx)
2020,Dadra & Nagar Haveli and Daman & Diu,midyear_female_population_lakh,3.7,2020,NCRB CII 2020 Table 3A.1 (1680767998TABLE3A1.xlsx)
2020,Dadra & Nagar Haveli and Daman & Diu,crime_rate_per_lakh_women,16.3,2020,NCRB CII 2020 Table 3A.1 (1680767998TABLE3A1.xlsx)
2020,Dadra & Nagar Haveli and Daman & Diu,chargesheeting_rate_pct,96.6,2020,NCRB CII 2020 Table 3A.1 (1680767998TABLE3A1.xlsx)
2018,Delhi,cases,13640.0,2020,NCRB CII 2020 Table 3A.1 (1680767998TABLE3A1.xlsx)
2019,Delhi,cases,13395.0,2020,NCRB CII 2020 Table 3A.1 (1680767998TABLE3A1.xlsx)
2020,Delhi,cases,10093.0,2020,NCRB CII 2020 Table 3A.1 (1680767998TABLE3A1.xlsx)
2020,Delhi,midyear_female_population_lakh,94.9,2020,NCRB CII 2020 Table 3A.1 (1680767998TABLE3A1.xlsx)
2020,Delhi,crime_rate_per_lakh_women,106.4,2020,NCRB CII 2020 Table 3A.1 (1680767998TABLE3A1.xlsx)
2020,Delhi,chargesheeting_rate_pct,75.0,2020,NCRB CII 2020 Table 3A.1 (1680767998TABLE3A1.xlsx)
2018,Jammu & Kashmir,cases,3437.0,2020,NCRB CII 2020 Table 3A.1 (1680767998TABLE3A1.xlsx)
2019,Jammu & Kashmir,cases,3069.0,2020,NCRB CII 2020 Table 3A.1 (1680767998TABLE3A1.xlsx)
2020,Jammu & Kashmir,cases,3405.0,2020,NCRB CII 2020 Table 3A.1 (1680767998TABLE3A1.xlsx)
2020,Jammu & Kashmir,midyear_female_population_lakh,63.4,2020,NCRB CII 2020 Table 3A.1 (1680767998TABLE3A1.xlsx)
2020,Jammu & Kashmir,crime_rate_per_lakh_women,53.7,2020,NCRB CII 2020 Table 3A.1 (1680767998TABLE3A1.xlsx)
2020,Jammu & Kashmir,chargesheeting_rate_pct,75.1,2020,NCRB CII 2020 Table 3A.1 (1680767998TABLE3A1.xlsx)
2018,Ladakh,cases,,2020,NCRB CII 2020 Table 3A.1 (1680767998TABLE3A1.xlsx)
2019,Ladakh,cases,,2020,NCRB CII 2020 Table 3A.1 (1680767998TABLE3A1.xlsx)
2020,Ladakh,cases,9.0,2020,NCRB CII 2020 Table 3A.1 (1680767998TABLE3A1.xlsx)
2020,Ladakh,midyear_female_population_lakh,1.3,2020,NCRB CII 2020 Table 3A.1 (1680767998TABLE3A1.xlsx)
2020,Ladakh,crime_rate_per_lakh_women,7.0,2020,NCRB CII 2020 Table 3A.1 (1680767998TABLE3A1.xlsx)
2020,Ladakh,chargesheeting_rate_pct,81.8,2020,NCRB CII 2020 Table 3A.1 (1680767998TABLE3A1.xlsx)
2018,Lakshadweep,cases,11.0,2020,NCRB CII 2020 Table 3A.1 (1680767998TABLE3A1.xlsx)
2019,Lakshadweep,cases,38.0,2020,NCRB CII 2020 Table 3A.1 (1680767998TABLE3A1.xlsx)
2020,Lakshadweep,cases,15.0,2020,NCRB CII 2020 Table 3A.1 (1680767998TABLE3A1.xlsx)
2020,Lakshadweep,midyear_female_population_lakh,0.3,2020,NCRB CII 2020 Table 3A.1 (1680767998TABLE3A1.xlsx)
2020,Lakshadweep,crime_rate_per_lakh_women,45.5,2020,NCRB CII 2020 Table 3A.1 (1680767998TABLE3A1.xlsx)
2020,Lakshadweep,chargesheeting_rate_pct,100.0,2020,NCRB CII 2020 Table 3A.1 (1680767998TABLE3A1.xlsx)
2018,Puducherry,cases,166.0,2020,NCRB CII 2020 Table 3A.1 (1680767998TABLE3A1.xlsx)
2019,Puducherry,cases,95.0,2020,NCRB CII 2020 Table 3A.1 (1680767998TABLE3A1.xlsx)
2020,Puducherry,cases,113.0,2020,NCRB CII 2020 Table 3A.1 (1680767998TABLE3A1.xlsx)
2020,Puducherry,midyear_female_population_lakh,8.1,2020,NCRB CII 2020 Table 3A.1 (1680767998TABLE3A1.xlsx)
2020,Puducherry,crime_rate_per_lakh_women,14.0,2020,NCRB CII 2020 Table 3A.1 (1680767998TABLE3A1.xlsx)
2020,Puducherry,chargesheeting_rate_pct,100.0,2020,NCRB CII 2020 Table 3A.1 (1680767998TABLE3A1.xlsx)
2018,All India,cases,378236.0,2020,NCRB CII 2020 Table 3A.1 (1680767998TABLE3A1.xlsx)
2019,All India,cases,405326.0,2020,NCRB CII 2020 Table 3A.1 (1680767998TABLE3A1.xlsx)
2020,All India,cases,371503.0,2020,NCRB CII 2020 Table 3A.1 (1680767998TABLE3A1.xlsx)
2020,All India,midyear_female_population_lakh,6576.3,2020,NCRB CII 2020 Table 3A.1 (1680767998TABLE3A1.xlsx)
2020,All India,crime_rate_per_lakh_women,56.5,2020,NCRB CII 2020 Table 3A.1 (1680767998TABLE3A1.xlsx)
2020,All India,chargesheeting_rate_pct,78.6,2020,NCRB CII 2020 Table 3A.1 (1680767998TABLE3A1.xlsx)
2019,Andhra Pradesh,cases,17746.0,2021,NCRB CII 2021 Table 3A.1 (1679652741TABLE3A1.xlsx)
2020,Andhra Pradesh,cases,17089.0,2021,NCRB CII 2021 Table 3A.1 (1679652741TABLE3A1.xlsx)
2021,Andhra Pradesh,cases,17752.0,2021,NCRB CII 2021 Table 3A.1 (1679652741TABLE3A1.xlsx)
2021,Andhra Pradesh,midyear_female_population_lakh,264.2,2021,NCRB CII 2021 Table 3A.1 (1679652741TABLE3A1.xlsx)
2021,Andhra Pradesh,crime_rate_per_lakh_women,67.2,2021,NCRB CII 2021 Table 3A.1 (1679652741TABLE3A1.xlsx)
2021,Andhra Pradesh,chargesheeting_rate_pct,93.5,2021,NCRB CII 2021 Table 3A.1 (1679652741TABLE3A1.xlsx)
2019,Arunachal Pradesh,cases,317.0,2021,NCRB CII 2021 Table 3A.1 (1679652741TABLE3A1.xlsx)
2020,Arunachal Pradesh,cases,281.0,2021,NCRB CII 2021 Table 3A.1 (1679652741TABLE3A1.xlsx)
2021,Arunachal Pradesh,cases,366.0,2021,NCRB CII 2021 Table 3A.1 (1679652741TABLE3A1.xlsx)
2021,Arunachal Pradesh,midyear_female_population_lakh,7.5,2021,NCRB CII 2021 Table 3A.1 (1679652741TABLE3A1.xlsx)
2021,Arunachal Pradesh,crime_rate_per_lakh_women,49.1,2021,NCRB CII 2021 Table 3A.1 (1679652741TABLE3A1.xlsx)
2021,Arunachal Pradesh,chargesheeting_rate_pct,77.6,2021,NCRB CII 2021 Table 3A.1 (1679652741TABLE3A1.xlsx)
2019,Assam,cases,30025.0,2021,NCRB CII 2021 Table 3A.1 (1679652741TABLE3A1.xlsx)
2020,Assam,cases,26352.0,2021,NCRB CII 2021 Table 3A.1 (1679652741TABLE3A1.xlsx)
2021,Assam,cases,29046.0,2021,NCRB CII 2021 Table 3A.1 (1679652741TABLE3A1.xlsx)
2021,Assam,midyear_female_population_lakh,172.6,2021,NCRB CII 2021 Table 3A.1 (1679652741TABLE3A1.xlsx)
2021,Assam,crime_rate_per_lakh_women,168.3,2021,NCRB CII 2021 Table 3A.1 (1679652741TABLE3A1.xlsx)
2021,Assam,chargesheeting_rate_pct,52.9,2021,NCRB CII 2021 Table 3A.1 (1679652741TABLE3A1.xlsx)
2019,Bihar,cases,18587.0,2021,NCRB CII 2021 Table 3A.1 (1679652741TABLE3A1.xlsx)
2020,Bihar,cases,15359.0,2021,NCRB CII 2021 Table 3A.1 (1679652741TABLE3A1.xlsx)
2021,Bihar,cases,17950.0,2021,NCRB CII 2021 Table 3A.1 (1679652741TABLE3A1.xlsx)
2021,Bihar,midyear_female_population_lakh,593.7,2021,NCRB CII 2021 Table 3A.1 (1679652741TABLE3A1.xlsx)
2021,Bihar,crime_rate_per_lakh_women,30.2,2021,NCRB CII 2021 Table 3A.1 (1679652741TABLE3A1.xlsx)
2021,Bihar,chargesheeting_rate_pct,69.4,2021,NCRB CII 2021 Table 3A.1 (1679652741TABLE3A1.xlsx)
2019,Chhattisgarh,cases,7689.0,2021,NCRB CII 2021 Table 3A.1 (1679652741TABLE3A1.xlsx)
2020,Chhattisgarh,cases,7385.0,2021,NCRB CII 2021 Table 3A.1 (1679652741TABLE3A1.xlsx)
2021,Chhattisgarh,cases,7344.0,2021,NCRB CII 2021 Table 3A.1 (1679652741TABLE3A1.xlsx)
2021,Chhattisgarh,midyear_female_population_lakh,147.6,2021,NCRB CII 2021 Table 3A.1 (1679652741TABLE3A1.xlsx)
2021,Chhattisgarh,crime_rate_per_lakh_women,49.8,2021,NCRB CII 2021 Table 3A.1 (1679652741TABLE3A1.xlsx)
2021,Chhattisgarh,chargesheeting_rate_pct,88.5,2021,NCRB CII 2021 Table 3A.1 (1679652741TABLE3A1.xlsx)
2019,Goa,cases,329.0,2021,NCRB CII 2021 Table 3A.1 (1679652741TABLE3A1.xlsx)
2020,Goa,cases,219.0,2021,NCRB CII 2021 Table 3A.1 (1679652741TABLE3A1.xlsx)
2021,Goa,cases,224.0,2021,NCRB CII 2021 Table 3A.1 (1679652741TABLE3A1.xlsx)
2021,Goa,midyear_female_population_lakh,7.7,2021,NCRB CII 2021 Table 3A.1 (1679652741TABLE3A1.xlsx)
2021,Goa,crime_rate_per_lakh_women,28.9,2021,NCRB CII 2021 Table 3A.1 (1679652741TABLE3A1.xlsx)
2021,Goa,chargesheeting_rate_pct,77.4,2021,NCRB CII 2021 Table 3A.1 (1679652741TABLE3A1.xlsx)
2019,Gujarat,cases,8799.0,2021,NCRB CII 2021 Table 3A.1 (1679652741TABLE3A1.xlsx)
2020,Gujarat,cases,8028.0,2021,NCRB CII 2021 Table 3A.1 (1679652741TABLE3A1.xlsx)
2021,Gujarat,cases,7348.0,2021,NCRB CII 2021 Table 3A.1 (1679652741TABLE3A1.xlsx)
2021,Gujarat,midyear_female_population_lakh,333.2,2021,NCRB CII 2021 Table 3A.1 (1679652741TABLE3A1.xlsx)
2021,Gujarat,crime_rate_per_lakh_women,22.1,2021,NCRB CII 2021 Table 3A.1 (1679652741TABLE3A1.xlsx)
2021,Gujarat,chargesheeting_rate_pct,93.3,2021,NCRB CII 2021 Table 3A.1 (1679652741TABLE3A1.xlsx)
2019,Haryana,cases,14683.0,2021,NCRB CII 2021 Table 3A.1 (1679652741TABLE3A1.xlsx)
2020,Haryana,cases,13000.0,2021,NCRB CII 2021 Table 3A.1 (1679652741TABLE3A1.xlsx)
2021,Haryana,cases,16658.0,2021,NCRB CII 2021 Table 3A.1 (1679652741TABLE3A1.xlsx)
2021,Haryana,midyear_female_population_lakh,139.2,2021,NCRB CII 2021 Table 3A.1 (1679652741TABLE3A1.xlsx)
2021,Haryana,crime_rate_per_lakh_women,119.7,2021,NCRB CII 2021 Table 3A.1 (1679652741TABLE3A1.xlsx)
2021,Haryana,chargesheeting_rate_pct,57.1,2021,NCRB CII 2021 Table 3A.1 (1679652741TABLE3A1.xlsx)
2019,Himachal Pradesh,cases,1636.0,2021,NCRB CII 2021 Table 3A.1 (1679652741TABLE3A1.xlsx)
2020,Himachal Pradesh,cases,1614.0,2021,NCRB CII 2021 Table 3A.1 (1679652741TABLE3A1.xlsx)
2021,Himachal Pradesh,cases,1599.0,2021,NCRB CII 2021 Table 3A.1 (1679652741TABLE3A1.xlsx)
2021,Himachal Pradesh,midyear_female_population_lakh,36.5,2021,NCRB CII 2021 Table 3A.1 (1679652741TABLE3A1.xlsx)
2021,Himachal Pradesh,crime_rate_per_lakh_women,43.8,2021,NCRB CII 2021 Table 3A.1 (1679652741TABLE3A1.xlsx)
2021,Himachal Pradesh,chargesheeting_rate_pct,76.5,2021,NCRB CII 2021 Table 3A.1 (1679652741TABLE3A1.xlsx)
2019,Jharkhand,cases,8760.0,2021,NCRB CII 2021 Table 3A.1 (1679652741TABLE3A1.xlsx)
2020,Jharkhand,cases,7630.0,2021,NCRB CII 2021 Table 3A.1 (1679652741TABLE3A1.xlsx)
2021,Jharkhand,cases,8110.0,2021,NCRB CII 2021 Table 3A.1 (1679652741TABLE3A1.xlsx)
2021,Jharkhand,midyear_female_population_lakh,188.5,2021,NCRB CII 2021 Table 3A.1 (1679652741TABLE3A1.xlsx)
2021,Jharkhand,crime_rate_per_lakh_women,43.0,2021,NCRB CII 2021 Table 3A.1 (1679652741TABLE3A1.xlsx)
2021,Jharkhand,chargesheeting_rate_pct,79.7,2021,NCRB CII 2021 Table 3A.1 (1679652741TABLE3A1.xlsx)
2019,Karnataka,cases,13828.0,2021,NCRB CII 2021 Table 3A.1 (1679652741TABLE3A1.xlsx)
2020,Karnataka,cases,12680.0,2021,NCRB CII 2021 Table 3A.1 (1679652741TABLE3A1.xlsx)
2021,Karnataka,cases,14468.0,2021,NCRB CII 2021 Table 3A.1 (1679652741TABLE3A1.xlsx)
2021,Karnataka,midyear_female_population_lakh,330.0,2021,NCRB CII 2021 Table 3A.1 (1679652741TABLE3A1.xlsx)
2021,Karnataka,crime_rate_per_lakh_women,43.8,2021,NCRB CII 2021 Table 3A.1 (1679652741TABLE3A1.xlsx)
2021,Karnataka,chargesheeting_rate_pct,87.2,2021,NCRB CII 2021 Table 3A.1 (1679652741TABLE3A1.xlsx)
2019,Kerala,cases,11462.0,2021,NCRB CII 2021 Table 3A.1 (1679652741TABLE3A1.xlsx)
2020,Kerala,cases,10139.0,2021,NCRB CII 2021 Table 3A.1 (1679652741TABLE3A1.xlsx)
2021,Kerala,cases,13539.0,2021,NCRB CII 2021 Table 3A.1 (1679652741TABLE3A1.xlsx)
2021,Kerala,midyear_female_population_lakh,184.7,2021,NCRB CII 2021 Table 3A.1 (1679652741TABLE3A1.xlsx)
2021,Kerala,crime_rate_per_lakh_women,73.3,2021,NCRB CII 2021 Table 3A.1 (1679652741TABLE3A1.xlsx)
2021,Kerala,chargesheeting_rate_pct,94.6,2021,NCRB CII 2021 Table 3A.1 (1679652741TABLE3A1.xlsx)
2019,Madhya Pradesh,cases,27560.0,2021,NCRB CII 2021 Table 3A.1 (1679652741TABLE3A1.xlsx)
2020,Madhya Pradesh,cases,25640.0,2021,NCRB CII 2021 Table 3A.1 (1679652741TABLE3A1.xlsx)
2021,Madhya Pradesh,cases,30673.0,2021,NCRB CII 2021 Table 3A.1 (1679652741TABLE3A1.xlsx)
2021,Madhya Pradesh,midyear_female_population_lakh,410.8,2021,NCRB CII 2021 Table 3A.1 (1679652741TABLE3A1.xlsx)
2021,Madhya Pradesh,crime_rate_per_lakh_women,74.7,2021,NCRB CII 2021 Table 3A.1 (1679652741TABLE3A1.xlsx)
2021,Madhya Pradesh,chargesheeting_rate_pct,83.7,2021,NCRB CII 2021 Table 3A.1 (1679652741TABLE3A1.xlsx)
2019,Maharashtra,cases,37144.0,2021,NCRB CII 2021 Table 3A.1 (1679652741TABLE3A1.xlsx)
2020,Maharashtra,cases,31954.0,2021,NCRB CII 2021 Table 3A.1 (1679652741TABLE3A1.xlsx)
2021,Maharashtra,cases,39526.0,2021,NCRB CII 2021 Table 3A.1 (1679652741TABLE3A1.xlsx)
2021,Maharashtra,midyear_female_population_lakh,598.9,2021,NCRB CII 2021 Table 3A.1 (1679652741TABLE3A1.xlsx)
2021,Maharashtra,crime_rate_per_lakh_women,66.0,2021,NCRB CII 2021 Table 3A.1 (1679652741TABLE3A1.xlsx)
2021,Maharashtra,chargesheeting_rate_pct,82.4,2021,NCRB CII 2021 Table 3A.1 (1679652741TABLE3A1.xlsx)
2019,Manipur,cases,266.0,2021,NCRB CII 2021 Table 3A.1 (1679652741TABLE3A1.xlsx)
2020,Manipur,cases,247.0,2021,NCRB CII 2021 Table 3A.1 (1679652741TABLE3A1.xlsx)
2021,Manipur,cases,302.0,2021,NCRB CII 2021 Table 3A.1 (1679652741TABLE3A1.xlsx)
2021,Manipur,midyear_female_population_lakh,15.8,2021,NCRB CII 2021 Table 3A.1 (1679652741TABLE3A1.xlsx)
2021,Manipur,crime_rate_per_lakh_women,19.1,2021,NCRB CII 2021 Table 3A.1 (1679652741TABLE3A1.xlsx)
2021,Manipur,chargesheeting_rate_pct,48.4,2021,NCRB CII 2021 Table 3A.1 (1679652741TABLE3A1.xlsx)
2019,Meghalaya,cases,558.0,2021,NCRB CII 2021 Table 3A.1 (1679652741TABLE3A1.xlsx)
2020,Meghalaya,cases,568.0,2021,NCRB CII 2021 Table 3A.1 (1679652741TABLE3A1.xlsx)
2021,Meghalaya,cases,685.0,2021,NCRB CII 2021 Table 3A.1 (1679652741TABLE3A1.xlsx)
2021,Meghalaya,midyear_female_population_lakh,16.4,2021,NCRB CII 2021 Table 3A.1 (1679652741TABLE3A1.xlsx)
2021,Meghalaya,crime_rate_per_lakh_women,41.7,2021,NCRB CII 2021 Table 3A.1 (1679652741TABLE3A1.xlsx)
2021,Meghalaya,chargesheeting_rate_pct,76.1,2021,NCRB CII 2021 Table 3A.1 (1679652741TABLE3A1.xlsx)
2019,Mizoram,cases,170.0,2021,NCRB CII 2021 Table 3A.1 (1679652741TABLE3A1.xlsx)
2020,Mizoram,cases,172.0,2021,NCRB CII 2021 Table 3A.1 (1679652741TABLE3A1.xlsx)
2021,Mizoram,cases,176.0,2021,NCRB CII 2021 Table 3A.1 (1679652741TABLE3A1.xlsx)
2021,Mizoram,midyear_female_population_lakh,6.0,2021,NCRB CII 2021 Table 3A.1 (1679652741TABLE3A1.xlsx)
2021,Mizoram,crime_rate_per_lakh_women,29.1,2021,NCRB CII 2021 Table 3A.1 (1679652741TABLE3A1.xlsx)
2021,Mizoram,chargesheeting_rate_pct,94.9,2021,NCRB CII 2021 Table 3A.1 (1679652741TABLE3A1.xlsx)
2019,Nagaland,cases,43.0,2021,NCRB CII 2021 Table 3A.1 (1679652741TABLE3A1.xlsx)
2020,Nagaland,cases,39.0,2021,NCRB CII 2021 Table 3A.1 (1679652741TABLE3A1.xlsx)
2021,Nagaland,cases,54.0,2021,NCRB CII 2021 Table 3A.1 (1679652741TABLE3A1.xlsx)
2021,Nagaland,midyear_female_population_lakh,10.6,2021,NCRB CII 2021 Table 3A.1 (1679652741TABLE3A1.xlsx)
2021,Nagaland,crime_rate_per_lakh_women,5.1,2021,NCRB CII 2021 Table 3A.1 (1679652741TABLE3A1.xlsx)
2021,Nagaland,chargesheeting_rate_pct,80.4,2021,NCRB CII 2021 Table 3A.1 (1679652741TABLE3A1.xlsx)
2019,Odisha,cases,23183.0,2021,NCRB CII 2021 Table 3A.1 (1679652741TABLE3A1.xlsx)
2020,Odisha,cases,25489.0,2021,NCRB CII 2021 Table 3A.1 (1679652741TABLE3A1.xlsx)
2021,Odisha,cases,31352.0,2021,NCRB CII 2021 Table 3A.1 (1679652741TABLE3A1.xlsx)
2021,Odisha,midyear_female_population_lakh,227.4,2021,NCRB CII 2021 Table 3A.1 (1679652741TABLE3A1.xlsx)
2021,Odisha,crime_rate_per_lakh_women,137.8,2021,NCRB CII 2021 Table 3A.1 (1679652741TABLE3A1.xlsx)
2021,Odisha,chargesheeting_rate_pct,80.1,2021,NCRB CII 2021 Table 3A.1 (1679652741TABLE3A1.xlsx)
2019,Punjab,cases,5886.0,2021,NCRB CII 2021 Table 3A.1 (1679652741TABLE3A1.xlsx)
2020,Punjab,cases,4838.0,2021,NCRB CII 2021 Table 3A.1 (1679652741TABLE3A1.xlsx)
2021,Punjab,cases,5662.0,2021,NCRB CII 2021 Table 3A.1 (1679652741TABLE3A1.xlsx)
2021,Punjab,midyear_female_population_lakh,144.3,2021,NCRB CII 2021 Table 3A.1 (1679652741TABLE3A1.xlsx)
2021,Punjab,crime_rate_per_lakh_women,39.2,2021,NCRB CII 2021 Table 3A.1 (1679652741TABLE3A1.xlsx)
2021,Punjab,chargesheeting_rate_pct,75.3,2021,NCRB CII 2021 Table 3A.1 (1679652741TABLE3A1.xlsx)
2019,Rajasthan,cases,41550.0,2021,NCRB CII 2021 Table 3A.1 (1679652741TABLE3A1.xlsx)
2020,Rajasthan,cases,34535.0,2021,NCRB CII 2021 Table 3A.1 (1679652741TABLE3A1.xlsx)
2021,Rajasthan,cases,40738.0,2021,NCRB CII 2021 Table 3A.1 (1679652741TABLE3A1.xlsx)
2021,Rajasthan,midyear_female_population_lakh,386.7,2021,NCRB CII 2021 Table 3A.1 (1679652741TABLE3A1.xlsx)
2021,Rajasthan,crime_rate_per_lakh_women,105.4,2021,NCRB CII 2021 Table 3A.1 (1679652741TABLE3A1.xlsx)
2021,Rajasthan,chargesheeting_rate_pct,54.5,2021,NCRB CII 2021 Table 3A.1 (1679652741TABLE3A1.xlsx)
2019,Sikkim,cases,125.0,2021,NCRB CII 2021 Table 3A.1 (1679652741TABLE3A1.xlsx)
2020,Sikkim,cases,140.0,2021,NCRB CII 2021 Table 3A.1 (1679652741TABLE3A1.xlsx)
2021,Sikkim,cases,130.0,2021,NCRB CII 2021 Table 3A.1 (1679652741TABLE3A1.xlsx)
2021,Sikkim,midyear_female_population_lakh,3.2,2021,NCRB CII 2021 Table 3A.1 (1679652741TABLE3A1.xlsx)
2021,Sikkim,crime_rate_per_lakh_women,40.6,2021,NCRB CII 2021 Table 3A.1 (1679652741TABLE3A1.xlsx)
2021,Sikkim,chargesheeting_rate_pct,98.3,2021,NCRB CII 2021 Table 3A.1 (1679652741TABLE3A1.xlsx)
2019,Tamil Nadu,cases,5934.0,2021,NCRB CII 2021 Table 3A.1 (1679652741TABLE3A1.xlsx)
2020,Tamil Nadu,cases,6630.0,2021,NCRB CII 2021 Table 3A.1 (1679652741TABLE3A1.xlsx)
2021,Tamil Nadu,cases,8501.0,2021,NCRB CII 2021 Table 3A.1 (1679652741TABLE3A1.xlsx)
2021,Tamil Nadu,midyear_female_population_lakh,382.8,2021,NCRB CII 2021 Table 3A.1 (1679652741TABLE3A1.xlsx)
2021,Tamil Nadu,crime_rate_per_lakh_women,22.2,2021,NCRB CII 2021 Table 3A.1 (1679652741TABLE3A1.xlsx)
2021,Tamil Nadu,chargesheeting_rate_pct,87.5,2021,NCRB CII 2021 Table 3A.1 (1679652741TABLE3A1.xlsx)
2019,Telangana,cases,18394.0,2021,NCRB CII 2021 Table 3A.1 (1679652741TABLE3A1.xlsx)
2020,Telangana,cases,17791.0,2021,NCRB CII 2021 Table 3A.1 (1679652741TABLE3A1.xlsx)
2021,Telangana,cases,20865.0,2021,NCRB CII 2021 Table 3A.1 (1679652741TABLE3A1.xlsx)
2021,Telangana,midyear_female_population_lakh,187.7,2021,NCRB CII 2021 Table 3A.1 (1679652741TABLE3A1.xlsx)
2021,Telangana,crime_rate_per_lakh_women,111.2,2021,NCRB CII 2021 Table 3A.1 (1679652741TABLE3A1.xlsx)
2021,Telangana,chargesheeting_rate_pct,87.8,2021,NCRB CII 2021 Table 3A.1 (1679652741TABLE3A1.xlsx)
2019,Tripura,cases,1070.0,2021,NCRB CII 2021 Table 3A.1 (1679652741TABLE3A1.xlsx)
2020,Tripura,cases,874.0,2021,NCRB CII 2021 Table 3A.1 (1679652741TABLE3A1.xlsx)
2021,Tripura,cases,807.0,2021,NCRB CII 2021 Table 3A.1 (1679652741TABLE3A1.xlsx)
2021,Tripura,midyear_female_population_lakh,20.1,2021,NCRB CII 2021 Table 3A.1 (1679652741TABLE3A1.xlsx)
2021,Tripura,crime_rate_per_lakh_women,40.2,2021,NCRB CII 2021 Table 3A.1 (1679652741TABLE3A1.xlsx)
2021,Tripura,chargesheeting_rate_pct,84.7,2021,NCRB CII 2021 Table 3A.1 (1679652741TABLE3A1.xlsx)
2019,Uttar Pradesh,cases,59853.0,2021,NCRB CII 2021 Table 3A.1 (1679652741TABLE3A1.xlsx)
2020,Uttar Pradesh,cases,49385.0,2021,NCRB CII 2021 Table 3A.1 (1679652741TABLE3A1.xlsx)
2021,Uttar Pradesh,cases,56083.0,2021,NCRB CII 2021 Table 3A.1 (1679652741TABLE3A1.xlsx)
2021,Uttar Pradesh,midyear_female_population_lakh,1109.6,2021,NCRB CII 2021 Table 3A.1 (1679652741TABLE3A1.xlsx)
2021,Uttar Pradesh,crime_rate_per_lakh_women,50.5,2021,NCRB CII 2021 Table 3A.1 (1679652741TABLE3A1.xlsx)
2021,Uttar Pradesh,chargesheeting_rate_pct,76.5,2021,NCRB CII 2021 Table 3A.1 (1679652741TABLE3A1.xlsx)
2019,Uttarakhand,cases,2541.0,2021,NCRB CII 2021 Table 3A.1 (1679652741TABLE3A1.xlsx)
2020,Uttarakhand,cases,2846.0,2021,NCRB CII 2021 Table 3A.1 (1679652741TABLE3A1.xlsx)
2021,Uttarakhand,cases,3431.0,2021,NCRB CII 2021 Table 3A.1 (1679652741TABLE3A1.xlsx)
2021,Uttarakhand,midyear_female_population_lakh,55.8,2021,NCRB CII 2021 Table 3A.1 (1679652741TABLE3A1.xlsx)
2021,Uttarakhand,crime_rate_per_lakh_women,61.5,2021,NCRB CII 2021 Table 3A.1 (1679652741TABLE3A1.xlsx)
2021,Uttarakhand,chargesheeting_rate_pct,81.5,2021,NCRB CII 2021 Table 3A.1 (1679652741TABLE3A1.xlsx)
2019,West Bengal,cases,29859.0,2021,NCRB CII 2021 Table 3A.1 (1679652741TABLE3A1.xlsx)
2020,West Bengal,cases,36439.0,2021,NCRB CII 2021 Table 3A.1 (1679652741TABLE3A1.xlsx)
2021,West Bengal,cases,35884.0,2021,NCRB CII 2021 Table 3A.1 (1679652741TABLE3A1.xlsx)
2021,West Bengal,midyear_female_population_lakh,481.2,2021,NCRB CII 2021 Table 3A.1 (1679652741TABLE3A1.xlsx)
2021,West Bengal,crime_rate_per_lakh_women,74.6,2021,NCRB CII 2021 Table 3A.1 (1679652741TABLE3A1.xlsx)
2021,West Bengal,chargesheeting_rate_pct,93.7,2021,NCRB CII 2021 Table 3A.1 (1679652741TABLE3A1.xlsx)
2019,Andaman & Nicobar Islands,cases,135.0,2021,NCRB CII 2021 Table 3A.1 (1679652741TABLE3A1.xlsx)
2020,Andaman & Nicobar Islands,cases,143.0,2021,NCRB CII 2021 Table 3A.1 (1679652741TABLE3A1.xlsx)
2021,Andaman & Nicobar Islands,cases,169.0,2021,NCRB CII 2021 Table 3A.1 (1679652741TABLE3A1.xlsx)
2021,Andaman & Nicobar Islands,midyear_female_population_lakh,1.9,2021,NCRB CII 2021 Table 3A.1 (1679652741TABLE3A1.xlsx)
2021,Andaman & Nicobar Islands,crime_rate_per_lakh_women,89.4,2021,NCRB CII 2021 Table 3A.1 (1679652741TABLE3A1.xlsx)
2021,Andaman & Nicobar Islands,chargesheeting_rate_pct,97.1,2021,NCRB CII 2021 Table 3A.1 (1679652741TABLE3A1.xlsx)
2019,Chandigarh,cases,515.0,2021,NCRB CII 2021 Table 3A.1 (1679652741TABLE3A1.xlsx)
2020,Chandigarh,cases,301.0,2021,NCRB CII 2021 Table 3A.1 (1679652741TABLE3A1.xlsx)
2021,Chandigarh,cases,343.0,2021,NCRB CII 2021 Table 3A.1 (1679652741TABLE3A1.xlsx)
2021,Chandigarh,midyear_female_population_lakh,5.6,2021,NCRB CII 2021 Table 3A.1 (1679652741TABLE3A1.xlsx)
2021,Chandigarh,crime_rate_per_lakh_women,61.7,2021,NCRB CII 2021 Table 3A.1 (1679652741TABLE3A1.xlsx)
2021,Chandigarh,chargesheeting_rate_pct,51.0,2021,NCRB CII 2021 Table 3A.1 (1679652741TABLE3A1.xlsx)
2019,Dadra & Nagar Haveli and Daman & Diu,cases,82.0,2021,NCRB CII 2021 Table 3A.1 (1679652741TABLE3A1.xlsx)
2020,Dadra & Nagar Haveli and Daman & Diu,cases,61.0,2021,NCRB CII 2021 Table 3A.1 (1679652741TABLE3A1.xlsx)
2021,Dadra & Nagar Haveli and Daman & Diu,cases,99.0,2021,NCRB CII 2021 Table 3A.1 (1679652741TABLE3A1.xlsx)
2021,Dadra & Nagar Haveli and Daman & Diu,midyear_female_population_lakh,3.9,2021,NCRB CII 2021 Table 3A.1 (1679652741TABLE3A1.xlsx)
2021,Dadra & Nagar Haveli and Daman & Diu,crime_rate_per_lakh_women,25.3,2021,NCRB CII 2021 Table 3A.1 (1679652741TABLE3A1.xlsx)
2021,Dadra & Nagar Haveli and Daman & Diu,chargesheeting_rate_pct,74.0,2021,NCRB CII 2021 Table 3A.1 (1679652741TABLE3A1.xlsx)
2019,Delhi,cases,13395.0,2021,NCRB CII 2021 Table 3A.1 (1679652741TABLE3A1.xlsx)
2020,Delhi,cases,10093.0,2021,NCRB CII 2021 Table 3A.1 (1679652741TABLE3A1.xlsx)
2021,Delhi,cases,14277.0,2021,NCRB CII 2021 Table 3A.1 (1679652741TABLE3A1.xlsx)
2021,Delhi,midyear_female_population_lakh,96.7,2021,NCRB CII 2021 Table 3A.1 (1679652741TABLE3A1.xlsx)
2021,Delhi,crime_rate_per_lakh_women,147.6,2021,NCRB CII 2021 Table 3A.1 (1679652741TABLE3A1.xlsx)
2021,Delhi,chargesheeting_rate_pct,71.2,2021,NCRB CII 2021 Table 3A.1 (1679652741TABLE3A1.xlsx)
2019,Jammu & Kashmir,cases,3069.0,2021,NCRB CII 2021 Table 3A.1 (1679652741TABLE3A1.xlsx)
2020,Jammu & Kashmir,cases,3405.0,2021,NCRB CII 2021 Table 3A.1 (1679652741TABLE3A1.xlsx)
2021,Jammu & Kashmir,cases,3937.0,2021,NCRB CII 2021 Table 3A.1 (1679652741TABLE3A1.xlsx)
2021,Jammu & Kashmir,midyear_female_population_lakh,64.0,2021,NCRB CII 2021 Table 3A.1 (1679652741TABLE3A1.xlsx)
2021,Jammu & Kashmir,crime_rate_per_lakh_women,61.6,2021,NCRB CII 2021 Table 3A.1 (1679652741TABLE3A1.xlsx)
2021,Jammu & Kashmir,chargesheeting_rate_pct,72.5,2021,NCRB CII 2021 Table 3A.1 (1679652741TABLE3A1.xlsx)
2019,Ladakh,cases,,2021,NCRB CII 2021 Table 3A.1 (1679652741TABLE3A1.xlsx)
2020,Ladakh,cases,9.0,2021,NCRB CII 2021 Table 3A.1 (1679652741TABLE3A1.xlsx)
2021,Ladakh,cases,18.0,2021,NCRB CII 2021 Table 3A.1 (1679652741TABLE3A1.xlsx)
2021,Ladakh,midyear_female_population_lakh,1.3,2021,NCRB CII 2021 Table 3A.1 (1679652741TABLE3A1.xlsx)
2021,Ladakh,crime_rate_per_lakh_women,13.8,2021,NCRB CII 2021 Table 3A.1 (1679652741TABLE3A1.xlsx)
2021,Ladakh,chargesheeting_rate_pct,85.7,2021,NCRB CII 2021 Table 3A.1 (1679652741TABLE3A1.xlsx)
2019,Lakshadweep,cases,38.0,2021,NCRB CII 2021 Table 3A.1 (1679652741TABLE3A1.xlsx)
2020,Lakshadweep,cases,15.0,2021,NCRB CII 2021 Table 3A.1 (1679652741TABLE3A1.xlsx)
2021,Lakshadweep,cases,9.0,2021,NCRB CII 2021 Table 3A.1 (1679652741TABLE3A1.xlsx)
2021,Lakshadweep,midyear_female_population_lakh,0.3,2021,NCRB CII 2021 Table 3A.1 (1679652741TABLE3A1.xlsx)
2021,Lakshadweep,crime_rate_per_lakh_women,27.3,2021,NCRB CII 2021 Table 3A.1 (1679652741TABLE3A1.xlsx)
2021,Lakshadweep,chargesheeting_rate_pct,80.0,2021,NCRB CII 2021 Table 3A.1 (1679652741TABLE3A1.xlsx)
2019,Puducherry,cases,95.0,2021,NCRB CII 2021 Table 3A.1 (1679652741TABLE3A1.xlsx)
2020,Puducherry,cases,113.0,2021,NCRB CII 2021 Table 3A.1 (1679652741TABLE3A1.xlsx)
2021,Puducherry,cases,153.0,2021,NCRB CII 2021 Table 3A.1 (1679652741TABLE3A1.xlsx)
2021,Puducherry,midyear_female_population_lakh,8.3,2021,NCRB CII 2021 Table 3A.1 (1679652741TABLE3A1.xlsx)
2021,Puducherry,crime_rate_per_lakh_women,18.5,2021,NCRB CII 2021 Table 3A.1 (1679652741TABLE3A1.xlsx)
2021,Puducherry,chargesheeting_rate_pct,97.6,2021,NCRB CII 2021 Table 3A.1 (1679652741TABLE3A1.xlsx)
2019,All India,cases,405326.0,2021,NCRB CII 2021 Table 3A.1 (1679652741TABLE3A1.xlsx)
2020,All India,cases,371503.0,2021,NCRB CII 2021 Table 3A.1 (1679652741TABLE3A1.xlsx)
2021,All India,cases,428278.0,2021,NCRB CII 2021 Table 3A.1 (1679652741TABLE3A1.xlsx)
2021,All India,midyear_female_population_lakh,6644.7,2021,NCRB CII 2021 Table 3A.1 (1679652741TABLE3A1.xlsx)
2021,All India,crime_rate_per_lakh_women,64.5,2021,NCRB CII 2021 Table 3A.1 (1679652741TABLE3A1.xlsx)
2021,All India,chargesheeting_rate_pct,77.1,2021,NCRB CII 2021 Table 3A.1 (1679652741TABLE3A1.xlsx)
2020,Andhra Pradesh,cases,17089.0,2022,NCRB CII 2022 Table 3A.1 (1701935121TABLE3A1.xlsx)
2021,Andhra Pradesh,cases,17752.0,2022,NCRB CII 2022 Table 3A.1 (1701935121TABLE3A1.xlsx)
2022,Andhra Pradesh,cases,25503.0,2022,NCRB CII 2022 Table 3A.1 (1701935121TABLE3A1.xlsx)
2022,Andhra Pradesh,midyear_female_population_lakh,265.2,2022,NCRB CII 2022 Table 3A.1 (1701935121TABLE3A1.xlsx)
2022,Andhra Pradesh,crime_rate_per_lakh_women,96.2,2022,NCRB CII 2022 Table 3A.1 (1701935121TABLE3A1.xlsx)
2022,Andhra Pradesh,chargesheeting_rate_pct,92.7,2022,NCRB CII 2022 Table 3A.1 (1701935121TABLE3A1.xlsx)
2020,Arunachal Pradesh,cases,281.0,2022,NCRB CII 2022 Table 3A.1 (1701935121TABLE3A1.xlsx)
2021,Arunachal Pradesh,cases,366.0,2022,NCRB CII 2022 Table 3A.1 (1701935121TABLE3A1.xlsx)
2022,Arunachal Pradesh,cases,335.0,2022,NCRB CII 2022 Table 3A.1 (1701935121TABLE3A1.xlsx)
2022,Arunachal Pradesh,midyear_female_population_lakh,7.5,2022,NCRB CII 2022 Table 3A.1 (1701935121TABLE3A1.xlsx)
2022,Arunachal Pradesh,crime_rate_per_lakh_women,44.4,2022,NCRB CII 2022 Table 3A.1 (1701935121TABLE3A1.xlsx)
2022,Arunachal Pradesh,chargesheeting_rate_pct,76.6,2022,NCRB CII 2022 Table 3A.1 (1701935121TABLE3A1.xlsx)
2020,Assam,cases,26352.0,2022,NCRB CII 2022 Table 3A.1 (1701935121TABLE3A1.xlsx)
2021,Assam,cases,29046.0,2022,NCRB CII 2022 Table 3A.1 (1701935121TABLE3A1.xlsx)
2022,Assam,cases,14148.0,2022,NCRB CII 2022 Table 3A.1 (1701935121TABLE3A1.xlsx)
2022,Assam,midyear_female_population_lakh,174.3,2022,NCRB CII 2022 Table 3A.1 (1701935121TABLE3A1.xlsx)
2022,Assam,crime_rate_per_lakh_women,81.2,2022,NCRB CII 2022 Table 3A.1 (1701935121TABLE3A1.xlsx)
2022,Assam,chargesheeting_rate_pct,41.4,2022,NCRB CII 2022 Table 3A.1 (1701935121TABLE3A1.xlsx)
2020,Bihar,cases,15359.0,2022,NCRB CII 2022 Table 3A.1 (1701935121TABLE3A1.xlsx)
2021,Bihar,cases,17950.0,2022,NCRB CII 2022 Table 3A.1 (1701935121TABLE3A1.xlsx)
2022,Bihar,cases,20222.0,2022,NCRB CII 2022 Table 3A.1 (1701935121TABLE3A1.xlsx)
2022,Bihar,midyear_female_population_lakh,602.8,2022,NCRB CII 2022 Table 3A.1 (1701935121TABLE3A1.xlsx)
2022,Bihar,crime_rate_per_lakh_women,33.5,2022,NCRB CII 2022 Table 3A.1 (1701935121TABLE3A1.xlsx)
2022,Bihar,chargesheeting_rate_pct,76.4,2022,NCRB CII 2022 Table 3A.1 (1701935121TABLE3A1.xlsx)
2020,Chhattisgarh,cases,7385.0,2022,NCRB CII 2022 Table 3A.1 (1701935121TABLE3A1.xlsx)
2021,Chhattisgarh,cases,7344.0,2022,NCRB CII 2022 Table 3A.1 (1701935121TABLE3A1.xlsx)
2022,Chhattisgarh,cases,8693.0,2022,NCRB CII 2022 Table 3A.1 (1701935121TABLE3A1.xlsx)
2022,Chhattisgarh,midyear_female_population_lakh,149.3,2022,NCRB CII 2022 Table 3A.1 (1701935121TABLE3A1.xlsx)
2022,Chhattisgarh,crime_rate_per_lakh_women,58.2,2022,NCRB CII 2022 Table 3A.1 (1701935121TABLE3A1.xlsx)
2022,Chhattisgarh,chargesheeting_rate_pct,81.2,2022,NCRB CII 2022 Table 3A.1 (1701935121TABLE3A1.xlsx)
2020,Goa,cases,219.0,2022,NCRB CII 2022 Table 3A.1 (1701935121TABLE3A1.xlsx)
2021,Goa,cases,224.0,2022,NCRB CII 2022 Table 3A.1 (1701935121TABLE3A1.xlsx)
2022,Goa,cases,273.0,2022,NCRB CII 2022 Table 3A.1 (1701935121TABLE3A1.xlsx)
2022,Goa,midyear_female_population_lakh,7.8,2022,NCRB CII 2022 Table 3A.1 (1701935121TABLE3A1.xlsx)
2022,Goa,crime_rate_per_lakh_women,35.1,2022,NCRB CII 2022 Table 3A.1 (1701935121TABLE3A1.xlsx)
2022,Goa,chargesheeting_rate_pct,76.1,2022,NCRB CII 2022 Table 3A.1 (1701935121TABLE3A1.xlsx)
2020,Gujarat,cases,8028.0,2022,NCRB CII 2022 Table 3A.1 (1701935121TABLE3A1.xlsx)
2021,Gujarat,cases,7348.0,2022,NCRB CII 2022 Table 3A.1 (1701935121TABLE3A1.xlsx)
2022,Gujarat,cases,7731.0,2022,NCRB CII 2022 Table 3A.1 (1701935121TABLE3A1.xlsx)
2022,Gujarat,midyear_female_population_lakh,337.1,2022,NCRB CII 2022 Table 3A.1 (1701935121TABLE3A1.xlsx)
2022,Gujarat,crime_rate_per_lakh_women,22.9,2022,NCRB CII 2022 Table 3A.1 (1701935121TABLE3A1.xlsx)
2022,Gujarat,chargesheeting_rate_pct,89.8,2022,NCRB CII 2022 Table 3A.1 (1701935121TABLE3A1.xlsx)
2020,Haryana,cases,13000.0,2022,NCRB CII 2022 Table 3A.1 (1701935121TABLE3A1.xlsx)
2021,Haryana,cases,16658.0,2022,NCRB CII 2022 Table 3A.1 (1701935121TABLE3A1.xlsx)
2022,Haryana,cases,16743.0,2022,NCRB CII 2022 Table 3A.1 (1701935121TABLE3A1.xlsx)
2022,Haryana,midyear_female_population_lakh,141.0,2022,NCRB CII 2022 Table 3A.1 (1701935121TABLE3A1.xlsx)
2022,Haryana,crime_rate_per_lakh_women,118.7,2022,NCRB CII 2022 Table 3A.1 (1701935121TABLE3A1.xlsx)
2022,Haryana,chargesheeting_rate_pct,57.2,2022,NCRB CII 2022 Table 3A.1 (1701935121TABLE3A1.xlsx)
2020,Himachal Pradesh,cases,1614.0,2022,NCRB CII 2022 Table 3A.1 (1701935121TABLE3A1.xlsx)
2021,Himachal Pradesh,cases,1599.0,2022,NCRB CII 2022 Table 3A.1 (1701935121TABLE3A1.xlsx)
2022,Himachal Pradesh,cases,1551.0,2022,NCRB CII 2022 Table 3A.1 (1701935121TABLE3A1.xlsx)
2022,Himachal Pradesh,midyear_female_population_lakh,36.7,2022,NCRB CII 2022 Table 3A.1 (1701935121TABLE3A1.xlsx)
2022,Himachal Pradesh,crime_rate_per_lakh_women,42.3,2022,NCRB CII 2022 Table 3A.1 (1701935121TABLE3A1.xlsx)
2022,Himachal Pradesh,chargesheeting_rate_pct,73.9,2022,NCRB CII 2022 Table 3A.1 (1701935121TABLE3A1.xlsx)
2020,Jharkhand,cases,7630.0,2022,NCRB CII 2022 Table 3A.1 (1701935121TABLE3A1.xlsx)
2021,Jharkhand,cases,8110.0,2022,NCRB CII 2022 Table 3A.1 (1701935121TABLE3A1.xlsx)
2022,Jharkhand,cases,7678.0,2022,NCRB CII 2022 Table 3A.1 (1701935121TABLE3A1.xlsx)
2022,Jharkhand,midyear_female_population_lakh,191.1,2022,NCRB CII 2022 Table 3A.1 (1701935121TABLE3A1.xlsx)
2022,Jharkhand,crime_rate_per_lakh_women,40.2,2022,NCRB CII 2022 Table 3A.1 (1701935121TABLE3A1.xlsx)
2022,Jharkhand,chargesheeting_rate_pct,80.0,2022,NCRB CII 2022 Table 3A.1 (1701935121TABLE3A1.xlsx)
2020,Karnataka,cases,12680.0,2022,NCRB CII 2022 Table 3A.1 (1701935121TABLE3A1.xlsx)
2021,Karnataka,cases,14468.0,2022,NCRB CII 2022 Table 3A.1 (1701935121TABLE3A1.xlsx)
2022,Karnataka,cases,17813.0,2022,NCRB CII 2022 Table 3A.1 (1701935121TABLE3A1.xlsx)
2022,Karnataka,midyear_female_population_lakh,332.1,2022,NCRB CII 2022 Table 3A.1 (1701935121TABLE3A1.xlsx)
2022,Karnataka,crime_rate_per_lakh_women,53.6,2022,NCRB CII 2022 Table 3A.1 (1701935121TABLE3A1.xlsx)
2022,Karnataka,chargesheeting_rate_pct,82.8,2022,NCRB CII 2022 Table 3A.1 (1701935121TABLE3A1.xlsx)
2020,Kerala,cases,10139.0,2022,NCRB CII 2022 Table 3A.1 (1701935121TABLE3A1.xlsx)
2021,Kerala,cases,13539.0,2022,NCRB CII 2022 Table 3A.1 (1701935121TABLE3A1.xlsx)
2022,Kerala,cases,15213.0,2022,NCRB CII 2022 Table 3A.1 (1701935121TABLE3A1.xlsx)
2022,Kerala,midyear_female_population_lakh,185.4,2022,NCRB CII 2022 Table 3A.1 (1701935121TABLE3A1.xlsx)
2022,Kerala,crime_rate_per_lakh_women,82.0,2022,NCRB CII 2022 Table 3A.1 (1701935121TABLE3A1.xlsx)
2022,Kerala,chargesheeting_rate_pct,94.5,2022,NCRB CII 2022 Table 3A.1 (1701935121TABLE3A1.xlsx)
2020,Madhya Pradesh,cases,25640.0,2022,NCRB CII 2022 Table 3A.1 (1701935121TABLE3A1.xlsx)
2021,Madhya Pradesh,cases,30673.0,2022,NCRB CII 2022 Table 3A.1 (1701935121TABLE3A1.xlsx)
2022,Madhya Pradesh,cases,32765.0,2022,NCRB CII 2022 Table 3A.1 (1701935121TABLE3A1.xlsx)
2022,Madhya Pradesh,midyear_female_population_lakh,416.0,2022,NCRB CII 2022 Table 3A.1 (1701935121TABLE3A1.xlsx)
2022,Madhya Pradesh,crime_rate_per_lakh_women,78.8,2022,NCRB CII 2022 Table 3A.1 (1701935121TABLE3A1.xlsx)
2022,Madhya Pradesh,chargesheeting_rate_pct,82.3,2022,NCRB CII 2022 Table 3A.1 (1701935121TABLE3A1.xlsx)
2020,Maharashtra,cases,31954.0,2022,NCRB CII 2022 Table 3A.1 (1701935121TABLE3A1.xlsx)
2021,Maharashtra,cases,39526.0,2022,NCRB CII 2022 Table 3A.1 (1701935121TABLE3A1.xlsx)
2022,Maharashtra,cases,45331.0,2022,NCRB CII 2022 Table 3A.1 (1701935121TABLE3A1.xlsx)
2022,Maharashtra,midyear_female_population_lakh,603.4,2022,NCRB CII 2022 Table 3A.1 (1701935121TABLE3A1.xlsx)
2022,Maharashtra,crime_rate_per_lakh_women,75.1,2022,NCRB CII 2022 Table 3A.1 (1701935121TABLE3A1.xlsx)
2022,Maharashtra,chargesheeting_rate_pct,80.6,2022,NCRB CII 2022 Table 3A.1 (1701935121TABLE3A1.xlsx)
2020,Manipur,cases,247.0,2022,NCRB CII 2022 Table 3A.1 (1701935121TABLE3A1.xlsx)
2021,Manipur,cases,302.0,2022,NCRB CII 2022 Table 3A.1 (1701935121TABLE3A1.xlsx)
2022,Manipur,cases,248.0,2022,NCRB CII 2022 Table 3A.1 (1701935121TABLE3A1.xlsx)
2022,Manipur,midyear_female_population_lakh,15.9,2022,NCRB CII 2022 Table 3A.1 (1701935121TABLE3A1.xlsx)
2022,Manipur,crime_rate_per_lakh_women,15.6,2022,NCRB CII 2022 Table 3A.1 (1701935121TABLE3A1.xlsx)
2022,Manipur,chargesheeting_rate_pct,65.1,2022,NCRB CII 2022 Table 3A.1 (1701935121TABLE3A1.xlsx)
2020,Meghalaya,cases,568.0,2022,NCRB CII 2022 Table 3A.1 (1701935121TABLE3A1.xlsx)
2021,Meghalaya,cases,685.0,2022,NCRB CII 2022 Table 3A.1 (1701935121TABLE3A1.xlsx)
2022,Meghalaya,cases,690.0,2022,NCRB CII 2022 Table 3A.1 (1701935121TABLE3A1.xlsx)
2022,Meghalaya,midyear_female_population_lakh,16.6,2022,NCRB CII 2022 Table 3A.1 (1701935121TABLE3A1.xlsx)
2022,Meghalaya,crime_rate_per_lakh_women,41.6,2022,NCRB CII 2022 Table 3A.1 (1701935121TABLE3A1.xlsx)
2022,Meghalaya,chargesheeting_rate_pct,71.6,2022,NCRB CII 2022 Table 3A.1 (1701935121TABLE3A1.xlsx)
2020,Mizoram,cases,172.0,2022,NCRB CII 2022 Table 3A.1 (1701935121TABLE3A1.xlsx)
2021,Mizoram,cases,176.0,2022,NCRB CII 2022 Table 3A.1 (1701935121TABLE3A1.xlsx)
2022,Mizoram,cases,147.0,2022,NCRB CII 2022 Table 3A.1 (1701935121TABLE3A1.xlsx)
2022,Mizoram,midyear_female_population_lakh,6.1,2022,NCRB CII 2022 Table 3A.1 (1701935121TABLE3A1.xlsx)
2022,Mizoram,crime_rate_per_lakh_women,24.1,2022,NCRB CII 2022 Table 3A.1 (1701935121TABLE3A1.xlsx)
2022,Mizoram,chargesheeting_rate_pct,98.0,2022,NCRB CII 2022 Table 3A.1 (1701935121TABLE3A1.xlsx)
2020,Nagaland,cases,39.0,2022,NCRB CII 2022 Table 3A.1 (1701935121TABLE3A1.xlsx)
2021,Nagaland,cases,54.0,2022,NCRB CII 2022 Table 3A.1 (1701935121TABLE3A1.xlsx)
2022,Nagaland,cases,49.0,2022,NCRB CII 2022 Table 3A.1 (1701935121TABLE3A1.xlsx)
2022,Nagaland,midyear_female_population_lakh,10.7,2022,NCRB CII 2022 Table 3A.1 (1701935121TABLE3A1.xlsx)
2022,Nagaland,crime_rate_per_lakh_women,4.6,2022,NCRB CII 2022 Table 3A.1 (1701935121TABLE3A1.xlsx)
2022,Nagaland,chargesheeting_rate_pct,92.2,2022,NCRB CII 2022 Table 3A.1 (1701935121TABLE3A1.xlsx)
2020,Odisha,cases,25489.0,2022,NCRB CII 2022 Table 3A.1 (1701935121TABLE3A1.xlsx)
2021,Odisha,cases,31352.0,2022,NCRB CII 2022 Table 3A.1 (1701935121TABLE3A1.xlsx)
2022,Odisha,cases,23648.0,2022,NCRB CII 2022 Table 3A.1 (1701935121TABLE3A1.xlsx)
2022,Odisha,midyear_female_population_lakh,229.0,2022,NCRB CII 2022 Table 3A.1 (1701935121TABLE3A1.xlsx)
2022,Odisha,crime_rate_per_lakh_women,103.3,2022,NCRB CII 2022 Table 3A.1 (1701935121TABLE3A1.xlsx)
2022,Odisha,chargesheeting_rate_pct,71.4,2022,NCRB CII 2022 Table 3A.1 (1701935121TABLE3A1.xlsx)
2020,Punjab,cases,4838.0,2022,NCRB CII 2022 Table 3A.1 (1701935121TABLE3A1.xlsx)
2021,Punjab,cases,5662.0,2022,NCRB CII 2022 Table 3A.1 (1701935121TABLE3A1.xlsx)
2022,Punjab,cases,5572.0,2022,NCRB CII 2022 Table 3A.1 (1701935121TABLE3A1.xlsx)
2022,Punjab,midyear_female_population_lakh,145.3,2022,NCRB CII 2022 Table 3A.1 (1701935121TABLE3A1.xlsx)
2022,Punjab,crime_rate_per_lakh_women,38.4,2022,NCRB CII 2022 Table 3A.1 (1701935121TABLE3A1.xlsx)
2022,Punjab,chargesheeting_rate_pct,77.8,2022,NCRB CII 2022 Table 3A.1 (1701935121TABLE3A1.xlsx)
2020,Rajasthan,cases,34535.0,2022,NCRB CII 2022 Table 3A.1 (1701935121TABLE3A1.xlsx)
2021,Rajasthan,cases,40738.0,2022,NCRB CII 2022 Table 3A.1 (1701935121TABLE3A1.xlsx)
2022,Rajasthan,cases,45058.0,2022,NCRB CII 2022 Table 3A.1 (1701935121TABLE3A1.xlsx)
2022,Rajasthan,midyear_female_population_lakh,391.3,2022,NCRB CII 2022 Table 3A.1 (1701935121TABLE3A1.xlsx)
2022,Rajasthan,crime_rate_per_lakh_women,115.1,2022,NCRB CII 2022 Table 3A.1 (1701935121TABLE3A1.xlsx)
2022,Rajasthan,chargesheeting_rate_pct,54.0,2022,NCRB CII 2022 Table 3A.1 (1701935121TABLE3A1.xlsx)
2020,Sikkim,cases,140.0,2022,NCRB CII 2022 Table 3A.1 (1701935121TABLE3A1.xlsx)
2021,Sikkim,cases,130.0,2022,NCRB CII 2022 Table 3A.1 (1701935121TABLE3A1.xlsx)
2022,Sikkim,cases,179.0,2022,NCRB CII 2022 Table 3A.1 (1701935121TABLE3A1.xlsx)
2022,Sikkim,midyear_female_population_lakh,3.2,2022,NCRB CII 2022 Table 3A.1 (1701935121TABLE3A1.xlsx)
2022,Sikkim,crime_rate_per_lakh_women,55.4,2022,NCRB CII 2022 Table 3A.1 (1701935121TABLE3A1.xlsx)
2022,Sikkim,chargesheeting_rate_pct,75.0,2022,NCRB CII 2022 Table 3A.1 (1701935121TABLE3A1.xlsx)
2020,Tamil Nadu,cases,6630.0,2022,NCRB CII 2022 Table 3A.1 (1701935121TABLE3A1.xlsx)
2021,Tamil Nadu,cases,8501.0,2022,NCRB CII 2022 Table 3A.1 (1701935121TABLE3A1.xlsx)
2022,Tamil Nadu,cases,9207.0,2022,NCRB CII 2022 Table 3A.1 (1701935121TABLE3A1.xlsx)
2022,Tamil Nadu,midyear_female_population_lakh,384.1,2022,NCRB CII 2022 Table 3A.1 (1701935121TABLE3A1.xlsx)
2022,Tamil Nadu,crime_rate_per_lakh_women,24.0,2022,NCRB CII 2022 Table 3A.1 (1701935121TABLE3A1.xlsx)
2022,Tamil Nadu,chargesheeting_rate_pct,90.6,2022,NCRB CII 2022 Table 3A.1 (1701935121TABLE3A1.xlsx)
2020,Telangana,cases,17791.0,2022,NCRB CII 2022 Table 3A.1 (1701935121TABLE3A1.xlsx)
2021,Telangana,cases,20865.0,2022,NCRB CII 2022 Table 3A.1 (1701935121TABLE3A1.xlsx)
2022,Telangana,cases,22066.0,2022,NCRB CII 2022 Table 3A.1 (1701935121TABLE3A1.xlsx)
2022,Telangana,midyear_female_population_lakh,188.7,2022,NCRB CII 2022 Table 3A.1 (1701935121TABLE3A1.xlsx)
2022,Telangana,crime_rate_per_lakh_women,117.0,2022,NCRB CII 2022 Table 3A.1 (1701935121TABLE3A1.xlsx)
2022,Telangana,chargesheeting_rate_pct,87.6,2022,NCRB CII 2022 Table 3A.1 (1701935121TABLE3A1.xlsx)
2020,Tripura,cases,874.0,2022,NCRB CII 2022 Table 3A.1 (1701935121TABLE3A1.xlsx)
2021,Tripura,cases,807.0,2022,NCRB CII 2022 Table 3A.1 (1701935121TABLE3A1.xlsx)
2022,Tripura,cases,752.0,2022,NCRB CII 2022 Table 3A.1 (1701935121TABLE3A1.xlsx)
2022,Tripura,midyear_female_population_lakh,20.3,2022,NCRB CII 2022 Table 3A.1 (1701935121TABLE3A1.xlsx)
2022,Tripura,crime_rate_per_lakh_women,37.1,2022,NCRB CII 2022 Table 3A.1 (1701935121TABLE3A1.xlsx)
2022,Tripura,chargesheeting_rate_pct,87.3,2022,NCRB CII 2022 Table 3A.1 (1701935121TABLE3A1.xlsx)
2020,Uttar Pradesh,cases,49385.0,2022,NCRB CII 2022 Table 3A.1 (1701935121TABLE3A1.xlsx)
2021,Uttar Pradesh,cases,56083.0,2022,NCRB CII 2022 Table 3A.1 (1701935121TABLE3A1.xlsx)
2022,Uttar Pradesh,cases,65743.0,2022,NCRB CII 2022 Table 3A.1 (1701935121TABLE3A1.xlsx)
2022,Uttar Pradesh,midyear_female_population_lakh,1121.6,2022,NCRB CII 2022 Table 3A.1 (1701935121TABLE3A1.xlsx)
2022,Uttar Pradesh,crime_rate_per_lakh_women,58.6,2022,NCRB CII 2022 Table 3A.1 (1701935121TABLE3A1.xlsx)
2022,Uttar Pradesh,chargesheeting_rate_pct,75.6,2022,NCRB CII 2022 Table 3A.1 (1701935121TABLE3A1.xlsx)
2020,Uttarakhand,cases,2846.0,2022,NCRB CII 2022 Table 3A.1 (1701935121TABLE3A1.xlsx)
2021,Uttarakhand,cases,3431.0,2022,NCRB CII 2022 Table 3A.1 (1701935121TABLE3A1.xlsx)
2022,Uttarakhand,cases,4337.0,2022,NCRB CII 2022 Table 3A.1 (1701935121TABLE3A1.xlsx)
2022,Uttarakhand,midyear_female_population_lakh,56.4,2022,NCRB CII 2022 Table 3A.1 (1701935121TABLE3A1.xlsx)
2022,Uttarakhand,crime_rate_per_lakh_women,77.0,2022,NCRB CII 2022 Table 3A.1 (1701935121TABLE3A1.xlsx)
2022,Uttarakhand,chargesheeting_rate_pct,70.8,2022,NCRB CII 2022 Table 3A.1 (1701935121TABLE3A1.xlsx)
2020,West Bengal,cases,36439.0,2022,NCRB CII 2022 Table 3A.1 (1701935121TABLE3A1.xlsx)
2021,West Bengal,cases,35884.0,2022,NCRB CII 2022 Table 3A.1 (1701935121TABLE3A1.xlsx)
2022,West Bengal,cases,34738.0,2022,NCRB CII 2022 Table 3A.1 (1701935121TABLE3A1.xlsx)
2022,West Bengal,midyear_female_population_lakh,483.8,2022,NCRB CII 2022 Table 3A.1 (1701935121TABLE3A1.xlsx)
2022,West Bengal,crime_rate_per_lakh_women,71.8,2022,NCRB CII 2022 Table 3A.1 (1701935121TABLE3A1.xlsx)
2022,West Bengal,chargesheeting_rate_pct,92.5,2022,NCRB CII 2022 Table 3A.1 (1701935121TABLE3A1.xlsx)
2020,Andaman & Nicobar Islands,cases,143.0,2022,NCRB CII 2022 Table 3A.1 (1701935121TABLE3A1.xlsx)
2021,Andaman & Nicobar Islands,cases,169.0,2022,NCRB CII 2022 Table 3A.1 (1701935121TABLE3A1.xlsx)
2022,Andaman & Nicobar Islands,cases,178.0,2022,NCRB CII 2022 Table 3A.1 (1701935121TABLE3A1.xlsx)
2022,Andaman & Nicobar Islands,midyear_female_population_lakh,1.9,2022,NCRB CII 2022 Table 3A.1 (1701935121TABLE3A1.xlsx)
2022,Andaman & Nicobar Islands,crime_rate_per_lakh_women,93.7,2022,NCRB CII 2022 Table 3A.1 (1701935121TABLE3A1.xlsx)
2022,Andaman & Nicobar Islands,chargesheeting_rate_pct,93.9,2022,NCRB CII 2022 Table 3A.1 (1701935121TABLE3A1.xlsx)
2020,Chandigarh,cases,301.0,2022,NCRB CII 2022 Table 3A.1 (1701935121TABLE3A1.xlsx)
2021,Chandigarh,cases,343.0,2022,NCRB CII 2022 Table 3A.1 (1701935121TABLE3A1.xlsx)
2022,Chandigarh,cases,325.0,2022,NCRB CII 2022 Table 3A.1 (1701935121TABLE3A1.xlsx)
2022,Chandigarh,midyear_female_population_lakh,5.6,2022,NCRB CII 2022 Table 3A.1 (1701935121TABLE3A1.xlsx)
2022,Chandigarh,crime_rate_per_lakh_women,57.7,2022,NCRB CII 2022 Table 3A.1 (1701935121TABLE3A1.xlsx)
2022,Chandigarh,chargesheeting_rate_pct,62.2,2022,NCRB CII 2022 Table 3A.1 (1701935121TABLE3A1.xlsx)
2020,Dadra & Nagar Haveli and Daman & Diu,cases,61.0,2022,NCRB CII 2022 Table 3A.1 (1701935121TABLE3A1.xlsx)
2021,Dadra & Nagar Haveli and Daman & Diu,cases,99.0,2022,NCRB CII 2022 Table 3A.1 (1701935121TABLE3A1.xlsx)
2022,Dadra & Nagar Haveli and Daman & Diu,cases,126.0,2022,NCRB CII 2022 Table 3A.1 (1701935121TABLE3A1.xlsx)
2022,Dadra & Nagar Haveli and Daman & Diu,midyear_female_population_lakh,4.1,2022,NCRB CII 2022 Table 3A.1 (1701935121TABLE3A1.xlsx)
2022,Dadra & Nagar Haveli and Daman & Diu,crime_rate_per_lakh_women,30.4,2022,NCRB CII 2022 Table 3A.1 (1701935121TABLE3A1.xlsx)
2022,Dadra & Nagar Haveli and Daman & Diu,chargesheeting_rate_pct,73.8,2022,NCRB CII 2022 Table 3A.1 (1701935121TABLE3A1.xlsx)
2020,Delhi,cases,10093.0,2022,NCRB CII 2022 Table 3A.1 (1701935121TABLE3A1.xlsx)
2021,Delhi,cases,14277.0,2022,NCRB CII 2022 Table 3A.1 (1701935121TABLE3A1.xlsx)
2022,Delhi,cases,14247.0,2022,NCRB CII 2022 Table 3A.1 (1701935121TABLE3A1.xlsx)
2022,Delhi,midyear_female_population_lakh,98.7,2022,NCRB CII 2022 Table 3A.1 (1701935121TABLE3A1.xlsx)
2022,Delhi,crime_rate_per_lakh_women,144.4,2022,NCRB CII 2022 Table 3A.1 (1701935121TABLE3A1.xlsx)
2022,Delhi,chargesheeting_rate_pct,72.6,2022,NCRB CII 2022 Table 3A.1 (1701935121TABLE3A1.xlsx)
2020,Jammu & Kashmir,cases,3405.0,2022,NCRB CII 2022 Table 3A.1 (1701935121TABLE3A1.xlsx)
2021,Jammu & Kashmir,cases,3937.0,2022,NCRB CII 2022 Table 3A.1 (1701935121TABLE3A1.xlsx)
2022,Jammu & Kashmir,cases,3716.0,2022,NCRB CII 2022 Table 3A.1 (1701935121TABLE3A1.xlsx)
2022,Jammu & Kashmir,midyear_female_population_lakh,64.5,2022,NCRB CII 2022 Table 3A.1 (1701935121TABLE3A1.xlsx)
2022,Jammu & Kashmir,crime_rate_per_lakh_women,57.6,2022,NCRB CII 2022 Table 3A.1 (1701935121TABLE3A1.xlsx)
2022,Jammu & Kashmir,chargesheeting_rate_pct,68.6,2022,NCRB CII 2022 Table 3A.1 (1701935121TABLE3A1.xlsx)
2020,Ladakh,cases,9.0,2022,NCRB CII 2022 Table 3A.1 (1701935121TABLE3A1.xlsx)
2021,Ladakh,cases,18.0,2022,NCRB CII 2022 Table 3A.1 (1701935121TABLE3A1.xlsx)
2022,Ladakh,cases,15.0,2022,NCRB CII 2022 Table 3A.1 (1701935121TABLE3A1.xlsx)
2022,Ladakh,midyear_female_population_lakh,1.3,2022,NCRB CII 2022 Table 3A.1 (1701935121TABLE3A1.xlsx)
2022,Ladakh,crime_rate_per_lakh_women,11.5,2022,NCRB CII 2022 Table 3A.1 (1701935121TABLE3A1.xlsx)
2022,Ladakh,chargesheeting_rate_pct,83.3,2022,NCRB CII 2022 Table 3A.1 (1701935121TABLE3A1.xlsx)
2020,Lakshadweep,cases,15.0,2022,NCRB CII 2022 Table 3A.1 (1701935121TABLE3A1.xlsx)
2021,Lakshadweep,cases,9.0,2022,NCRB CII 2022 Table 3A.1 (1701935121TABLE3A1.xlsx)
2022,Lakshadweep,cases,16.0,2022,NCRB CII 2022 Table 3A.1 (1701935121TABLE3A1.xlsx)
2022,Lakshadweep,midyear_female_population_lakh,0.3,2022,NCRB CII 2022 Table 3A.1 (1701935121TABLE3A1.xlsx)
2022,Lakshadweep,crime_rate_per_lakh_women,48.5,2022,NCRB CII 2022 Table 3A.1 (1701935121TABLE3A1.xlsx)
2022,Lakshadweep,chargesheeting_rate_pct,81.3,2022,NCRB CII 2022 Table 3A.1 (1701935121TABLE3A1.xlsx)
2020,Puducherry,cases,113.0,2022,NCRB CII 2022 Table 3A.1 (1701935121TABLE3A1.xlsx)
2021,Puducherry,cases,153.0,2022,NCRB CII 2022 Table 3A.1 (1701935121TABLE3A1.xlsx)
2022,Puducherry,cases,200.0,2022,NCRB CII 2022 Table 3A.1 (1701935121TABLE3A1.xlsx)
2022,Puducherry,midyear_female_population_lakh,8.5,2022,NCRB CII 2022 Table 3A.1 (1701935121TABLE3A1.xlsx)
2022,Puducherry,crime_rate_per_lakh_women,23.6,2022,NCRB CII 2022 Table 3A.1 (1701935121TABLE3A1.xlsx)
2022,Puducherry,chargesheeting_rate_pct,89.5,2022,NCRB CII 2022 Table 3A.1 (1701935121TABLE3A1.xlsx)
2020,All India,cases,371503.0,2022,NCRB CII 2022 Table 3A.1 (1701935121TABLE3A1.xlsx)
2021,All India,cases,428278.0,2022,NCRB CII 2022 Table 3A.1 (1701935121TABLE3A1.xlsx)
2022,All India,cases,445256.0,2022,NCRB CII 2022 Table 3A.1 (1701935121TABLE3A1.xlsx)
2022,All India,midyear_female_population_lakh,6707.6,2022,NCRB CII 2022 Table 3A.1 (1701935121TABLE3A1.xlsx)
2022,All India,crime_rate_per_lakh_women,66.4,2022,NCRB CII 2022 Table 3A.1 (1701935121TABLE3A1.xlsx)
2022,All India,chargesheeting_rate_pct,75.8,2022,NCRB CII 2022 Table 3A.1 (1701935121TABLE3A1.xlsx)
