year,state_ut,relation,relation_std,count,source
2011,Andhra Pradesh,Known to victims (total),known_total,1442,NCRB CII 2011 Table 5.4 (Table-5.4_2011.pdf)
2011,Andhra Pradesh,Parents / close family members,parents_close_family,0,NCRB CII 2011 Table 5.4 (Table-5.4_2011.pdf)
2011,Andhra Pradesh,Relatives,relatives,29,NCRB CII 2011 Table 5.4 (Table-5.4_2011.pdf)
2011,Andhra Pradesh,Neighbours,neighbours,362,NCRB CII 2011 Table 5.4 (Table-5.4_2011.pdf)
2011,Andhra Pradesh,Other known persons,other_known_persons,1051,NCRB CII 2011 Table 5.4 (Table-5.4_2011.pdf)
2011,Arunachal Pradesh,Known to victims (total),known_total,42,NCRB CII 2011 Table 5.4 (Table-5.4_2011.pdf)
2011,Arunachal Pradesh,Parents / close family members,parents_close_family,0,NCRB CII 2011 Table 5.4 (Table-5.4_2011.pdf)
2011,Arunachal Pradesh,Relatives,relatives,0,NCRB CII 2011 Table 5.4 (Table-5.4_2011.pdf)
2011,Arunachal Pradesh,Neighbours,neighbours,5,NCRB CII 2011 Table 5.4 (Table-5.4_2011.pdf)
2011,Arunachal Pradesh,Other known persons,other_known_persons,37,NCRB CII 2011 Table 5.4 (Table-5.4_2011.pdf)
2011,Assam,Known to victims (total),known_total,1700,NCRB CII 2011 Table 5.4 (Table-5.4_2011.pdf)
2011,Assam,Parents / close family members,parents_close_family,0,NCRB CII 2011 Table 5.4 (Table-5.4_2011.pdf)
2011,Assam,Relatives,relatives,72,NCRB CII 2011 Table 5.4 (Table-5.4_2011.pdf)
2011,Assam,Neighbours,neighbours,418,NCRB CII 2011 Table 5.4 (Table-5.4_2011.pdf)
2011,Assam,Other known persons,other_known_persons,1210,NCRB CII 2011 Table 5.4 (Table-5.4_2011.pdf)
2011,Bihar,Known to victims (total),known_total,934,NCRB CII 2011 Table 5.4 (Table-5.4_2011.pdf)
2011,Bihar,Parents / close family members,parents_close_family,2,NCRB CII 2011 Table 5.4 (Table-5.4_2011.pdf)
2011,Bihar,Relatives,relatives,18,NCRB CII 2011 Table 5.4 (Table-5.4_2011.pdf)
2011,Bihar,Neighbours,neighbours,408,NCRB CII 2011 Table 5.4 (Table-5.4_2011.pdf)
2011,Bihar,Other known persons,other_known_persons,506,NCRB CII 2011 Table 5.4 (Table-5.4_2011.pdf)
2011,Chhattisgarh,Known to victims (total),known_total,1053,NCRB CII 2011 Table 5.4 (Table-5.4_2011.pdf)
2011,Chhattisgarh,Parents / close family members,parents_close_family,39,NCRB CII 2011 Table 5.4 (Table-5.4_2011.pdf)
2011,Chhattisgarh,Relatives,relatives,135,NCRB CII 2011 Table 5.4 (Table-5.4_2011.pdf)
2011,Chhattisgarh,Neighbours,neighbours,392,NCRB CII 2011 Table 5.4 (Table-5.4_2011.pdf)
2011,Chhattisgarh,Other known persons,other_known_persons,487,NCRB CII 2011 Table 5.4 (Table-5.4_2011.pdf)
2011,Goa,Known to victims (total),known_total,28,NCRB CII 2011 Table 5.4 (Table-5.4_2011.pdf)
2011,Goa,Parents / close family members,parents_close_family,1,NCRB CII 2011 Table 5.4 (Table-5.4_2011.pdf)
2011,Goa,Relatives,relatives,1,NCRB CII 2011 Table 5.4 (Table-5.4_2011.pdf)
2011,Goa,Neighbours,neighbours,7,NCRB CII 2011 Table 5.4 (Table-5.4_2011.pdf)
2011,Goa,Other known persons,other_known_persons,19,NCRB CII 2011 Table 5.4 (Table-5.4_2011.pdf)
2011,Gujarat,Known to victims (total),known_total,438,NCRB CII 2011 Table 5.4 (Table-5.4_2011.pdf)
2011,Gujarat,Parents / close family members,parents_close_family,2,NCRB CII 2011 Table 5.4 (Table-5.4_2011.pdf)
2011,Gujarat,Relatives,relatives,29,NCRB CII 2011 Table 5.4 (Table-5.4_2011.pdf)
2011,Gujarat,Neighbours,neighbours,74,NCRB CII 2011 Table 5.4 (Table-5.4_2011.pdf)
2011,Gujarat,Other known persons,other_known_persons,333,NCRB CII 2011 Table 5.4 (Table-5.4_2011.pdf)
2011,Haryana,Known to victims (total),known_total,733,NCRB CII 2011 Table 5.4 (Table-5.4_2011.pdf)
2011,Haryana,Parents / close family members,parents_close_family,8,NCRB CII 2011 Table 5.4 (Table-5.4_2011.pdf)
2011,Haryana,Relatives,relatives,43,NCRB CII 2011 Table 5.4 (Table-5.4_2011.pdf)
2011,Haryana,Neighbours,neighbours,393,NCRB CII 2011 Table 5.4 (Table-5.4_2011.pdf)
2011,Haryana,Other known persons,other_known_persons,289,NCRB CII 2011 Table 5.4 (Table-5.4_2011.pdf)
2011,Himachal Pradesh,Known to victims (total),known_total,168,NCRB CII 2011 Table 5.4 (Table-5.4_2011.pdf)
2011,Himachal Pradesh,Parents / close family members,parents_close_family,8,NCRB CII 2011 Table 5.4 (Table-5.4_2011.pdf)
2011,Himachal Pradesh,Relatives,relatives,7,NCRB CII 2011 Table 5.4 (Table-5.4_2011.pdf)
2011,Himachal Pradesh,Neighbours,neighbours,25,NCRB CII 2011 Table 5.4 (Table-5.4_2011.pdf)
2011,Himachal Pradesh,Other known persons,other_known_persons,128,NCRB CII 2011 Table 5.4 (Table-5.4_2011.pdf)
2011,Jammu & Kashmir,Known to victims (total),known_total,276,NCRB CII 2011 Table 5.4 (Table-5.4_2011.pdf)
2011,Jammu & Kashmir,Parents / close family members,parents_close_family,0,NCRB CII 2011 Table 5.4 (Table-5.4_2011.pdf)
2011,Jammu & Kashmir,Relatives,relatives,18,NCRB CII 2011 Table 5.4 (Table-5.4_2011.pdf)
2011,Jammu & Kashmir,Neighbours,neighbours,77,NCRB CII 2011 Table 5.4 (Table-5.4_2011.pdf)
2011,Jammu & Kashmir,Other known persons,other_known_persons,181,NCRB CII 2011 Table 5.4 (Table-5.4_2011.pdf)
2011,Jharkhand,Known to victims (total),known_total,784,NCRB CII 2011 Table 5.4 (Table-5.4_2011.pdf)
2011,Jharkhand,Parents / close family members,parents_close_family,8,NCRB CII 2011 Table 5.4 (Table-5.4_2011.pdf)
2011,Jharkhand,Relatives,relatives,117,NCRB CII 2011 Table 5.4 (Table-5.4_2011.pdf)
2011,Jharkhand,Neighbours,neighbours,306,NCRB CII 2011 Table 5.4 (Table-5.4_2011.pdf)
2011,Jharkhand,Other known persons,other_known_persons,353,NCRB CII 2011 Table 5.4 (Table-5.4_2011.pdf)
2011,Karnataka,Known to victims (total),known_total,352,NCRB CII 2011 Table 5.4 (Table-5.4_2011.pdf)
2011,Karnataka,Parents / close family members,parents_close_family,1,NCRB CII 2011 Table 5.4 (Table-5.4_2011.pdf)
2011,Karnataka,Relatives,relatives,42,NCRB CII 2011 Table 5.4 (Table-5.4_2011.pdf)
2011,Karnataka,Neighbours,neighbours,81,NCRB CII 2011 Table 5.4 (Table-5.4_2011.pdf)
2011,Karnataka,Other known persons,other_known_persons,228,NCRB CII 2011 Table 5.4 (Table-5.4_2011.pdf)
2011,Kerala,Known to victims (total),known_total,1119,NCRB CII 2011 Table 5.4 (Table-5.4_2011.pdf)
2011,Kerala,Parents / close family members,parents_close_family,38,NCRB CII 2011 Table 5.4 (Table-5.4_2011.pdf)
2011,Kerala,Relatives,relatives,56,NCRB CII 2011 Table 5.4 (Table-5.4_2011.pdf)
2011,Kerala,Neighbours,neighbours,244,NCRB CII 2011 Table 5.4 (Table-5.4_2011.pdf)
2011,Kerala,Other known persons,other_known_persons,781,NCRB CII 2011 Table 5.4 (Table-5.4_2011.pdf)
2011,Madhya Pradesh,Known to victims (total),known_total,3406,NCRB CII 2011 Table 5.4 (Table-5.4_2011.pdf)
2011,Madhya Pradesh,Parents / close family members,parents_close_family,10,NCRB CII 2011 Table 5.4 (Table-5.4_2011.pdf)
2011,Madhya Pradesh,Relatives,relatives,301,NCRB CII 2011 Table 5.4 (Table-5.4_2011.pdf)
2011,Madhya Pradesh,Neighbours,neighbours,1849,NCRB CII 2011 Table 5.4 (Table-5.4_2011.pdf)
2011,Madhya Pradesh,Other known persons,other_known_persons,1246,NCRB CII 2011 Table 5.4 (Table-5.4_2011.pdf)
2011,Maharashtra,Known to victims (total),known_total,1699,NCRB CII 2011 Table 5.4 (Table-5.4_2011.pdf)
2011,Maharashtra,Parents / close family members,parents_close_family,43,NCRB CII 2011 Table 5.4 (Table-5.4_2011.pdf)
2011,Maharashtra,Relatives,relatives,97,NCRB CII 2011 Table 5.4 (Table-5.4_2011.pdf)
2011,Maharashtra,Neighbours,neighbours,566,NCRB CII 2011 Table 5.4 (Table-5.4_2011.pdf)
2011,Maharashtra,Other known persons,other_known_persons,993,NCRB CII 2011 Table 5.4 (Table-5.4_2011.pdf)
2011,Manipur,Known to victims (total),known_total,53,NCRB CII 2011 Table 5.4 (Table-5.4_2011.pdf)
2011,Manipur,Parents / close family members,parents_close_family,0,NCRB CII 2011 Table 5.4 (Table-5.4_2011.pdf)
2011,Manipur,Relatives,relatives,0,NCRB CII 2011 Table 5.4 (Table-5.4_2011.pdf)
2011,Manipur,Neighbours,neighbours,16,NCRB CII 2011 Table 5.4 (Table-5.4_2011.pdf)
2011,Manipur,Other known persons,other_known_persons,37,NCRB CII 2011 Table 5.4 (Table-5.4_2011.pdf)
2011,Meghalaya,Known to victims (total),known_total,117,NCRB CII 2011 Table 5.4 (Table-5.4_2011.pdf)
2011,Meghalaya,Parents / close family members,parents_close_family,6,NCRB CII 2011 Table 5.4 (Table-5.4_2011.pdf)
2011,Meghalaya,Relatives,relatives,14,NCRB CII 2011 Table 5.4 (Table-5.4_2011.pdf)
2011,Meghalaya,Neighbours,neighbours,24,NCRB CII 2011 Table 5.4 (Table-5.4_2011.pdf)
2011,Meghalaya,Other known persons,other_known_persons,73,NCRB CII 2011 Table 5.4 (Table-5.4_2011.pdf)
2011,Mizoram,Known to victims (total),known_total,77,NCRB CII 2011 Table 5.4 (Table-5.4_2011.pdf)
2011,Mizoram,Parents / close family members,parents_close_family,3,NCRB CII 2011 Table 5.4 (Table-5.4_2011.pdf)
2011,Mizoram,Relatives,relatives,16,NCRB CII 2011 Table 5.4 (Table-5.4_2011.pdf)
2011,Mizoram,Neighbours,neighbours,32,NCRB CII 2011 Table 5.4 (Table-5.4_2011.pdf)
2011,Mizoram,Other known persons,other_known_persons,26,NCRB CII 2011 Table 5.4 (Table-5.4_2011.pdf)
2011,Nagaland,Known to victims (total),known_total,16,NCRB CII 2011 Table 5.4 (Table-5.4_2011.pdf)
2011,Nagaland,Parents / close family members,parents_close_family,9,NCRB CII 2011 Table 5.4 (Table-5.4_2011.pdf)
2011,Nagaland,Relatives,relatives,0,NCRB CII 2011 Table 5.4 (Table-5.4_2011.pdf)
2011,Nagaland,Neighbours,neighbours,4,NCRB CII 2011 Table 5.4 (Table-5.4_2011.pdf)
2011,Nagaland,Other known persons,other_known_persons,3,NCRB CII 2011 Table 5.4 (Table-5.4_2011.pdf)
2011,Odisha,Known to victims (total),known_total,1112,NCRB CII 2011 Table 5.4 (Table-5.4_2011.pdf)
2011,Odisha,Parents / close family members,parents_close_family,0,NCRB CII 2011 Table 5.4 (Table-5.4_2011.pdf)
2011,Odisha,Relatives,relatives,92,NCRB CII 2011 Table 5.4 (Table-5.4_2011.pdf)
2011,Odisha,Neighbours,neighbours,302,NCRB CII 2011 Table 5.4 (Table-5.4_2011.pdf)
2011,Odisha,Other known persons,other_known_persons,718,NCRB CII 2011 Table 5.4 (Table-5.4_2011.pdf)
2011,Punjab,Known to victims (total),known_total,467,NCRB CII 2011 Table 5.4 (Table-5.4_2011.pdf)
2011,Punjab,Parents / close family members,parents_close_family,6,NCRB CII 2011 Table 5.4 (Table-5.4_2011.pdf)
2011,Punjab,Relatives,relatives,61,NCRB CII 2011 Table 5.4 (Table-5.4_2011.pdf)
2011,Punjab,Neighbours,neighbours,156,NCRB CII 2011 Table 5.4 (Table-5.4_2011.pdf)
2011,Punjab,Other known persons,other_known_persons,244,NCRB CII 2011 Table 5.4 (Table-5.4_2011.pdf)
2011,Rajasthan,Known to victims (total),known_total,1689,NCRB CII 2011 Table 5.4 (Table-5.4_2011.pdf)
2011,Rajasthan,Parents / close family members,parents_close_family,43,NCRB CII 2011 Table 5.4 (Table-5.4_2011.pdf)
2011,Rajasthan,Relatives,relatives,134,NCRB CII 2011 Table 5.4 (Table-5.4_2011.pdf)
2011,Rajasthan,Neighbours,neighbours,502,NCRB CII 2011 Table 5.4 (Table-5.4_2011.pdf)
2011,Rajasthan,Other known persons,other_known_persons,1010,NCRB CII 2011 Table 5.4 (Table-5.4_2011.pdf)
2011,Sikkim,Known to victims (total),known_total,16,NCRB CII 2011 Table 5.4 (Table-5.4_2011.pdf)
2011,Sikkim,Parents / close family members,parents_close_family,1,NCRB CII 2011 Table 5.4 (Table-5.4_2011.pdf)
2011,Sikkim,Relatives,relatives,0,NCRB CII 2011 Table 5.4 (Table-5.4_2011.pdf)
2011,Sikkim,Neighbours,neighbours,1,NCRB CII 2011 Table 5.4 (Table-5.4_2011.pdf)
2011,Sikkim,Other known persons,other_known_persons,14,NCRB CII 2011 Table 5.4 (Table-5.4_2011.pdf)
2011,Tamil Nadu,Known to victims (total),known_total,675,NCRB CII 2011 Table 5.4 (Table-5.4_2011.pdf)
2011,Tamil Nadu,Parents / close family members,parents_close_family,2,NCRB CII 2011 Table 5.4 (Table-5.4_2011.pdf)
2011,Tamil Nadu,Relatives,relatives,96,NCRB CII 2011 Table 5.4 (Table-5.4_2011.pdf)
2011,Tamil Nadu,Neighbours,neighbours,249,NCRB CII 2011 Table 5.4 (Table-5.4_2011.pdf)
2011,Tamil Nadu,Other known persons,other_known_persons,328,NCRB CII 2011 Table 5.4 (Table-5.4_2011.pdf)
2011,Tripura,Known to victims (total),known_total,205,NCRB CII 2011 Table 5.4 (Table-5.4_2011.pdf)
2011,Tripura,Parents / close family members,parents_close_family,1,NCRB CII 2011 Table 5.4 (Table-5.4_2011.pdf)
2011,Tripura,Relatives,relatives,14,NCRB CII 2011 Table 5.4 (Table-5.4_2011.pdf)
2011,Tripura,Neighbours,neighbours,99,NCRB CII 2011 Table 5.4 (Table-5.4_2011.pdf)
2011,Tripura,Other known persons,other_known_persons,91,NCRB CII 2011 Table 5.4 (Table-5.4_2011.pdf)
2011,Uttar Pradesh,Known to victims (total),known_total,2042,NCRB CII 2011 Table 5.4 (Table-5.4_2011.pdf)
2011,Uttar Pradesh,Parents / close family members,parents_close_family,2,NCRB CII 2011 Table 5.4 (Table-5.4_2011.pdf)
2011,Uttar Pradesh,Relatives,relatives,79,NCRB CII 2011 Table 5.4 (Table-5.4_2011.pdf)
2011,Uttar Pradesh,Neighbours,neighbours,452,NCRB CII 2011 Table 5.4 (Table-5.4_2011.pdf)
2011,Uttar Pradesh,Other known persons,other_known_persons,1509,NCRB CII 2011 Table 5.4 (Table-5.4_2011.pdf)
2011,Uttarakhand,Known to victims (total),known_total,112,NCRB CII 2011 Table 5.4 (Table-5.4_2011.pdf)
2011,Uttarakhand,Parents / close family members,parents_close_family,4,NCRB CII 2011 Table 5.4 (Table-5.4_2011.pdf)
2011,Uttarakhand,Relatives,relatives,6,NCRB CII 2011 Table 5.4 (Table-5.4_2011.pdf)
2011,Uttarakhand,Neighbours,neighbours,35,NCRB CII 2011 Table 5.4 (Table-5.4_2011.pdf)
2011,Uttarakhand,Other known persons,other_known_persons,67,NCRB CII 2011 Table 5.4 (Table-5.4_2011.pdf)
2011,West Bengal,Known to victims (total),known_total,1184,NCRB CII 2011 Table 5.4 (Table-5.4_2011.pdf)
2011,West Bengal,Parents / close family members,parents_close_family,7,NCRB CII 2011 Table 5.4 (Table-5.4_2011.pdf)
2011,West Bengal,Relatives,relatives,20,NCRB CII 2011 Table 5.4 (Table-5.4_2011.pdf)
2011,West Bengal,Neighbours,neighbours,540,NCRB CII 2011 Table 5.4 (Table-5.4_2011.pdf)
2011,West Bengal,Other known persons,other_known_persons,617,NCRB CII 2011 Table 5.4 (Table-5.4_2011.pdf)
2011,Andaman & Nicobar Islands,Known to victims (total),known_total,13,NCRB CII 2011 Table 5.4 (Table-5.4_2011.pdf)
2011,Andaman & Nicobar Islands,Parents / close family members,parents_close_family,0,NCRB CII 2011 Table 5.4 (Table-5.4_2011.pdf)
2011,Andaman & Nicobar Islands,Relatives,relatives,3,NCRB CII 2011 Table 5.4 (Table-5.4_2011.pdf)
2011,Andaman & Nicobar Islands,Neighbours,neighbours,1,NCRB CII 2011 Table 5.4 (Table-5.4_2011.pdf)
2011,Andaman & Nicobar Islands,Other known persons,other_known_persons,9,NCRB CII 2011 Table 5.4 (Table-5.4_2011.pdf)
2011,Chandigarh,Known to victims (total),known_total,27,NCRB CII 2011 Table 5.4 (Table-5.4_2011.pdf)
2011,Chandigarh,Parents / close family members,parents_close_family,0,NCRB CII 2011 Table 5.4 (Table-5.4_2011.pdf)
2011,Chandigarh,Relatives,relatives,0,NCRB CII 2011 Table 5.4 (Table-5.4_2011.pdf)
2011,Chandigarh,Neighbours,neighbours,2,NCRB CII 2011 Table 5.4 (Table-5.4_2011.pdf)
2011,Chandigarh,Other known persons,other_known_persons,25,NCRB CII 2011 Table 5.4 (Table-5.4_2011.pdf)
2011,Dadra & Nagar Haveli and Daman & Diu,Known to victims (total),known_total,5,NCRB CII 2011 Table 5.4 (Table-5.4_2011.pdf)
2011,Dadra & Nagar Haveli and Daman & Diu,Parents / close family members,parents_close_family,0,NCRB CII 2011 Table 5.4 (Table-5.4_2011.pdf)
2011,Dadra & Nagar Haveli and Daman & Diu,Relatives,relatives,1,NCRB CII 2011 Table 5.4 (Table-5.4_2011.pdf)
2011,Dadra & Nagar Haveli and Daman & Diu,Neighbours,neighbours,0,NCRB CII 2011 Table 5.4 (Table-5.4_2011.pdf)
2011,Dadra & Nagar Haveli and Daman & Diu,Other known persons,other_known_persons,4,NCRB CII 2011 Table 5.4 (Table-5.4_2011.pdf)
2011,Delhi,Known to victims (total),known_total,558,NCRB CII 2011 Table 5.4 (Table-5.4_2011.pdf)
2011,Delhi,Parents / close family members,parents_close_family,23,NCRB CII 2011 Table 5.4 (Table-5.4_2011.pdf)
2011,Delhi,Relatives,relatives,59,NCRB CII 2011 Table 5.4 (Table-5.4_2011.pdf)
2011,Delhi,Neighbours,neighbours,211,NCRB CII 2011 Table 5.4 (Table-5.4_2011.pdf)
2011,Delhi,Other known persons,other_known_persons,265,NCRB CII 2011 Table 5.4 (Table-5.4_2011.pdf)
2011,Lakshadweep,Known to victims (total),known_total,0,NCRB CII 2011 Table 5.4 (Table-5.4_2011.pdf)
2011,Lakshadweep,Parents / close family members,parents_close_family,0,NCRB CII 2011 Table 5.4 (Table-5.4_2011.pdf)
2011,Lakshadweep,Relatives,relatives,0,NCRB CII 2011 Table 5.4 (Table-5.4_2011.pdf)
2011,Lakshadweep,Neighbours,neighbours,0,NCRB CII 2011 Table 5.4 (Table-5.4_2011.pdf)
2011,Lakshadweep,Other known persons,other_known_persons,0,NCRB CII 2011 Table 5.4 (Table-5.4_2011.pdf)
2011,Puducherry,Known to victims (total),known_total,7,NCRB CII 2011 Table 5.4 (Table-5.4_2011.pdf)
2011,Puducherry,Parents / close family members,parents_close_family,0,NCRB CII 2011 Table 5.4 (Table-5.4_2011.pdf)
2011,Puducherry,Relatives,relatives,0,NCRB CII 2011 Table 5.4 (Table-5.4_2011.pdf)
2011,Puducherry,Neighbours,neighbours,2,NCRB CII 2011 Table 5.4 (Table-5.4_2011.pdf)
2011,Puducherry,Other known persons,other_known_persons,5,NCRB CII 2011 Table 5.4 (Table-5.4_2011.pdf)
2011,All India,Known to victims (total),known_total,22549,NCRB CII 2011 Table 5.4 (Table-5.4_2011.pdf)
2011,All India,Parents / close family members,parents_close_family,267,NCRB CII 2011 Table 5.4 (Table-5.4_2011.pdf)
2011,All India,Relatives,relatives,1560,NCRB CII 2011 Table 5.4 (Table-5.4_2011.pdf)
2011,All India,Neighbours,neighbours,7835,NCRB CII 2011 Table 5.4 (Table-5.4_2011.pdf)
2011,All India,Other known persons,other_known_persons,12887,NCRB CII 2011 Table 5.4 (Table-5.4_2011.pdf)
2012,Andhra Pradesh,Known to victims (total),known_total,1341,NCRB CII 2012 Table 5.4 (Table-5.4.pdf)
2012,Andhra Pradesh,Parents / close family members,parents_close_family,0,NCRB CII 2012 Table 5.4 (Table-5.4.pdf)
2012,Andhra Pradesh,Relatives,relatives,9,NCRB CII 2012 Table 5.4 (Table-5.4.pdf)
2012,Andhra Pradesh,Neighbours,neighbours,521,NCRB CII 2012 Table 5.4 (Table-5.4.pdf)
2012,Andhra Pradesh,Other known persons,other_known_persons,811,NCRB CII 2012 Table 5.4 (Table-5.4.pdf)
2012,Arunachal Pradesh,Known to victims (total),known_total,46,NCRB CII 2012 Table 5.4 (Table-5.4.pdf)
2012,Arunachal Pradesh,Parents / close family members,parents_close_family,0,NCRB CII 2012 Table 5.4 (Table-5.4.pdf)
2012,Arunachal Pradesh,Relatives,relatives,1,NCRB CII 2012 Table 5.4 (Table-5.4.pdf)
2012,Arunachal Pradesh,Neighbours,neighbours,2,NCRB CII 2012 Table 5.4 (Table-5.4.pdf)
2012,Arunachal Pradesh,Other known persons,other_known_persons,43,NCRB CII 2012 Table 5.4 (Table-5.4.pdf)
2012,Assam,Known to victims (total),known_total,1716,NCRB CII 2012 Table 5.4 (Table-5.4.pdf)
2012,Assam,Parents / close family members,parents_close_family,0,NCRB CII 2012 Table 5.4 (Table-5.4.pdf)
2012,Assam,Relatives,relatives,29,NCRB CII 2012 Table 5.4 (Table-5.4.pdf)
2012,Assam,Neighbours,neighbours,268,NCRB CII 2012 Table 5.4 (Table-5.4.pdf)
2012,Assam,Other known persons,other_known_persons,1419,NCRB CII 2012 Table 5.4 (Table-5.4.pdf)
2012,Bihar,Known to victims (total),known_total,908,NCRB CII 2012 Table 5.4 (Table-5.4.pdf)
2012,Bihar,Parents / close family members,parents_close_family,5,NCRB CII 2012 Table 5.4 (Table-5.4.pdf)
2012,Bihar,Relatives,relatives,40,NCRB CII 2012 Table 5.4 (Table-5.4.pdf)
2012,Bihar,Neighbours,neighbours,479,NCRB CII 2012 Table 5.4 (Table-5.4.pdf)
2012,Bihar,Other known persons,other_known_persons,384,NCRB CII 2012 Table 5.4 (Table-5.4.pdf)
2012,Chhattisgarh,Known to victims (total),known_total,1034,NCRB CII 2012 Table 5.4 (Table-5.4.pdf)
2012,Chhattisgarh,Parents / close family members,parents_close_family,30,NCRB CII 2012 Table 5.4 (Table-5.4.pdf)
2012,Chhattisgarh,Relatives,relatives,51,NCRB CII 2012 Table 5.4 (Table-5.4.pdf)
2012,Chhattisgarh,Neighbours,neighbours,301,NCRB CII 2012 Table 5.4 (Table-5.4.pdf)
2012,Chhattisgarh,Other known persons,other_known_persons,652,NCRB CII 2012 Table 5.4 (Table-5.4.pdf)
2012,Goa,Known to victims (total),known_total,55,NCRB CII 2012 Table 5.4 (Table-5.4.pdf)
2012,Goa,Parents / close family members,parents_close_family,3,NCRB CII 2012 Table 5.4 (Table-5.4.pdf)
2012,Goa,Relatives,relatives,3,NCRB CII 2012 Table 5.4 (Table-5.4.pdf)
2012,Goa,Neighbours,neighbours,16,NCRB CII 2012 Table 5.4 (Table-5.4.pdf)
2012,Goa,Other known persons,other_known_persons,33,NCRB CII 2012 Table 5.4 (Table-5.4.pdf)
2012,Gujarat,Known to victims (total),known_total,461,NCRB CII 2012 Table 5.4 (Table-5.4.pdf)
2012,Gujarat,Parents / close family members,parents_close_family,8,NCRB CII 2012 Table 5.4 (Table-5.4.pdf)
2012,Gujarat,Relatives,relatives,29,NCRB CII 2012 Table 5.4 (Table-5.4.pdf)
2012,Gujarat,Neighbours,neighbours,58,NCRB CII 2012 Table 5.4 (Table-5.4.pdf)
2012,Gujarat,Other known persons,other_known_persons,366,NCRB CII 2012 Table 5.4 (Table-5.4.pdf)
2012,Haryana,Known to victims (total),known_total,668,NCRB CII 2012 Table 5.4 (Table-5.4.pdf)
2012,Haryana,Parents / close family members,parents_close_family,10,NCRB CII 2012 Table 5.4 (Table-5.4.pdf)
2012,Haryana,Relatives,relatives,58,NCRB CII 2012 Table 5.4 (Table-5.4.pdf)
2012,Haryana,Neighbours,neighbours,253,NCRB CII 2012 Table 5.4 (Table-5.4.pdf)
2012,Haryana,Other known persons,other_known_persons,347,NCRB CII 2012 Table 5.4 (Table-5.4.pdf)
2012,Himachal Pradesh,Known to victims (total),known_total,175,NCRB CII 2012 Table 5.4 (Table-5.4.pdf)
2012,Himachal Pradesh,Parents / close family members,parents_close_family,8,NCRB CII 2012 Table 5.4 (Table-5.4.pdf)
2012,Himachal Pradesh,Relatives,relatives,5,NCRB CII 2012 Table 5.4 (Table-5.4.pdf)
2012,Himachal Pradesh,Neighbours,neighbours,51,NCRB CII 2012 Table 5.4 (Table-5.4.pdf)
2012,Himachal Pradesh,Other known persons,other_known_persons,111,NCRB CII 2012 Table 5.4 (Table-5.4.pdf)
2012,Jammu & Kashmir,Known to victims (total),known_total,292,NCRB CII 2012 Table 5.4 (Table-5.4.pdf)
2012,Jammu & Kashmir,Parents / close family members,parents_close_family,0,NCRB CII 2012 Table 5.4 (Table-5.4.pdf)
2012,Jammu & Kashmir,Relatives,relatives,13,NCRB CII 2012 Table 5.4 (Table-5.4.pdf)
2012,Jammu & Kashmir,Neighbours,neighbours,71,NCRB CII 2012 Table 5.4 (Table-5.4.pdf)
2012,Jammu & Kashmir,Other known persons,other_known_persons,208,NCRB CII 2012 Table 5.4 (Table-5.4.pdf)
2012,Jharkhand,Known to victims (total),known_total,812,NCRB CII 2012 Table 5.4 (Table-5.4.pdf)
2012,Jharkhand,Parents / close family members,parents_close_family,0,NCRB CII 2012 Table 5.4 (Table-5.4.pdf)
2012,Jharkhand,Relatives,relatives,85,NCRB CII 2012 Table 5.4 (Table-5.4.pdf)
2012,Jharkhand,Neighbours,neighbours,357,NCRB CII 2012 Table 5.4 (Table-5.4.pdf)
2012,Jharkhand,Other known persons,other_known_persons,370,NCRB CII 2012 Table 5.4 (Table-5.4.pdf)
2012,Karnataka,Known to victims (total),known_total,526,NCRB CII 2012 Table 5.4 (Table-5.4.pdf)
2012,Karnataka,Parents / close family members,parents_close_family,2,NCRB CII 2012 Table 5.4 (Table-5.4.pdf)
2012,Karnataka,Relatives,relatives,42,NCRB CII 2012 Table 5.4 (Table-5.4.pdf)
2012,Karnataka,Neighbours,neighbours,142,NCRB CII 2012 Table 5.4 (Table-5.4.pdf)
2012,Karnataka,Other known persons,other_known_persons,340,NCRB CII 2012 Table 5.4 (Table-5.4.pdf)
2012,Kerala,Known to victims (total),known_total,1019,NCRB CII 2012 Table 5.4 (Table-5.4.pdf)
2012,Kerala,Parents / close family members,parents_close_family,47,NCRB CII 2012 Table 5.4 (Table-5.4.pdf)
2012,Kerala,Relatives,relatives,50,NCRB CII 2012 Table 5.4 (Table-5.4.pdf)
2012,Kerala,Neighbours,neighbours,203,NCRB CII 2012 Table 5.4 (Table-5.4.pdf)
2012,Kerala,Other known persons,other_known_persons,719,NCRB CII 2012 Table 5.4 (Table-5.4.pdf)
2012,Madhya Pradesh,Known to victims (total),known_total,3425,NCRB CII 2012 Table 5.4 (Table-5.4.pdf)
2012,Madhya Pradesh,Parents / close family members,parents_close_family,36,NCRB CII 2012 Table 5.4 (Table-5.4.pdf)
2012,Madhya Pradesh,Relatives,relatives,255,NCRB CII 2012 Table 5.4 (Table-5.4.pdf)
2012,Madhya Pradesh,Neighbours,neighbours,1779,NCRB CII 2012 Table 5.4 (Table-5.4.pdf)
2012,Madhya Pradesh,Other known persons,other_known_persons,1355,NCRB CII 2012 Table 5.4 (Table-5.4.pdf)
2012,Maharashtra,Known to victims (total),known_total,1832,NCRB CII 2012 Table 5.4 (Table-5.4.pdf)
2012,Maharashtra,Parents / close family members,parents_close_family,77,NCRB CII 2012 Table 5.4 (Table-5.4.pdf)
2012,Maharashtra,Relatives,relatives,153,NCRB CII 2012 Table 5.4 (Table-5.4.pdf)
2012,Maharashtra,Neighbours,neighbours,501,NCRB CII 2012 Table 5.4 (Table-5.4.pdf)
2012,Maharashtra,Other known persons,other_known_persons,1101,NCRB CII 2012 Table 5.4 (Table-5.4.pdf)
2012,Manipur,Known to victims (total),known_total,63,NCRB CII 2012 Table 5.4 (Table-5.4.pdf)
2012,Manipur,Parents / close family members,parents_close_family,5,NCRB CII 2012 Table 5.4 (Table-5.4.pdf)
2012,Manipur,Relatives,relatives,0,NCRB CII 2012 Table 5.4 (Table-5.4.pdf)
2012,Manipur,Neighbours,neighbours,18,NCRB CII 2012 Table 5.4 (Table-5.4.pdf)
2012,Manipur,Other known persons,other_known_persons,40,NCRB CII 2012 Table 5.4 (Table-5.4.pdf)
2012,Meghalaya,Known to victims (total),known_total,144,NCRB CII 2012 Table 5.4 (Table-5.4.pdf)
2012,Meghalaya,Parents / close family members,parents_close_family,23,NCRB CII 2012 Table 5.4 (Table-5.4.pdf)
2012,Meghalaya,Relatives,relatives,6,NCRB CII 2012 Table 5.4 (Table-5.4.pdf)
2012,Meghalaya,Neighbours,neighbours,28,NCRB CII 2012 Table 5.4 (Table-5.4.pdf)
2012,Meghalaya,Other known persons,other_known_persons,87,NCRB CII 2012 Table 5.4 (Table-5.4.pdf)
2012,Mizoram,Known to victims (total),known_total,102,NCRB CII 2012 Table 5.4 (Table-5.4.pdf)
2012,Mizoram,Parents / close family members,parents_close_family,4,NCRB CII 2012 Table 5.4 (Table-5.4.pdf)
2012,Mizoram,Relatives,relatives,20,NCRB CII 2012 Table 5.4 (Table-5.4.pdf)
2012,Mizoram,Neighbours,neighbours,34,NCRB CII 2012 Table 5.4 (Table-5.4.pdf)
2012,Mizoram,Other known persons,other_known_persons,44,NCRB CII 2012 Table 5.4 (Table-5.4.pdf)
2012,Nagaland,Known to victims (total),known_total,16,NCRB CII 2012 Table 5.4 (Table-5.4.pdf)
2012,Nagaland,Parents / close family members,parents_close_family,1,NCRB CII 2012 Table 5.4 (Table-5.4.pdf)
2012,Nagaland,Relatives,relatives,2,NCRB CII 2012 Table 5.4 (Table-5.4.pdf)
2012,Nagaland,Neighbours,neighbours,6,NCRB CII 2012 Table 5.4 (Table-5.4.pdf)
2012,Nagaland,Other known persons,other_known_persons,7,NCRB CII 2012 Table 5.4 (Table-5.4.pdf)
2012,Odisha,Known to victims (total),known_total,1458,NCRB CII 2012 Table 5.4 (Table-5.4.pdf)
2012,Odisha,Parents / close family members,parents_close_family,2,NCRB CII 2012 Table 5.4 (Table-5.4.pdf)
2012,Odisha,Relatives,relatives,136,NCRB CII 2012 Table 5.4 (Table-5.4.pdf)
2012,Odisha,Neighbours,neighbours,369,NCRB CII 2012 Table 5.4 (Table-5.4.pdf)
2012,Odisha,Other known persons,other_known_persons,951,NCRB CII 2012 Table 5.4 (Table-5.4.pdf)
2012,Punjab,Known to victims (total),known_total,651,NCRB CII 2012 Table 5.4 (Table-5.4.pdf)
2012,Punjab,Parents / close family members,parents_close_family,4,NCRB CII 2012 Table 5.4 (Table-5.4.pdf)
2012,Punjab,Relatives,relatives,66,NCRB CII 2012 Table 5.4 (Table-5.4.pdf)
2012,Punjab,Neighbours,neighbours,261,NCRB CII 2012 Table 5.4 (Table-5.4.pdf)
2012,Punjab,Other known persons,other_known_persons,320,NCRB CII 2012 Table 5.4 (Table-5.4.pdf)
2012,Rajasthan,Known to victims (total),known_total,2013,NCRB CII 2012 Table 5.4 (Table-5.4.pdf)
2012,Rajasthan,Parents / close family members,parents_close_family,44,NCRB CII 2012 Table 5.4 (Table-5.4.pdf)
2012,Rajasthan,Relatives,relatives,174,NCRB CII 2012 Table 5.4 (Table-5.4.pdf)
2012,Rajasthan,Neighbours,neighbours,582,NCRB CII 2012 Table 5.4 (Table-5.4.pdf)
2012,Rajasthan,Other known persons,other_known_persons,1213,NCRB CII 2012 Table 5.4 (Table-5.4.pdf)
2012,Sikkim,Known to victims (total),known_total,34,NCRB CII 2012 Table 5.4 (Table-5.4.pdf)
2012,Sikkim,Parents / close family members,parents_close_family,0,NCRB CII 2012 Table 5.4 (Table-5.4.pdf)
2012,Sikkim,Relatives,relatives,0,NCRB CII 2012 Table 5.4 (Table-5.4.pdf)
2012,Sikkim,Neighbours,neighbours,6,NCRB CII 2012 Table 5.4 (Table-5.4.pdf)
2012,Sikkim,Other known persons,other_known_persons,28,NCRB CII 2012 Table 5.4 (Table-5.4.pdf)
2012,Tamil Nadu,Known to victims (total),known_total,737,NCRB CII 2012 Table 5.4 (Table-5.4.pdf)
2012,Tamil Nadu,Parents / close family members,parents_close_family,4,NCRB CII 2012 Table 5.4 (Table-5.4.pdf)
2012,Tamil Nadu,Relatives,relatives,87,NCRB CII 2012 Table 5.4 (Table-5.4.pdf)
2012,Tamil Nadu,Neighbours,neighbours,196,NCRB CII 2012 Table 5.4 (Table-5.4.pdf)
2012,Tamil Nadu,Other known persons,other_known_persons,450,NCRB CII 2012 Table 5.4 (Table-5.4.pdf)
2012,Tripura,Known to victims (total),known_total,229,NCRB CII 2012 Table 5.4 (Table-5.4.pdf)
2012,Tripura,Parents / close family members,parents_close_family,1,NCRB CII 2012 Table 5.4 (Table-5.4.pdf)
2012,Tripura,Relatives,relatives,49,NCRB CII 2012 Table 5.4 (Table-5.4.pdf)
2012,Tripura,Neighbours,neighbours,142,NCRB CII 2012 Table 5.4 (Table-5.4.pdf)
2012,Tripura,Other known persons,other_known_persons,37,NCRB CII 2012 Table 5.4 (Table-5.4.pdf)
2012,Uttar Pradesh,Known to victims (total),known_total,1953,NCRB CII 2012 Table 5.4 (Table-5.4.pdf)
2012,Uttar Pradesh,Parents / close family members,parents_close_family,12,NCRB CII 2012 Table 5.4 (Table-5.4.pdf)
2012,Uttar Pradesh,Relatives,relatives,107,NCRB CII 2012 Table 5.4 (Table-5.4.pdf)
2012,Uttar Pradesh,Neighbours,neighbours,560,NCRB CII 2012 Table 5.4 (Table-5.4.pdf)
2012,Uttar Pradesh,Other known persons,other_known_persons,1274,NCRB CII 2012 Table 5.4 (Table-5.4.pdf)
2012,Uttarakhand,Known to victims (total),known_total,116,NCRB CII 2012 Table 5.4 (Table-5.4.pdf)
2012,Uttarakhand,Parents / close family members,parents_close_family,14,NCRB CII 2012 Table 5.4 (Table-5.4.pdf)
2012,Uttarakhand,Relatives,relatives,8,NCRB CII 2012 Table 5.4 (Table-5.4.pdf)
2012,Uttarakhand,Neighbours,neighbours,26,NCRB CII 2012 Table 5.4 (Table-5.4.pdf)
2012,Uttarakhand,Other known persons,other_known_persons,68,NCRB CII 2012 Table 5.4 (Table-5.4.pdf)
2012,West Bengal,Known to victims (total),known_total,1904,NCRB CII 2012 Table 5.4 (Table-5.4.pdf)
2012,West Bengal,Parents / close family members,parents_close_family,6,NCRB CII 2012 Table 5.4 (Table-5.4.pdf)
2012,West Bengal,Relatives,relatives,40,NCRB CII 2012 Table 5.4 (Table-5.4.pdf)
2012,West Bengal,Neighbours,neighbours,984,NCRB CII 2012 Table 5.4 (Table-5.4.pdf)
2012,West Bengal,Other known persons,other_known_persons,874,NCRB CII 2012 Table 5.4 (Table-5.4.pdf)
2012,Andaman & Nicobar Islands,Known to victims (total),known_total,12,NCRB CII 2012 Table 5.4 (Table-5.4.pdf)
2012,Andaman & Nicobar Islands,Parents / close family members,parents_close_family,1,NCRB CII 2012 Table 5.4 (Table-5.4.pdf)
2012,Andaman & Nicobar Islands,Relatives,relatives,0,NCRB CII 2012 Table 5.4 (Table-5.4.pdf)
2012,Andaman & Nicobar Islands,Neighbours,neighbours,2,NCRB CII 2012 Table 5.4 (Table-5.4.pdf)
2012,Andaman & Nicobar Islands,Other known persons,other_known_persons,9,NCRB CII 2012 Table 5.4 (Table-5.4.pdf)
2012,Chandigarh,Known to victims (total),known_total,27,NCRB CII 2012 Table 5.4 (Table-5.4.pdf)
2012,Chandigarh,Parents / close family members,parents_close_family,4,NCRB CII 2012 Table 5.4 (Table-5.4.pdf)
2012,Chandigarh,Relatives,relatives,6,NCRB CII 2012 Table 5.4 (Table-5.4.pdf)
2012,Chandigarh,Neighbours,neighbours,16,NCRB CII 2012 Table 5.4 (Table-5.4.pdf)
2012,Chandigarh,Other known persons,other_known_persons,1,NCRB CII 2012 Table 5.4 (Table-5.4.pdf)
2012,Dadra & Nagar Haveli and Daman & Diu,Known to victims (total),known_total,8,NCRB CII 2012 Table 5.4 (Table-5.4.pdf)
2012,Dadra & Nagar Haveli and Daman & Diu,Parents / close family members,parents_close_family,1,NCRB CII 2012 Table 5.4 (Table-5.4.pdf)
2012,Dadra & Nagar Haveli and Daman & Diu,Relatives,relatives,0,NCRB CII 2012 Table 5.4 (Table-5.4.pdf)
2012,Dadra & Nagar Haveli and Daman & Diu,Neighbours,neighbours,0,NCRB CII 2012 Table 5.4 (Table-5.4.pdf)
2012,Dadra & Nagar Haveli and Daman & Diu,Other known persons,other_known_persons,7,NCRB CII 2012 Table 5.4 (Table-5.4.pdf)
2012,Delhi,Known to victims (total),known_total,680,NCRB CII 2012 Table 5.4 (Table-5.4.pdf)
2012,Delhi,Parents / close family members,parents_close_family,41,NCRB CII 2012 Table 5.4 (Table-5.4.pdf)
2012,Delhi,Relatives,relatives,61,NCRB CII 2012 Table 5.4 (Table-5.4.pdf)
2012,Delhi,Neighbours,neighbours,248,NCRB CII 2012 Table 5.4 (Table-5.4.pdf)
2012,Delhi,Other known persons,other_known_persons,330,NCRB CII 2012 Table 5.4 (Table-5.4.pdf)
2012,Lakshadweep,Known to victims (total),known_total,0,NCRB CII 2012 Table 5.4 (Table-5.4.pdf)
2012,Lakshadweep,Parents / close family members,parents_close_family,0,NCRB CII 2012 Table 5.4 (Table-5.4.pdf)
2012,Lakshadweep,Relatives,relatives,0,NCRB CII 2012 Table 5.4 (Table-5.4.pdf)
2012,Lakshadweep,Neighbours,neighbours,0,NCRB CII 2012 Table 5.4 (Table-5.4.pdf)
2012,Lakshadweep,Other known persons,other_known_persons,0,NCRB CII 2012 Table 5.4 (Table-5.4.pdf)
2012,Puducherry,Known to victims (total),known_total,13,NCRB CII 2012 Table 5.4 (Table-5.4.pdf)
2012,Puducherry,Parents / close family members,parents_close_family,0,NCRB CII 2012 Table 5.4 (Table-5.4.pdf)
2012,Puducherry,Relatives,relatives,0,NCRB CII 2012 Table 5.4 (Table-5.4.pdf)
2012,Puducherry,Neighbours,neighbours,4,NCRB CII 2012 Table 5.4 (Table-5.4.pdf)
2012,Puducherry,Other known persons,other_known_persons,9,NCRB CII 2012 Table 5.4 (Table-5.4.pdf)
2012,All India,Known to victims (total),known_total,24470,NCRB CII 2012 Table 5.4 (Table-5.4.pdf)
2012,All India,Parents / close family members,parents_close_family,393,NCRB CII 2012 Table 5.4 (Table-5.4.pdf)
2012,All India,Relatives,relatives,1585,NCRB CII 2012 Table 5.4 (Table-5.4.pdf)
2012,All India,Neighbours,neighbours,8484,NCRB CII 2012 Table 5.4 (Table-5.4.pdf)
2012,All India,Other known persons,other_known_persons,14008,NCRB CII 2012 Table 5.4 (Table-5.4.pdf)
2013,Andhra Pradesh,Known to victims (total),known_total,1635,NCRB CII 2013 Table 5.4 (Table-5.4_2013.pdf)
2013,Andhra Pradesh,Parents / close family members,parents_close_family,5,NCRB CII 2013 Table 5.4 (Table-5.4_2013.pdf)
2013,Andhra Pradesh,Relatives,relatives,156,NCRB CII 2013 Table 5.4 (Table-5.4_2013.pdf)
2013,Andhra Pradesh,Neighbours,neighbours,626,NCRB CII 2013 Table 5.4 (Table-5.4_2013.pdf)
2013,Andhra Pradesh,Other known persons,other_known_persons,848,NCRB CII 2013 Table 5.4 (Table-5.4_2013.pdf)
2013,Arunachal Pradesh,Known to victims (total),known_total,75,NCRB CII 2013 Table 5.4 (Table-5.4_2013.pdf)
2013,Arunachal Pradesh,Parents / close family members,parents_close_family,0,NCRB CII 2013 Table 5.4 (Table-5.4_2013.pdf)
2013,Arunachal Pradesh,Relatives,relatives,6,NCRB CII 2013 Table 5.4 (Table-5.4_2013.pdf)
2013,Arunachal Pradesh,Neighbours,neighbours,14,NCRB CII 2013 Table 5.4 (Table-5.4_2013.pdf)
2013,Arunachal Pradesh,Other known persons,other_known_persons,55,NCRB CII 2013 Table 5.4 (Table-5.4_2013.pdf)
2013,Assam,Known to victims (total),known_total,1937,NCRB CII 2013 Table 5.4 (Table-5.4_2013.pdf)
2013,Assam,Parents / close family members,parents_close_family,8,NCRB CII 2013 Table 5.4 (Table-5.4_2013.pdf)
2013,Assam,Relatives,relatives,99,NCRB CII 2013 Table 5.4 (Table-5.4_2013.pdf)
2013,Assam,Neighbours,neighbours,990,NCRB CII 2013 Table 5.4 (Table-5.4_2013.pdf)
2013,Assam,Other known persons,other_known_persons,840,NCRB CII 2013 Table 5.4 (Table-5.4_2013.pdf)
2013,Bihar,Known to victims (total),known_total,1022,NCRB CII 2013 Table 5.4 (Table-5.4_2013.pdf)
2013,Bihar,Parents / close family members,parents_close_family,6,NCRB CII 2013 Table 5.4 (Table-5.4_2013.pdf)
2013,Bihar,Relatives,relatives,26,NCRB CII 2013 Table 5.4 (Table-5.4_2013.pdf)
2013,Bihar,Neighbours,neighbours,578,NCRB CII 2013 Table 5.4 (Table-5.4_2013.pdf)
2013,Bihar,Other known persons,other_known_persons,412,NCRB CII 2013 Table 5.4 (Table-5.4_2013.pdf)
2013,Chhattisgarh,Known to victims (total),known_total,1380,NCRB CII 2013 Table 5.4 (Table-5.4_2013.pdf)
2013,Chhattisgarh,Parents / close family members,parents_close_family,15,NCRB CII 2013 Table 5.4 (Table-5.4_2013.pdf)
2013,Chhattisgarh,Relatives,relatives,70,NCRB CII 2013 Table 5.4 (Table-5.4_2013.pdf)
2013,Chhattisgarh,Neighbours,neighbours,323,NCRB CII 2013 Table 5.4 (Table-5.4_2013.pdf)
2013,Chhattisgarh,Other known persons,other_known_persons,972,NCRB CII 2013 Table 5.4 (Table-5.4_2013.pdf)
2013,Goa,Known to victims (total),known_total,86,NCRB CII 2013 Table 5.4 (Table-5.4_2013.pdf)
2013,Goa,Parents / close family members,parents_close_family,6,NCRB CII 2013 Table 5.4 (Table-5.4_2013.pdf)
2013,Goa,Relatives,relatives,7,NCRB CII 2013 Table 5.4 (Table-5.4_2013.pdf)
2013,Goa,Neighbours,neighbours,9,NCRB CII 2013 Table 5.4 (Table-5.4_2013.pdf)
2013,Goa,Other known persons,other_known_persons,64,NCRB CII 2013 Table 5.4 (Table-5.4_2013.pdf)
2013,Gujarat,Known to victims (total),known_total,711,NCRB CII 2013 Table 5.4 (Table-5.4_2013.pdf)
2013,Gujarat,Parents / close family members,parents_close_family,17,NCRB CII 2013 Table 5.4 (Table-5.4_2013.pdf)
2013,Gujarat,Relatives,relatives,44,NCRB CII 2013 Table 5.4 (Table-5.4_2013.pdf)
2013,Gujarat,Neighbours,neighbours,152,NCRB CII 2013 Table 5.4 (Table-5.4_2013.pdf)
2013,Gujarat,Other known persons,other_known_persons,498,NCRB CII 2013 Table 5.4 (Table-5.4_2013.pdf)
2013,Haryana,Known to victims (total),known_total,971,NCRB CII 2013 Table 5.4 (Table-5.4_2013.pdf)
2013,Haryana,Parents / close family members,parents_close_family,8,NCRB CII 2013 Table 5.4 (Table-5.4_2013.pdf)
2013,Haryana,Relatives,relatives,103,NCRB CII 2013 Table 5.4 (Table-5.4_2013.pdf)
2013,Haryana,Neighbours,neighbours,339,NCRB CII 2013 Table 5.4 (Table-5.4_2013.pdf)
2013,Haryana,Other known persons,other_known_persons,521,NCRB CII 2013 Table 5.4 (Table-5.4_2013.pdf)
2013,Himachal Pradesh,Known to victims (total),known_total,250,NCRB CII 2013 Table 5.4 (Table-5.4_2013.pdf)
2013,Himachal Pradesh,Parents / close family members,parents_close_family,9,NCRB CII 2013 Table 5.4 (Table-5.4_2013.pdf)
2013,Himachal Pradesh,Relatives,relatives,3,NCRB CII 2013 Table 5.4 (Table-5.4_2013.pdf)
2013,Himachal Pradesh,Neighbours,neighbours,21,NCRB CII 2013 Table 5.4 (Table-5.4_2013.pdf)
2013,Himachal Pradesh,Other known persons,other_known_persons,217,NCRB CII 2013 Table 5.4 (Table-5.4_2013.pdf)
2013,Jammu & Kashmir,Known to victims (total),known_total,351,NCRB CII 2013 Table 5.4 (Table-5.4_2013.pdf)
2013,Jammu & Kashmir,Parents / close family members,parents_close_family,0,NCRB CII 2013 Table 5.4 (Table-5.4_2013.pdf)
2013,Jammu & Kashmir,Relatives,relatives,0,NCRB CII 2013 Table 5.4 (Table-5.4_2013.pdf)
2013,Jammu & Kashmir,Neighbours,neighbours,103,NCRB CII 2013 Table 5.4 (Table-5.4_2013.pdf)
2013,Jammu & Kashmir,Other known persons,other_known_persons,248,NCRB CII 2013 Table 5.4 (Table-5.4_2013.pdf)
2013,Jharkhand,Known to victims (total),known_total,1156,NCRB CII 2013 Table 5.4 (Table-5.4_2013.pdf)
2013,Jharkhand,Parents / close family members,parents_close_family,0,NCRB CII 2013 Table 5.4 (Table-5.4_2013.pdf)
2013,Jharkhand,Relatives,relatives,125,NCRB CII 2013 Table 5.4 (Table-5.4_2013.pdf)
2013,Jharkhand,Neighbours,neighbours,408,NCRB CII 2013 Table 5.4 (Table-5.4_2013.pdf)
2013,Jharkhand,Other known persons,other_known_persons,623,NCRB CII 2013 Table 5.4 (Table-5.4_2013.pdf)
2013,Karnataka,Known to victims (total),known_total,953,NCRB CII 2013 Table 5.4 (Table-5.4_2013.pdf)
2013,Karnataka,Parents / close family members,parents_close_family,11,NCRB CII 2013 Table 5.4 (Table-5.4_2013.pdf)
2013,Karnataka,Relatives,relatives,79,NCRB CII 2013 Table 5.4 (Table-5.4_2013.pdf)
2013,Karnataka,Neighbours,neighbours,214,NCRB CII 2013 Table 5.4 (Table-5.4_2013.pdf)
2013,Karnataka,Other known persons,other_known_persons,649,NCRB CII 2013 Table 5.4 (Table-5.4_2013.pdf)
2013,Kerala,Known to victims (total),known_total,1193,NCRB CII 2013 Table 5.4 (Table-5.4_2013.pdf)
2013,Kerala,Parents / close family members,parents_close_family,79,NCRB CII 2013 Table 5.4 (Table-5.4_2013.pdf)
2013,Kerala,Relatives,relatives,67,NCRB CII 2013 Table 5.4 (Table-5.4_2013.pdf)
2013,Kerala,Neighbours,neighbours,233,NCRB CII 2013 Table 5.4 (Table-5.4_2013.pdf)
2013,Kerala,Other known persons,other_known_persons,814,NCRB CII 2013 Table 5.4 (Table-5.4_2013.pdf)
2013,Madhya Pradesh,Known to victims (total),known_total,4335,NCRB CII 2013 Table 5.4 (Table-5.4_2013.pdf)
2013,Madhya Pradesh,Parents / close family members,parents_close_family,22,NCRB CII 2013 Table 5.4 (Table-5.4_2013.pdf)
2013,Madhya Pradesh,Relatives,relatives,280,NCRB CII 2013 Table 5.4 (Table-5.4_2013.pdf)
2013,Madhya Pradesh,Neighbours,neighbours,2423,NCRB CII 2013 Table 5.4 (Table-5.4_2013.pdf)
2013,Madhya Pradesh,Other known persons,other_known_persons,1610,NCRB CII 2013 Table 5.4 (Table-5.4_2013.pdf)
2013,Maharashtra,Known to victims (total),known_total,3057,NCRB CII 2013 Table 5.4 (Table-5.4_2013.pdf)
2013,Maharashtra,Parents / close family members,parents_close_family,108,NCRB CII 2013 Table 5.4 (Table-5.4_2013.pdf)
2013,Maharashtra,Relatives,relatives,173,NCRB CII 2013 Table 5.4 (Table-5.4_2013.pdf)
2013,Maharashtra,Neighbours,neighbours,609,NCRB CII 2013 Table 5.4 (Table-5.4_2013.pdf)
2013,Maharashtra,Other known persons,other_known_persons,2167,NCRB CII 2013 Table 5.4 (Table-5.4_2013.pdf)
2013,Manipur,Known to victims (total),known_total,72,NCRB CII 2013 Table 5.4 (Table-5.4_2013.pdf)
2013,Manipur,Parents / close family members,parents_close_family,0,NCRB CII 2013 Table 5.4 (Table-5.4_2013.pdf)
2013,Manipur,Relatives,relatives,2,NCRB CII 2013 Table 5.4 (Table-5.4_2013.pdf)
2013,Manipur,Neighbours,neighbours,34,NCRB CII 2013 Table 5.4 (Table-5.4_2013.pdf)
2013,Manipur,Other known persons,other_known_persons,36,NCRB CII 2013 Table 5.4 (Table-5.4_2013.pdf)
2013,Meghalaya,Known to victims (total),known_total,181,NCRB CII 2013 Table 5.4 (Table-5.4_2013.pdf)
2013,Meghalaya,Parents / close family members,parents_close_family,22,NCRB CII 2013 Table 5.4 (Table-5.4_2013.pdf)
2013,Meghalaya,Relatives,relatives,9,NCRB CII 2013 Table 5.4 (Table-5.4_2013.pdf)
2013,Meghalaya,Neighbours,neighbours,35,NCRB CII 2013 Table 5.4 (Table-5.4_2013.pdf)
2013,Meghalaya,Other known persons,other_known_persons,115,NCRB CII 2013 Table 5.4 (Table-5.4_2013.pdf)
2013,Mizoram,Known to victims (total),known_total,86,NCRB CII 2013 Table 5.4 (Table-5.4_2013.pdf)
2013,Mizoram,Parents / close family members,parents_close_family,7,NCRB CII 2013 Table 5.4 (Table-5.4_2013.pdf)
2013,Mizoram,Relatives,relatives,7,NCRB CII 2013 Table 5.4 (Table-5.4_2013.pdf)
2013,Mizoram,Neighbours,neighbours,16,NCRB CII 2013 Table 5.4 (Table-5.4_2013.pdf)
2013,Mizoram,Other known persons,other_known_persons,56,NCRB CII 2013 Table 5.4 (Table-5.4_2013.pdf)
2013,Nagaland,Known to victims (total),known_total,30,NCRB CII 2013 Table 5.4 (Table-5.4_2013.pdf)
2013,Nagaland,Parents / close family members,parents_close_family,0,NCRB CII 2013 Table 5.4 (Table-5.4_2013.pdf)
2013,Nagaland,Relatives,relatives,1,NCRB CII 2013 Table 5.4 (Table-5.4_2013.pdf)
2013,Nagaland,Neighbours,neighbours,9,NCRB CII 2013 Table 5.4 (Table-5.4_2013.pdf)
2013,Nagaland,Other known persons,other_known_persons,20,NCRB CII 2013 Table 5.4 (Table-5.4_2013.pdf)
2013,Odisha,Known to victims (total),known_total,1832,NCRB CII 2013 Table 5.4 (Table-5.4_2013.pdf)
2013,Odisha,Parents / close family members,parents_close_family,3,NCRB CII 2013 Table 5.4 (Table-5.4_2013.pdf)
2013,Odisha,Relatives,relatives,91,NCRB CII 2013 Table 5.4 (Table-5.4_2013.pdf)
2013,Odisha,Neighbours,neighbours,489,NCRB CII 2013 Table 5.4 (Table-5.4_2013.pdf)
2013,Odisha,Other known persons,other_known_persons,1249,NCRB CII 2013 Table 5.4 (Table-5.4_2013.pdf)
2013,Punjab,Known to victims (total),known_total,854,NCRB CII 2013 Table 5.4 (Table-5.4_2013.pdf)
2013,Punjab,Parents / close family members,parents_close_family,9,NCRB CII 2013 Table 5.4 (Table-5.4_2013.pdf)
2013,Punjab,Relatives,relatives,58,NCRB CII 2013 Table 5.4 (Table-5.4_2013.pdf)
2013,Punjab,Neighbours,neighbours,330,NCRB CII 2013 Table 5.4 (Table-5.4_2013.pdf)
2013,Punjab,Other known persons,other_known_persons,457,NCRB CII 2013 Table 5.4 (Table-5.4_2013.pdf)
2013,Rajasthan,Known to victims (total),known_total,3164,NCRB CII 2013 Table 5.4 (Table-5.4_2013.pdf)
2013,Rajasthan,Parents / close family members,parents_close_family,56,NCRB CII 2013 Table 5.4 (Table-5.4_2013.pdf)
2013,Rajasthan,Relatives,relatives,251,NCRB CII 2013 Table 5.4 (Table-5.4_2013.pdf)
2013,Rajasthan,Neighbours,neighbours,877,NCRB CII 2013 Table 5.4 (Table-5.4_2013.pdf)
2013,Rajasthan,Other known persons,other_known_persons,1980,NCRB CII 2013 Table 5.4 (Table-5.4_2013.pdf)
2013,Sikkim,Known to victims (total),known_total,33,NCRB CII 2013 Table 5.4 (Table-5.4_2013.pdf)
2013,Sikkim,Parents / close family members,parents_close_family,0,NCRB CII 2013 Table 5.4 (Table-5.4_2013.pdf)
2013,Sikkim,Relatives,relatives,0,NCRB CII 2013 Table 5.4 (Table-5.4_2013.pdf)
2013,Sikkim,Neighbours,neighbours,12,NCRB CII 2013 Table 5.4 (Table-5.4_2013.pdf)
2013,Sikkim,Other known persons,other_known_persons,21,NCRB CII 2013 Table 5.4 (Table-5.4_2013.pdf)
2013,Tamil Nadu,Known to victims (total),known_total,898,NCRB CII 2013 Table 5.4 (Table-5.4_2013.pdf)
2013,Tamil Nadu,Parents / close family members,parents_close_family,6,NCRB CII 2013 Table 5.4 (Table-5.4_2013.pdf)
2013,Tamil Nadu,Relatives,relatives,98,NCRB CII 2013 Table 5.4 (Table-5.4_2013.pdf)
2013,Tamil Nadu,Neighbours,neighbours,263,NCRB CII 2013 Table 5.4 (Table-5.4_2013.pdf)
2013,Tamil Nadu,Other known persons,other_known_persons,531,NCRB CII 2013 Table 5.4 (Table-5.4_2013.pdf)
2013,Tripura,Known to victims (total),known_total,206,NCRB CII 2013 Table 5.4 (Table-5.4_2013.pdf)
2013,Tripura,Parents / close family members,parents_close_family,1,NCRB CII 2013 Table 5.4 (Table-5.4_2013.pdf)
2013,Tripura,Relatives,relatives,7,NCRB CII 2013 Table 5.4 (Table-5.4_2013.pdf)
2013,Tripura,Neighbours,neighbours,135,NCRB CII 2013 Table 5.4 (Table-5.4_2013.pdf)
2013,Tripura,Other known persons,other_known_persons,63,NCRB CII 2013 Table 5.4 (Table-5.4_2013.pdf)
2013,Uttar Pradesh,Known to victims (total),known_total,3020,NCRB CII 2013 Table 5.4 (Table-5.4_2013.pdf)
2013,Uttar Pradesh,Parents / close family members,parents_close_family,63,NCRB CII 2013 Table 5.4 (Table-5.4_2013.pdf)
2013,Uttar Pradesh,Relatives,relatives,167,NCRB CII 2013 Table 5.4 (Table-5.4_2013.pdf)
2013,Uttar Pradesh,Neighbours,neighbours,986,NCRB CII 2013 Table 5.4 (Table-5.4_2013.pdf)
2013,Uttar Pradesh,Other known persons,other_known_persons,1804,NCRB CII 2013 Table 5.4 (Table-5.4_2013.pdf)
2013,Uttarakhand,Known to victims (total),known_total,228,NCRB CII 2013 Table 5.4 (Table-5.4_2013.pdf)
2013,Uttarakhand,Parents / close family members,parents_close_family,10,NCRB CII 2013 Table 5.4 (Table-5.4_2013.pdf)
2013,Uttarakhand,Relatives,relatives,6,NCRB CII 2013 Table 5.4 (Table-5.4_2013.pdf)
2013,Uttarakhand,Neighbours,neighbours,62,NCRB CII 2013 Table 5.4 (Table-5.4_2013.pdf)
2013,Uttarakhand,Other known persons,other_known_persons,150,NCRB CII 2013 Table 5.4 (Table-5.4_2013.pdf)
2013,West Bengal,Known to victims (total),known_total,422,NCRB CII 2013 Table 5.4 (Table-5.4_2013.pdf)
2013,West Bengal,Parents / close family members,parents_close_family,18,NCRB CII 2013 Table 5.4 (Table-5.4_2013.pdf)
2013,West Bengal,Relatives,relatives,195,NCRB CII 2013 Table 5.4 (Table-5.4_2013.pdf)
2013,West Bengal,Neighbours,neighbours,25,NCRB CII 2013 Table 5.4 (Table-5.4_2013.pdf)
2013,West Bengal,Other known persons,other_known_persons,184,NCRB CII 2013 Table 5.4 (Table-5.4_2013.pdf)
2013,Andaman & Nicobar Islands,Known to victims (total),known_total,27,NCRB CII 2013 Table 5.4 (Table-5.4_2013.pdf)
2013,Andaman & Nicobar Islands,Parents / close family members,parents_close_family,3,NCRB CII 2013 Table 5.4 (Table-5.4_2013.pdf)
2013,Andaman & Nicobar Islands,Relatives,relatives,0,NCRB CII 2013 Table 5.4 (Table-5.4_2013.pdf)
2013,Andaman & Nicobar Islands,Neighbours,neighbours,5,NCRB CII 2013 Table 5.4 (Table-5.4_2013.pdf)
2013,Andaman & Nicobar Islands,Other known persons,other_known_persons,19,NCRB CII 2013 Table 5.4 (Table-5.4_2013.pdf)
2013,Chandigarh,Known to victims (total),known_total,45,NCRB CII 2013 Table 5.4 (Table-5.4_2013.pdf)
2013,Chandigarh,Parents / close family members,parents_close_family,0,NCRB CII 2013 Table 5.4 (Table-5.4_2013.pdf)
2013,Chandigarh,Relatives,relatives,10,NCRB CII 2013 Table 5.4 (Table-5.4_2013.pdf)
2013,Chandigarh,Neighbours,neighbours,26,NCRB CII 2013 Table 5.4 (Table-5.4_2013.pdf)
2013,Chandigarh,Other known persons,other_known_persons,9,NCRB CII 2013 Table 5.4 (Table-5.4_2013.pdf)
2013,Dadra & Nagar Haveli and Daman & Diu,Known to victims (total),known_total,7,NCRB CII 2013 Table 5.4 (Table-5.4_2013.pdf)
2013,Dadra & Nagar Haveli and Daman & Diu,Parents / close family members,parents_close_family,0,NCRB CII 2013 Table 5.4 (Table-5.4_2013.pdf)
2013,Dadra & Nagar Haveli and Daman & Diu,Relatives,relatives,0,NCRB CII 2013 Table 5.4 (Table-5.4_2013.pdf)
2013,Dadra & Nagar Haveli and Daman & Diu,Neighbours,neighbours,0,NCRB CII 2013 Table 5.4 (Table-5.4_2013.pdf)
2013,Dadra & Nagar Haveli and Daman & Diu,Other known persons,other_known_persons,7,NCRB CII 2013 Table 5.4 (Table-5.4_2013.pdf)
2013,Delhi,Known to victims (total),known_total,1571,NCRB CII 2013 Table 5.4 (Table-5.4_2013.pdf)
2013,Delhi,Parents / close family members,parents_close_family,47,NCRB CII 2013 Table 5.4 (Table-5.4_2013.pdf)
2013,Delhi,Relatives,relatives,174,NCRB CII 2013 Table 5.4 (Table-5.4_2013.pdf)
2013,Delhi,Neighbours,neighbours,429,NCRB CII 2013 Table 5.4 (Table-5.4_2013.pdf)
2013,Delhi,Other known persons,other_known_persons,921,NCRB CII 2013 Table 5.4 (Table-5.4_2013.pdf)
2013,Lakshadweep,Known to victims (total),known_total,2,NCRB CII 2013 Table 5.4 (Table-5.4_2013.pdf)
2013,Lakshadweep,Parents / close family members,parents_close_family,0,NCRB CII 2013 Table 5.4 (Table-5.4_2013.pdf)
2013,Lakshadweep,Relatives,relatives,0,NCRB CII 2013 Table 5.4 (Table-5.4_2013.pdf)
2013,Lakshadweep,Neighbours,neighbours,0,NCRB CII 2013 Table 5.4 (Table-5.4_2013.pdf)
2013,Lakshadweep,Other known persons,other_known_persons,2,NCRB CII 2013 Table 5.4 (Table-5.4_2013.pdf)
2013,Puducherry,Known to victims (total),known_total,17,NCRB CII 2013 Table 5.4 (Table-5.4_2013.pdf)
2013,Puducherry,Parents / close family members,parents_close_family,0,NCRB CII 2013 Table 5.4 (Table-5.4_2013.pdf)
2013,Puducherry,Relatives,relatives,1,NCRB CII 2013 Table 5.4 (Table-5.4_2013.pdf)
2013,Puducherry,Neighbours,neighbours,7,NCRB CII 2013 Table 5.4 (Table-5.4_2013.pdf)
2013,Puducherry,Other known persons,other_known_persons,9,NCRB CII 2013 Table 5.4 (Table-5.4_2013.pdf)
2013,All India,Known to victims (total),known_total,31807,NCRB CII 2013 Table 5.4 (Table-5.4_2013.pdf)
2013,All India,Parents / close family members,parents_close_family,539,NCRB CII 2013 Table 5.4 (Table-5.4_2013.pdf)
2013,All India,Relatives,relatives,2315,NCRB CII 2013 Table 5.4 (Table-5.4_2013.pdf)
2013,All India,Neighbours,neighbours,10782,NCRB CII 2013 Table 5.4 (Table-5.4_2013.pdf)
2013,All India,Other known persons,other_known_persons,18171,NCRB CII 2013 Table 5.4 (Table-5.4_2013.pdf)
2014,Andhra Pradesh,Total rape cases,total_cases,961,NCRB CII 2014 Table 5.4 (Table-5.4_2014.pdf)
2014,Andhra Pradesh,Known to victims (total),known_total,838,NCRB CII 2014 Table 5.4 (Table-5.4_2014.pdf)
2014,Andhra Pradesh,Grand father/ father/ brother/ son etc.,grandfather_father_brother_son,1,NCRB CII 2014 Table 5.4 (Table-5.4_2014.pdf)
2014,Andhra Pradesh,Close family members (other than grand father/father/brother/son),close_family_other,35,NCRB CII 2014 Table 5.4 (Table-5.4_2014.pdf)
2014,Andhra Pradesh,Relatives (other than family),relatives,61,NCRB CII 2014 Table 5.4 (Table-5.4_2014.pdf)
2014,Andhra Pradesh,Neighbours,neighbours,212,NCRB CII 2014 Table 5.4 (Table-5.4_2014.pdf)
2014,Andhra Pradesh,Employer/ co-workers,employer_coworkers,7,NCRB CII 2014 Table 5.4 (Table-5.4_2014.pdf)
2014,Andhra Pradesh,Other known persons,other_known_persons,522,NCRB CII 2014 Table 5.4 (Table-5.4_2014.pdf)
2014,Arunachal Pradesh,Total rape cases,total_cases,83,NCRB CII 2014 Table 5.4 (Table-5.4_2014.pdf)
2014,Arunachal Pradesh,Known to victims (total),known_total,21,NCRB CII 2014 Table 5.4 (Table-5.4_2014.pdf)
2014,Arunachal Pradesh,Grand father/ father/ brother/ son etc.,grandfather_father_brother_son,6,NCRB CII 2014 Table 5.4 (Table-5.4_2014.pdf)
2014,Arunachal Pradesh,Close family members (other than grand father/father/brother/son),close_family_other,0,NCRB CII 2014 Table 5.4 (Table-5.4_2014.pdf)
2014,Arunachal Pradesh,Relatives (other than family),relatives,0,NCRB CII 2014 Table 5.4 (Table-5.4_2014.pdf)
2014,Arunachal Pradesh,Neighbours,neighbours,3,NCRB CII 2014 Table 5.4 (Table-5.4_2014.pdf)
2014,Arunachal Pradesh,Employer/ co-workers,employer_coworkers,2,NCRB CII 2014 Table 5.4 (Table-5.4_2014.pdf)
2014,Arunachal Pradesh,Other known persons,other_known_persons,10,NCRB CII 2014 Table 5.4 (Table-5.4_2014.pdf)
2014,Assam,Total rape cases,total_cases,1980,NCRB CII 2014 Table 5.4 (Table-5.4_2014.pdf)
2014,Assam,Known to victims (total),known_total,1461,NCRB CII 2014 Table 5.4 (Table-5.4_2014.pdf)
2014,Assam,Grand father/ father/ brother/ son etc.,grandfather_father_brother_son,21,NCRB CII 2014 Table 5.4 (Table-5.4_2014.pdf)
2014,Assam,Close family members (other than grand father/father/brother/son),close_family_other,1,NCRB CII 2014 Table 5.4 (Table-5.4_2014.pdf)
2014,Assam,Relatives (other than family),relatives,31,NCRB CII 2014 Table 5.4 (Table-5.4_2014.pdf)
2014,Assam,Neighbours,neighbours,343,NCRB CII 2014 Table 5.4 (Table-5.4_2014.pdf)
2014,Assam,Employer/ co-workers,employer_coworkers,0,NCRB CII 2014 Table 5.4 (Table-5.4_2014.pdf)
2014,Assam,Other known persons,other_known_persons,1065,NCRB CII 2014 Table 5.4 (Table-5.4_2014.pdf)
2014,Bihar,Total rape cases,total_cases,1127,NCRB CII 2014 Table 5.4 (Table-5.4_2014.pdf)
2014,Bihar,Known to victims (total),known_total,532,NCRB CII 2014 Table 5.4 (Table-5.4_2014.pdf)
2014,Bihar,Grand father/ father/ brother/ son etc.,grandfather_father_brother_son,4,NCRB CII 2014 Table 5.4 (Table-5.4_2014.pdf)
2014,Bihar,Close family members (other than grand father/father/brother/son),close_family_other,36,NCRB CII 2014 Table 5.4 (Table-5.4_2014.pdf)
2014,Bihar,Relatives (other than family),relatives,44,NCRB CII 2014 Table 5.4 (Table-5.4_2014.pdf)
2014,Bihar,Neighbours,neighbours,182,NCRB CII 2014 Table 5.4 (Table-5.4_2014.pdf)
2014,Bihar,Employer/ co-workers,employer_coworkers,7,NCRB CII 2014 Table 5.4 (Table-5.4_2014.pdf)
2014,Bihar,Other known persons,other_known_persons,259,NCRB CII 2014 Table 5.4 (Table-5.4_2014.pdf)
2014,Chhattisgarh,Total rape cases,total_cases,1436,NCRB CII 2014 Table 5.4 (Table-5.4_2014.pdf)
2014,Chhattisgarh,Known to victims (total),known_total,1228,NCRB CII 2014 Table 5.4 (Table-5.4_2014.pdf)
2014,Chhattisgarh,Grand father/ father/ brother/ son etc.,grandfather_father_brother_son,11,NCRB CII 2014 Table 5.4 (Table-5.4_2014.pdf)
2014,Chhattisgarh,Close family members (other than grand father/father/brother/son),close_family_other,39,NCRB CII 2014 Table 5.4 (Table-5.4_2014.pdf)
2014,Chhattisgarh,Relatives (other than family),relatives,156,NCRB CII 2014 Table 5.4 (Table-5.4_2014.pdf)
2014,Chhattisgarh,Neighbours,neighbours,344,NCRB CII 2014 Table 5.4 (Table-5.4_2014.pdf)
2014,Chhattisgarh,Employer/ co-workers,employer_coworkers,24,NCRB CII 2014 Table 5.4 (Table-5.4_2014.pdf)
2014,Chhattisgarh,Other known persons,other_known_persons,654,NCRB CII 2014 Table 5.4 (Table-5.4_2014.pdf)
2014,Goa,Total rape cases,total_cases,95,NCRB CII 2014 Table 5.4 (Table-5.4_2014.pdf)
2014,Goa,Known to victims (total),known_total,94,NCRB CII 2014 Table 5.4 (Table-5.4_2014.pdf)
2014,Goa,Grand father/ father/ brother/ son etc.,grandfather_father_brother_son,3,NCRB CII 2014 Table 5.4 (Table-5.4_2014.pdf)
2014,Goa,Close family members (other than grand father/father/brother/son),close_family_other,3,NCRB CII 2014 Table 5.4 (Table-5.4_2014.pdf)
2014,Goa,Relatives (other than family),relatives,3,NCRB CII 2014 Table 5.4 (Table-5.4_2014.pdf)
2014,Goa,Neighbours,neighbours,14,NCRB CII 2014 Table 5.4 (Table-5.4_2014.pdf)
2014,Goa,Employer/ co-workers,employer_coworkers,5,NCRB CII 2014 Table 5.4 (Table-5.4_2014.pdf)
2014,Goa,Other known persons,other_known_persons,66,NCRB CII 2014 Table 5.4 (Table-5.4_2014.pdf)
2014,Gujarat,Total rape cases,total_cases,841,NCRB CII 2014 Table 5.4 (Table-5.4_2014.pdf)
2014,Gujarat,Known to victims (total),known_total,762,NCRB CII 2014 Table 5.4 (Table-5.4_2014.pdf)
2014,Gujarat,Grand father/ father/ brother/ son etc.,grandfather_father_brother_son,11,NCRB CII 2014 Table 5.4 (Table-5.4_2014.pdf)
2014,Gujarat,Close family members (other than grand father/father/brother/son),close_family_other,19,NCRB CII 2014 Table 5.4 (Table-5.4_2014.pdf)
2014,Gujarat,Relatives (other than family),relatives,75,NCRB CII 2014 Table 5.4 (Table-5.4_2014.pdf)
2014,Gujarat,Neighbours,neighbours,219,NCRB CII 2014 Table 5.4 (Table-5.4_2014.pdf)
2014,Gujarat,Employer/ co-workers,employer_coworkers,17,NCRB CII 2014 Table 5.4 (Table-5.4_2014.pdf)
2014,Gujarat,Other known persons,other_known_persons,421,NCRB CII 2014 Table 5.4 (Table-5.4_2014.pdf)
2014,Haryana,Total rape cases,total_cases,1174,NCRB CII 2014 Table 5.4 (Table-5.4_2014.pdf)
2014,Haryana,Known to victims (total),known_total,1066,NCRB CII 2014 Table 5.4 (Table-5.4_2014.pdf)
2014,Haryana,Grand father/ father/ brother/ son etc.,grandfather_father_brother_son,22,NCRB CII 2014 Table 5.4 (Table-5.4_2014.pdf)
2014,Haryana,Close family members (other than grand father/father/brother/son),close_family_other,31,NCRB CII 2014 Table 5.4 (Table-5.4_2014.pdf)
2014,Haryana,Relatives (other than family),relatives,47,NCRB CII 2014 Table 5.4 (Table-5.4_2014.pdf)
2014,Haryana,Neighbours,neighbours,457,NCRB CII 2014 Table 5.4 (Table-5.4_2014.pdf)
2014,Haryana,Employer/ co-workers,employer_coworkers,36,NCRB CII 2014 Table 5.4 (Table-5.4_2014.pdf)
2014,Haryana,Other known persons,other_known_persons,473,NCRB CII 2014 Table 5.4 (Table-5.4_2014.pdf)
2014,Himachal Pradesh,Total rape cases,total_cases,283,NCRB CII 2014 Table 5.4 (Table-5.4_2014.pdf)
2014,Himachal Pradesh,Known to victims (total),known_total,283,NCRB CII 2014 Table 5.4 (Table-5.4_2014.pdf)
2014,Himachal Pradesh,Grand father/ father/ brother/ son etc.,grandfather_father_brother_son,24,NCRB CII 2014 Table 5.4 (Table-5.4_2014.pdf)
2014,Himachal Pradesh,Close family members (other than grand father/father/brother/son),close_family_other,5,NCRB CII 2014 Table 5.4 (Table-5.4_2014.pdf)
2014,Himachal Pradesh,Relatives (other than family),relatives,16,NCRB CII 2014 Table 5.4 (Table-5.4_2014.pdf)
2014,Himachal Pradesh,Neighbours,neighbours,49,NCRB CII 2014 Table 5.4 (Table-5.4_2014.pdf)
2014,Himachal Pradesh,Employer/ co-workers,employer_coworkers,9,NCRB CII 2014 Table 5.4 (Table-5.4_2014.pdf)
2014,Himachal Pradesh,Other known persons,other_known_persons,180,NCRB CII 2014 Table 5.4 (Table-5.4_2014.pdf)
2014,Jammu & Kashmir,Total rape cases,total_cases,331,NCRB CII 2014 Table 5.4 (Table-5.4_2014.pdf)
2014,Jammu & Kashmir,Known to victims (total),known_total,307,NCRB CII 2014 Table 5.4 (Table-5.4_2014.pdf)
2014,Jammu & Kashmir,Grand father/ father/ brother/ son etc.,grandfather_father_brother_son,0,NCRB CII 2014 Table 5.4 (Table-5.4_2014.pdf)
2014,Jammu & Kashmir,Close family members (other than grand father/father/brother/son),close_family_other,6,NCRB CII 2014 Table 5.4 (Table-5.4_2014.pdf)
2014,Jammu & Kashmir,Relatives (other than family),relatives,21,NCRB CII 2014 Table 5.4 (Table-5.4_2014.pdf)
2014,Jammu & Kashmir,Neighbours,neighbours,61,NCRB CII 2014 Table 5.4 (Table-5.4_2014.pdf)
2014,Jammu & Kashmir,Employer/ co-workers,employer_coworkers,1,NCRB CII 2014 Table 5.4 (Table-5.4_2014.pdf)
2014,Jammu & Kashmir,Other known persons,other_known_persons,218,NCRB CII 2014 Table 5.4 (Table-5.4_2014.pdf)
2014,Jharkhand,Total rape cases,total_cases,1050,NCRB CII 2014 Table 5.4 (Table-5.4_2014.pdf)
2014,Jharkhand,Known to victims (total),known_total,732,NCRB CII 2014 Table 5.4 (Table-5.4_2014.pdf)
2014,Jharkhand,Grand father/ father/ brother/ son etc.,grandfather_father_brother_son,6,NCRB CII 2014 Table 5.4 (Table-5.4_2014.pdf)
2014,Jharkhand,Close family members (other than grand father/father/brother/son),close_family_other,21,NCRB CII 2014 Table 5.4 (Table-5.4_2014.pdf)
2014,Jharkhand,Relatives (other than family),relatives,74,NCRB CII 2014 Table 5.4 (Table-5.4_2014.pdf)
2014,Jharkhand,Neighbours,neighbours,174,NCRB CII 2014 Table 5.4 (Table-5.4_2014.pdf)
2014,Jharkhand,Employer/ co-workers,employer_coworkers,18,NCRB CII 2014 Table 5.4 (Table-5.4_2014.pdf)
2014,Jharkhand,Other known persons,other_known_persons,439,NCRB CII 2014 Table 5.4 (Table-5.4_2014.pdf)
2014,Karnataka,Total rape cases,total_cases,1324,NCRB CII 2014 Table 5.4 (Table-5.4_2014.pdf)
2014,Karnataka,Known to victims (total),known_total,1053,NCRB CII 2014 Table 5.4 (Table-5.4_2014.pdf)
2014,Karnataka,Grand father/ father/ brother/ son etc.,grandfather_father_brother_son,7,NCRB CII 2014 Table 5.4 (Table-5.4_2014.pdf)
2014,Karnataka,Close family members (other than grand father/father/brother/son),close_family_other,54,NCRB CII 2014 Table 5.4 (Table-5.4_2014.pdf)
2014,Karnataka,Relatives (other than family),relatives,133,NCRB CII 2014 Table 5.4 (Table-5.4_2014.pdf)
2014,Karnataka,Neighbours,neighbours,304,NCRB CII 2014 Table 5.4 (Table-5.4_2014.pdf)
2014,Karnataka,Employer/ co-workers,employer_coworkers,21,NCRB CII 2014 Table 5.4 (Table-5.4_2014.pdf)
2014,Karnataka,Other known persons,other_known_persons,534,NCRB CII 2014 Table 5.4 (Table-5.4_2014.pdf)
2014,Kerala,Total rape cases,total_cases,1347,NCRB CII 2014 Table 5.4 (Table-5.4_2014.pdf)
2014,Kerala,Known to victims (total),known_total,1260,NCRB CII 2014 Table 5.4 (Table-5.4_2014.pdf)
2014,Kerala,Grand father/ father/ brother/ son etc.,grandfather_father_brother_son,62,NCRB CII 2014 Table 5.4 (Table-5.4_2014.pdf)
2014,Kerala,Close family members (other than grand father/father/brother/son),close_family_other,37,NCRB CII 2014 Table 5.4 (Table-5.4_2014.pdf)
2014,Kerala,Relatives (other than family),relatives,59,NCRB CII 2014 Table 5.4 (Table-5.4_2014.pdf)
2014,Kerala,Neighbours,neighbours,237,NCRB CII 2014 Table 5.4 (Table-5.4_2014.pdf)
2014,Kerala,Employer/ co-workers,employer_coworkers,13,NCRB CII 2014 Table 5.4 (Table-5.4_2014.pdf)
2014,Kerala,Other known persons,other_known_persons,852,NCRB CII 2014 Table 5.4 (Table-5.4_2014.pdf)
2014,Madhya Pradesh,Total rape cases,total_cases,5076,NCRB CII 2014 Table 5.4 (Table-5.4_2014.pdf)
2014,Madhya Pradesh,Known to victims (total),known_total,4700,NCRB CII 2014 Table 5.4 (Table-5.4_2014.pdf)
2014,Madhya Pradesh,Grand father/ father/ brother/ son etc.,grandfather_father_brother_son,59,NCRB CII 2014 Table 5.4 (Table-5.4_2014.pdf)
2014,Madhya Pradesh,Close family members (other than grand father/father/brother/son),close_family_other,115,NCRB CII 2014 Table 5.4 (Table-5.4_2014.pdf)
2014,Madhya Pradesh,Relatives (other than family),relatives,303,NCRB CII 2014 Table 5.4 (Table-5.4_2014.pdf)
2014,Madhya Pradesh,Neighbours,neighbours,1351,NCRB CII 2014 Table 5.4 (Table-5.4_2014.pdf)
2014,Madhya Pradesh,Employer/ co-workers,employer_coworkers,64,NCRB CII 2014 Table 5.4 (Table-5.4_2014.pdf)
2014,Madhya Pradesh,Other known persons,other_known_persons,2808,NCRB CII 2014 Table 5.4 (Table-5.4_2014.pdf)
2014,Maharashtra,Total rape cases,total_cases,3438,NCRB CII 2014 Table 5.4 (Table-5.4_2014.pdf)
2014,Maharashtra,Known to victims (total),known_total,3382,NCRB CII 2014 Table 5.4 (Table-5.4_2014.pdf)
2014,Maharashtra,Grand father/ father/ brother/ son etc.,grandfather_father_brother_son,94,NCRB CII 2014 Table 5.4 (Table-5.4_2014.pdf)
2014,Maharashtra,Close family members (other than grand father/father/brother/son),close_family_other,122,NCRB CII 2014 Table 5.4 (Table-5.4_2014.pdf)
2014,Maharashtra,Relatives (other than family),relatives,219,NCRB CII 2014 Table 5.4 (Table-5.4_2014.pdf)
2014,Maharashtra,Neighbours,neighbours,714,NCRB CII 2014 Table 5.4 (Table-5.4_2014.pdf)
2014,Maharashtra,Employer/ co-workers,employer_coworkers,61,NCRB CII 2014 Table 5.4 (Table-5.4_2014.pdf)
2014,Maharashtra,Other known persons,other_known_persons,2172,NCRB CII 2014 Table 5.4 (Table-5.4_2014.pdf)
2014,Manipur,Total rape cases,total_cases,75,NCRB CII 2014 Table 5.4 (Table-5.4_2014.pdf)
2014,Manipur,Known to victims (total),known_total,50,NCRB CII 2014 Table 5.4 (Table-5.4_2014.pdf)
2014,Manipur,Grand father/ father/ brother/ son etc.,grandfather_father_brother_son,0,NCRB CII 2014 Table 5.4 (Table-5.4_2014.pdf)
2014,Manipur,Close family members (other than grand father/father/brother/son),close_family_other,0,NCRB CII 2014 Table 5.4 (Table-5.4_2014.pdf)
2014,Manipur,Relatives (other than family),relatives,0,NCRB CII 2014 Table 5.4 (Table-5.4_2014.pdf)
2014,Manipur,Neighbours,neighbours,5,NCRB CII 2014 Table 5.4 (Table-5.4_2014.pdf)
2014,Manipur,Employer/ co-workers,employer_coworkers,0,NCRB CII 2014 Table 5.4 (Table-5.4_2014.pdf)
2014,Manipur,Other known persons,other_known_persons,45,NCRB CII 2014 Table 5.4 (Table-5.4_2014.pdf)
2014,Meghalaya,Total rape cases,total_cases,141,NCRB CII 2014 Table 5.4 (Table-5.4_2014.pdf)
2014,Meghalaya,Known to victims (total),known_total,122,NCRB CII 2014 Table 5.4 (Table-5.4_2014.pdf)
2014,Meghalaya,Grand father/ father/ brother/ son etc.,grandfather_father_brother_son,7,NCRB CII 2014 Table 5.4 (Table-5.4_2014.pdf)
2014,Meghalaya,Close family members (other than grand father/father/brother/son),close_family_other,1,NCRB CII 2014 Table 5.4 (Table-5.4_2014.pdf)
2014,Meghalaya,Relatives (other than family),relatives,2,NCRB CII 2014 Table 5.4 (Table-5.4_2014.pdf)
2014,Meghalaya,Neighbours,neighbours,17,NCRB CII 2014 Table 5.4 (Table-5.4_2014.pdf)
2014,Meghalaya,Employer/ co-workers,employer_coworkers,0,NCRB CII 2014 Table 5.4 (Table-5.4_2014.pdf)
2014,Meghalaya,Other known persons,other_known_persons,95,NCRB CII 2014 Table 5.4 (Table-5.4_2014.pdf)
2014,Mizoram,Total rape cases,total_cases,120,NCRB CII 2014 Table 5.4 (Table-5.4_2014.pdf)
2014,Mizoram,Known to victims (total),known_total,100,NCRB CII 2014 Table 5.4 (Table-5.4_2014.pdf)
2014,Mizoram,Grand father/ father/ brother/ son etc.,grandfather_father_brother_son,21,NCRB CII 2014 Table 5.4 (Table-5.4_2014.pdf)
2014,Mizoram,Close family members (other than grand father/father/brother/son),close_family_other,3,NCRB CII 2014 Table 5.4 (Table-5.4_2014.pdf)
2014,Mizoram,Relatives (other than family),relatives,5,NCRB CII 2014 Table 5.4 (Table-5.4_2014.pdf)
2014,Mizoram,Neighbours,neighbours,10,NCRB CII 2014 Table 5.4 (Table-5.4_2014.pdf)
2014,Mizoram,Employer/ co-workers,employer_coworkers,0,NCRB CII 2014 Table 5.4 (Table-5.4_2014.pdf)
2014,Mizoram,Other known persons,other_known_persons,61,NCRB CII 2014 Table 5.4 (Table-5.4_2014.pdf)
2014,Nagaland,Total rape cases,total_cases,30,NCRB CII 2014 Table 5.4 (Table-5.4_2014.pdf)
2014,Nagaland,Known to victims (total),known_total,4,NCRB CII 2014 Table 5.4 (Table-5.4_2014.pdf)
2014,Nagaland,Grand father/ father/ brother/ son etc.,grandfather_father_brother_son,2,NCRB CII 2014 Table 5.4 (Table-5.4_2014.pdf)
2014,Nagaland,Close family members (other than grand father/father/brother/son),close_family_other,0,NCRB CII 2014 Table 5.4 (Table-5.4_2014.pdf)
2014,Nagaland,Relatives (other than family),relatives,1,NCRB CII 2014 Table 5.4 (Table-5.4_2014.pdf)
2014,Nagaland,Neighbours,neighbours,0,NCRB CII 2014 Table 5.4 (Table-5.4_2014.pdf)
2014,Nagaland,Employer/ co-workers,employer_coworkers,1,NCRB CII 2014 Table 5.4 (Table-5.4_2014.pdf)
2014,Nagaland,Other known persons,other_known_persons,0,NCRB CII 2014 Table 5.4 (Table-5.4_2014.pdf)
2014,Odisha,Total rape cases,total_cases,1978,NCRB CII 2014 Table 5.4 (Table-5.4_2014.pdf)
2014,Odisha,Known to victims (total),known_total,1976,NCRB CII 2014 Table 5.4 (Table-5.4_2014.pdf)
2014,Odisha,Grand father/ father/ brother/ son etc.,grandfather_father_brother_son,8,NCRB CII 2014 Table 5.4 (Table-5.4_2014.pdf)
2014,Odisha,Close family members (other than grand father/father/brother/son),close_family_other,16,NCRB CII 2014 Table 5.4 (Table-5.4_2014.pdf)
2014,Odisha,Relatives (other than family),relatives,47,NCRB CII 2014 Table 5.4 (Table-5.4_2014.pdf)
2014,Odisha,Neighbours,neighbours,345,NCRB CII 2014 Table 5.4 (Table-5.4_2014.pdf)
2014,Odisha,Employer/ co-workers,employer_coworkers,3,NCRB CII 2014 Table 5.4 (Table-5.4_2014.pdf)
2014,Odisha,Other known persons,other_known_persons,1557,NCRB CII 2014 Table 5.4 (Table-5.4_2014.pdf)
2014,Punjab,Total rape cases,total_cases,981,NCRB CII 2014 Table 5.4 (Table-5.4_2014.pdf)
2014,Punjab,Known to victims (total),known_total,872,NCRB CII 2014 Table 5.4 (Table-5.4_2014.pdf)
2014,Punjab,Grand father/ father/ brother/ son etc.,grandfather_father_brother_son,13,NCRB CII 2014 Table 5.4 (Table-5.4_2014.pdf)
2014,Punjab,Close family members (other than grand father/father/brother/son),close_family_other,62,NCRB CII 2014 Table 5.4 (Table-5.4_2014.pdf)
2014,Punjab,Relatives (other than family),relatives,58,NCRB CII 2014 Table 5.4 (Table-5.4_2014.pdf)
2014,Punjab,Neighbours,neighbours,270,NCRB CII 2014 Table 5.4 (Table-5.4_2014.pdf)
2014,Punjab,Employer/ co-workers,employer_coworkers,15,NCRB CII 2014 Table 5.4 (Table-5.4_2014.pdf)
2014,Punjab,Other known persons,other_known_persons,454,NCRB CII 2014 Table 5.4 (Table-5.4_2014.pdf)
2014,Rajasthan,Total rape cases,total_cases,3759,NCRB CII 2014 Table 5.4 (Table-5.4_2014.pdf)
2014,Rajasthan,Known to victims (total),known_total,3148,NCRB CII 2014 Table 5.4 (Table-5.4_2014.pdf)
2014,Rajasthan,Grand father/ father/ brother/ son etc.,grandfather_father_brother_son,59,NCRB CII 2014 Table 5.4 (Table-5.4_2014.pdf)
2014,Rajasthan,Close family members (other than grand father/father/brother/son),close_family_other,52,NCRB CII 2014 Table 5.4 (Table-5.4_2014.pdf)
2014,Rajasthan,Relatives (other than family),relatives,241,NCRB CII 2014 Table 5.4 (Table-5.4_2014.pdf)
2014,Rajasthan,Neighbours,neighbours,860,NCRB CII 2014 Table 5.4 (Table-5.4_2014.pdf)
2014,Rajasthan,Employer/ co-workers,employer_coworkers,69,NCRB CII 2014 Table 5.4 (Table-5.4_2014.pdf)
2014,Rajasthan,Other known persons,other_known_persons,1867,NCRB CII 2014 Table 5.4 (Table-5.4_2014.pdf)
2014,Sikkim,Total rape cases,total_cases,47,NCRB CII 2014 Table 5.4 (Table-5.4_2014.pdf)
2014,Sikkim,Known to victims (total),known_total,17,NCRB CII 2014 Table 5.4 (Table-5.4_2014.pdf)
2014,Sikkim,Grand father/ father/ brother/ son etc.,grandfather_father_brother_son,2,NCRB CII 2014 Table 5.4 (Table-5.4_2014.pdf)
2014,Sikkim,Close family members (other than grand father/father/brother/son),close_family_other,1,NCRB CII 2014 Table 5.4 (Table-5.4_2014.pdf)
2014,Sikkim,Relatives (other than family),relatives,1,NCRB CII 2014 Table 5.4 (Table-5.4_2014.pdf)
2014,Sikkim,Neighbours,neighbours,9,NCRB CII 2014 Table 5.4 (Table-5.4_2014.pdf)
2014,Sikkim,Employer/ co-workers,employer_coworkers,1,NCRB CII 2014 Table 5.4 (Table-5.4_2014.pdf)
2014,Sikkim,Other known persons,other_known_persons,3,NCRB CII 2014 Table 5.4 (Table-5.4_2014.pdf)
2014,Tamil Nadu,Total rape cases,total_cases,1110,NCRB CII 2014 Table 5.4 (Table-5.4_2014.pdf)
2014,Tamil Nadu,Known to victims (total),known_total,1104,NCRB CII 2014 Table 5.4 (Table-5.4_2014.pdf)
2014,Tamil Nadu,Grand father/ father/ brother/ son etc.,grandfather_father_brother_son,5,NCRB CII 2014 Table 5.4 (Table-5.4_2014.pdf)
2014,Tamil Nadu,Close family members (other than grand father/father/brother/son),close_family_other,10,NCRB CII 2014 Table 5.4 (Table-5.4_2014.pdf)
2014,Tamil Nadu,Relatives (other than family),relatives,70,NCRB CII 2014 Table 5.4 (Table-5.4_2014.pdf)
2014,Tamil Nadu,Neighbours,neighbours,211,NCRB CII 2014 Table 5.4 (Table-5.4_2014.pdf)
2014,Tamil Nadu,Employer/ co-workers,employer_coworkers,30,NCRB CII 2014 Table 5.4 (Table-5.4_2014.pdf)
2014,Tamil Nadu,Other known persons,other_known_persons,778,NCRB CII 2014 Table 5.4 (Table-5.4_2014.pdf)
2014,Telangana,Total rape cases,total_cases,979,NCRB CII 2014 Table 5.4 (Table-5.4_2014.pdf)
2014,Telangana,Known to victims (total),known_total,694,NCRB CII 2014 Table 5.4 (Table-5.4_2014.pdf)
2014,Telangana,Grand father/ father/ brother/ son etc.,grandfather_father_brother_son,1,NCRB CII 2014 Table 5.4 (Table-5.4_2014.pdf)
2014,Telangana,Close family members (other than grand father/father/brother/son),close_family_other,39,NCRB CII 2014 Table 5.4 (Table-5.4_2014.pdf)
2014,Telangana,Relatives (other than family),relatives,63,NCRB CII 2014 Table 5.4 (Table-5.4_2014.pdf)
2014,Telangana,Neighbours,neighbours,141,NCRB CII 2014 Table 5.4 (Table-5.4_2014.pdf)
2014,Telangana,Employer/ co-workers,employer_coworkers,22,NCRB CII 2014 Table 5.4 (Table-5.4_2014.pdf)
2014,Telangana,Other known persons,other_known_persons,428,NCRB CII 2014 Table 5.4 (Table-5.4_2014.pdf)
2014,Tripura,Total rape cases,total_cases,239,NCRB CII 2014 Table 5.4 (Table-5.4_2014.pdf)
2014,Tripura,Known to victims (total),known_total,179,NCRB CII 2014 Table 5.4 (Table-5.4_2014.pdf)
2014,Tripura,Grand father/ father/ brother/ son etc.,grandfather_father_brother_son,2,NCRB CII 2014 Table 5.4 (Table-5.4_2014.pdf)
2014,Tripura,Close family members (other than grand father/father/brother/son),close_family_other,5,NCRB CII 2014 Table 5.4 (Table-5.4_2014.pdf)
2014,Tripura,Relatives (other than family),relatives,3,NCRB CII 2014 Table 5.4 (Table-5.4_2014.pdf)
2014,Tripura,Neighbours,neighbours,74,NCRB CII 2014 Table 5.4 (Table-5.4_2014.pdf)
2014,Tripura,Employer/ co-workers,employer_coworkers,0,NCRB CII 2014 Table 5.4 (Table-5.4_2014.pdf)
2014,Tripura,Other known persons,other_known_persons,95,NCRB CII 2014 Table 5.4 (Table-5.4_2014.pdf)
2014,Uttar Pradesh,Total rape cases,total_cases,3467,NCRB CII 2014 Table 5.4 (Table-5.4_2014.pdf)
2014,Uttar Pradesh,Known to victims (total),known_total,3225,NCRB CII 2014 Table 5.4 (Table-5.4_2014.pdf)
2014,Uttar Pradesh,Grand father/ father/ brother/ son etc.,grandfather_father_brother_son,51,NCRB CII 2014 Table 5.4 (Table-5.4_2014.pdf)
2014,Uttar Pradesh,Close family members (other than grand father/father/brother/son),close_family_other,52,NCRB CII 2014 Table 5.4 (Table-5.4_2014.pdf)
2014,Uttar Pradesh,Relatives (other than family),relatives,206,NCRB CII 2014 Table 5.4 (Table-5.4_2014.pdf)
2014,Uttar Pradesh,Neighbours,neighbours,1111,NCRB CII 2014 Table 5.4 (Table-5.4_2014.pdf)
2014,Uttar Pradesh,Employer/ co-workers,employer_coworkers,94,NCRB CII 2014 Table 5.4 (Table-5.4_2014.pdf)
2014,Uttar Pradesh,Other known persons,other_known_persons,1711,NCRB CII 2014 Table 5.4 (Table-5.4_2014.pdf)
2014,Uttarakhand,Total rape cases,total_cases,270,NCRB CII 2014 Table 5.4 (Table-5.4_2014.pdf)
2014,Uttarakhand,Known to victims (total),known_total,265,NCRB CII 2014 Table 5.4 (Table-5.4_2014.pdf)
2014,Uttarakhand,Grand father/ father/ brother/ son etc.,grandfather_father_brother_son,5,NCRB CII 2014 Table 5.4 (Table-5.4_2014.pdf)
2014,Uttarakhand,Close family members (other than grand father/father/brother/son),close_family_other,2,NCRB CII 2014 Table 5.4 (Table-5.4_2014.pdf)
2014,Uttarakhand,Relatives (other than family),relatives,7,NCRB CII 2014 Table 5.4 (Table-5.4_2014.pdf)
2014,Uttarakhand,Neighbours,neighbours,36,NCRB CII 2014 Table 5.4 (Table-5.4_2014.pdf)
2014,Uttarakhand,Employer/ co-workers,employer_coworkers,6,NCRB CII 2014 Table 5.4 (Table-5.4_2014.pdf)
2014,Uttarakhand,Other known persons,other_known_persons,209,NCRB CII 2014 Table 5.4 (Table-5.4_2014.pdf)
2014,West Bengal,Total rape cases,total_cases,1466,NCRB CII 2014 Table 5.4 (Table-5.4_2014.pdf)
2014,West Bengal,Known to victims (total),known_total,602,NCRB CII 2014 Table 5.4 (Table-5.4_2014.pdf)
2014,West Bengal,Grand father/ father/ brother/ son etc.,grandfather_father_brother_son,19,NCRB CII 2014 Table 5.4 (Table-5.4_2014.pdf)
2014,West Bengal,Close family members (other than grand father/father/brother/son),close_family_other,72,NCRB CII 2014 Table 5.4 (Table-5.4_2014.pdf)
2014,West Bengal,Relatives (other than family),relatives,82,NCRB CII 2014 Table 5.4 (Table-5.4_2014.pdf)
2014,West Bengal,Neighbours,neighbours,147,NCRB CII 2014 Table 5.4 (Table-5.4_2014.pdf)
2014,West Bengal,Employer/ co-workers,employer_coworkers,14,NCRB CII 2014 Table 5.4 (Table-5.4_2014.pdf)
2014,West Bengal,Other known persons,other_known_persons,268,NCRB CII 2014 Table 5.4 (Table-5.4_2014.pdf)
2014,Andaman & Nicobar Islands,Total rape cases,total_cases,32,NCRB CII 2014 Table 5.4 (Table-5.4_2014.pdf)
2014,Andaman & Nicobar Islands,Known to victims (total),known_total,29,NCRB CII 2014 Table 5.4 (Table-5.4_2014.pdf)
2014,Andaman & Nicobar Islands,Grand father/ father/ brother/ son etc.,grandfather_father_brother_son,4,NCRB CII 2014 Table 5.4 (Table-5.4_2014.pdf)
2014,Andaman & Nicobar Islands,Close family members (other than grand father/father/brother/son),close_family_other,4,NCRB CII 2014 Table 5.4 (Table-5.4_2014.pdf)
2014,Andaman & Nicobar Islands,Relatives (other than family),relatives,3,NCRB CII 2014 Table 5.4 (Table-5.4_2014.pdf)
2014,Andaman & Nicobar Islands,Neighbours,neighbours,11,NCRB CII 2014 Table 5.4 (Table-5.4_2014.pdf)
2014,Andaman & Nicobar Islands,Employer/ co-workers,employer_coworkers,0,NCRB CII 2014 Table 5.4 (Table-5.4_2014.pdf)
2014,Andaman & Nicobar Islands,Other known persons,other_known_persons,7,NCRB CII 2014 Table 5.4 (Table-5.4_2014.pdf)
2014,Chandigarh,Total rape cases,total_cases,59,NCRB CII 2014 Table 5.4 (Table-5.4_2014.pdf)
2014,Chandigarh,Known to victims (total),known_total,59,NCRB CII 2014 Table 5.4 (Table-5.4_2014.pdf)
2014,Chandigarh,Grand father/ father/ brother/ son etc.,grandfather_father_brother_son,4,NCRB CII 2014 Table 5.4 (Table-5.4_2014.pdf)
2014,Chandigarh,Close family members (other than grand father/father/brother/son),close_family_other,0,NCRB CII 2014 Table 5.4 (Table-5.4_2014.pdf)
2014,Chandigarh,Relatives (other than family),relatives,4,NCRB CII 2014 Table 5.4 (Table-5.4_2014.pdf)
2014,Chandigarh,Neighbours,neighbours,22,NCRB CII 2014 Table 5.4 (Table-5.4_2014.pdf)
2014,Chandigarh,Employer/ co-workers,employer_coworkers,0,NCRB CII 2014 Table 5.4 (Table-5.4_2014.pdf)
2014,Chandigarh,Other known persons,other_known_persons,29,NCRB CII 2014 Table 5.4 (Table-5.4_2014.pdf)
2014,Dadra & Nagar Haveli and Daman & Diu,Total rape cases,total_cases,7,NCRB CII 2014 Table 5.4 (Table-5.4_2014.pdf)
2014,Dadra & Nagar Haveli and Daman & Diu,Known to victims (total),known_total,4,NCRB CII 2014 Table 5.4 (Table-5.4_2014.pdf)
2014,Dadra & Nagar Haveli and Daman & Diu,Grand father/ father/ brother/ son etc.,grandfather_father_brother_son,0,NCRB CII 2014 Table 5.4 (Table-5.4_2014.pdf)
2014,Dadra & Nagar Haveli and Daman & Diu,Close family members (other than grand father/father/brother/son),close_family_other,0,NCRB CII 2014 Table 5.4 (Table-5.4_2014.pdf)
2014,Dadra & Nagar Haveli and Daman & Diu,Relatives (other than family),relatives,1,NCRB CII 2014 Table 5.4 (Table-5.4_2014.pdf)
2014,Dadra & Nagar Haveli and Daman & Diu,Neighbours,neighbours,1,NCRB CII 2014 Table 5.4 (Table-5.4_2014.pdf)
2014,Dadra & Nagar Haveli and Daman & Diu,Employer/ co-workers,employer_coworkers,0,NCRB CII 2014 Table 5.4 (Table-5.4_2014.pdf)
2014,Dadra & Nagar Haveli and Daman & Diu,Other known persons,other_known_persons,2,NCRB CII 2014 Table 5.4 (Table-5.4_2014.pdf)
2014,Delhi,Total rape cases,total_cases,2096,NCRB CII 2014 Table 5.4 (Table-5.4_2014.pdf)
2014,Delhi,Known to victims (total),known_total,2013,NCRB CII 2014 Table 5.4 (Table-5.4_2014.pdf)
2014,Delhi,Grand father/ father/ brother/ son etc.,grandfather_father_brother_son,140,NCRB CII 2014 Table 5.4 (Table-5.4_2014.pdf)
2014,Delhi,Close family members (other than grand father/father/brother/son),close_family_other,123,NCRB CII 2014 Table 5.4 (Table-5.4_2014.pdf)
2014,Delhi,Relatives (other than family),relatives,180,NCRB CII 2014 Table 5.4 (Table-5.4_2014.pdf)
2014,Delhi,Neighbours,neighbours,409,NCRB CII 2014 Table 5.4 (Table-5.4_2014.pdf)
2014,Delhi,Employer/ co-workers,employer_coworkers,78,NCRB CII 2014 Table 5.4 (Table-5.4_2014.pdf)
2014,Delhi,Other known persons,other_known_persons,1083,NCRB CII 2014 Table 5.4 (Table-5.4_2014.pdf)
2014,Lakshadweep,Total rape cases,total_cases,1,NCRB CII 2014 Table 5.4 (Table-5.4_2014.pdf)
2014,Lakshadweep,Known to victims (total),known_total,1,NCRB CII 2014 Table 5.4 (Table-5.4_2014.pdf)
2014,Lakshadweep,Grand father/ father/ brother/ son etc.,grandfather_father_brother_son,0,NCRB CII 2014 Table 5.4 (Table-5.4_2014.pdf)
2014,Lakshadweep,Close family members (other than grand father/father/brother/son),close_family_other,0,NCRB CII 2014 Table 5.4 (Table-5.4_2014.pdf)
2014,Lakshadweep,Relatives (other than family),relatives,0,NCRB CII 2014 Table 5.4 (Table-5.4_2014.pdf)
2014,Lakshadweep,Neighbours,neighbours,0,NCRB CII 2014 Table 5.4 (Table-5.4_2014.pdf)
2014,Lakshadweep,Employer/ co-workers,employer_coworkers,0,NCRB CII 2014 Table 5.4 (Table-5.4_2014.pdf)
2014,Lakshadweep,Other known persons,other_known_persons,1,NCRB CII 2014 Table 5.4 (Table-5.4_2014.pdf)
2014,Puducherry,Total rape cases,total_cases,10,NCRB CII 2014 Table 5.4 (Table-5.4_2014.pdf)
2014,Puducherry,Known to victims (total),known_total,4,NCRB CII 2014 Table 5.4 (Table-5.4_2014.pdf)
2014,Puducherry,Grand father/ father/ brother/ son etc.,grandfather_father_brother_son,0,NCRB CII 2014 Table 5.4 (Table-5.4_2014.pdf)
2014,Puducherry,Close family members (other than grand father/father/brother/son),close_family_other,0,NCRB CII 2014 Table 5.4 (Table-5.4_2014.pdf)
2014,Puducherry,Relatives (other than family),relatives,1,NCRB CII 2014 Table 5.4 (Table-5.4_2014.pdf)
2014,Puducherry,Neighbours,neighbours,1,NCRB CII 2014 Table 5.4 (Table-5.4_2014.pdf)
2014,Puducherry,Employer/ co-workers,employer_coworkers,0,NCRB CII 2014 Table 5.4 (Table-5.4_2014.pdf)
2014,Puducherry,Other known persons,other_known_persons,2,NCRB CII 2014 Table 5.4 (Table-5.4_2014.pdf)
2014,All India,Total rape cases,total_cases,37413,NCRB CII 2014 Table 5.4 (Table-5.4_2014.pdf)
2014,All India,Known to victims (total),known_total,32187,NCRB CII 2014 Table 5.4 (Table-5.4_2014.pdf)
2014,All India,Grand father/ father/ brother/ son etc.,grandfather_father_brother_son,674,NCRB CII 2014 Table 5.4 (Table-5.4_2014.pdf)
2014,All India,Close family members (other than grand father/father/brother/son),close_family_other,966,NCRB CII 2014 Table 5.4 (Table-5.4_2014.pdf)
2014,All India,Relatives (other than family),relatives,2217,NCRB CII 2014 Table 5.4 (Table-5.4_2014.pdf)
2014,All India,Neighbours,neighbours,8344,NCRB CII 2014 Table 5.4 (Table-5.4_2014.pdf)
2014,All India,Employer/ co-workers,employer_coworkers,618,NCRB CII 2014 Table 5.4 (Table-5.4_2014.pdf)
2014,All India,Other known persons,other_known_persons,19368,NCRB CII 2014 Table 5.4 (Table-5.4_2014.pdf)
2015,Andhra Pradesh,Total Rape Cases,total_cases,1027,NCRB CII 2015 Table 5.4 via data.gov.in (Table_5.4-2015.csv)
2015,Arunachal Pradesh,Total Rape Cases,total_cases,71,NCRB CII 2015 Table 5.4 via data.gov.in (Table_5.4-2015.csv)
2015,Assam,Total Rape Cases,total_cases,1733,NCRB CII 2015 Table 5.4 via data.gov.in (Table_5.4-2015.csv)
2015,Bihar,Total Rape Cases,total_cases,1041,NCRB CII 2015 Table 5.4 via data.gov.in (Table_5.4-2015.csv)
2015,Chhattisgarh,Total Rape Cases,total_cases,1560,NCRB CII 2015 Table 5.4 via data.gov.in (Table_5.4-2015.csv)
2015,Goa,Total Rape Cases,total_cases,86,NCRB CII 2015 Table 5.4 via data.gov.in (Table_5.4-2015.csv)
2015,Gujarat,Total Rape Cases,total_cases,503,NCRB CII 2015 Table 5.4 via data.gov.in (Table_5.4-2015.csv)
2015,Haryana,Total Rape Cases,total_cases,1070,NCRB CII 2015 Table 5.4 via data.gov.in (Table_5.4-2015.csv)
2015,Himachal Pradesh,Total Rape Cases,total_cases,244,NCRB CII 2015 Table 5.4 via data.gov.in (Table_5.4-2015.csv)
2015,Jammu & Kashmir,Total Rape Cases,total_cases,296,NCRB CII 2015 Table 5.4 via data.gov.in (Table_5.4-2015.csv)
2015,Jharkhand,Total Rape Cases,total_cases,1053,NCRB CII 2015 Table 5.4 via data.gov.in (Table_5.4-2015.csv)
2015,Karnataka,Total Rape Cases,total_cases,589,NCRB CII 2015 Table 5.4 via data.gov.in (Table_5.4-2015.csv)
2015,Kerala,Total Rape Cases,total_cases,1256,NCRB CII 2015 Table 5.4 via data.gov.in (Table_5.4-2015.csv)
2015,Madhya Pradesh,Total Rape Cases,total_cases,4391,NCRB CII 2015 Table 5.4 via data.gov.in (Table_5.4-2015.csv)
2015,Maharashtra,Total Rape Cases,total_cases,4144,NCRB CII 2015 Table 5.4 via data.gov.in (Table_5.4-2015.csv)
2015,Manipur,Total Rape Cases,total_cases,46,NCRB CII 2015 Table 5.4 via data.gov.in (Table_5.4-2015.csv)
2015,Meghalaya,Total Rape Cases,total_cases,93,NCRB CII 2015 Table 5.4 via data.gov.in (Table_5.4-2015.csv)
2015,Mizoram,Total Rape Cases,total_cases,58,NCRB CII 2015 Table 5.4 via data.gov.in (Table_5.4-2015.csv)
2015,Nagaland,Total Rape Cases,total_cases,35,NCRB CII 2015 Table 5.4 via data.gov.in (Table_5.4-2015.csv)
2015,Odisha,Total Rape Cases,total_cases,2251,NCRB CII 2015 Table 5.4 via data.gov.in (Table_5.4-2015.csv)
2015,Punjab,Total Rape Cases,total_cases,886,NCRB CII 2015 Table 5.4 via data.gov.in (Table_5.4-2015.csv)
2015,Rajasthan,Total Rape Cases,total_cases,3644,NCRB CII 2015 Table 5.4 via data.gov.in (Table_5.4-2015.csv)
2015,Sikkim,Total Rape Cases,total_cases,5,NCRB CII 2015 Table 5.4 via data.gov.in (Table_5.4-2015.csv)
2015,Tamil Nadu,Total Rape Cases,total_cases,421,NCRB CII 2015 Table 5.4 via data.gov.in (Table_5.4-2015.csv)
2015,Telangana,Total Rape Cases,total_cases,1105,NCRB CII 2015 Table 5.4 via data.gov.in (Table_5.4-2015.csv)
2015,Tripura,Total Rape Cases,total_cases,213,NCRB CII 2015 Table 5.4 via data.gov.in (Table_5.4-2015.csv)
2015,Uttar Pradesh,Total Rape Cases,total_cases,3025,NCRB CII 2015 Table 5.4 via data.gov.in (Table_5.4-2015.csv)
2015,Uttarakhand,Total Rape Cases,total_cases,283,NCRB CII 2015 Table 5.4 via data.gov.in (Table_5.4-2015.csv)
2015,West Bengal,Total Rape Cases,total_cases,1199,NCRB CII 2015 Table 5.4 via data.gov.in (Table_5.4-2015.csv)
2015,Andaman & Nicobar Islands,Total Rape Cases,total_cases,36,NCRB CII 2015 Table 5.4 via data.gov.in (Table_5.4-2015.csv)
2015,Chandigarh,Total Rape Cases,total_cases,72,NCRB CII 2015 Table 5.4 via data.gov.in (Table_5.4-2015.csv)
2015,Dadra & Nagar Haveli and Daman & Diu,Total Rape Cases,total_cases,13,NCRB CII 2015 Table 5.4 via data.gov.in (Table_5.4-2015.csv)
2015,Delhi,Total Rape Cases,total_cases,2199,NCRB CII 2015 Table 5.4 via data.gov.in (Table_5.4-2015.csv)
2015,Lakshadweep,Total Rape Cases,total_cases,0,NCRB CII 2015 Table 5.4 via data.gov.in (Table_5.4-2015.csv)
2015,Puducherry,Total Rape Cases,total_cases,3,NCRB CII 2015 Table 5.4 via data.gov.in (Table_5.4-2015.csv)
2015,All India,Total Rape Cases,total_cases,34651,NCRB CII 2015 Table 5.4 via data.gov.in (Table_5.4-2015.csv)
2015,Andhra Pradesh,Known to victim (total),known_total,1024,NCRB CII 2015 Table 5.4 via data.gov.in (Table_5.4-2015.csv)
2015,Arunachal Pradesh,Known to victim (total),known_total,59,NCRB CII 2015 Table 5.4 via data.gov.in (Table_5.4-2015.csv)
2015,Assam,Known to victim (total),known_total,1575,NCRB CII 2015 Table 5.4 via data.gov.in (Table_5.4-2015.csv)
2015,Bihar,Known to victim (total),known_total,954,NCRB CII 2015 Table 5.4 via data.gov.in (Table_5.4-2015.csv)
2015,Chhattisgarh,Known to victim (total),known_total,1510,NCRB CII 2015 Table 5.4 via data.gov.in (Table_5.4-2015.csv)
2015,Goa,Known to victim (total),known_total,83,NCRB CII 2015 Table 5.4 via data.gov.in (Table_5.4-2015.csv)
2015,Gujarat,Known to victim (total),known_total,500,NCRB CII 2015 Table 5.4 via data.gov.in (Table_5.4-2015.csv)
2015,Haryana,Known to victim (total),known_total,1031,NCRB CII 2015 Table 5.4 via data.gov.in (Table_5.4-2015.csv)
2015,Himachal Pradesh,Known to victim (total),known_total,244,NCRB CII 2015 Table 5.4 via data.gov.in (Table_5.4-2015.csv)
2015,Jammu & Kashmir,Known to victim (total),known_total,287,NCRB CII 2015 Table 5.4 via data.gov.in (Table_5.4-2015.csv)
2015,Jharkhand,Known to victim (total),known_total,1003,NCRB CII 2015 Table 5.4 via data.gov.in (Table_5.4-2015.csv)
2015,Karnataka,Known to victim (total),known_total,572,NCRB CII 2015 Table 5.4 via data.gov.in (Table_5.4-2015.csv)
2015,Kerala,Known to victim (total),known_total,1251,NCRB CII 2015 Table 5.4 via data.gov.in (Table_5.4-2015.csv)
2015,Madhya Pradesh,Known to victim (total),known_total,4161,NCRB CII 2015 Table 5.4 via data.gov.in (Table_5.4-2015.csv)
2015,Maharashtra,Known to victim (total),known_total,4115,NCRB CII 2015 Table 5.4 via data.gov.in (Table_5.4-2015.csv)
2015,Manipur,Known to victim (total),known_total,44,NCRB CII 2015 Table 5.4 via data.gov.in (Table_5.4-2015.csv)
2015,Meghalaya,Known to victim (total),known_total,93,NCRB CII 2015 Table 5.4 via data.gov.in (Table_5.4-2015.csv)
2015,Mizoram,Known to victim (total),known_total,54,NCRB CII 2015 Table 5.4 via data.gov.in (Table_5.4-2015.csv)
2015,Nagaland,Known to victim (total),known_total,34,NCRB CII 2015 Table 5.4 via data.gov.in (Table_5.4-2015.csv)
2015,Odisha,Known to victim (total),known_total,1924,NCRB CII 2015 Table 5.4 via data.gov.in (Table_5.4-2015.csv)
2015,Punjab,Known to victim (total),known_total,881,NCRB CII 2015 Table 5.4 via data.gov.in (Table_5.4-2015.csv)
2015,Rajasthan,Known to victim (total),known_total,3622,NCRB CII 2015 Table 5.4 via data.gov.in (Table_5.4-2015.csv)
2015,Sikkim,Known to victim (total),known_total,5,NCRB CII 2015 Table 5.4 via data.gov.in (Table_5.4-2015.csv)
2015,Tamil Nadu,Known to victim (total),known_total,406,NCRB CII 2015 Table 5.4 via data.gov.in (Table_5.4-2015.csv)
2015,Telangana,Known to victim (total),known_total,1082,NCRB CII 2015 Table 5.4 via data.gov.in (Table_5.4-2015.csv)
2015,Tripura,Known to victim (total),known_total,212,NCRB CII 2015 Table 5.4 via data.gov.in (Table_5.4-2015.csv)
2015,Uttar Pradesh,Known to victim (total),known_total,2963,NCRB CII 2015 Table 5.4 via data.gov.in (Table_5.4-2015.csv)
2015,Uttarakhand,Known to victim (total),known_total,278,NCRB CII 2015 Table 5.4 via data.gov.in (Table_5.4-2015.csv)
2015,West Bengal,Known to victim (total),known_total,883,NCRB CII 2015 Table 5.4 via data.gov.in (Table_5.4-2015.csv)
2015,Andaman & Nicobar Islands,Known to victim (total),known_total,36,NCRB CII 2015 Table 5.4 via data.gov.in (Table_5.4-2015.csv)
2015,Chandigarh,Known to victim (total),known_total,72,NCRB CII 2015 Table 5.4 via data.gov.in (Table_5.4-2015.csv)
2015,Dadra & Nagar Haveli and Daman & Diu,Known to victim (total),known_total,13,NCRB CII 2015 Table 5.4 via data.gov.in (Table_5.4-2015.csv)
2015,Delhi,Known to victim (total),known_total,2124,NCRB CII 2015 Table 5.4 via data.gov.in (Table_5.4-2015.csv)
2015,Lakshadweep,Known to victim (total),known_total,0,NCRB CII 2015 Table 5.4 via data.gov.in (Table_5.4-2015.csv)
2015,Puducherry,Known to victim (total),known_total,3,NCRB CII 2015 Table 5.4 via data.gov.in (Table_5.4-2015.csv)
2015,All India,Known to victim (total),known_total,33098,NCRB CII 2015 Table 5.4 via data.gov.in (Table_5.4-2015.csv)
2015,Andhra Pradesh,Known to victim - Grand Father/ Father/ Brother/ Son/etc,grandfather_father_brother_son,4,NCRB CII 2015 Table 5.4 via data.gov.in (Table_5.4-2015.csv)
2015,Arunachal Pradesh,Known to victim - Grand Father/ Father/ Brother/ Son/etc,grandfather_father_brother_son,1,NCRB CII 2015 Table 5.4 via data.gov.in (Table_5.4-2015.csv)
2015,Assam,Known to victim - Grand Father/ Father/ Brother/ Son/etc,grandfather_father_brother_son,2,NCRB CII 2015 Table 5.4 via data.gov.in (Table_5.4-2015.csv)
2015,Bihar,Known to victim - Grand Father/ Father/ Brother/ Son/etc,grandfather_father_brother_son,0,NCRB CII 2015 Table 5.4 via data.gov.in (Table_5.4-2015.csv)
2015,Chhattisgarh,Known to victim - Grand Father/ Father/ Brother/ Son/etc,grandfather_father_brother_son,19,NCRB CII 2015 Table 5.4 via data.gov.in (Table_5.4-2015.csv)
2015,Goa,Known to victim - Grand Father/ Father/ Brother/ Son/etc,grandfather_father_brother_son,4,NCRB CII 2015 Table 5.4 via data.gov.in (Table_5.4-2015.csv)
2015,Gujarat,Known to victim - Grand Father/ Father/ Brother/ Son/etc,grandfather_father_brother_son,2,NCRB CII 2015 Table 5.4 via data.gov.in (Table_5.4-2015.csv)
2015,Haryana,Known to victim - Grand Father/ Father/ Brother/ Son/etc,grandfather_father_brother_son,3,NCRB CII 2015 Table 5.4 via data.gov.in (Table_5.4-2015.csv)
2015,Himachal Pradesh,Known to victim - Grand Father/ Father/ Brother/ Son/etc,grandfather_father_brother_son,12,NCRB CII 2015 Table 5.4 via data.gov.in (Table_5.4-2015.csv)
2015,Jammu & Kashmir,Known to victim - Grand Father/ Father/ Brother/ Son/etc,grandfather_father_brother_son,0,NCRB CII 2015 Table 5.4 via data.gov.in (Table_5.4-2015.csv)
2015,Jharkhand,Known to victim - Grand Father/ Father/ Brother/ Son/etc,grandfather_father_brother_son,2,NCRB CII 2015 Table 5.4 via data.gov.in (Table_5.4-2015.csv)
2015,Karnataka,Known to victim - Grand Father/ Father/ Brother/ Son/etc,grandfather_father_brother_son,13,NCRB CII 2015 Table 5.4 via data.gov.in (Table_5.4-2015.csv)
2015,Kerala,Known to victim - Grand Father/ Father/ Brother/ Son/etc,grandfather_father_brother_son,70,NCRB CII 2015 Table 5.4 via data.gov.in (Table_5.4-2015.csv)
2015,Madhya Pradesh,Known to victim - Grand Father/ Father/ Brother/ Son/etc,grandfather_father_brother_son,26,NCRB CII 2015 Table 5.4 via data.gov.in (Table_5.4-2015.csv)
2015,Maharashtra,Known to victim - Grand Father/ Father/ Brother/ Son/etc,grandfather_father_brother_son,69,NCRB CII 2015 Table 5.4 via data.gov.in (Table_5.4-2015.csv)
2015,Manipur,Known to victim - Grand Father/ Father/ Brother/ Son/etc,grandfather_father_brother_son,4,NCRB CII 2015 Table 5.4 via data.gov.in (Table_5.4-2015.csv)
2015,Meghalaya,Known to victim - Grand Father/ Father/ Brother/ Son/etc,grandfather_father_brother_son,1,NCRB CII 2015 Table 5.4 via data.gov.in (Table_5.4-2015.csv)
2015,Mizoram,Known to victim - Grand Father/ Father/ Brother/ Son/etc,grandfather_father_brother_son,6,NCRB CII 2015 Table 5.4 via data.gov.in (Table_5.4-2015.csv)
2015,Nagaland,Known to victim - Grand Father/ Father/ Brother/ Son/etc,grandfather_father_brother_son,0,NCRB CII 2015 Table 5.4 via data.gov.in (Table_5.4-2015.csv)
2015,Odisha,Known to victim - Grand Father/ Father/ Brother/ Son/etc,grandfather_father_brother_son,0,NCRB CII 2015 Table 5.4 via data.gov.in (Table_5.4-2015.csv)
2015,Punjab,Known to victim - Grand Father/ Father/ Brother/ Son/etc,grandfather_father_brother_son,12,NCRB CII 2015 Table 5.4 via data.gov.in (Table_5.4-2015.csv)
2015,Rajasthan,Known to victim - Grand Father/ Father/ Brother/ Son/etc,grandfather_father_brother_son,98,NCRB CII 2015 Table 5.4 via data.gov.in (Table_5.4-2015.csv)
2015,Sikkim,Known to victim - Grand Father/ Father/ Brother/ Son/etc,grandfather_father_brother_son,1,NCRB CII 2015 Table 5.4 via data.gov.in (Table_5.4-2015.csv)
2015,Tamil Nadu,Known to victim - Grand Father/ Father/ Brother/ Son/etc,grandfather_father_brother_son,1,NCRB CII 2015 Table 5.4 via data.gov.in (Table_5.4-2015.csv)
2015,Telangana,Known to victim - Grand Father/ Father/ Brother/ Son/etc,grandfather_father_brother_son,0,NCRB CII 2015 Table 5.4 via data.gov.in (Table_5.4-2015.csv)
2015,Tripura,Known to victim - Grand Father/ Father/ Brother/ Son/etc,grandfather_father_brother_son,0,NCRB CII 2015 Table 5.4 via data.gov.in (Table_5.4-2015.csv)
2015,Uttar Pradesh,Known to victim - Grand Father/ Father/ Brother/ Son/etc,grandfather_father_brother_son,43,NCRB CII 2015 Table 5.4 via data.gov.in (Table_5.4-2015.csv)
2015,Uttarakhand,Known to victim - Grand Father/ Father/ Brother/ Son/etc,grandfather_father_brother_son,1,NCRB CII 2015 Table 5.4 via data.gov.in (Table_5.4-2015.csv)
2015,West Bengal,Known to victim - Grand Father/ Father/ Brother/ Son/etc,grandfather_father_brother_son,6,NCRB CII 2015 Table 5.4 via data.gov.in (Table_5.4-2015.csv)
2015,Andaman & Nicobar Islands,Known to victim - Grand Father/ Father/ Brother/ Son/etc,grandfather_father_brother_son,0,NCRB CII 2015 Table 5.4 via data.gov.in (Table_5.4-2015.csv)
2015,Chandigarh,Known to victim - Grand Father/ Father/ Brother/ Son/etc,grandfather_father_brother_son,5,NCRB CII 2015 Table 5.4 via data.gov.in (Table_5.4-2015.csv)
2015,Dadra & Nagar Haveli and Daman & Diu,Known to victim - Grand Father/ Father/ Brother/ Son/etc,grandfather_father_brother_son,0,NCRB CII 2015 Table 5.4 via data.gov.in (Table_5.4-2015.csv)
2015,Delhi,Known to victim - Grand Father/ Father/ Brother/ Son/etc,grandfather_father_brother_son,80,NCRB CII 2015 Table 5.4 via data.gov.in (Table_5.4-2015.csv)
2015,Lakshadweep,Known to victim - Grand Father/ Father/ Brother/ Son/etc,grandfather_father_brother_son,0,NCRB CII 2015 Table 5.4 via data.gov.in (Table_5.4-2015.csv)
2015,Puducherry,Known to victim - Grand Father/ Father/ Brother/ Son/etc,grandfather_father_brother_son,3,NCRB CII 2015 Table 5.4 via data.gov.in (Table_5.4-2015.csv)
2015,All India,Known to victim - Grand Father/ Father/ Brother/ Son/etc,grandfather_father_brother_son,488,NCRB CII 2015 Table 5.4 via data.gov.in (Table_5.4-2015.csv)
2015,Andhra Pradesh,Known to victim - Close Family Members (Other than,close_family_other,56,NCRB CII 2015 Table 5.4 via data.gov.in (Table_5.4-2015.csv)
2015,Arunachal Pradesh,Known to victim - Close Family Members (Other than,close_family_other,2,NCRB CII 2015 Table 5.4 via data.gov.in (Table_5.4-2015.csv)
2015,Assam,Known to victim - Close Family Members (Other than,close_family_other,0,NCRB CII 2015 Table 5.4 via data.gov.in (Table_5.4-2015.csv)
2015,Bihar,Known to victim - Close Family Members (Other than,close_family_other,0,NCRB CII 2015 Table 5.4 via data.gov.in (Table_5.4-2015.csv)
2015,Chhattisgarh,Known to victim - Close Family Members (Other than,close_family_other,63,NCRB CII 2015 Table 5.4 via data.gov.in (Table_5.4-2015.csv)
2015,Goa,Known to victim - Close Family Members (Other than,close_family_other,3,NCRB CII 2015 Table 5.4 via data.gov.in (Table_5.4-2015.csv)
2015,Gujarat,Known to victim - Close Family Members (Other than,close_family_other,20,NCRB CII 2015 Table 5.4 via data.gov.in (Table_5.4-2015.csv)
2015,Haryana,Known to victim - Close Family Members (Other than,close_family_other,61,NCRB CII 2015 Table 5.4 via data.gov.in (Table_5.4-2015.csv)
2015,Himachal Pradesh,Known to victim - Close Family Members (Other than,close_family_other,9,NCRB CII 2015 Table 5.4 via data.gov.in (Table_5.4-2015.csv)
2015,Jammu & Kashmir,Known to victim - Close Family Members (Other than,close_family_other,1,NCRB CII 2015 Table 5.4 via data.gov.in (Table_5.4-2015.csv)
2015,Jharkhand,Known to victim - Close Family Members (Other than,close_family_other,17,NCRB CII 2015 Table 5.4 via data.gov.in (Table_5.4-2015.csv)
2015,Karnataka,Known to victim - Close Family Members (Other than,close_family_other,24,NCRB CII 2015 Table 5.4 via data.gov.in (Table_5.4-2015.csv)
2015,Kerala,Known to victim - Close Family Members (Other than,close_family_other,66,NCRB CII 2015 Table 5.4 via data.gov.in (Table_5.4-2015.csv)
2015,Madhya Pradesh,Known to victim - Close Family Members (Other than,close_family_other,78,NCRB CII 2015 Table 5.4 via data.gov.in (Table_5.4-2015.csv)
2015,Maharashtra,Known to victim - Close Family Members (Other than,close_family_other,70,NCRB CII 2015 Table 5.4 via data.gov.in (Table_5.4-2015.csv)
2015,Manipur,Known to victim - Close Family Members (Other than,close_family_other,1,NCRB CII 2015 Table 5.4 via data.gov.in (Table_5.4-2015.csv)
2015,Meghalaya,Known to victim - Close Family Members (Other than,close_family_other,5,NCRB CII 2015 Table 5.4 via data.gov.in (Table_5.4-2015.csv)
2015,Mizoram,Known to victim - Close Family Members (Other than,close_family_other,4,NCRB CII 2015 Table 5.4 via data.gov.in (Table_5.4-2015.csv)
2015,Nagaland,Known to victim - Close Family Members (Other than,close_family_other,0,NCRB CII 2015 Table 5.4 via data.gov.in (Table_5.4-2015.csv)
2015,Odisha,Known to victim - Close Family Members (Other than,close_family_other,51,NCRB CII 2015 Table 5.4 via data.gov.in (Table_5.4-2015.csv)
2015,Punjab,Known to victim - Close Family Members (Other than,close_family_other,30,NCRB CII 2015 Table 5.4 via data.gov.in (Table_5.4-2015.csv)
2015,Rajasthan,Known to victim - Close Family Members (Other than,close_family_other,64,NCRB CII 2015 Table 5.4 via data.gov.in (Table_5.4-2015.csv)
2015,Sikkim,Known to victim - Close Family Members (Other than,close_family_other,0,NCRB CII 2015 Table 5.4 via data.gov.in (Table_5.4-2015.csv)
2015,Tamil Nadu,Known to victim - Close Family Members (Other than,close_family_other,5,NCRB CII 2015 Table 5.4 via data.gov.in (Table_5.4-2015.csv)
2015,Telangana,Known to victim - Close Family Members (Other than,close_family_other,73,NCRB CII 2015 Table 5.4 via data.gov.in (Table_5.4-2015.csv)
2015,Tripura,Known to victim - Close Family Members (Other than,close_family_other,7,NCRB CII 2015 Table 5.4 via data.gov.in (Table_5.4-2015.csv)
2015,Uttar Pradesh,Known to victim - Close Family Members (Other than,close_family_other,59,NCRB CII 2015 Table 5.4 via data.gov.in (Table_5.4-2015.csv)
2015,Uttarakhand,Known to victim - Close Family Members (Other than,close_family_other,5,NCRB CII 2015 Table 5.4 via data.gov.in (Table_5.4-2015.csv)
2015,West Bengal,Known to victim - Close Family Members (Other than,close_family_other,19,NCRB CII 2015 Table 5.4 via data.gov.in (Table_5.4-2015.csv)
2015,Andaman & Nicobar Islands,Known to victim - Close Family Members (Other than,close_family_other,3,NCRB CII 2015 Table 5.4 via data.gov.in (Table_5.4-2015.csv)
2015,Chandigarh,Known to victim - Close Family Members (Other than,close_family_other,1,NCRB CII 2015 Table 5.4 via data.gov.in (Table_5.4-2015.csv)
2015,Dadra & Nagar Haveli and Daman & Diu,Known to victim - Close Family Members (Other than,close_family_other,0,NCRB CII 2015 Table 5.4 via data.gov.in (Table_5.4-2015.csv)
2015,Delhi,Known to victim - Close Family Members (Other than,close_family_other,94,NCRB CII 2015 Table 5.4 via data.gov.in (Table_5.4-2015.csv)
2015,Lakshadweep,Known to victim - Close Family Members (Other than,close_family_other,0,NCRB CII 2015 Table 5.4 via data.gov.in (Table_5.4-2015.csv)
2015,Puducherry,Known to victim - Close Family Members (Other than,close_family_other,0,NCRB CII 2015 Table 5.4 via data.gov.in (Table_5.4-2015.csv)
2015,All India,Known to victim - Close Family Members (Other than,close_family_other,891,NCRB CII 2015 Table 5.4 via data.gov.in (Table_5.4-2015.csv)
2015,Andhra Pradesh,Known to victim - Relatives (other than cols. 6 & 7),relatives,54,NCRB CII 2015 Table 5.4 via data.gov.in (Table_5.4-2015.csv)
2015,Arunachal Pradesh,Known to victim - Relatives (other than cols. 6 & 7),relatives,10,NCRB CII 2015 Table 5.4 via data.gov.in (Table_5.4-2015.csv)
2015,Assam,Known to victim - Relatives (other than cols. 6 & 7),relatives,0,NCRB CII 2015 Table 5.4 via data.gov.in (Table_5.4-2015.csv)
2015,Bihar,Known to victim - Relatives (other than cols. 6 & 7),relatives,0,NCRB CII 2015 Table 5.4 via data.gov.in (Table_5.4-2015.csv)
2015,Chhattisgarh,Known to victim - Relatives (other than cols. 6 & 7),relatives,93,NCRB CII 2015 Table 5.4 via data.gov.in (Table_5.4-2015.csv)
2015,Goa,Known to victim - Relatives (other than cols. 6 & 7),relatives,2,NCRB CII 2015 Table 5.4 via data.gov.in (Table_5.4-2015.csv)
2015,Gujarat,Known to victim - Relatives (other than cols. 6 & 7),relatives,41,NCRB CII 2015 Table 5.4 via data.gov.in (Table_5.4-2015.csv)
2015,Haryana,Known to victim - Relatives (other than cols. 6 & 7),relatives,57,NCRB CII 2015 Table 5.4 via data.gov.in (Table_5.4-2015.csv)
2015,Himachal Pradesh,Known to victim - Relatives (other than cols. 6 & 7),relatives,5,NCRB CII 2015 Table 5.4 via data.gov.in (Table_5.4-2015.csv)
2015,Jammu & Kashmir,Known to victim - Relatives (other than cols. 6 & 7),relatives,15,NCRB CII 2015 Table 5.4 via data.gov.in (Table_5.4-2015.csv)
2015,Jharkhand,Known to victim - Relatives (other than cols. 6 & 7),relatives,63,NCRB CII 2015 Table 5.4 via data.gov.in (Table_5.4-2015.csv)
2015,Karnataka,Known to victim - Relatives (other than cols. 6 & 7),relatives,30,NCRB CII 2015 Table 5.4 via data.gov.in (Table_5.4-2015.csv)
2015,Kerala,Known to victim - Relatives (other than cols. 6 & 7),relatives,72,NCRB CII 2015 Table 5.4 via data.gov.in (Table_5.4-2015.csv)
2015,Madhya Pradesh,Known to victim - Relatives (other than cols. 6 & 7),relatives,273,NCRB CII 2015 Table 5.4 via data.gov.in (Table_5.4-2015.csv)
2015,Maharashtra,Known to victim - Relatives (other than cols. 6 & 7),relatives,262,NCRB CII 2015 Table 5.4 via data.gov.in (Table_5.4-2015.csv)
2015,Manipur,Known to victim - Relatives (other than cols. 6 & 7),relatives,1,NCRB CII 2015 Table 5.4 via data.gov.in (Table_5.4-2015.csv)
2015,Meghalaya,Known to victim - Relatives (other than cols. 6 & 7),relatives,1,NCRB CII 2015 Table 5.4 via data.gov.in (Table_5.4-2015.csv)
2015,Mizoram,Known to victim - Relatives (other than cols. 6 & 7),relatives,5,NCRB CII 2015 Table 5.4 via data.gov.in (Table_5.4-2015.csv)
2015,Nagaland,Known to victim - Relatives (other than cols. 6 & 7),relatives,0,NCRB CII 2015 Table 5.4 via data.gov.in (Table_5.4-2015.csv)
2015,Odisha,Known to victim - Relatives (other than cols. 6 & 7),relatives,73,NCRB CII 2015 Table 5.4 via data.gov.in (Table_5.4-2015.csv)
2015,Punjab,Known to victim - Relatives (other than cols. 6 & 7),relatives,31,NCRB CII 2015 Table 5.4 via data.gov.in (Table_5.4-2015.csv)
2015,Rajasthan,Known to victim - Relatives (other than cols. 6 & 7),relatives,168,NCRB CII 2015 Table 5.4 via data.gov.in (Table_5.4-2015.csv)
2015,Sikkim,Known to victim - Relatives (other than cols. 6 & 7),relatives,0,NCRB CII 2015 Table 5.4 via data.gov.in (Table_5.4-2015.csv)
2015,Tamil Nadu,Known to victim - Relatives (other than cols. 6 & 7),relatives,40,NCRB CII 2015 Table 5.4 via data.gov.in (Table_5.4-2015.csv)
2015,Telangana,Known to victim - Relatives (other than cols. 6 & 7),relatives,128,NCRB CII 2015 Table 5.4 via data.gov.in (Table_5.4-2015.csv)
2015,Tripura,Known to victim - Relatives (other than cols. 6 & 7),relatives,12,NCRB CII 2015 Table 5.4 via data.gov.in (Table_5.4-2015.csv)
2015,Uttar Pradesh,Known to victim - Relatives (other than cols. 6 & 7),relatives,170,NCRB CII 2015 Table 5.4 via data.gov.in (Table_5.4-2015.csv)
2015,Uttarakhand,Known to victim - Relatives (other than cols. 6 & 7),relatives,15,NCRB CII 2015 Table 5.4 via data.gov.in (Table_5.4-2015.csv)
2015,West Bengal,Known to victim - Relatives (other than cols. 6 & 7),relatives,35,NCRB CII 2015 Table 5.4 via data.gov.in (Table_5.4-2015.csv)
2015,Andaman & Nicobar Islands,Known to victim - Relatives (other than cols. 6 & 7),relatives,2,NCRB CII 2015 Table 5.4 via data.gov.in (Table_5.4-2015.csv)
2015,Chandigarh,Known to victim - Relatives (other than cols. 6 & 7),relatives,5,NCRB CII 2015 Table 5.4 via data.gov.in (Table_5.4-2015.csv)
2015,Dadra & Nagar Haveli and Daman & Diu,Known to victim - Relatives (other than cols. 6 & 7),relatives,0,NCRB CII 2015 Table 5.4 via data.gov.in (Table_5.4-2015.csv)
2015,Delhi,Known to victim - Relatives (other than cols. 6 & 7),relatives,125,NCRB CII 2015 Table 5.4 via data.gov.in (Table_5.4-2015.csv)
2015,Lakshadweep,Known to victim - Relatives (other than cols. 6 & 7),relatives,0,NCRB CII 2015 Table 5.4 via data.gov.in (Table_5.4-2015.csv)
2015,Puducherry,Known to victim - Relatives (other than cols. 6 & 7),relatives,0,NCRB CII 2015 Table 5.4 via data.gov.in (Table_5.4-2015.csv)
2015,All India,Known to victim - Relatives (other than cols. 6 & 7),relatives,1788,NCRB CII 2015 Table 5.4 via data.gov.in (Table_5.4-2015.csv)
2015,Andhra Pradesh,Known to victim - Neighbours,neighbours,314,NCRB CII 2015 Table 5.4 via data.gov.in (Table_5.4-2015.csv)
2015,Arunachal Pradesh,Known to victim - Neighbours,neighbours,17,NCRB CII 2015 Table 5.4 via data.gov.in (Table_5.4-2015.csv)
2015,Assam,Known to victim - Neighbours,neighbours,1098,NCRB CII 2015 Table 5.4 via data.gov.in (Table_5.4-2015.csv)
2015,Bihar,Known to victim - Neighbours,neighbours,283,NCRB CII 2015 Table 5.4 via data.gov.in (Table_5.4-2015.csv)
2015,Chhattisgarh,Known to victim - Neighbours,neighbours,284,NCRB CII 2015 Table 5.4 via data.gov.in (Table_5.4-2015.csv)
2015,Goa,Known to victim - Neighbours,neighbours,9,NCRB CII 2015 Table 5.4 via data.gov.in (Table_5.4-2015.csv)
2015,Gujarat,Known to victim - Neighbours,neighbours,163,NCRB CII 2015 Table 5.4 via data.gov.in (Table_5.4-2015.csv)
2015,Haryana,Known to victim - Neighbours,neighbours,482,NCRB CII 2015 Table 5.4 via data.gov.in (Table_5.4-2015.csv)
2015,Himachal Pradesh,Known to victim - Neighbours,neighbours,44,NCRB CII 2015 Table 5.4 via data.gov.in (Table_5.4-2015.csv)
2015,Jammu & Kashmir,Known to victim - Neighbours,neighbours,50,NCRB CII 2015 Table 5.4 via data.gov.in (Table_5.4-2015.csv)
2015,Jharkhand,Known to victim - Neighbours,neighbours,538,NCRB CII 2015 Table 5.4 via data.gov.in (Table_5.4-2015.csv)
2015,Karnataka,Known to victim - Neighbours,neighbours,155,NCRB CII 2015 Table 5.4 via data.gov.in (Table_5.4-2015.csv)
2015,Kerala,Known to victim - Neighbours,neighbours,236,NCRB CII 2015 Table 5.4 via data.gov.in (Table_5.4-2015.csv)
2015,Madhya Pradesh,Known to victim - Neighbours,neighbours,883,NCRB CII 2015 Table 5.4 via data.gov.in (Table_5.4-2015.csv)
2015,Maharashtra,Known to victim - Neighbours,neighbours,729,NCRB CII 2015 Table 5.4 via data.gov.in (Table_5.4-2015.csv)
2015,Manipur,Known to victim - Neighbours,neighbours,2,NCRB CII 2015 Table 5.4 via data.gov.in (Table_5.4-2015.csv)
2015,Meghalaya,Known to victim - Neighbours,neighbours,20,NCRB CII 2015 Table 5.4 via data.gov.in (Table_5.4-2015.csv)
2015,Mizoram,Known to victim - Neighbours,neighbours,27,NCRB CII 2015 Table 5.4 via data.gov.in (Table_5.4-2015.csv)
2015,Nagaland,Known to victim - Neighbours,neighbours,27,NCRB CII 2015 Table 5.4 via data.gov.in (Table_5.4-2015.csv)
2015,Odisha,Known to victim - Neighbours,neighbours,117,NCRB CII 2015 Table 5.4 via data.gov.in (Table_5.4-2015.csv)
2015,Punjab,Known to victim - Neighbours,neighbours,283,NCRB CII 2015 Table 5.4 via data.gov.in (Table_5.4-2015.csv)
2015,Rajasthan,Known to victim - Neighbours,neighbours,865,NCRB CII 2015 Table 5.4 via data.gov.in (Table_5.4-2015.csv)
2015,Sikkim,Known to victim - Neighbours,neighbours,3,NCRB CII 2015 Table 5.4 via data.gov.in (Table_5.4-2015.csv)
2015,Tamil Nadu,Known to victim - Neighbours,neighbours,101,NCRB CII 2015 Table 5.4 via data.gov.in (Table_5.4-2015.csv)
2015,Telangana,Known to victim - Neighbours,neighbours,304,NCRB CII 2015 Table 5.4 via data.gov.in (Table_5.4-2015.csv)
2015,Tripura,Known to victim - Neighbours,neighbours,103,NCRB CII 2015 Table 5.4 via data.gov.in (Table_5.4-2015.csv)
2015,Uttar Pradesh,Known to victim - Neighbours,neighbours,1083,NCRB CII 2015 Table 5.4 via data.gov.in (Table_5.4-2015.csv)
2015,Uttarakhand,Known to victim - Neighbours,neighbours,63,NCRB CII 2015 Table 5.4 via data.gov.in (Table_5.4-2015.csv)
2015,West Bengal,Known to victim - Neighbours,neighbours,505,NCRB CII 2015 Table 5.4 via data.gov.in (Table_5.4-2015.csv)
2015,Andaman & Nicobar Islands,Known to victim - Neighbours,neighbours,13,NCRB CII 2015 Table 5.4 via data.gov.in (Table_5.4-2015.csv)
2015,Chandigarh,Known to victim - Neighbours,neighbours,4,NCRB CII 2015 Table 5.4 via data.gov.in (Table_5.4-2015.csv)
2015,Dadra & Nagar Haveli and Daman & Diu,Known to victim - Neighbours,neighbours,5,NCRB CII 2015 Table 5.4 via data.gov.in (Table_5.4-2015.csv)
2015,Delhi,Known to victim - Neighbours,neighbours,698,NCRB CII 2015 Table 5.4 via data.gov.in (Table_5.4-2015.csv)
2015,Lakshadweep,Known to victim - Neighbours,neighbours,0,NCRB CII 2015 Table 5.4 via data.gov.in (Table_5.4-2015.csv)
2015,Puducherry,Known to victim - Neighbours,neighbours,0,NCRB CII 2015 Table 5.4 via data.gov.in (Table_5.4-2015.csv)
2015,All India,Known to victim - Neighbours,neighbours,9508,NCRB CII 2015 Table 5.4 via data.gov.in (Table_5.4-2015.csv)
2015,Andhra Pradesh,Known to victim - Employer/ Co-Workers,employer_coworkers,13,NCRB CII 2015 Table 5.4 via data.gov.in (Table_5.4-2015.csv)
2015,Arunachal Pradesh,Known to victim - Employer/ Co-Workers,employer_coworkers,1,NCRB CII 2015 Table 5.4 via data.gov.in (Table_5.4-2015.csv)
2015,Assam,Known to victim - Employer/ Co-Workers,employer_coworkers,0,NCRB CII 2015 Table 5.4 via data.gov.in (Table_5.4-2015.csv)
2015,Bihar,Known to victim - Employer/ Co-Workers,employer_coworkers,2,NCRB CII 2015 Table 5.4 via data.gov.in (Table_5.4-2015.csv)
2015,Chhattisgarh,Known to victim - Employer/ Co-Workers,employer_coworkers,33,NCRB CII 2015 Table 5.4 via data.gov.in (Table_5.4-2015.csv)
2015,Goa,Known to victim - Employer/ Co-Workers,employer_coworkers,2,NCRB CII 2015 Table 5.4 via data.gov.in (Table_5.4-2015.csv)
2015,Gujarat,Known to victim - Employer/ Co-Workers,employer_coworkers,17,NCRB CII 2015 Table 5.4 via data.gov.in (Table_5.4-2015.csv)
2015,Haryana,Known to victim - Employer/ Co-Workers,employer_coworkers,29,NCRB CII 2015 Table 5.4 via data.gov.in (Table_5.4-2015.csv)
2015,Himachal Pradesh,Known to victim - Employer/ Co-Workers,employer_coworkers,14,NCRB CII 2015 Table 5.4 via data.gov.in (Table_5.4-2015.csv)
2015,Jammu & Kashmir,Known to victim - Employer/ Co-Workers,employer_coworkers,3,NCRB CII 2015 Table 5.4 via data.gov.in (Table_5.4-2015.csv)
2015,Jharkhand,Known to victim - Employer/ Co-Workers,employer_coworkers,14,NCRB CII 2015 Table 5.4 via data.gov.in (Table_5.4-2015.csv)
2015,Karnataka,Known to victim - Employer/ Co-Workers,employer_coworkers,32,NCRB CII 2015 Table 5.4 via data.gov.in (Table_5.4-2015.csv)
2015,Kerala,Known to victim - Employer/ Co-Workers,employer_coworkers,11,NCRB CII 2015 Table 5.4 via data.gov.in (Table_5.4-2015.csv)
2015,Madhya Pradesh,Known to victim - Employer/ Co-Workers,employer_coworkers,55,NCRB CII 2015 Table 5.4 via data.gov.in (Table_5.4-2015.csv)
2015,Maharashtra,Known to victim - Employer/ Co-Workers,employer_coworkers,91,NCRB CII 2015 Table 5.4 via data.gov.in (Table_5.4-2015.csv)
2015,Manipur,Known to victim - Employer/ Co-Workers,employer_coworkers,0,NCRB CII 2015 Table 5.4 via data.gov.in (Table_5.4-2015.csv)
2015,Meghalaya,Known to victim - Employer/ Co-Workers,employer_coworkers,0,NCRB CII 2015 Table 5.4 via data.gov.in (Table_5.4-2015.csv)
2015,Mizoram,Known to victim - Employer/ Co-Workers,employer_coworkers,0,NCRB CII 2015 Table 5.4 via data.gov.in (Table_5.4-2015.csv)
2015,Nagaland,Known to victim - Employer/ Co-Workers,employer_coworkers,0,NCRB CII 2015 Table 5.4 via data.gov.in (Table_5.4-2015.csv)
2015,Odisha,Known to victim - Employer/ Co-Workers,employer_coworkers,11,NCRB CII 2015 Table 5.4 via data.gov.in (Table_5.4-2015.csv)
2015,Punjab,Known to victim - Employer/ Co-Workers,employer_coworkers,0,NCRB CII 2015 Table 5.4 via data.gov.in (Table_5.4-2015.csv)
2015,Rajasthan,Known to victim - Employer/ Co-Workers,employer_coworkers,25,NCRB CII 2015 Table 5.4 via data.gov.in (Table_5.4-2015.csv)
2015,Sikkim,Known to victim - Employer/ Co-Workers,employer_coworkers,0,NCRB CII 2015 Table 5.4 via data.gov.in (Table_5.4-2015.csv)
2015,Tamil Nadu,Known to victim - Employer/ Co-Workers,employer_coworkers,6,NCRB CII 2015 Table 5.4 via data.gov.in (Table_5.4-2015.csv)
2015,Telangana,Known to victim - Employer/ Co-Workers,employer_coworkers,47,NCRB CII 2015 Table 5.4 via data.gov.in (Table_5.4-2015.csv)
2015,Tripura,Known to victim - Employer/ Co-Workers,employer_coworkers,0,NCRB CII 2015 Table 5.4 via data.gov.in (Table_5.4-2015.csv)
2015,Uttar Pradesh,Known to victim - Employer/ Co-Workers,employer_coworkers,45,NCRB CII 2015 Table 5.4 via data.gov.in (Table_5.4-2015.csv)
2015,Uttarakhand,Known to victim - Employer/ Co-Workers,employer_coworkers,29,NCRB CII 2015 Table 5.4 via data.gov.in (Table_5.4-2015.csv)
2015,West Bengal,Known to victim - Employer/ Co-Workers,employer_coworkers,11,NCRB CII 2015 Table 5.4 via data.gov.in (Table_5.4-2015.csv)
2015,Andaman & Nicobar Islands,Known to victim - Employer/ Co-Workers,employer_coworkers,1,NCRB CII 2015 Table 5.4 via data.gov.in (Table_5.4-2015.csv)
2015,Chandigarh,Known to victim - Employer/ Co-Workers,employer_coworkers,0,NCRB CII 2015 Table 5.4 via data.gov.in (Table_5.4-2015.csv)
2015,Dadra & Nagar Haveli and Daman & Diu,Known to victim - Employer/ Co-Workers,employer_coworkers,0,NCRB CII 2015 Table 5.4 via data.gov.in (Table_5.4-2015.csv)
2015,Delhi,Known to victim - Employer/ Co-Workers,employer_coworkers,65,NCRB CII 2015 Table 5.4 via data.gov.in (Table_5.4-2015.csv)
2015,Lakshadweep,Known to victim - Employer/ Co-Workers,employer_coworkers,0,NCRB CII 2015 Table 5.4 via data.gov.in (Table_5.4-2015.csv)
2015,Puducherry,Known to victim - Employer/ Co-Workers,employer_coworkers,0,NCRB CII 2015 Table 5.4 via data.gov.in (Table_5.4-2015.csv)
2015,All India,Known to victim - Employer/ Co-Workers,employer_coworkers,557,NCRB CII 2015 Table 5.4 via data.gov.in (Table_5.4-2015.csv)
2015,Andhra Pradesh,Known to victim - Live In Partner/ Husband (Separated /Ex),livein_partner_separated_ex_husband,13,NCRB CII 2015 Table 5.4 via data.gov.in (Table_5.4-2015.csv)
2015,Arunachal Pradesh,Known to victim - Live In Partner/ Husband (Separated /Ex),livein_partner_separated_ex_husband,1,NCRB CII 2015 Table 5.4 via data.gov.in (Table_5.4-2015.csv)
2015,Assam,Known to victim - Live In Partner/ Husband (Separated /Ex),livein_partner_separated_ex_husband,27,NCRB CII 2015 Table 5.4 via data.gov.in (Table_5.4-2015.csv)
2015,Bihar,Known to victim - Live In Partner/ Husband (Separated /Ex),livein_partner_separated_ex_husband,10,NCRB CII 2015 Table 5.4 via data.gov.in (Table_5.4-2015.csv)
2015,Chhattisgarh,Known to victim - Live In Partner/ Husband (Separated /Ex),livein_partner_separated_ex_husband,10,NCRB CII 2015 Table 5.4 via data.gov.in (Table_5.4-2015.csv)
2015,Goa,Known to victim - Live In Partner/ Husband (Separated /Ex),livein_partner_separated_ex_husband,1,NCRB CII 2015 Table 5.4 via data.gov.in (Table_5.4-2015.csv)
2015,Gujarat,Known to victim - Live In Partner/ Husband (Separated /Ex),livein_partner_separated_ex_husband,12,NCRB CII 2015 Table 5.4 via data.gov.in (Table_5.4-2015.csv)
2015,Haryana,Known to victim - Live In Partner/ Husband (Separated /Ex),livein_partner_separated_ex_husband,21,NCRB CII 2015 Table 5.4 via data.gov.in (Table_5.4-2015.csv)
2015,Himachal Pradesh,Known to victim - Live In Partner/ Husband (Separated /Ex),livein_partner_separated_ex_husband,0,NCRB CII 2015 Table 5.4 via data.gov.in (Table_5.4-2015.csv)
2015,Jammu & Kashmir,Known to victim - Live In Partner/ Husband (Separated /Ex),livein_partner_separated_ex_husband,2,NCRB CII 2015 Table 5.4 via data.gov.in (Table_5.4-2015.csv)
2015,Jharkhand,Known to victim - Live In Partner/ Husband (Separated /Ex),livein_partner_separated_ex_husband,2,NCRB CII 2015 Table 5.4 via data.gov.in (Table_5.4-2015.csv)
2015,Karnataka,Known to victim - Live In Partner/ Husband (Separated /Ex),livein_partner_separated_ex_husband,6,NCRB CII 2015 Table 5.4 via data.gov.in (Table_5.4-2015.csv)
2015,Kerala,Known to victim - Live In Partner/ Husband (Separated /Ex),livein_partner_separated_ex_husband,8,NCRB CII 2015 Table 5.4 via data.gov.in (Table_5.4-2015.csv)
2015,Madhya Pradesh,Known to victim - Live In Partner/ Husband (Separated /Ex),livein_partner_separated_ex_husband,126,NCRB CII 2015 Table 5.4 via data.gov.in (Table_5.4-2015.csv)
2015,Maharashtra,Known to victim - Live In Partner/ Husband (Separated /Ex),livein_partner_separated_ex_husband,134,NCRB CII 2015 Table 5.4 via data.gov.in (Table_5.4-2015.csv)
2015,Manipur,Known to victim - Live In Partner/ Husband (Separated /Ex),livein_partner_separated_ex_husband,1,NCRB CII 2015 Table 5.4 via data.gov.in (Table_5.4-2015.csv)
2015,Meghalaya,Known to victim - Live In Partner/ Husband (Separated /Ex),livein_partner_separated_ex_husband,0,NCRB CII 2015 Table 5.4 via data.gov.in (Table_5.4-2015.csv)
2015,Mizoram,Known to victim - Live In Partner/ Husband (Separated /Ex),livein_partner_separated_ex_husband,0,NCRB CII 2015 Table 5.4 via data.gov.in (Table_5.4-2015.csv)
2015,Nagaland,Known to victim - Live In Partner/ Husband (Separated /Ex),livein_partner_separated_ex_husband,0,NCRB CII 2015 Table 5.4 via data.gov.in (Table_5.4-2015.csv)
2015,Odisha,Known to victim - Live In Partner/ Husband (Separated /Ex),livein_partner_separated_ex_husband,26,NCRB CII 2015 Table 5.4 via data.gov.in (Table_5.4-2015.csv)
2015,Punjab,Known to victim - Live In Partner/ Husband (Separated /Ex),livein_partner_separated_ex_husband,5,NCRB CII 2015 Table 5.4 via data.gov.in (Table_5.4-2015.csv)
2015,Rajasthan,Known to victim - Live In Partner/ Husband (Separated /Ex),livein_partner_separated_ex_husband,23,NCRB CII 2015 Table 5.4 via data.gov.in (Table_5.4-2015.csv)
2015,Sikkim,Known to victim - Live In Partner/ Husband (Separated /Ex),livein_partner_separated_ex_husband,0,NCRB CII 2015 Table 5.4 via data.gov.in (Table_5.4-2015.csv)
2015,Tamil Nadu,Known to victim - Live In Partner/ Husband (Separated /Ex),livein_partner_separated_ex_husband,2,NCRB CII 2015 Table 5.4 via data.gov.in (Table_5.4-2015.csv)
2015,Telangana,Known to victim - Live In Partner/ Husband (Separated /Ex),livein_partner_separated_ex_husband,2,NCRB CII 2015 Table 5.4 via data.gov.in (Table_5.4-2015.csv)
2015,Tripura,Known to victim - Live In Partner/ Husband (Separated /Ex),livein_partner_separated_ex_husband,0,NCRB CII 2015 Table 5.4 via data.gov.in (Table_5.4-2015.csv)
2015,Uttar Pradesh,Known to victim - Live In Partner/ Husband (Separated /Ex),livein_partner_separated_ex_husband,143,NCRB CII 2015 Table 5.4 via data.gov.in (Table_5.4-2015.csv)
2015,Uttarakhand,Known to victim - Live In Partner/ Husband (Separated /Ex),livein_partner_separated_ex_husband,6,NCRB CII 2015 Table 5.4 via data.gov.in (Table_5.4-2015.csv)
2015,West Bengal,Known to victim - Live In Partner/ Husband (Separated /Ex),livein_partner_separated_ex_husband,21,NCRB CII 2015 Table 5.4 via data.gov.in (Table_5.4-2015.csv)
2015,Andaman & Nicobar Islands,Known to victim - Live In Partner/ Husband (Separated /Ex),livein_partner_separated_ex_husband,0,NCRB CII 2015 Table 5.4 via data.gov.in (Table_5.4-2015.csv)
2015,Chandigarh,Known to victim - Live In Partner/ Husband (Separated /Ex),livein_partner_separated_ex_husband,0,NCRB CII 2015 Table 5.4 via data.gov.in (Table_5.4-2015.csv)
2015,Dadra & Nagar Haveli and Daman & Diu,Known to victim - Live In Partner/ Husband (Separated /Ex),livein_partner_separated_ex_husband,2,NCRB CII 2015 Table 5.4 via data.gov.in (Table_5.4-2015.csv)
2015,Delhi,Known to victim - Live In Partner/ Husband (Separated /Ex),livein_partner_separated_ex_husband,101,NCRB CII 2015 Table 5.4 via data.gov.in (Table_5.4-2015.csv)
2015,Lakshadweep,Known to victim - Live In Partner/ Husband (Separated /Ex),livein_partner_separated_ex_husband,0,NCRB CII 2015 Table 5.4 via data.gov.in (Table_5.4-2015.csv)
2015,Puducherry,Known to victim - Live In Partner/ Husband (Separated /Ex),livein_partner_separated_ex_husband,0,NCRB CII 2015 Table 5.4 via data.gov.in (Table_5.4-2015.csv)
2015,All India,Known to victim - Live In Partner/ Husband (Separated /Ex),livein_partner_separated_ex_husband,705,NCRB CII 2015 Table 5.4 via data.gov.in (Table_5.4-2015.csv)
2015,Andhra Pradesh,Known to victim - Known Persons on Promise to Marry the Victim,known_person_on_promise_to_marry,286,NCRB CII 2015 Table 5.4 via data.gov.in (Table_5.4-2015.csv)
2015,Arunachal Pradesh,Known to victim - Known Persons on Promise to Marry the Victim,known_person_on_promise_to_marry,8,NCRB CII 2015 Table 5.4 via data.gov.in (Table_5.4-2015.csv)
2015,Assam,Known to victim - Known Persons on Promise to Marry the Victim,known_person_on_promise_to_marry,182,NCRB CII 2015 Table 5.4 via data.gov.in (Table_5.4-2015.csv)
2015,Bihar,Known to victim - Known Persons on Promise to Marry the Victim,known_person_on_promise_to_marry,315,NCRB CII 2015 Table 5.4 via data.gov.in (Table_5.4-2015.csv)
2015,Chhattisgarh,Known to victim - Known Persons on Promise to Marry the Victim,known_person_on_promise_to_marry,461,NCRB CII 2015 Table 5.4 via data.gov.in (Table_5.4-2015.csv)
2015,Goa,Known to victim - Known Persons on Promise to Marry the Victim,known_person_on_promise_to_marry,18,NCRB CII 2015 Table 5.4 via data.gov.in (Table_5.4-2015.csv)
2015,Gujarat,Known to victim - Known Persons on Promise to Marry the Victim,known_person_on_promise_to_marry,138,NCRB CII 2015 Table 5.4 via data.gov.in (Table_5.4-2015.csv)
2015,Haryana,Known to victim - Known Persons on Promise to Marry the Victim,known_person_on_promise_to_marry,165,NCRB CII 2015 Table 5.4 via data.gov.in (Table_5.4-2015.csv)
2015,Himachal Pradesh,Known to victim - Known Persons on Promise to Marry the Victim,known_person_on_promise_to_marry,121,NCRB CII 2015 Table 5.4 via data.gov.in (Table_5.4-2015.csv)
2015,Jammu & Kashmir,Known to victim - Known Persons on Promise to Marry the Victim,known_person_on_promise_to_marry,43,NCRB CII 2015 Table 5.4 via data.gov.in (Table_5.4-2015.csv)
2015,Jharkhand,Known to victim - Known Persons on Promise to Marry the Victim,known_person_on_promise_to_marry,247,NCRB CII 2015 Table 5.4 via data.gov.in (Table_5.4-2015.csv)
2015,Karnataka,Known to victim - Known Persons on Promise to Marry the Victim,known_person_on_promise_to_marry,219,NCRB CII 2015 Table 5.4 via data.gov.in (Table_5.4-2015.csv)
2015,Kerala,Known to victim - Known Persons on Promise to Marry the Victim,known_person_on_promise_to_marry,431,NCRB CII 2015 Table 5.4 via data.gov.in (Table_5.4-2015.csv)
2015,Madhya Pradesh,Known to victim - Known Persons on Promise to Marry the Victim,known_person_on_promise_to_marry,791,NCRB CII 2015 Table 5.4 via data.gov.in (Table_5.4-2015.csv)
2015,Maharashtra,Known to victim - Known Persons on Promise to Marry the Victim,known_person_on_promise_to_marry,974,NCRB CII 2015 Table 5.4 via data.gov.in (Table_5.4-2015.csv)
2015,Manipur,Known to victim - Known Persons on Promise to Marry the Victim,known_person_on_promise_to_marry,19,NCRB CII 2015 Table 5.4 via data.gov.in (Table_5.4-2015.csv)
2015,Meghalaya,Known to victim - Known Persons on Promise to Marry the Victim,known_person_on_promise_to_marry,0,NCRB CII 2015 Table 5.4 via data.gov.in (Table_5.4-2015.csv)
2015,Mizoram,Known to victim - Known Persons on Promise to Marry the Victim,known_person_on_promise_to_marry,3,NCRB CII 2015 Table 5.4 via data.gov.in (Table_5.4-2015.csv)
2015,Nagaland,Known to victim - Known Persons on Promise to Marry the Victim,known_person_on_promise_to_marry,2,NCRB CII 2015 Table 5.4 via data.gov.in (Table_5.4-2015.csv)
2015,Odisha,Known to victim - Known Persons on Promise to Marry the Victim,known_person_on_promise_to_marry,726,NCRB CII 2015 Table 5.4 via data.gov.in (Table_5.4-2015.csv)
2015,Punjab,Known to victim - Known Persons on Promise to Marry the Victim,known_person_on_promise_to_marry,166,NCRB CII 2015 Table 5.4 via data.gov.in (Table_5.4-2015.csv)
2015,Rajasthan,Known to victim - Known Persons on Promise to Marry the Victim,known_person_on_promise_to_marry,572,NCRB CII 2015 Table 5.4 via data.gov.in (Table_5.4-2015.csv)
2015,Sikkim,Known to victim - Known Persons on Promise to Marry the Victim,known_person_on_promise_to_marry,0,NCRB CII 2015 Table 5.4 via data.gov.in (Table_5.4-2015.csv)
2015,Tamil Nadu,Known to victim - Known Persons on Promise to Marry the Victim,known_person_on_promise_to_marry,231,NCRB CII 2015 Table 5.4 via data.gov.in (Table_5.4-2015.csv)
2015,Telangana,Known to victim - Known Persons on Promise to Marry the Victim,known_person_on_promise_to_marry,365,NCRB CII 2015 Table 5.4 via data.gov.in (Table_5.4-2015.csv)
2015,Tripura,Known to victim - Known Persons on Promise to Marry the Victim,known_person_on_promise_to_marry,73,NCRB CII 2015 Table 5.4 via data.gov.in (Table_5.4-2015.csv)
2015,Uttar Pradesh,Known to victim - Known Persons on Promise to Marry the Victim,known_person_on_promise_to_marry,795,NCRB CII 2015 Table 5.4 via data.gov.in (Table_5.4-2015.csv)
2015,Uttarakhand,Known to victim - Known Persons on Promise to Marry the Victim,known_person_on_promise_to_marry,43,NCRB CII 2015 Table 5.4 via data.gov.in (Table_5.4-2015.csv)
2015,West Bengal,Known to victim - Known Persons on Promise to Marry the Victim,known_person_on_promise_to_marry,0,NCRB CII 2015 Table 5.4 via data.gov.in (Table_5.4-2015.csv)
2015,Andaman & Nicobar Islands,Known to victim - Known Persons on Promise to Marry the Victim,known_person_on_promise_to_marry,8,NCRB CII 2015 Table 5.4 via data.gov.in (Table_5.4-2015.csv)
2015,Chandigarh,Known to victim - Known Persons on Promise to Marry the Victim,known_person_on_promise_to_marry,24,NCRB CII 2015 Table 5.4 via data.gov.in (Table_5.4-2015.csv)
2015,Dadra & Nagar Haveli and Daman & Diu,Known to victim - Known Persons on Promise to Marry the Victim,known_person_on_promise_to_marry,5,NCRB CII 2015 Table 5.4 via data.gov.in (Table_5.4-2015.csv)
2015,Delhi,Known to victim - Known Persons on Promise to Marry the Victim,known_person_on_promise_to_marry,224,NCRB CII 2015 Table 5.4 via data.gov.in (Table_5.4-2015.csv)
2015,Lakshadweep,Known to victim - Known Persons on Promise to Marry the Victim,known_person_on_promise_to_marry,0,NCRB CII 2015 Table 5.4 via data.gov.in (Table_5.4-2015.csv)
2015,Puducherry,Known to victim - Known Persons on Promise to Marry the Victim,known_person_on_promise_to_marry,0,NCRB CII 2015 Table 5.4 via data.gov.in (Table_5.4-2015.csv)
2015,All India,Known to victim - Known Persons on Promise to Marry the Victim,known_person_on_promise_to_marry,7655,NCRB CII 2015 Table 5.4 via data.gov.in (Table_5.4-2015.csv)
2015,Andhra Pradesh,Known to victim - Other Known Persons,other_known_persons,284,NCRB CII 2015 Table 5.4 via data.gov.in (Table_5.4-2015.csv)
2015,Arunachal Pradesh,Known to victim - Other Known Persons,other_known_persons,19,NCRB CII 2015 Table 5.4 via data.gov.in (Table_5.4-2015.csv)
2015,Assam,Known to victim - Other Known Persons,other_known_persons,266,NCRB CII 2015 Table 5.4 via data.gov.in (Table_5.4-2015.csv)
2015,Bihar,Known to victim - Other Known Persons,other_known_persons,344,NCRB CII 2015 Table 5.4 via data.gov.in (Table_5.4-2015.csv)
2015,Chhattisgarh,Known to victim - Other Known Persons,other_known_persons,547,NCRB CII 2015 Table 5.4 via data.gov.in (Table_5.4-2015.csv)
2015,Goa,Known to victim - Other Known Persons,other_known_persons,44,NCRB CII 2015 Table 5.4 via data.gov.in (Table_5.4-2015.csv)
2015,Gujarat,Known to victim - Other Known Persons,other_known_persons,107,NCRB CII 2015 Table 5.4 via data.gov.in (Table_5.4-2015.csv)
2015,Haryana,Known to victim - Other Known Persons,other_known_persons,213,NCRB CII 2015 Table 5.4 via data.gov.in (Table_5.4-2015.csv)
2015,Himachal Pradesh,Known to victim - Other Known Persons,other_known_persons,39,NCRB CII 2015 Table 5.4 via data.gov.in (Table_5.4-2015.csv)
2015,Jammu & Kashmir,Known to victim - Other Known Persons,other_known_persons,173,NCRB CII 2015 Table 5.4 via data.gov.in (Table_5.4-2015.csv)
2015,Jharkhand,Known to victim - Other Known Persons,other_known_persons,120,NCRB CII 2015 Table 5.4 via data.gov.in (Table_5.4-2015.csv)
2015,Karnataka,Known to victim - Other Known Persons,other_known_persons,93,NCRB CII 2015 Table 5.4 via data.gov.in (Table_5.4-2015.csv)
2015,Kerala,Known to victim - Other Known Persons,other_known_persons,357,NCRB CII 2015 Table 5.4 via data.gov.in (Table_5.4-2015.csv)
2015,Madhya Pradesh,Known to victim - Other Known Persons,other_known_persons,1929,NCRB CII 2015 Table 5.4 via data.gov.in (Table_5.4-2015.csv)
2015,Maharashtra,Known to victim - Other Known Persons,other_known_persons,1786,NCRB CII 2015 Table 5.4 via data.gov.in (Table_5.4-2015.csv)
2015,Manipur,Known to victim - Other Known Persons,other_known_persons,16,NCRB CII 2015 Table 5.4 via data.gov.in (Table_5.4-2015.csv)
2015,Meghalaya,Known to victim - Other Known Persons,other_known_persons,66,NCRB CII 2015 Table 5.4 via data.gov.in (Table_5.4-2015.csv)
2015,Mizoram,Known to victim - Other Known Persons,other_known_persons,9,NCRB CII 2015 Table 5.4 via data.gov.in (Table_5.4-2015.csv)
2015,Nagaland,Known to victim - Other Known Persons,other_known_persons,5,NCRB CII 2015 Table 5.4 via data.gov.in (Table_5.4-2015.csv)
2015,Odisha,Known to victim - Other Known Persons,other_known_persons,920,NCRB CII 2015 Table 5.4 via data.gov.in (Table_5.4-2015.csv)
2015,Punjab,Known to victim - Other Known Persons,other_known_persons,354,NCRB CII 2015 Table 5.4 via data.gov.in (Table_5.4-2015.csv)
2015,Rajasthan,Known to victim - Other Known Persons,other_known_persons,1807,NCRB CII 2015 Table 5.4 via data.gov.in (Table_5.4-2015.csv)
2015,Sikkim,Known to victim - Other Known Persons,other_known_persons,1,NCRB CII 2015 Table 5.4 via data.gov.in (Table_5.4-2015.csv)
2015,Tamil Nadu,Known to victim - Other Known Persons,other_known_persons,20,NCRB CII 2015 Table 5.4 via data.gov.in (Table_5.4-2015.csv)
2015,Telangana,Known to victim - Other Known Persons,other_known_persons,163,NCRB CII 2015 Table 5.4 via data.gov.in (Table_5.4-2015.csv)
2015,Tripura,Known to victim - Other Known Persons,other_known_persons,17,NCRB CII 2015 Table 5.4 via data.gov.in (Table_5.4-2015.csv)
2015,Uttar Pradesh,Known to victim - Other Known Persons,other_known_persons,625,NCRB CII 2015 Table 5.4 via data.gov.in (Table_5.4-2015.csv)
2015,Uttarakhand,Known to victim - Other Known Persons,other_known_persons,116,NCRB CII 2015 Table 5.4 via data.gov.in (Table_5.4-2015.csv)
2015,West Bengal,Known to victim - Other Known Persons,other_known_persons,286,NCRB CII 2015 Table 5.4 via data.gov.in (Table_5.4-2015.csv)
2015,Andaman & Nicobar Islands,Known to victim - Other Known Persons,other_known_persons,9,NCRB CII 2015 Table 5.4 via data.gov.in (Table_5.4-2015.csv)
2015,Chandigarh,Known to victim - Other Known Persons,other_known_persons,33,NCRB CII 2015 Table 5.4 via data.gov.in (Table_5.4-2015.csv)
2015,Dadra & Nagar Haveli and Daman & Diu,Known to victim - Other Known Persons,other_known_persons,1,NCRB CII 2015 Table 5.4 via data.gov.in (Table_5.4-2015.csv)
2015,Delhi,Known to victim - Other Known Persons,other_known_persons,737,NCRB CII 2015 Table 5.4 via data.gov.in (Table_5.4-2015.csv)
2015,Lakshadweep,Known to victim - Other Known Persons,other_known_persons,0,NCRB CII 2015 Table 5.4 via data.gov.in (Table_5.4-2015.csv)
2015,Puducherry,Known to victim - Other Known Persons,other_known_persons,0,NCRB CII 2015 Table 5.4 via data.gov.in (Table_5.4-2015.csv)
2015,All India,Known to victim - Other Known Persons,other_known_persons,11506,NCRB CII 2015 Table 5.4 via data.gov.in (Table_5.4-2015.csv)
2015,Andhra Pradesh,Offenders Not Identified by Victims,unknown,3,NCRB CII 2015 Table 5.4 via data.gov.in (Table_5.4-2015.csv)
2015,Arunachal Pradesh,Offenders Not Identified by Victims,unknown,12,NCRB CII 2015 Table 5.4 via data.gov.in (Table_5.4-2015.csv)
2015,Assam,Offenders Not Identified by Victims,unknown,158,NCRB CII 2015 Table 5.4 via data.gov.in (Table_5.4-2015.csv)
2015,Bihar,Offenders Not Identified by Victims,unknown,87,NCRB CII 2015 Table 5.4 via data.gov.in (Table_5.4-2015.csv)
2015,Chhattisgarh,Offenders Not Identified by Victims,unknown,50,NCRB CII 2015 Table 5.4 via data.gov.in (Table_5.4-2015.csv)
2015,Goa,Offenders Not Identified by Victims,unknown,3,NCRB CII 2015 Table 5.4 via data.gov.in (Table_5.4-2015.csv)
2015,Gujarat,Offenders Not Identified by Victims,unknown,3,NCRB CII 2015 Table 5.4 via data.gov.in (Table_5.4-2015.csv)
2015,Haryana,Offenders Not Identified by Victims,unknown,39,NCRB CII 2015 Table 5.4 via data.gov.in (Table_5.4-2015.csv)
2015,Himachal Pradesh,Offenders Not Identified by Victims,unknown,0,NCRB CII 2015 Table 5.4 via data.gov.in (Table_5.4-2015.csv)
2015,Jammu & Kashmir,Offenders Not Identified by Victims,unknown,9,NCRB CII 2015 Table 5.4 via data.gov.in (Table_5.4-2015.csv)
2015,Jharkhand,Offenders Not Identified by Victims,unknown,50,NCRB CII 2015 Table 5.4 via data.gov.in (Table_5.4-2015.csv)
2015,Karnataka,Offenders Not Identified by Victims,unknown,17,NCRB CII 2015 Table 5.4 via data.gov.in (Table_5.4-2015.csv)
2015,Kerala,Offenders Not Identified by Victims,unknown,5,NCRB CII 2015 Table 5.4 via data.gov.in (Table_5.4-2015.csv)
2015,Madhya Pradesh,Offenders Not Identified by Victims,unknown,230,NCRB CII 2015 Table 5.4 via data.gov.in (Table_5.4-2015.csv)
2015,Maharashtra,Offenders Not Identified by Victims,unknown,29,NCRB CII 2015 Table 5.4 via data.gov.in (Table_5.4-2015.csv)
2015,Manipur,Offenders Not Identified by Victims,unknown,2,NCRB CII 2015 Table 5.4 via data.gov.in (Table_5.4-2015.csv)
2015,Meghalaya,Offenders Not Identified by Victims,unknown,0,NCRB CII 2015 Table 5.4 via data.gov.in (Table_5.4-2015.csv)
2015,Mizoram,Offenders Not Identified by Victims,unknown,4,NCRB CII 2015 Table 5.4 via data.gov.in (Table_5.4-2015.csv)
2015,Nagaland,Offenders Not Identified by Victims,unknown,1,NCRB CII 2015 Table 5.4 via data.gov.in (Table_5.4-2015.csv)
2015,Odisha,Offenders Not Identified by Victims,unknown,327,NCRB CII 2015 Table 5.4 via data.gov.in (Table_5.4-2015.csv)
2015,Punjab,Offenders Not Identified by Victims,unknown,5,NCRB CII 2015 Table 5.4 via data.gov.in (Table_5.4-2015.csv)
2015,Rajasthan,Offenders Not Identified by Victims,unknown,22,NCRB CII 2015 Table 5.4 via data.gov.in (Table_5.4-2015.csv)
2015,Sikkim,Offenders Not Identified by Victims,unknown,0,NCRB CII 2015 Table 5.4 via data.gov.in (Table_5.4-2015.csv)
2015,Tamil Nadu,Offenders Not Identified by Victims,unknown,15,NCRB CII 2015 Table 5.4 via data.gov.in (Table_5.4-2015.csv)
2015,Telangana,Offenders Not Identified by Victims,unknown,23,NCRB CII 2015 Table 5.4 via data.gov.in (Table_5.4-2015.csv)
2015,Tripura,Offenders Not Identified by Victims,unknown,1,NCRB CII 2015 Table 5.4 via data.gov.in (Table_5.4-2015.csv)
2015,Uttar Pradesh,Offenders Not Identified by Victims,unknown,62,NCRB CII 2015 Table 5.4 via data.gov.in (Table_5.4-2015.csv)
2015,Uttarakhand,Offenders Not Identified by Victims,unknown,5,NCRB CII 2015 Table 5.4 via data.gov.in (Table_5.4-2015.csv)
2015,West Bengal,Offenders Not Identified by Victims,unknown,316,NCRB CII 2015 Table 5.4 via data.gov.in (Table_5.4-2015.csv)
2015,Andaman & Nicobar Islands,Offenders Not Identified by Victims,unknown,0,NCRB CII 2015 Table 5.4 via data.gov.in (Table_5.4-2015.csv)
2015,Chandigarh,Offenders Not Identified by Victims,unknown,0,NCRB CII 2015 Table 5.4 via data.gov.in (Table_5.4-2015.csv)
2015,Dadra & Nagar Haveli and Daman & Diu,Offenders Not Identified by Victims,unknown,0,NCRB CII 2015 Table 5.4 via data.gov.in (Table_5.4-2015.csv)
2015,Delhi,Offenders Not Identified by Victims,unknown,75,NCRB CII 2015 Table 5.4 via data.gov.in (Table_5.4-2015.csv)
2015,Lakshadweep,Offenders Not Identified by Victims,unknown,0,NCRB CII 2015 Table 5.4 via data.gov.in (Table_5.4-2015.csv)
2015,Puducherry,Offenders Not Identified by Victims,unknown,0,NCRB CII 2015 Table 5.4 via data.gov.in (Table_5.4-2015.csv)
2015,All India,Offenders Not Identified by Victims,unknown,1553,NCRB CII 2015 Table 5.4 via data.gov.in (Table_5.4-2015.csv)
2016,Andhra Pradesh,Total Rape Cases,total_cases,994,NCRB CII 2016 Table 3A.4 via data.gov.in (Table_3A.4_2016.csv)
2016,Arunachal Pradesh,Total Rape Cases,total_cases,92,NCRB CII 2016 Table 3A.4 via data.gov.in (Table_3A.4_2016.csv)
2016,Assam,Total Rape Cases,total_cases,1779,NCRB CII 2016 Table 3A.4 via data.gov.in (Table_3A.4_2016.csv)
2016,Bihar,Total Rape Cases,total_cases,1008,NCRB CII 2016 Table 3A.4 via data.gov.in (Table_3A.4_2016.csv)
2016,Chhattisgarh,Total Rape Cases,total_cases,1626,NCRB CII 2016 Table 3A.4 via data.gov.in (Table_3A.4_2016.csv)
2016,Goa,Total Rape Cases,total_cases,61,NCRB CII 2016 Table 3A.4 via data.gov.in (Table_3A.4_2016.csv)
2016,Gujarat,Total Rape Cases,total_cases,982,NCRB CII 2016 Table 3A.4 via data.gov.in (Table_3A.4_2016.csv)
2016,Haryana,Total Rape Cases,total_cases,1187,NCRB CII 2016 Table 3A.4 via data.gov.in (Table_3A.4_2016.csv)
2016,Himachal Pradesh,Total Rape Cases,total_cases,252,NCRB CII 2016 Table 3A.4 via data.gov.in (Table_3A.4_2016.csv)
2016,Jammu & Kashmir,Total Rape Cases,total_cases,256,NCRB CII 2016 Table 3A.4 via data.gov.in (Table_3A.4_2016.csv)
2016,Jharkhand,Total Rape Cases,total_cases,1109,NCRB CII 2016 Table 3A.4 via data.gov.in (Table_3A.4_2016.csv)
2016,Karnataka,Total Rape Cases,total_cases,1655,NCRB CII 2016 Table 3A.4 via data.gov.in (Table_3A.4_2016.csv)
2016,Kerala,Total Rape Cases,total_cases,1656,NCRB CII 2016 Table 3A.4 via data.gov.in (Table_3A.4_2016.csv)
2016,Madhya Pradesh,Total Rape Cases,total_cases,4882,NCRB CII 2016 Table 3A.4 via data.gov.in (Table_3A.4_2016.csv)
2016,Maharashtra,Total Rape Cases,total_cases,4189,NCRB CII 2016 Table 3A.4 via data.gov.in (Table_3A.4_2016.csv)
2016,Manipur,Total Rape Cases,total_cases,55,NCRB CII 2016 Table 3A.4 via data.gov.in (Table_3A.4_2016.csv)
2016,Meghalaya,Total Rape Cases,total_cases,190,NCRB CII 2016 Table 3A.4 via data.gov.in (Table_3A.4_2016.csv)
2016,Mizoram,Total Rape Cases,total_cases,23,NCRB CII 2016 Table 3A.4 via data.gov.in (Table_3A.4_2016.csv)
2016,Nagaland,Total Rape Cases,total_cases,26,NCRB CII 2016 Table 3A.4 via data.gov.in (Table_3A.4_2016.csv)
2016,Odisha,Total Rape Cases,total_cases,1983,NCRB CII 2016 Table 3A.4 via data.gov.in (Table_3A.4_2016.csv)
2016,Punjab,Total Rape Cases,total_cases,838,NCRB CII 2016 Table 3A.4 via data.gov.in (Table_3A.4_2016.csv)
2016,Rajasthan,Total Rape Cases,total_cases,3656,NCRB CII 2016 Table 3A.4 via data.gov.in (Table_3A.4_2016.csv)
2016,Sikkim,Total Rape Cases,total_cases,92,NCRB CII 2016 Table 3A.4 via data.gov.in (Table_3A.4_2016.csv)
2016,Tamil Nadu,Total Rape Cases,total_cases,319,NCRB CII 2016 Table 3A.4 via data.gov.in (Table_3A.4_2016.csv)
2016,Telangana,Total Rape Cases,total_cases,1278,NCRB CII 2016 Table 3A.4 via data.gov.in (Table_3A.4_2016.csv)
2016,Tripura,Total Rape Cases,total_cases,207,NCRB CII 2016 Table 3A.4 via data.gov.in (Table_3A.4_2016.csv)
2016,Uttar Pradesh,Total Rape Cases,total_cases,4816,NCRB CII 2016 Table 3A.4 via data.gov.in (Table_3A.4_2016.csv)
2016,Uttarakhand,Total Rape Cases,total_cases,336,NCRB CII 2016 Table 3A.4 via data.gov.in (Table_3A.4_2016.csv)
2016,West Bengal,Total Rape Cases,total_cases,1110,NCRB CII 2016 Table 3A.4 via data.gov.in (Table_3A.4_2016.csv)
2016,Andaman & Nicobar Islands,Total Rape Cases,total_cases,30,NCRB CII 2016 Table 3A.4 via data.gov.in (Table_3A.4_2016.csv)
2016,Chandigarh,Total Rape Cases,total_cases,68,NCRB CII 2016 Table 3A.4 via data.gov.in (Table_3A.4_2016.csv)
2016,Dadra & Nagar Haveli and Daman & Diu,Total Rape Cases,total_cases,26,NCRB CII 2016 Table 3A.4 via data.gov.in (Table_3A.4_2016.csv)
2016,Delhi,Total Rape Cases,total_cases,2155,NCRB CII 2016 Table 3A.4 via data.gov.in (Table_3A.4_2016.csv)
2016,Lakshadweep,Total Rape Cases,total_cases,5,NCRB CII 2016 Table 3A.4 via data.gov.in (Table_3A.4_2016.csv)
2016,Puducherry,Total Rape Cases,total_cases,6,NCRB CII 2016 Table 3A.4 via data.gov.in (Table_3A.4_2016.csv)
2016,All India,Total Rape Cases,total_cases,38947,NCRB CII 2016 Table 3A.4 via data.gov.in (Table_3A.4_2016.csv)
2016,Andhra Pradesh,Known to victim (total),known_total,994,NCRB CII 2016 Table 3A.4 via data.gov.in (Table_3A.4_2016.csv)
2016,Arunachal Pradesh,Known to victim (total),known_total,83,NCRB CII 2016 Table 3A.4 via data.gov.in (Table_3A.4_2016.csv)
2016,Assam,Known to victim (total),known_total,1779,NCRB CII 2016 Table 3A.4 via data.gov.in (Table_3A.4_2016.csv)
2016,Bihar,Known to victim (total),known_total,981,NCRB CII 2016 Table 3A.4 via data.gov.in (Table_3A.4_2016.csv)
2016,Chhattisgarh,Known to victim (total),known_total,1584,NCRB CII 2016 Table 3A.4 via data.gov.in (Table_3A.4_2016.csv)
2016,Goa,Known to victim (total),known_total,59,NCRB CII 2016 Table 3A.4 via data.gov.in (Table_3A.4_2016.csv)
2016,Gujarat,Known to victim (total),known_total,976,NCRB CII 2016 Table 3A.4 via data.gov.in (Table_3A.4_2016.csv)
2016,Haryana,Known to victim (total),known_total,1172,NCRB CII 2016 Table 3A.4 via data.gov.in (Table_3A.4_2016.csv)
2016,Himachal Pradesh,Known to victim (total),known_total,251,NCRB CII 2016 Table 3A.4 via data.gov.in (Table_3A.4_2016.csv)
2016,Jammu & Kashmir,Known to victim (total),known_total,252,NCRB CII 2016 Table 3A.4 via data.gov.in (Table_3A.4_2016.csv)
2016,Jharkhand,Known to victim (total),known_total,1072,NCRB CII 2016 Table 3A.4 via data.gov.in (Table_3A.4_2016.csv)
2016,Karnataka,Known to victim (total),known_total,1642,NCRB CII 2016 Table 3A.4 via data.gov.in (Table_3A.4_2016.csv)
2016,Kerala,Known to victim (total),known_total,1627,NCRB CII 2016 Table 3A.4 via data.gov.in (Table_3A.4_2016.csv)
2016,Madhya Pradesh,Known to victim (total),known_total,4789,NCRB CII 2016 Table 3A.4 via data.gov.in (Table_3A.4_2016.csv)
2016,Maharashtra,Known to victim (total),known_total,4126,NCRB CII 2016 Table 3A.4 via data.gov.in (Table_3A.4_2016.csv)
2016,Manipur,Known to victim (total),known_total,55,NCRB CII 2016 Table 3A.4 via data.gov.in (Table_3A.4_2016.csv)
2016,Meghalaya,Known to victim (total),known_total,180,NCRB CII 2016 Table 3A.4 via data.gov.in (Table_3A.4_2016.csv)
2016,Mizoram,Known to victim (total),known_total,23,NCRB CII 2016 Table 3A.4 via data.gov.in (Table_3A.4_2016.csv)
2016,Nagaland,Known to victim (total),known_total,22,NCRB CII 2016 Table 3A.4 via data.gov.in (Table_3A.4_2016.csv)
2016,Odisha,Known to victim (total),known_total,564,NCRB CII 2016 Table 3A.4 via data.gov.in (Table_3A.4_2016.csv)
2016,Punjab,Known to victim (total),known_total,835,NCRB CII 2016 Table 3A.4 via data.gov.in (Table_3A.4_2016.csv)
2016,Rajasthan,Known to victim (total),known_total,3626,NCRB CII 2016 Table 3A.4 via data.gov.in (Table_3A.4_2016.csv)
2016,Sikkim,Known to victim (total),known_total,60,NCRB CII 2016 Table 3A.4 via data.gov.in (Table_3A.4_2016.csv)
2016,Tamil Nadu,Known to victim (total),known_total,317,NCRB CII 2016 Table 3A.4 via data.gov.in (Table_3A.4_2016.csv)
2016,Telangana,Known to victim (total),known_total,1254,NCRB CII 2016 Table 3A.4 via data.gov.in (Table_3A.4_2016.csv)
2016,Tripura,Known to victim (total),known_total,207,NCRB CII 2016 Table 3A.4 via data.gov.in (Table_3A.4_2016.csv)
2016,Uttar Pradesh,Known to victim (total),known_total,4803,NCRB CII 2016 Table 3A.4 via data.gov.in (Table_3A.4_2016.csv)
2016,Uttarakhand,Known to victim (total),known_total,320,NCRB CII 2016 Table 3A.4 via data.gov.in (Table_3A.4_2016.csv)
2016,West Bengal,Known to victim (total),known_total,997,NCRB CII 2016 Table 3A.4 via data.gov.in (Table_3A.4_2016.csv)
2016,Andaman & Nicobar Islands,Known to victim (total),known_total,30,NCRB CII 2016 Table 3A.4 via data.gov.in (Table_3A.4_2016.csv)
2016,Chandigarh,Known to victim (total),known_total,64,NCRB CII 2016 Table 3A.4 via data.gov.in (Table_3A.4_2016.csv)
2016,Dadra & Nagar Haveli and Daman & Diu,Known to victim (total),known_total,26,NCRB CII 2016 Table 3A.4 via data.gov.in (Table_3A.4_2016.csv)
2016,Delhi,Known to victim (total),known_total,2078,NCRB CII 2016 Table 3A.4 via data.gov.in (Table_3A.4_2016.csv)
2016,Lakshadweep,Known to victim (total),known_total,5,NCRB CII 2016 Table 3A.4 via data.gov.in (Table_3A.4_2016.csv)
2016,Puducherry,Known to victim (total),known_total,6,NCRB CII 2016 Table 3A.4 via data.gov.in (Table_3A.4_2016.csv)
2016,All India,Known to victim (total),known_total,36859,NCRB CII 2016 Table 3A.4 via data.gov.in (Table_3A.4_2016.csv)
2016,Andhra Pradesh,Known to victim - Grand Father/ Father/ Brother/ Son/etc.,grandfather_father_brother_son,6,NCRB CII 2016 Table 3A.4 via data.gov.in (Table_3A.4_2016.csv)
2016,Arunachal Pradesh,Known to victim - Grand Father/ Father/ Brother/ Son/etc.,grandfather_father_brother_son,2,NCRB CII 2016 Table 3A.4 via data.gov.in (Table_3A.4_2016.csv)
2016,Assam,Known to victim - Grand Father/ Father/ Brother/ Son/etc.,grandfather_father_brother_son,9,NCRB CII 2016 Table 3A.4 via data.gov.in (Table_3A.4_2016.csv)
2016,Bihar,Known to victim - Grand Father/ Father/ Brother/ Son/etc.,grandfather_father_brother_son,0,NCRB CII 2016 Table 3A.4 via data.gov.in (Table_3A.4_2016.csv)
2016,Chhattisgarh,Known to victim - Grand Father/ Father/ Brother/ Son/etc.,grandfather_father_brother_son,21,NCRB CII 2016 Table 3A.4 via data.gov.in (Table_3A.4_2016.csv)
2016,Goa,Known to victim - Grand Father/ Father/ Brother/ Son/etc.,grandfather_father_brother_son,3,NCRB CII 2016 Table 3A.4 via data.gov.in (Table_3A.4_2016.csv)
2016,Gujarat,Known to victim - Grand Father/ Father/ Brother/ Son/etc.,grandfather_father_brother_son,12,NCRB CII 2016 Table 3A.4 via data.gov.in (Table_3A.4_2016.csv)
2016,Haryana,Known to victim - Grand Father/ Father/ Brother/ Son/etc.,grandfather_father_brother_son,25,NCRB CII 2016 Table 3A.4 via data.gov.in (Table_3A.4_2016.csv)
2016,Himachal Pradesh,Known to victim - Grand Father/ Father/ Brother/ Son/etc.,grandfather_father_brother_son,6,NCRB CII 2016 Table 3A.4 via data.gov.in (Table_3A.4_2016.csv)
2016,Jammu & Kashmir,Known to victim - Grand Father/ Father/ Brother/ Son/etc.,grandfather_father_brother_son,1,NCRB CII 2016 Table 3A.4 via data.gov.in (Table_3A.4_2016.csv)
2016,Jharkhand,Known to victim - Grand Father/ Father/ Brother/ Son/etc.,grandfather_father_brother_son,0,NCRB CII 2016 Table 3A.4 via data.gov.in (Table_3A.4_2016.csv)
2016,Karnataka,Known to victim - Grand Father/ Father/ Brother/ Son/etc.,grandfather_father_brother_son,16,NCRB CII 2016 Table 3A.4 via data.gov.in (Table_3A.4_2016.csv)
2016,Kerala,Known to victim - Grand Father/ Father/ Brother/ Son/etc.,grandfather_father_brother_son,73,NCRB CII 2016 Table 3A.4 via data.gov.in (Table_3A.4_2016.csv)
2016,Madhya Pradesh,Known to victim - Grand Father/ Father/ Brother/ Son/etc.,grandfather_father_brother_son,35,NCRB CII 2016 Table 3A.4 via data.gov.in (Table_3A.4_2016.csv)
2016,Maharashtra,Known to victim - Grand Father/ Father/ Brother/ Son/etc.,grandfather_father_brother_son,96,NCRB CII 2016 Table 3A.4 via data.gov.in (Table_3A.4_2016.csv)
2016,Manipur,Known to victim - Grand Father/ Father/ Brother/ Son/etc.,grandfather_father_brother_son,1,NCRB CII 2016 Table 3A.4 via data.gov.in (Table_3A.4_2016.csv)
2016,Meghalaya,Known to victim - Grand Father/ Father/ Brother/ Son/etc.,grandfather_father_brother_son,37,NCRB CII 2016 Table 3A.4 via data.gov.in (Table_3A.4_2016.csv)
2016,Mizoram,Known to victim - Grand Father/ Father/ Brother/ Son/etc.,grandfather_father_brother_son,4,NCRB CII 2016 Table 3A.4 via data.gov.in (Table_3A.4_2016.csv)
2016,Nagaland,Known to victim - Grand Father/ Father/ Brother/ Son/etc.,grandfather_father_brother_son,3,NCRB CII 2016 Table 3A.4 via data.gov.in (Table_3A.4_2016.csv)
2016,Odisha,Known to victim - Grand Father/ Father/ Brother/ Son/etc.,grandfather_father_brother_son,0,NCRB CII 2016 Table 3A.4 via data.gov.in (Table_3A.4_2016.csv)
2016,Punjab,Known to victim - Grand Father/ Father/ Brother/ Son/etc.,grandfather_father_brother_son,16,NCRB CII 2016 Table 3A.4 via data.gov.in (Table_3A.4_2016.csv)
2016,Rajasthan,Known to victim - Grand Father/ Father/ Brother/ Son/etc.,grandfather_father_brother_son,147,NCRB CII 2016 Table 3A.4 via data.gov.in (Table_3A.4_2016.csv)
2016,Sikkim,Known to victim - Grand Father/ Father/ Brother/ Son/etc.,grandfather_father_brother_son,1,NCRB CII 2016 Table 3A.4 via data.gov.in (Table_3A.4_2016.csv)
2016,Tamil Nadu,Known to victim - Grand Father/ Father/ Brother/ Son/etc.,grandfather_father_brother_son,0,NCRB CII 2016 Table 3A.4 via data.gov.in (Table_3A.4_2016.csv)
2016,Telangana,Known to victim - Grand Father/ Father/ Brother/ Son/etc.,grandfather_father_brother_son,1,NCRB CII 2016 Table 3A.4 via data.gov.in (Table_3A.4_2016.csv)
2016,Tripura,Known to victim - Grand Father/ Father/ Brother/ Son/etc.,grandfather_father_brother_son,0,NCRB CII 2016 Table 3A.4 via data.gov.in (Table_3A.4_2016.csv)
2016,Uttar Pradesh,Known to victim - Grand Father/ Father/ Brother/ Son/etc.,grandfather_father_brother_son,27,NCRB CII 2016 Table 3A.4 via data.gov.in (Table_3A.4_2016.csv)
2016,Uttarakhand,Known to victim - Grand Father/ Father/ Brother/ Son/etc.,grandfather_father_brother_son,2,NCRB CII 2016 Table 3A.4 via data.gov.in (Table_3A.4_2016.csv)
2016,West Bengal,Known to victim - Grand Father/ Father/ Brother/ Son/etc.,grandfather_father_brother_son,28,NCRB CII 2016 Table 3A.4 via data.gov.in (Table_3A.4_2016.csv)
2016,Andaman & Nicobar Islands,Known to victim - Grand Father/ Father/ Brother/ Son/etc.,grandfather_father_brother_son,0,NCRB CII 2016 Table 3A.4 via data.gov.in (Table_3A.4_2016.csv)
2016,Chandigarh,Known to victim - Grand Father/ Father/ Brother/ Son/etc.,grandfather_father_brother_son,2,NCRB CII 2016 Table 3A.4 via data.gov.in (Table_3A.4_2016.csv)
2016,Dadra & Nagar Haveli and Daman & Diu,Known to victim - Grand Father/ Father/ Brother/ Son/etc.,grandfather_father_brother_son,0,NCRB CII 2016 Table 3A.4 via data.gov.in (Table_3A.4_2016.csv)
2016,Delhi,Known to victim - Grand Father/ Father/ Brother/ Son/etc.,grandfather_father_brother_son,56,NCRB CII 2016 Table 3A.4 via data.gov.in (Table_3A.4_2016.csv)
2016,Lakshadweep,Known to victim - Grand Father/ Father/ Brother/ Son/etc.,grandfather_father_brother_son,0,NCRB CII 2016 Table 3A.4 via data.gov.in (Table_3A.4_2016.csv)
2016,Puducherry,Known to victim - Grand Father/ Father/ Brother/ Son/etc.,grandfather_father_brother_son,0,NCRB CII 2016 Table 3A.4 via data.gov.in (Table_3A.4_2016.csv)
2016,All India,Known to victim - Grand Father/ Father/ Brother/ Son/etc.,grandfather_father_brother_son,630,NCRB CII 2016 Table 3A.4 via data.gov.in (Table_3A.4_2016.csv)
2016,Andhra Pradesh,Known to victim - Close Family Members (Other than,close_family_other,29,NCRB CII 2016 Table 3A.4 via data.gov.in (Table_3A.4_2016.csv)
2016,Arunachal Pradesh,Known to victim - Close Family Members (Other than,close_family_other,9,NCRB CII 2016 Table 3A.4 via data.gov.in (Table_3A.4_2016.csv)
2016,Assam,Known to victim - Close Family Members (Other than,close_family_other,12,NCRB CII 2016 Table 3A.4 via data.gov.in (Table_3A.4_2016.csv)
2016,Bihar,Known to victim - Close Family Members (Other than,close_family_other,5,NCRB CII 2016 Table 3A.4 via data.gov.in (Table_3A.4_2016.csv)
2016,Chhattisgarh,Known to victim - Close Family Members (Other than,close_family_other,29,NCRB CII 2016 Table 3A.4 via data.gov.in (Table_3A.4_2016.csv)
2016,Goa,Known to victim - Close Family Members (Other than,close_family_other,5,NCRB CII 2016 Table 3A.4 via data.gov.in (Table_3A.4_2016.csv)
2016,Gujarat,Known to victim - Close Family Members (Other than,close_family_other,21,NCRB CII 2016 Table 3A.4 via data.gov.in (Table_3A.4_2016.csv)
2016,Haryana,Known to victim - Close Family Members (Other than,close_family_other,19,NCRB CII 2016 Table 3A.4 via data.gov.in (Table_3A.4_2016.csv)
2016,Himachal Pradesh,Known to victim - Close Family Members (Other than,close_family_other,2,NCRB CII 2016 Table 3A.4 via data.gov.in (Table_3A.4_2016.csv)
2016,Jammu & Kashmir,Known to victim - Close Family Members (Other than,close_family_other,0,NCRB CII 2016 Table 3A.4 via data.gov.in (Table_3A.4_2016.csv)
2016,Jharkhand,Known to victim - Close Family Members (Other than,close_family_other,6,NCRB CII 2016 Table 3A.4 via data.gov.in (Table_3A.4_2016.csv)
2016,Karnataka,Known to victim - Close Family Members (Other than,close_family_other,39,NCRB CII 2016 Table 3A.4 via data.gov.in (Table_3A.4_2016.csv)
2016,Kerala,Known to victim - Close Family Members (Other than,close_family_other,63,NCRB CII 2016 Table 3A.4 via data.gov.in (Table_3A.4_2016.csv)
2016,Madhya Pradesh,Known to victim - Close Family Members (Other than,close_family_other,108,NCRB CII 2016 Table 3A.4 via data.gov.in (Table_3A.4_2016.csv)
2016,Maharashtra,Known to victim - Close Family Members (Other than,close_family_other,111,NCRB CII 2016 Table 3A.4 via data.gov.in (Table_3A.4_2016.csv)
2016,Manipur,Known to victim - Close Family Members (Other than,close_family_other,3,NCRB CII 2016 Table 3A.4 via data.gov.in (Table_3A.4_2016.csv)
2016,Meghalaya,Known to victim - Close Family Members (Other than,close_family_other,20,NCRB CII 2016 Table 3A.4 via data.gov.in (Table_3A.4_2016.csv)
2016,Mizoram,Known to victim - Close Family Members (Other than,close_family_other,3,NCRB CII 2016 Table 3A.4 via data.gov.in (Table_3A.4_2016.csv)
2016,Nagaland,Known to victim - Close Family Members (Other than,close_family_other,2,NCRB CII 2016 Table 3A.4 via data.gov.in (Table_3A.4_2016.csv)
2016,Odisha,Known to victim - Close Family Members (Other than,close_family_other,0,NCRB CII 2016 Table 3A.4 via data.gov.in (Table_3A.4_2016.csv)
2016,Punjab,Known to victim - Close Family Members (Other than,close_family_other,26,NCRB CII 2016 Table 3A.4 via data.gov.in (Table_3A.4_2016.csv)
2016,Rajasthan,Known to victim - Close Family Members (Other than,close_family_other,139,NCRB CII 2016 Table 3A.4 via data.gov.in (Table_3A.4_2016.csv)
2016,Sikkim,Known to victim - Close Family Members (Other than,close_family_other,1,NCRB CII 2016 Table 3A.4 via data.gov.in (Table_3A.4_2016.csv)
2016,Tamil Nadu,Known to victim - Close Family Members (Other than,close_family_other,9,NCRB CII 2016 Table 3A.4 via data.gov.in (Table_3A.4_2016.csv)
2016,Telangana,Known to victim - Close Family Members (Other than,close_family_other,127,NCRB CII 2016 Table 3A.4 via data.gov.in (Table_3A.4_2016.csv)
2016,Tripura,Known to victim - Close Family Members (Other than,close_family_other,7,NCRB CII 2016 Table 3A.4 via data.gov.in (Table_3A.4_2016.csv)
2016,Uttar Pradesh,Known to victim - Close Family Members (Other than,close_family_other,154,NCRB CII 2016 Table 3A.4 via data.gov.in (Table_3A.4_2016.csv)
2016,Uttarakhand,Known to victim - Close Family Members (Other than,close_family_other,1,NCRB CII 2016 Table 3A.4 via data.gov.in (Table_3A.4_2016.csv)
2016,West Bengal,Known to victim - Close Family Members (Other than,close_family_other,0,NCRB CII 2016 Table 3A.4 via data.gov.in (Table_3A.4_2016.csv)
2016,Andaman & Nicobar Islands,Known to victim - Close Family Members (Other than,close_family_other,2,NCRB CII 2016 Table 3A.4 via data.gov.in (Table_3A.4_2016.csv)
2016,Chandigarh,Known to victim - Close Family Members (Other than,close_family_other,1,NCRB CII 2016 Table 3A.4 via data.gov.in (Table_3A.4_2016.csv)
2016,Dadra & Nagar Haveli and Daman & Diu,Known to victim - Close Family Members (Other than,close_family_other,0,NCRB CII 2016 Table 3A.4 via data.gov.in (Table_3A.4_2016.csv)
2016,Delhi,Known to victim - Close Family Members (Other than,close_family_other,131,NCRB CII 2016 Table 3A.4 via data.gov.in (Table_3A.4_2016.csv)
2016,Lakshadweep,Known to victim - Close Family Members (Other than,close_family_other,0,NCRB CII 2016 Table 3A.4 via data.gov.in (Table_3A.4_2016.csv)
2016,Puducherry,Known to victim - Close Family Members (Other than,close_family_other,3,NCRB CII 2016 Table 3A.4 via data.gov.in (Table_3A.4_2016.csv)
2016,All India,Known to victim - Close Family Members (Other than,close_family_other,1087,NCRB CII 2016 Table 3A.4 via data.gov.in (Table_3A.4_2016.csv)
2016,Andhra Pradesh,Known to victim - Relatives (other than cols. 5 & 6),relatives,44,NCRB CII 2016 Table 3A.4 via data.gov.in (Table_3A.4_2016.csv)
2016,Arunachal Pradesh,Known to victim - Relatives (other than cols. 5 & 6),relatives,7,NCRB CII 2016 Table 3A.4 via data.gov.in (Table_3A.4_2016.csv)
2016,Assam,Known to victim - Relatives (other than cols. 5 & 6),relatives,20,NCRB CII 2016 Table 3A.4 via data.gov.in (Table_3A.4_2016.csv)
2016,Bihar,Known to victim - Relatives (other than cols. 5 & 6),relatives,122,NCRB CII 2016 Table 3A.4 via data.gov.in (Table_3A.4_2016.csv)
2016,Chhattisgarh,Known to victim - Relatives (other than cols. 5 & 6),relatives,47,NCRB CII 2016 Table 3A.4 via data.gov.in (Table_3A.4_2016.csv)
2016,Goa,Known to victim - Relatives (other than cols. 5 & 6),relatives,7,NCRB CII 2016 Table 3A.4 via data.gov.in (Table_3A.4_2016.csv)
2016,Gujarat,Known to victim - Relatives (other than cols. 5 & 6),relatives,39,NCRB CII 2016 Table 3A.4 via data.gov.in (Table_3A.4_2016.csv)
2016,Haryana,Known to victim - Relatives (other than cols. 5 & 6),relatives,44,NCRB CII 2016 Table 3A.4 via data.gov.in (Table_3A.4_2016.csv)
2016,Himachal Pradesh,Known to victim - Relatives (other than cols. 5 & 6),relatives,2,NCRB CII 2016 Table 3A.4 via data.gov.in (Table_3A.4_2016.csv)
2016,Jammu & Kashmir,Known to victim - Relatives (other than cols. 5 & 6),relatives,11,NCRB CII 2016 Table 3A.4 via data.gov.in (Table_3A.4_2016.csv)
2016,Jharkhand,Known to victim - Relatives (other than cols. 5 & 6),relatives,74,NCRB CII 2016 Table 3A.4 via data.gov.in (Table_3A.4_2016.csv)
2016,Karnataka,Known to victim - Relatives (other than cols. 5 & 6),relatives,87,NCRB CII 2016 Table 3A.4 via data.gov.in (Table_3A.4_2016.csv)
2016,Kerala,Known to victim - Relatives (other than cols. 5 & 6),relatives,74,NCRB CII 2016 Table 3A.4 via data.gov.in (Table_3A.4_2016.csv)
2016,Madhya Pradesh,Known to victim - Relatives (other than cols. 5 & 6),relatives,157,NCRB CII 2016 Table 3A.4 via data.gov.in (Table_3A.4_2016.csv)
2016,Maharashtra,Known to victim - Relatives (other than cols. 5 & 6),relatives,151,NCRB CII 2016 Table 3A.4 via data.gov.in (Table_3A.4_2016.csv)
2016,Manipur,Known to victim - Relatives (other than cols. 5 & 6),relatives,7,NCRB CII 2016 Table 3A.4 via data.gov.in (Table_3A.4_2016.csv)
2016,Meghalaya,Known to victim - Relatives (other than cols. 5 & 6),relatives,19,NCRB CII 2016 Table 3A.4 via data.gov.in (Table_3A.4_2016.csv)
2016,Mizoram,Known to victim - Relatives (other than cols. 5 & 6),relatives,3,NCRB CII 2016 Table 3A.4 via data.gov.in (Table_3A.4_2016.csv)
2016,Nagaland,Known to victim - Relatives (other than cols. 5 & 6),relatives,1,NCRB CII 2016 Table 3A.4 via data.gov.in (Table_3A.4_2016.csv)
2016,Odisha,Known to victim - Relatives (other than cols. 5 & 6),relatives,0,NCRB CII 2016 Table 3A.4 via data.gov.in (Table_3A.4_2016.csv)
2016,Punjab,Known to victim - Relatives (other than cols. 5 & 6),relatives,39,NCRB CII 2016 Table 3A.4 via data.gov.in (Table_3A.4_2016.csv)
2016,Rajasthan,Known to victim - Relatives (other than cols. 5 & 6),relatives,269,NCRB CII 2016 Table 3A.4 via data.gov.in (Table_3A.4_2016.csv)
2016,Sikkim,Known to victim - Relatives (other than cols. 5 & 6),relatives,2,NCRB CII 2016 Table 3A.4 via data.gov.in (Table_3A.4_2016.csv)
2016,Tamil Nadu,Known to victim - Relatives (other than cols. 5 & 6),relatives,45,NCRB CII 2016 Table 3A.4 via data.gov.in (Table_3A.4_2016.csv)
2016,Telangana,Known to victim - Relatives (other than cols. 5 & 6),relatives,155,NCRB CII 2016 Table 3A.4 via data.gov.in (Table_3A.4_2016.csv)
2016,Tripura,Known to victim - Relatives (other than cols. 5 & 6),relatives,15,NCRB CII 2016 Table 3A.4 via data.gov.in (Table_3A.4_2016.csv)
2016,Uttar Pradesh,Known to victim - Relatives (other than cols. 5 & 6),relatives,441,NCRB CII 2016 Table 3A.4 via data.gov.in (Table_3A.4_2016.csv)
2016,Uttarakhand,Known to victim - Relatives (other than cols. 5 & 6),relatives,0,NCRB CII 2016 Table 3A.4 via data.gov.in (Table_3A.4_2016.csv)
2016,West Bengal,Known to victim - Relatives (other than cols. 5 & 6),relatives,94,NCRB CII 2016 Table 3A.4 via data.gov.in (Table_3A.4_2016.csv)
2016,Andaman & Nicobar Islands,Known to victim - Relatives (other than cols. 5 & 6),relatives,2,NCRB CII 2016 Table 3A.4 via data.gov.in (Table_3A.4_2016.csv)
2016,Chandigarh,Known to victim - Relatives (other than cols. 5 & 6),relatives,7,NCRB CII 2016 Table 3A.4 via data.gov.in (Table_3A.4_2016.csv)
2016,Dadra & Nagar Haveli and Daman & Diu,Known to victim - Relatives (other than cols. 5 & 6),relatives,0,NCRB CII 2016 Table 3A.4 via data.gov.in (Table_3A.4_2016.csv)
2016,Delhi,Known to victim - Relatives (other than cols. 5 & 6),relatives,188,NCRB CII 2016 Table 3A.4 via data.gov.in (Table_3A.4_2016.csv)
2016,Lakshadweep,Known to victim - Relatives (other than cols. 5 & 6),relatives,0,NCRB CII 2016 Table 3A.4 via data.gov.in (Table_3A.4_2016.csv)
2016,Puducherry,Known to victim - Relatives (other than cols. 5 & 6),relatives,1,NCRB CII 2016 Table 3A.4 via data.gov.in (Table_3A.4_2016.csv)
2016,All India,Known to victim - Relatives (other than cols. 5 & 6),relatives,2174,NCRB CII 2016 Table 3A.4 via data.gov.in (Table_3A.4_2016.csv)
2016,Andhra Pradesh,Known to victim - Neighbours,neighbours,361,NCRB CII 2016 Table 3A.4 via data.gov.in (Table_3A.4_2016.csv)
2016,Arunachal Pradesh,Known to victim - Neighbours,neighbours,29,NCRB CII 2016 Table 3A.4 via data.gov.in (Table_3A.4_2016.csv)
2016,Assam,Known to victim - Neighbours,neighbours,985,NCRB CII 2016 Table 3A.4 via data.gov.in (Table_3A.4_2016.csv)
2016,Bihar,Known to victim - Neighbours,neighbours,380,NCRB CII 2016 Table 3A.4 via data.gov.in (Table_3A.4_2016.csv)
2016,Chhattisgarh,Known to victim - Neighbours,neighbours,222,NCRB CII 2016 Table 3A.4 via data.gov.in (Table_3A.4_2016.csv)
2016,Goa,Known to victim - Neighbours,neighbours,6,NCRB CII 2016 Table 3A.4 via data.gov.in (Table_3A.4_2016.csv)
2016,Gujarat,Known to victim - Neighbours,neighbours,292,NCRB CII 2016 Table 3A.4 via data.gov.in (Table_3A.4_2016.csv)
2016,Haryana,Known to victim - Neighbours,neighbours,549,NCRB CII 2016 Table 3A.4 via data.gov.in (Table_3A.4_2016.csv)
2016,Himachal Pradesh,Known to victim - Neighbours,neighbours,43,NCRB CII 2016 Table 3A.4 via data.gov.in (Table_3A.4_2016.csv)
2016,Jammu & Kashmir,Known to victim - Neighbours,neighbours,93,NCRB CII 2016 Table 3A.4 via data.gov.in (Table_3A.4_2016.csv)
2016,Jharkhand,Known to victim - Neighbours,neighbours,585,NCRB CII 2016 Table 3A.4 via data.gov.in (Table_3A.4_2016.csv)
2016,Karnataka,Known to victim - Neighbours,neighbours,463,NCRB CII 2016 Table 3A.4 via data.gov.in (Table_3A.4_2016.csv)
2016,Kerala,Known to victim - Neighbours,neighbours,369,NCRB CII 2016 Table 3A.4 via data.gov.in (Table_3A.4_2016.csv)
2016,Madhya Pradesh,Known to victim - Neighbours,neighbours,1115,NCRB CII 2016 Table 3A.4 via data.gov.in (Table_3A.4_2016.csv)
2016,Maharashtra,Known to victim - Neighbours,neighbours,683,NCRB CII 2016 Table 3A.4 via data.gov.in (Table_3A.4_2016.csv)
2016,Manipur,Known to victim - Neighbours,neighbours,9,NCRB CII 2016 Table 3A.4 via data.gov.in (Table_3A.4_2016.csv)
2016,Meghalaya,Known to victim - Neighbours,neighbours,53,NCRB CII 2016 Table 3A.4 via data.gov.in (Table_3A.4_2016.csv)
2016,Mizoram,Known to victim - Neighbours,neighbours,9,NCRB CII 2016 Table 3A.4 via data.gov.in (Table_3A.4_2016.csv)
2016,Nagaland,Known to victim - Neighbours,neighbours,11,NCRB CII 2016 Table 3A.4 via data.gov.in (Table_3A.4_2016.csv)
2016,Odisha,Known to victim - Neighbours,neighbours,6,NCRB CII 2016 Table 3A.4 via data.gov.in (Table_3A.4_2016.csv)
2016,Punjab,Known to victim - Neighbours,neighbours,223,NCRB CII 2016 Table 3A.4 via data.gov.in (Table_3A.4_2016.csv)
2016,Rajasthan,Known to victim - Neighbours,neighbours,704,NCRB CII 2016 Table 3A.4 via data.gov.in (Table_3A.4_2016.csv)
2016,Sikkim,Known to victim - Neighbours,neighbours,36,NCRB CII 2016 Table 3A.4 via data.gov.in (Table_3A.4_2016.csv)
2016,Tamil Nadu,Known to victim - Neighbours,neighbours,92,NCRB CII 2016 Table 3A.4 via data.gov.in (Table_3A.4_2016.csv)
2016,Telangana,Known to victim - Neighbours,neighbours,355,NCRB CII 2016 Table 3A.4 via data.gov.in (Table_3A.4_2016.csv)
2016,Tripura,Known to victim - Neighbours,neighbours,102,NCRB CII 2016 Table 3A.4 via data.gov.in (Table_3A.4_2016.csv)
2016,Uttar Pradesh,Known to victim - Neighbours,neighbours,1851,NCRB CII 2016 Table 3A.4 via data.gov.in (Table_3A.4_2016.csv)
2016,Uttarakhand,Known to victim - Neighbours,neighbours,118,NCRB CII 2016 Table 3A.4 via data.gov.in (Table_3A.4_2016.csv)
2016,West Bengal,Known to victim - Neighbours,neighbours,337,NCRB CII 2016 Table 3A.4 via data.gov.in (Table_3A.4_2016.csv)
2016,Andaman & Nicobar Islands,Known to victim - Neighbours,neighbours,4,NCRB CII 2016 Table 3A.4 via data.gov.in (Table_3A.4_2016.csv)
2016,Chandigarh,Known to victim - Neighbours,neighbours,12,NCRB CII 2016 Table 3A.4 via data.gov.in (Table_3A.4_2016.csv)
2016,Dadra & Nagar Haveli and Daman & Diu,Known to victim - Neighbours,neighbours,10,NCRB CII 2016 Table 3A.4 via data.gov.in (Table_3A.4_2016.csv)
2016,Delhi,Known to victim - Neighbours,neighbours,410,NCRB CII 2016 Table 3A.4 via data.gov.in (Table_3A.4_2016.csv)
2016,Lakshadweep,Known to victim - Neighbours,neighbours,2,NCRB CII 2016 Table 3A.4 via data.gov.in (Table_3A.4_2016.csv)
2016,Puducherry,Known to victim - Neighbours,neighbours,1,NCRB CII 2016 Table 3A.4 via data.gov.in (Table_3A.4_2016.csv)
2016,All India,Known to victim - Neighbours,neighbours,10520,NCRB CII 2016 Table 3A.4 via data.gov.in (Table_3A.4_2016.csv)
2016,Andhra Pradesh,Known to victim - Employer / Co-Workers,employer_coworkers,5,NCRB CII 2016 Table 3A.4 via data.gov.in (Table_3A.4_2016.csv)
2016,Arunachal Pradesh,Known to victim - Employer / Co-Workers,employer_coworkers,0,NCRB CII 2016 Table 3A.4 via data.gov.in (Table_3A.4_2016.csv)
2016,Assam,Known to victim - Employer / Co-Workers,employer_coworkers,2,NCRB CII 2016 Table 3A.4 via data.gov.in (Table_3A.4_2016.csv)
2016,Bihar,Known to victim - Employer / Co-Workers,employer_coworkers,53,NCRB CII 2016 Table 3A.4 via data.gov.in (Table_3A.4_2016.csv)
2016,Chhattisgarh,Known to victim - Employer / Co-Workers,employer_coworkers,21,NCRB CII 2016 Table 3A.4 via data.gov.in (Table_3A.4_2016.csv)
2016,Goa,Known to victim - Employer / Co-Workers,employer_coworkers,3,NCRB CII 2016 Table 3A.4 via data.gov.in (Table_3A.4_2016.csv)
2016,Gujarat,Known to victim - Employer / Co-Workers,employer_coworkers,11,NCRB CII 2016 Table 3A.4 via data.gov.in (Table_3A.4_2016.csv)
2016,Haryana,Known to victim - Employer / Co-Workers,employer_coworkers,35,NCRB CII 2016 Table 3A.4 via data.gov.in (Table_3A.4_2016.csv)
2016,Himachal Pradesh,Known to victim - Employer / Co-Workers,employer_coworkers,7,NCRB CII 2016 Table 3A.4 via data.gov.in (Table_3A.4_2016.csv)
2016,Jammu & Kashmir,Known to victim - Employer / Co-Workers,employer_coworkers,3,NCRB CII 2016 Table 3A.4 via data.gov.in (Table_3A.4_2016.csv)
2016,Jharkhand,Known to victim - Employer / Co-Workers,employer_coworkers,26,NCRB CII 2016 Table 3A.4 via data.gov.in (Table_3A.4_2016.csv)
2016,Karnataka,Known to victim - Employer / Co-Workers,employer_coworkers,37,NCRB CII 2016 Table 3A.4 via data.gov.in (Table_3A.4_2016.csv)
2016,Kerala,Known to victim - Employer / Co-Workers,employer_coworkers,24,NCRB CII 2016 Table 3A.4 via data.gov.in (Table_3A.4_2016.csv)
2016,Madhya Pradesh,Known to victim - Employer / Co-Workers,employer_coworkers,47,NCRB CII 2016 Table 3A.4 via data.gov.in (Table_3A.4_2016.csv)
2016,Maharashtra,Known to victim - Employer / Co-Workers,employer_coworkers,56,NCRB CII 2016 Table 3A.4 via data.gov.in (Table_3A.4_2016.csv)
2016,Manipur,Known to victim - Employer / Co-Workers,employer_coworkers,0,NCRB CII 2016 Table 3A.4 via data.gov.in (Table_3A.4_2016.csv)
2016,Meghalaya,Known to victim - Employer / Co-Workers,employer_coworkers,0,NCRB CII 2016 Table 3A.4 via data.gov.in (Table_3A.4_2016.csv)
2016,Mizoram,Known to victim - Employer / Co-Workers,employer_coworkers,0,NCRB CII 2016 Table 3A.4 via data.gov.in (Table_3A.4_2016.csv)
2016,Nagaland,Known to victim - Employer / Co-Workers,employer_coworkers,0,NCRB CII 2016 Table 3A.4 via data.gov.in (Table_3A.4_2016.csv)
2016,Odisha,Known to victim - Employer / Co-Workers,employer_coworkers,0,NCRB CII 2016 Table 3A.4 via data.gov.in (Table_3A.4_2016.csv)
2016,Punjab,Known to victim - Employer / Co-Workers,employer_coworkers,3,NCRB CII 2016 Table 3A.4 via data.gov.in (Table_3A.4_2016.csv)
2016,Rajasthan,Known to victim - Employer / Co-Workers,employer_coworkers,46,NCRB CII 2016 Table 3A.4 via data.gov.in (Table_3A.4_2016.csv)
2016,Sikkim,Known to victim - Employer / Co-Workers,employer_coworkers,0,NCRB CII 2016 Table 3A.4 via data.gov.in (Table_3A.4_2016.csv)
2016,Tamil Nadu,Known to victim - Employer / Co-Workers,employer_coworkers,10,NCRB CII 2016 Table 3A.4 via data.gov.in (Table_3A.4_2016.csv)
2016,Telangana,Known to victim - Employer / Co-Workers,employer_coworkers,60,NCRB CII 2016 Table 3A.4 via data.gov.in (Table_3A.4_2016.csv)
2016,Tripura,Known to victim - Employer / Co-Workers,employer_coworkers,3,NCRB CII 2016 Table 3A.4 via data.gov.in (Table_3A.4_2016.csv)
2016,Uttar Pradesh,Known to victim - Employer / Co-Workers,employer_coworkers,80,NCRB CII 2016 Table 3A.4 via data.gov.in (Table_3A.4_2016.csv)
2016,Uttarakhand,Known to victim - Employer / Co-Workers,employer_coworkers,1,NCRB CII 2016 Table 3A.4 via data.gov.in (Table_3A.4_2016.csv)
2016,West Bengal,Known to victim - Employer / Co-Workers,employer_coworkers,2,NCRB CII 2016 Table 3A.4 via data.gov.in (Table_3A.4_2016.csv)
2016,Andaman & Nicobar Islands,Known to victim - Employer / Co-Workers,employer_coworkers,0,NCRB CII 2016 Table 3A.4 via data.gov.in (Table_3A.4_2016.csv)
2016,Chandigarh,Known to victim - Employer / Co-Workers,employer_coworkers,1,NCRB CII 2016 Table 3A.4 via data.gov.in (Table_3A.4_2016.csv)
2016,Dadra & Nagar Haveli and Daman & Diu,Known to victim - Employer / Co-Workers,employer_coworkers,0,NCRB CII 2016 Table 3A.4 via data.gov.in (Table_3A.4_2016.csv)
2016,Delhi,Known to victim - Employer / Co-Workers,employer_coworkers,64,NCRB CII 2016 Table 3A.4 via data.gov.in (Table_3A.4_2016.csv)
2016,Lakshadweep,Known to victim - Employer / Co-Workers,employer_coworkers,0,NCRB CII 2016 Table 3A.4 via data.gov.in (Table_3A.4_2016.csv)
2016,Puducherry,Known to victim - Employer / Co-Workers,employer_coworkers,0,NCRB CII 2016 Table 3A.4 via data.gov.in (Table_3A.4_2016.csv)
2016,All India,Known to victim - Employer / Co-Workers,employer_coworkers,600,NCRB CII 2016 Table 3A.4 via data.gov.in (Table_3A.4_2016.csv)
2016,Andhra Pradesh,Known to victim - Live In Partner/ Husband (Separated /Ex),livein_partner_separated_ex_husband,14,NCRB CII 2016 Table 3A.4 via data.gov.in (Table_3A.4_2016.csv)
2016,Arunachal Pradesh,Known to victim - Live In Partner/ Husband (Separated /Ex),livein_partner_separated_ex_husband,4,NCRB CII 2016 Table 3A.4 via data.gov.in (Table_3A.4_2016.csv)
2016,Assam,Known to victim - Live In Partner/ Husband (Separated /Ex),livein_partner_separated_ex_husband,32,NCRB CII 2016 Table 3A.4 via data.gov.in (Table_3A.4_2016.csv)
2016,Bihar,Known to victim - Live In Partner/ Husband (Separated /Ex),livein_partner_separated_ex_husband,12,NCRB CII 2016 Table 3A.4 via data.gov.in (Table_3A.4_2016.csv)
2016,Chhattisgarh,Known to victim - Live In Partner/ Husband (Separated /Ex),livein_partner_separated_ex_husband,36,NCRB CII 2016 Table 3A.4 via data.gov.in (Table_3A.4_2016.csv)
2016,Goa,Known to victim - Live In Partner/ Husband (Separated /Ex),livein_partner_separated_ex_husband,0,NCRB CII 2016 Table 3A.4 via data.gov.in (Table_3A.4_2016.csv)
2016,Gujarat,Known to victim - Live In Partner/ Husband (Separated /Ex),livein_partner_separated_ex_husband,12,NCRB CII 2016 Table 3A.4 via data.gov.in (Table_3A.4_2016.csv)
2016,Haryana,Known to victim - Live In Partner/ Husband (Separated /Ex),livein_partner_separated_ex_husband,22,NCRB CII 2016 Table 3A.4 via data.gov.in (Table_3A.4_2016.csv)
2016,Himachal Pradesh,Known to victim - Live In Partner/ Husband (Separated /Ex),livein_partner_separated_ex_husband,3,NCRB CII 2016 Table 3A.4 via data.gov.in (Table_3A.4_2016.csv)
2016,Jammu & Kashmir,Known to victim - Live In Partner/ Husband (Separated /Ex),livein_partner_separated_ex_husband,3,NCRB CII 2016 Table 3A.4 via data.gov.in (Table_3A.4_2016.csv)
2016,Jharkhand,Known to victim - Live In Partner/ Husband (Separated /Ex),livein_partner_separated_ex_husband,37,NCRB CII 2016 Table 3A.4 via data.gov.in (Table_3A.4_2016.csv)
2016,Karnataka,Known to victim - Live In Partner/ Husband (Separated /Ex),livein_partner_separated_ex_husband,7,NCRB CII 2016 Table 3A.4 via data.gov.in (Table_3A.4_2016.csv)
2016,Kerala,Known to victim - Live In Partner/ Husband (Separated /Ex),livein_partner_separated_ex_husband,26,NCRB CII 2016 Table 3A.4 via data.gov.in (Table_3A.4_2016.csv)
2016,Madhya Pradesh,Known to victim - Live In Partner/ Husband (Separated /Ex),livein_partner_separated_ex_husband,43,NCRB CII 2016 Table 3A.4 via data.gov.in (Table_3A.4_2016.csv)
2016,Maharashtra,Known to victim - Live In Partner/ Husband (Separated /Ex),livein_partner_separated_ex_husband,38,NCRB CII 2016 Table 3A.4 via data.gov.in (Table_3A.4_2016.csv)
2016,Manipur,Known to victim - Live In Partner/ Husband (Separated /Ex),livein_partner_separated_ex_husband,1,NCRB CII 2016 Table 3A.4 via data.gov.in (Table_3A.4_2016.csv)
2016,Meghalaya,Known to victim - Live In Partner/ Husband (Separated /Ex),livein_partner_separated_ex_husband,0,NCRB CII 2016 Table 3A.4 via data.gov.in (Table_3A.4_2016.csv)
2016,Mizoram,Known to victim - Live In Partner/ Husband (Separated /Ex),livein_partner_separated_ex_husband,0,NCRB CII 2016 Table 3A.4 via data.gov.in (Table_3A.4_2016.csv)
2016,Nagaland,Known to victim - Live In Partner/ Husband (Separated /Ex),livein_partner_separated_ex_husband,0,NCRB CII 2016 Table 3A.4 via data.gov.in (Table_3A.4_2016.csv)
2016,Odisha,Known to victim - Live In Partner/ Husband (Separated /Ex),livein_partner_separated_ex_husband,0,NCRB CII 2016 Table 3A.4 via data.gov.in (Table_3A.4_2016.csv)
2016,Punjab,Known to victim - Live In Partner/ Husband (Separated /Ex),livein_partner_separated_ex_husband,5,NCRB CII 2016 Table 3A.4 via data.gov.in (Table_3A.4_2016.csv)
2016,Rajasthan,Known to victim - Live In Partner/ Husband (Separated /Ex),livein_partner_separated_ex_husband,30,NCRB CII 2016 Table 3A.4 via data.gov.in (Table_3A.4_2016.csv)
2016,Sikkim,Known to victim - Live In Partner/ Husband (Separated /Ex),livein_partner_separated_ex_husband,7,NCRB CII 2016 Table 3A.4 via data.gov.in (Table_3A.4_2016.csv)
2016,Tamil Nadu,Known to victim - Live In Partner/ Husband (Separated /Ex),livein_partner_separated_ex_husband,0,NCRB CII 2016 Table 3A.4 via data.gov.in (Table_3A.4_2016.csv)
2016,Telangana,Known to victim - Live In Partner/ Husband (Separated /Ex),livein_partner_separated_ex_husband,5,NCRB CII 2016 Table 3A.4 via data.gov.in (Table_3A.4_2016.csv)
2016,Tripura,Known to victim - Live In Partner/ Husband (Separated /Ex),livein_partner_separated_ex_husband,0,NCRB CII 2016 Table 3A.4 via data.gov.in (Table_3A.4_2016.csv)
2016,Uttar Pradesh,Known to victim - Live In Partner/ Husband (Separated /Ex),livein_partner_separated_ex_husband,80,NCRB CII 2016 Table 3A.4 via data.gov.in (Table_3A.4_2016.csv)
2016,Uttarakhand,Known to victim - Live In Partner/ Husband (Separated /Ex),livein_partner_separated_ex_husband,2,NCRB CII 2016 Table 3A.4 via data.gov.in (Table_3A.4_2016.csv)
2016,West Bengal,Known to victim - Live In Partner/ Husband (Separated /Ex),livein_partner_separated_ex_husband,0,NCRB CII 2016 Table 3A.4 via data.gov.in (Table_3A.4_2016.csv)
2016,Andaman & Nicobar Islands,Known to victim - Live In Partner/ Husband (Separated /Ex),livein_partner_separated_ex_husband,0,NCRB CII 2016 Table 3A.4 via data.gov.in (Table_3A.4_2016.csv)
2016,Chandigarh,Known to victim - Live In Partner/ Husband (Separated /Ex),livein_partner_separated_ex_husband,1,NCRB CII 2016 Table 3A.4 via data.gov.in (Table_3A.4_2016.csv)
2016,Dadra & Nagar Haveli and Daman & Diu,Known to victim - Live In Partner/ Husband (Separated /Ex),livein_partner_separated_ex_husband,4,NCRB CII 2016 Table 3A.4 via data.gov.in (Table_3A.4_2016.csv)
2016,Delhi,Known to victim - Live In Partner/ Husband (Separated /Ex),livein_partner_separated_ex_husband,133,NCRB CII 2016 Table 3A.4 via data.gov.in (Table_3A.4_2016.csv)
2016,Lakshadweep,Known to victim - Live In Partner/ Husband (Separated /Ex),livein_partner_separated_ex_husband,0,NCRB CII 2016 Table 3A.4 via data.gov.in (Table_3A.4_2016.csv)
2016,Puducherry,Known to victim - Live In Partner/ Husband (Separated /Ex),livein_partner_separated_ex_husband,0,NCRB CII 2016 Table 3A.4 via data.gov.in (Table_3A.4_2016.csv)
2016,All India,Known to victim - Live In Partner/ Husband (Separated /Ex),livein_partner_separated_ex_husband,557,NCRB CII 2016 Table 3A.4 via data.gov.in (Table_3A.4_2016.csv)
2016,Andhra Pradesh,Known to victim - Known Persons on Promise to Marry the Victim,known_person_on_promise_to_marry,280,NCRB CII 2016 Table 3A.4 via data.gov.in (Table_3A.4_2016.csv)
2016,Arunachal Pradesh,Known to victim - Known Persons on Promise to Marry the Victim,known_person_on_promise_to_marry,3,NCRB CII 2016 Table 3A.4 via data.gov.in (Table_3A.4_2016.csv)
2016,Assam,Known to victim - Known Persons on Promise to Marry the Victim,known_person_on_promise_to_marry,605,NCRB CII 2016 Table 3A.4 via data.gov.in (Table_3A.4_2016.csv)
2016,Bihar,Known to victim - Known Persons on Promise to Marry the Victim,known_person_on_promise_to_marry,383,NCRB CII 2016 Table 3A.4 via data.gov.in (Table_3A.4_2016.csv)
2016,Chhattisgarh,Known to victim - Known Persons on Promise to Marry the Victim,known_person_on_promise_to_marry,784,NCRB CII 2016 Table 3A.4 via data.gov.in (Table_3A.4_2016.csv)
2016,Goa,Known to victim - Known Persons on Promise to Marry the Victim,known_person_on_promise_to_marry,11,NCRB CII 2016 Table 3A.4 via data.gov.in (Table_3A.4_2016.csv)
2016,Gujarat,Known to victim - Known Persons on Promise to Marry the Victim,known_person_on_promise_to_marry,365,NCRB CII 2016 Table 3A.4 via data.gov.in (Table_3A.4_2016.csv)
2016,Haryana,Known to victim - Known Persons on Promise to Marry the Victim,known_person_on_promise_to_marry,109,NCRB CII 2016 Table 3A.4 via data.gov.in (Table_3A.4_2016.csv)
2016,Himachal Pradesh,Known to victim - Known Persons on Promise to Marry the Victim,known_person_on_promise_to_marry,84,NCRB CII 2016 Table 3A.4 via data.gov.in (Table_3A.4_2016.csv)
2016,Jammu & Kashmir,Known to victim - Known Persons on Promise to Marry the Victim,known_person_on_promise_to_marry,26,NCRB CII 2016 Table 3A.4 via data.gov.in (Table_3A.4_2016.csv)
2016,Jharkhand,Known to victim - Known Persons on Promise to Marry the Victim,known_person_on_promise_to_marry,334,NCRB CII 2016 Table 3A.4 via data.gov.in (Table_3A.4_2016.csv)
2016,Karnataka,Known to victim - Known Persons on Promise to Marry the Victim,known_person_on_promise_to_marry,379,NCRB CII 2016 Table 3A.4 via data.gov.in (Table_3A.4_2016.csv)
2016,Kerala,Known to victim - Known Persons on Promise to Marry the Victim,known_person_on_promise_to_marry,628,NCRB CII 2016 Table 3A.4 via data.gov.in (Table_3A.4_2016.csv)
2016,Madhya Pradesh,Known to victim - Known Persons on Promise to Marry the Victim,known_person_on_promise_to_marry,1592,NCRB CII 2016 Table 3A.4 via data.gov.in (Table_3A.4_2016.csv)
2016,Maharashtra,Known to victim - Known Persons on Promise to Marry the Victim,known_person_on_promise_to_marry,1422,NCRB CII 2016 Table 3A.4 via data.gov.in (Table_3A.4_2016.csv)
2016,Manipur,Known to victim - Known Persons on Promise to Marry the Victim,known_person_on_promise_to_marry,18,NCRB CII 2016 Table 3A.4 via data.gov.in (Table_3A.4_2016.csv)
2016,Meghalaya,Known to victim - Known Persons on Promise to Marry the Victim,known_person_on_promise_to_marry,9,NCRB CII 2016 Table 3A.4 via data.gov.in (Table_3A.4_2016.csv)
2016,Mizoram,Known to victim - Known Persons on Promise to Marry the Victim,known_person_on_promise_to_marry,4,NCRB CII 2016 Table 3A.4 via data.gov.in (Table_3A.4_2016.csv)
2016,Nagaland,Known to victim - Known Persons on Promise to Marry the Victim,known_person_on_promise_to_marry,2,NCRB CII 2016 Table 3A.4 via data.gov.in (Table_3A.4_2016.csv)
2016,Odisha,Known to victim - Known Persons on Promise to Marry the Victim,known_person_on_promise_to_marry,0,NCRB CII 2016 Table 3A.4 via data.gov.in (Table_3A.4_2016.csv)
2016,Punjab,Known to victim - Known Persons on Promise to Marry the Victim,known_person_on_promise_to_marry,203,NCRB CII 2016 Table 3A.4 via data.gov.in (Table_3A.4_2016.csv)
2016,Rajasthan,Known to victim - Known Persons on Promise to Marry the Victim,known_person_on_promise_to_marry,587,NCRB CII 2016 Table 3A.4 via data.gov.in (Table_3A.4_2016.csv)
2016,Sikkim,Known to victim - Known Persons on Promise to Marry the Victim,known_person_on_promise_to_marry,5,NCRB CII 2016 Table 3A.4 via data.gov.in (Table_3A.4_2016.csv)
2016,Tamil Nadu,Known to victim - Known Persons on Promise to Marry the Victim,known_person_on_promise_to_marry,138,NCRB CII 2016 Table 3A.4 via data.gov.in (Table_3A.4_2016.csv)
2016,Telangana,Known to victim - Known Persons on Promise to Marry the Victim,known_person_on_promise_to_marry,371,NCRB CII 2016 Table 3A.4 via data.gov.in (Table_3A.4_2016.csv)
2016,Tripura,Known to victim - Known Persons on Promise to Marry the Victim,known_person_on_promise_to_marry,54,NCRB CII 2016 Table 3A.4 via data.gov.in (Table_3A.4_2016.csv)
2016,Uttar Pradesh,Known to victim - Known Persons on Promise to Marry the Victim,known_person_on_promise_to_marry,1195,NCRB CII 2016 Table 3A.4 via data.gov.in (Table_3A.4_2016.csv)
2016,Uttarakhand,Known to victim - Known Persons on Promise to Marry the Victim,known_person_on_promise_to_marry,80,NCRB CII 2016 Table 3A.4 via data.gov.in (Table_3A.4_2016.csv)
2016,West Bengal,Known to victim - Known Persons on Promise to Marry the Victim,known_person_on_promise_to_marry,0,NCRB CII 2016 Table 3A.4 via data.gov.in (Table_3A.4_2016.csv)
2016,Andaman & Nicobar Islands,Known to victim - Known Persons on Promise to Marry the Victim,known_person_on_promise_to_marry,14,NCRB CII 2016 Table 3A.4 via data.gov.in (Table_3A.4_2016.csv)
2016,Chandigarh,Known to victim - Known Persons on Promise to Marry the Victim,known_person_on_promise_to_marry,11,NCRB CII 2016 Table 3A.4 via data.gov.in (Table_3A.4_2016.csv)
2016,Dadra & Nagar Haveli and Daman & Diu,Known to victim - Known Persons on Promise to Marry the Victim,known_person_on_promise_to_marry,0,NCRB CII 2016 Table 3A.4 via data.gov.in (Table_3A.4_2016.csv)
2016,Delhi,Known to victim - Known Persons on Promise to Marry the Victim,known_person_on_promise_to_marry,368,NCRB CII 2016 Table 3A.4 via data.gov.in (Table_3A.4_2016.csv)
2016,Lakshadweep,Known to victim - Known Persons on Promise to Marry the Victim,known_person_on_promise_to_marry,3,NCRB CII 2016 Table 3A.4 via data.gov.in (Table_3A.4_2016.csv)
2016,Puducherry,Known to victim - Known Persons on Promise to Marry the Victim,known_person_on_promise_to_marry,1,NCRB CII 2016 Table 3A.4 via data.gov.in (Table_3A.4_2016.csv)
2016,All India,Known to victim - Known Persons on Promise to Marry the Victim,known_person_on_promise_to_marry,10068,NCRB CII 2016 Table 3A.4 via data.gov.in (Table_3A.4_2016.csv)
2016,Andhra Pradesh,Known to victim - Other Known Persons,other_known_persons,255,NCRB CII 2016 Table 3A.4 via data.gov.in (Table_3A.4_2016.csv)
2016,Arunachal Pradesh,Known to victim - Other Known Persons,other_known_persons,29,NCRB CII 2016 Table 3A.4 via data.gov.in (Table_3A.4_2016.csv)
2016,Assam,Known to victim - Other Known Persons,other_known_persons,114,NCRB CII 2016 Table 3A.4 via data.gov.in (Table_3A.4_2016.csv)
2016,Bihar,Known to victim - Other Known Persons,other_known_persons,26,NCRB CII 2016 Table 3A.4 via data.gov.in (Table_3A.4_2016.csv)
2016,Chhattisgarh,Known to victim - Other Known Persons,other_known_persons,424,NCRB CII 2016 Table 3A.4 via data.gov.in (Table_3A.4_2016.csv)
2016,Goa,Known to victim - Other Known Persons,other_known_persons,24,NCRB CII 2016 Table 3A.4 via data.gov.in (Table_3A.4_2016.csv)
2016,Gujarat,Known to victim - Other Known Persons,other_known_persons,224,NCRB CII 2016 Table 3A.4 via data.gov.in (Table_3A.4_2016.csv)
2016,Haryana,Known to victim - Other Known Persons,other_known_persons,369,NCRB CII 2016 Table 3A.4 via data.gov.in (Table_3A.4_2016.csv)
2016,Himachal Pradesh,Known to victim - Other Known Persons,other_known_persons,104,NCRB CII 2016 Table 3A.4 via data.gov.in (Table_3A.4_2016.csv)
2016,Jammu & Kashmir,Known to victim - Other Known Persons,other_known_persons,115,NCRB CII 2016 Table 3A.4 via data.gov.in (Table_3A.4_2016.csv)
2016,Jharkhand,Known to victim - Other Known Persons,other_known_persons,10,NCRB CII 2016 Table 3A.4 via data.gov.in (Table_3A.4_2016.csv)
2016,Karnataka,Known to victim - Other Known Persons,other_known_persons,614,NCRB CII 2016 Table 3A.4 via data.gov.in (Table_3A.4_2016.csv)
2016,Kerala,Known to victim - Other Known Persons,other_known_persons,370,NCRB CII 2016 Table 3A.4 via data.gov.in (Table_3A.4_2016.csv)
2016,Madhya Pradesh,Known to victim - Other Known Persons,other_known_persons,1692,NCRB CII 2016 Table 3A.4 via data.gov.in (Table_3A.4_2016.csv)
2016,Maharashtra,Known to victim - Other Known Persons,other_known_persons,1569,NCRB CII 2016 Table 3A.4 via data.gov.in (Table_3A.4_2016.csv)
2016,Manipur,Known to victim - Other Known Persons,other_known_persons,16,NCRB CII 2016 Table 3A.4 via data.gov.in (Table_3A.4_2016.csv)
2016,Meghalaya,Known to victim - Other Known Persons,other_known_persons,42,NCRB CII 2016 Table 3A.4 via data.gov.in (Table_3A.4_2016.csv)
2016,Mizoram,Known to victim - Other Known Persons,other_known_persons,0,NCRB CII 2016 Table 3A.4 via data.gov.in (Table_3A.4_2016.csv)
2016,Nagaland,Known to victim - Other Known Persons,other_known_persons,3,NCRB CII 2016 Table 3A.4 via data.gov.in (Table_3A.4_2016.csv)
2016,Odisha,Known to victim - Other Known Persons,other_known_persons,558,NCRB CII 2016 Table 3A.4 via data.gov.in (Table_3A.4_2016.csv)
2016,Punjab,Known to victim - Other Known Persons,other_known_persons,320,NCRB CII 2016 Table 3A.4 via data.gov.in (Table_3A.4_2016.csv)
2016,Rajasthan,Known to victim - Other Known Persons,other_known_persons,1704,NCRB CII 2016 Table 3A.4 via data.gov.in (Table_3A.4_2016.csv)
2016,Sikkim,Known to victim - Other Known Persons,other_known_persons,8,NCRB CII 2016 Table 3A.4 via data.gov.in (Table_3A.4_2016.csv)
2016,Tamil Nadu,Known to victim - Other Known Persons,other_known_persons,23,NCRB CII 2016 Table 3A.4 via data.gov.in (Table_3A.4_2016.csv)
2016,Telangana,Known to victim - Other Known Persons,other_known_persons,180,NCRB CII 2016 Table 3A.4 via data.gov.in (Table_3A.4_2016.csv)
2016,Tripura,Known to victim - Other Known Persons,other_known_persons,26,NCRB CII 2016 Table 3A.4 via data.gov.in (Table_3A.4_2016.csv)
2016,Uttar Pradesh,Known to victim - Other Known Persons,other_known_persons,975,NCRB CII 2016 Table 3A.4 via data.gov.in (Table_3A.4_2016.csv)
2016,Uttarakhand,Known to victim - Other Known Persons,other_known_persons,116,NCRB CII 2016 Table 3A.4 via data.gov.in (Table_3A.4_2016.csv)
2016,West Bengal,Known to victim - Other Known Persons,other_known_persons,536,NCRB CII 2016 Table 3A.4 via data.gov.in (Table_3A.4_2016.csv)
2016,Andaman & Nicobar Islands,Known to victim - Other Known Persons,other_known_persons,8,NCRB CII 2016 Table 3A.4 via data.gov.in (Table_3A.4_2016.csv)
2016,Chandigarh,Known to victim - Other Known Persons,other_known_persons,29,NCRB CII 2016 Table 3A.4 via data.gov.in (Table_3A.4_2016.csv)
2016,Dadra & Nagar Haveli and Daman & Diu,Known to victim - Other Known Persons,other_known_persons,12,NCRB CII 2016 Table 3A.4 via data.gov.in (Table_3A.4_2016.csv)
2016,Delhi,Known to victim - Other Known Persons,other_known_persons,728,NCRB CII 2016 Table 3A.4 via data.gov.in (Table_3A.4_2016.csv)
2016,Lakshadweep,Known to victim - Other Known Persons,other_known_persons,0,NCRB CII 2016 Table 3A.4 via data.gov.in (Table_3A.4_2016.csv)
2016,Puducherry,Known to victim - Other Known Persons,other_known_persons,0,NCRB CII 2016 Table 3A.4 via data.gov.in (Table_3A.4_2016.csv)
2016,All India,Known to victim - Other Known Persons,other_known_persons,11223,NCRB CII 2016 Table 3A.4 via data.gov.in (Table_3A.4_2016.csv)
2016,Andhra Pradesh,Offenders not known to Victims,unknown,0,NCRB CII 2016 Table 3A.4 via data.gov.in (Table_3A.4_2016.csv)
2016,Arunachal Pradesh,Offenders not known to Victims,unknown,9,NCRB CII 2016 Table 3A.4 via data.gov.in (Table_3A.4_2016.csv)
2016,Assam,Offenders not known to Victims,unknown,0,NCRB CII 2016 Table 3A.4 via data.gov.in (Table_3A.4_2016.csv)
2016,Bihar,Offenders not known to Victims,unknown,27,NCRB CII 2016 Table 3A.4 via data.gov.in (Table_3A.4_2016.csv)
2016,Chhattisgarh,Offenders not known to Victims,unknown,42,NCRB CII 2016 Table 3A.4 via data.gov.in (Table_3A.4_2016.csv)
2016,Goa,Offenders not known to Victims,unknown,2,NCRB CII 2016 Table 3A.4 via data.gov.in (Table_3A.4_2016.csv)
2016,Gujarat,Offenders not known to Victims,unknown,6,NCRB CII 2016 Table 3A.4 via data.gov.in (Table_3A.4_2016.csv)
2016,Haryana,Offenders not known to Victims,unknown,15,NCRB CII 2016 Table 3A.4 via data.gov.in (Table_3A.4_2016.csv)
2016,Himachal Pradesh,Offenders not known to Victims,unknown,1,NCRB CII 2016 Table 3A.4 via data.gov.in (Table_3A.4_2016.csv)
2016,Jammu & Kashmir,Offenders not known to Victims,unknown,4,NCRB CII 2016 Table 3A.4 via data.gov.in (Table_3A.4_2016.csv)
2016,Jharkhand,Offenders not known to Victims,unknown,37,NCRB CII 2016 Table 3A.4 via data.gov.in (Table_3A.4_2016.csv)
2016,Karnataka,Offenders not known to Victims,unknown,13,NCRB CII 2016 Table 3A.4 via data.gov.in (Table_3A.4_2016.csv)
2016,Kerala,Offenders not known to Victims,unknown,29,NCRB CII 2016 Table 3A.4 via data.gov.in (Table_3A.4_2016.csv)
2016,Madhya Pradesh,Offenders not known to Victims,unknown,93,NCRB CII 2016 Table 3A.4 via data.gov.in (Table_3A.4_2016.csv)
2016,Maharashtra,Offenders not known to Victims,unknown,63,NCRB CII 2016 Table 3A.4 via data.gov.in (Table_3A.4_2016.csv)
2016,Manipur,Offenders not known to Victims,unknown,0,NCRB CII 2016 Table 3A.4 via data.gov.in (Table_3A.4_2016.csv)
2016,Meghalaya,Offenders not known to Victims,unknown,10,NCRB CII 2016 Table 3A.4 via data.gov.in (Table_3A.4_2016.csv)
2016,Mizoram,Offenders not known to Victims,unknown,0,NCRB CII 2016 Table 3A.4 via data.gov.in (Table_3A.4_2016.csv)
2016,Nagaland,Offenders not known to Victims,unknown,4,NCRB CII 2016 Table 3A.4 via data.gov.in (Table_3A.4_2016.csv)
2016,Odisha,Offenders not known to Victims,unknown,1419,NCRB CII 2016 Table 3A.4 via data.gov.in (Table_3A.4_2016.csv)
2016,Punjab,Offenders not known to Victims,unknown,3,NCRB CII 2016 Table 3A.4 via data.gov.in (Table_3A.4_2016.csv)
2016,Rajasthan,Offenders not known to Victims,unknown,30,NCRB CII 2016 Table 3A.4 via data.gov.in (Table_3A.4_2016.csv)
2016,Sikkim,Offenders not known to Victims,unknown,32,NCRB CII 2016 Table 3A.4 via data.gov.in (Table_3A.4_2016.csv)
2016,Tamil Nadu,Offenders not known to Victims,unknown,2,NCRB CII 2016 Table 3A.4 via data.gov.in (Table_3A.4_2016.csv)
2016,Telangana,Offenders not known to Victims,unknown,24,NCRB CII 2016 Table 3A.4 via data.gov.in (Table_3A.4_2016.csv)
2016,Tripura,Offenders not known to Victims,unknown,0,NCRB CII 2016 Table 3A.4 via data.gov.in (Table_3A.4_2016.csv)
2016,Uttar Pradesh,Offenders not known to Victims,unknown,13,NCRB CII 2016 Table 3A.4 via data.gov.in (Table_3A.4_2016.csv)
2016,Uttarakhand,Offenders not known to Victims,unknown,16,NCRB CII 2016 Table 3A.4 via data.gov.in (Table_3A.4_2016.csv)
2016,West Bengal,Offenders not known to Victims,unknown,113,NCRB CII 2016 Table 3A.4 via data.gov.in (Table_3A.4_2016.csv)
2016,Andaman & Nicobar Islands,Offenders not known to Victims,unknown,0,NCRB CII 2016 Table 3A.4 via data.gov.in (Table_3A.4_2016.csv)
2016,Chandigarh,Offenders not known to Victims,unknown,4,NCRB CII 2016 Table 3A.4 via data.gov.in (Table_3A.4_2016.csv)
2016,Dadra & Nagar Haveli and Daman & Diu,Offenders not known to Victims,unknown,0,NCRB CII 2016 Table 3A.4 via data.gov.in (Table_3A.4_2016.csv)
2016,Delhi,Offenders not known to Victims,unknown,77,NCRB CII 2016 Table 3A.4 via data.gov.in (Table_3A.4_2016.csv)
2016,Lakshadweep,Offenders not known to Victims,unknown,0,NCRB CII 2016 Table 3A.4 via data.gov.in (Table_3A.4_2016.csv)
2016,Puducherry,Offenders not known to Victims,unknown,0,NCRB CII 2016 Table 3A.4 via data.gov.in (Table_3A.4_2016.csv)
2016,All India,Offenders not known to Victims,unknown,2088,NCRB CII 2016 Table 3A.4 via data.gov.in (Table_3A.4_2016.csv)
2019,Andhra Pradesh,Known to victim (total),known_total,1044,NCRB CII 2019 Table 3A.4 via data.gov.in (NCRB_CII-2019_Table_3A.4.csv)
2019,Arunachal Pradesh,Known to victim (total),known_total,56,NCRB CII 2019 Table 3A.4 via data.gov.in (NCRB_CII-2019_Table_3A.4.csv)
2019,Assam,Known to victim (total),known_total,1563,NCRB CII 2019 Table 3A.4 via data.gov.in (NCRB_CII-2019_Table_3A.4.csv)
2019,Bihar,Known to victim (total),known_total,718,NCRB CII 2019 Table 3A.4 via data.gov.in (NCRB_CII-2019_Table_3A.4.csv)
2019,Chhattisgarh,Known to victim (total),known_total,1003,NCRB CII 2019 Table 3A.4 via data.gov.in (NCRB_CII-2019_Table_3A.4.csv)
2019,Goa,Known to victim (total),known_total,71,NCRB CII 2019 Table 3A.4 via data.gov.in (NCRB_CII-2019_Table_3A.4.csv)
2019,Gujarat,Known to victim (total),known_total,509,NCRB CII 2019 Table 3A.4 via data.gov.in (NCRB_CII-2019_Table_3A.4.csv)
2019,Haryana,Known to victim (total),known_total,1436,NCRB CII 2019 Table 3A.4 via data.gov.in (NCRB_CII-2019_Table_3A.4.csv)
2019,Himachal Pradesh,Known to victim (total),known_total,351,NCRB CII 2019 Table 3A.4 via data.gov.in (NCRB_CII-2019_Table_3A.4.csv)
2019,Jammu & Kashmir,Known to victim (total),known_total,184,NCRB CII 2019 Table 3A.4 via data.gov.in (NCRB_CII-2019_Table_3A.4.csv)
2019,Jharkhand,Known to victim (total),known_total,1334,NCRB CII 2019 Table 3A.4 via data.gov.in (NCRB_CII-2019_Table_3A.4.csv)
2019,Karnataka,Known to victim (total),known_total,501,NCRB CII 2019 Table 3A.4 via data.gov.in (NCRB_CII-2019_Table_3A.4.csv)
2019,Kerala,Known to victim (total),known_total,2010,NCRB CII 2019 Table 3A.4 via data.gov.in (NCRB_CII-2019_Table_3A.4.csv)
2019,Madhya Pradesh,Known to victim (total),known_total,2449,NCRB CII 2019 Table 3A.4 via data.gov.in (NCRB_CII-2019_Table_3A.4.csv)
2019,Maharashtra,Known to victim (total),known_total,2274,NCRB CII 2019 Table 3A.4 via data.gov.in (NCRB_CII-2019_Table_3A.4.csv)
2019,Manipur,Known to victim (total),known_total,36,NCRB CII 2019 Table 3A.4 via data.gov.in (NCRB_CII-2019_Table_3A.4.csv)
2019,Meghalaya,Known to victim (total),known_total,101,NCRB CII 2019 Table 3A.4 via data.gov.in (NCRB_CII-2019_Table_3A.4.csv)
2019,Mizoram,Known to victim (total),known_total,38,NCRB CII 2019 Table 3A.4 via data.gov.in (NCRB_CII-2019_Table_3A.4.csv)
2019,Nagaland,Known to victim (total),known_total,6,NCRB CII 2019 Table 3A.4 via data.gov.in (NCRB_CII-2019_Table_3A.4.csv)
2019,Odisha,Known to victim (total),known_total,1272,NCRB CII 2019 Table 3A.4 via data.gov.in (NCRB_CII-2019_Table_3A.4.csv)
2019,Punjab,Known to victim (total),known_total,1000,NCRB CII 2019 Table 3A.4 via data.gov.in (NCRB_CII-2019_Table_3A.4.csv)
2019,Rajasthan,Known to victim (total),known_total,5288,NCRB CII 2019 Table 3A.4 via data.gov.in (NCRB_CII-2019_Table_3A.4.csv)
2019,Sikkim,Known to victim (total),known_total,11,NCRB CII 2019 Table 3A.4 via data.gov.in (NCRB_CII-2019_Table_3A.4.csv)
2019,Tamil Nadu,Known to victim (total),known_total,361,NCRB CII 2019 Table 3A.4 via data.gov.in (NCRB_CII-2019_Table_3A.4.csv)
2019,Telangana,Known to victim (total),known_total,868,NCRB CII 2019 Table 3A.4 via data.gov.in (NCRB_CII-2019_Table_3A.4.csv)
2019,Tripura,Known to victim (total),known_total,83,NCRB CII 2019 Table 3A.4 via data.gov.in (NCRB_CII-2019_Table_3A.4.csv)
2019,Uttar Pradesh,Known to victim (total),known_total,2874,NCRB CII 2019 Table 3A.4 via data.gov.in (NCRB_CII-2019_Table_3A.4.csv)
2019,Uttarakhand,Known to victim (total),known_total,400,NCRB CII 2019 Table 3A.4 via data.gov.in (NCRB_CII-2019_Table_3A.4.csv)
2019,West Bengal,Known to victim (total),known_total,958,NCRB CII 2019 Table 3A.4 via data.gov.in (NCRB_CII-2019_Table_3A.4.csv)
2019,Andaman & Nicobar Islands,Known to victim (total),known_total,13,NCRB CII 2019 Table 3A.4 via data.gov.in (NCRB_CII-2019_Table_3A.4.csv)
2019,Chandigarh,Known to victim (total),known_total,102,NCRB CII 2019 Table 3A.4 via data.gov.in (NCRB_CII-2019_Table_3A.4.csv)
2019,Dadra & Nagar Haveli and Daman & Diu,Known to victim (total),known_total,4,NCRB CII 2019 Table 3A.4 via data.gov.in (NCRB_CII-2019_Table_3A.4.csv)
2019,Delhi,Known to victim (total),known_total,1237,NCRB CII 2019 Table 3A.4 via data.gov.in (NCRB_CII-2019_Table_3A.4.csv)
2019,Lakshadweep,Known to victim (total),known_total,0,NCRB CII 2019 Table 3A.4 via data.gov.in (NCRB_CII-2019_Table_3A.4.csv)
2019,Puducherry,Known to victim (total),known_total,10,NCRB CII 2019 Table 3A.4 via data.gov.in (NCRB_CII-2019_Table_3A.4.csv)
2019,All India,Known to victim (total),known_total,30165,NCRB CII 2019 Table 3A.4 via data.gov.in (NCRB_CII-2019_Table_3A.4.csv)
2019,Andhra Pradesh,Known to victim - Family members,family,89,NCRB CII 2019 Table 3A.4 via data.gov.in (NCRB_CII-2019_Table_3A.4.csv)
2019,Arunachal Pradesh,Known to victim - Family members,family,14,NCRB CII 2019 Table 3A.4 via data.gov.in (NCRB_CII-2019_Table_3A.4.csv)
2019,Assam,Known to victim - Family members,family,134,NCRB CII 2019 Table 3A.4 via data.gov.in (NCRB_CII-2019_Table_3A.4.csv)
2019,Bihar,Known to victim - Family members,family,62,NCRB CII 2019 Table 3A.4 via data.gov.in (NCRB_CII-2019_Table_3A.4.csv)
2019,Chhattisgarh,Known to victim - Family members,family,109,NCRB CII 2019 Table 3A.4 via data.gov.in (NCRB_CII-2019_Table_3A.4.csv)
2019,Goa,Known to victim - Family members,family,10,NCRB CII 2019 Table 3A.4 via data.gov.in (NCRB_CII-2019_Table_3A.4.csv)
2019,Gujarat,Known to victim - Family members,family,43,NCRB CII 2019 Table 3A.4 via data.gov.in (NCRB_CII-2019_Table_3A.4.csv)
2019,Haryana,Known to victim - Family members,family,120,NCRB CII 2019 Table 3A.4 via data.gov.in (NCRB_CII-2019_Table_3A.4.csv)
2019,Himachal Pradesh,Known to victim - Family members,family,34,NCRB CII 2019 Table 3A.4 via data.gov.in (NCRB_CII-2019_Table_3A.4.csv)
2019,Jammu & Kashmir,Known to victim - Family members,family,14,NCRB CII 2019 Table 3A.4 via data.gov.in (NCRB_CII-2019_Table_3A.4.csv)
2019,Jharkhand,Known to victim - Family members,family,88,NCRB CII 2019 Table 3A.4 via data.gov.in (NCRB_CII-2019_Table_3A.4.csv)
2019,Karnataka,Known to victim - Family members,family,32,NCRB CII 2019 Table 3A.4 via data.gov.in (NCRB_CII-2019_Table_3A.4.csv)
2019,Kerala,Known to victim - Family members,family,308,NCRB CII 2019 Table 3A.4 via data.gov.in (NCRB_CII-2019_Table_3A.4.csv)
2019,Madhya Pradesh,Known to victim - Family members,family,271,NCRB CII 2019 Table 3A.4 via data.gov.in (NCRB_CII-2019_Table_3A.4.csv)
2019,Maharashtra,Known to victim - Family members,family,180,NCRB CII 2019 Table 3A.4 via data.gov.in (NCRB_CII-2019_Table_3A.4.csv)
2019,Manipur,Known to victim - Family members,family,3,NCRB CII 2019 Table 3A.4 via data.gov.in (NCRB_CII-2019_Table_3A.4.csv)
2019,Meghalaya,Known to victim - Family members,family,15,NCRB CII 2019 Table 3A.4 via data.gov.in (NCRB_CII-2019_Table_3A.4.csv)
2019,Mizoram,Known to victim - Family members,family,4,NCRB CII 2019 Table 3A.4 via data.gov.in (NCRB_CII-2019_Table_3A.4.csv)
2019,Nagaland,Known to victim - Family members,family,2,NCRB CII 2019 Table 3A.4 via data.gov.in (NCRB_CII-2019_Table_3A.4.csv)
2019,Odisha,Known to victim - Family members,family,0,NCRB CII 2019 Table 3A.4 via data.gov.in (NCRB_CII-2019_Table_3A.4.csv)
2019,Punjab,Known to victim - Family members,family,93,NCRB CII 2019 Table 3A.4 via data.gov.in (NCRB_CII-2019_Table_3A.4.csv)
2019,Rajasthan,Known to victim - Family members,family,658,NCRB CII 2019 Table 3A.4 via data.gov.in (NCRB_CII-2019_Table_3A.4.csv)
2019,Sikkim,Known to victim - Family members,family,2,NCRB CII 2019 Table 3A.4 via data.gov.in (NCRB_CII-2019_Table_3A.4.csv)
2019,Tamil Nadu,Known to victim - Family members,family,23,NCRB CII 2019 Table 3A.4 via data.gov.in (NCRB_CII-2019_Table_3A.4.csv)
2019,Telangana,Known to victim - Family members,family,98,NCRB CII 2019 Table 3A.4 via data.gov.in (NCRB_CII-2019_Table_3A.4.csv)
2019,Tripura,Known to victim - Family members,family,6,NCRB CII 2019 Table 3A.4 via data.gov.in (NCRB_CII-2019_Table_3A.4.csv)
2019,Uttar Pradesh,Known to victim - Family members,family,317,NCRB CII 2019 Table 3A.4 via data.gov.in (NCRB_CII-2019_Table_3A.4.csv)
2019,Uttarakhand,Known to victim - Family members,family,15,NCRB CII 2019 Table 3A.4 via data.gov.in (NCRB_CII-2019_Table_3A.4.csv)
2019,West Bengal,Known to victim - Family members,family,24,NCRB CII 2019 Table 3A.4 via data.gov.in (NCRB_CII-2019_Table_3A.4.csv)
2019,Andaman & Nicobar Islands,Known to victim - Family members,family,1,NCRB CII 2019 Table 3A.4 via data.gov.in (NCRB_CII-2019_Table_3A.4.csv)
2019,Chandigarh,Known to victim - Family members,family,16,NCRB CII 2019 Table 3A.4 via data.gov.in (NCRB_CII-2019_Table_3A.4.csv)
2019,Dadra & Nagar Haveli and Daman & Diu,Known to victim - Family members,family,0,NCRB CII 2019 Table 3A.4 via data.gov.in (NCRB_CII-2019_Table_3A.4.csv)
2019,Delhi,Known to victim - Family members,family,129,NCRB CII 2019 Table 3A.4 via data.gov.in (NCRB_CII-2019_Table_3A.4.csv)
2019,Lakshadweep,Known to victim - Family members,family,0,NCRB CII 2019 Table 3A.4 via data.gov.in (NCRB_CII-2019_Table_3A.4.csv)
2019,Puducherry,Known to victim - Family members,family,2,NCRB CII 2019 Table 3A.4 via data.gov.in (NCRB_CII-2019_Table_3A.4.csv)
2019,All India,Known to victim - Family members,family,2916,NCRB CII 2019 Table 3A.4 via data.gov.in (NCRB_CII-2019_Table_3A.4.csv)
2019,Andhra Pradesh,Known to victim - Family Friends/ Neighbours/ Employer or Other Known Persons,family_friends_neighbours_employer_other_known,562,NCRB CII 2019 Table 3A.4 via data.gov.in (NCRB_CII-2019_Table_3A.4.csv)
2019,Arunachal Pradesh,Known to victim - Family Friends/ Neighbours/ Employer or Other Known Persons,family_friends_neighbours_employer_other_known,23,NCRB CII 2019 Table 3A.4 via data.gov.in (NCRB_CII-2019_Table_3A.4.csv)
2019,Assam,Known to victim - Family Friends/ Neighbours/ Employer or Other Known Persons,family_friends_neighbours_employer_other_known,515,NCRB CII 2019 Table 3A.4 via data.gov.in (NCRB_CII-2019_Table_3A.4.csv)
2019,Bihar,Known to victim - Family Friends/ Neighbours/ Employer or Other Known Persons,family_friends_neighbours_employer_other_known,398,NCRB CII 2019 Table 3A.4 via data.gov.in (NCRB_CII-2019_Table_3A.4.csv)
2019,Chhattisgarh,Known to victim - Family Friends/ Neighbours/ Employer or Other Known Persons,family_friends_neighbours_employer_other_known,421,NCRB CII 2019 Table 3A.4 via data.gov.in (NCRB_CII-2019_Table_3A.4.csv)
2019,Goa,Known to victim - Family Friends/ Neighbours/ Employer or Other Known Persons,family_friends_neighbours_employer_other_known,38,NCRB CII 2019 Table 3A.4 via data.gov.in (NCRB_CII-2019_Table_3A.4.csv)
2019,Gujarat,Known to victim - Family Friends/ Neighbours/ Employer or Other Known Persons,family_friends_neighbours_employer_other_known,233,NCRB CII 2019 Table 3A.4 via data.gov.in (NCRB_CII-2019_Table_3A.4.csv)
2019,Haryana,Known to victim - Family Friends/ Neighbours/ Employer or Other Known Persons,family_friends_neighbours_employer_other_known,323,NCRB CII 2019 Table 3A.4 via data.gov.in (NCRB_CII-2019_Table_3A.4.csv)
2019,Himachal Pradesh,Known to victim - Family Friends/ Neighbours/ Employer or Other Known Persons,family_friends_neighbours_employer_other_known,105,NCRB CII 2019 Table 3A.4 via data.gov.in (NCRB_CII-2019_Table_3A.4.csv)
2019,Jammu & Kashmir,Known to victim - Family Friends/ Neighbours/ Employer or Other Known Persons,family_friends_neighbours_employer_other_known,57,NCRB CII 2019 Table 3A.4 via data.gov.in (NCRB_CII-2019_Table_3A.4.csv)
2019,Jharkhand,Known to victim - Family Friends/ Neighbours/ Employer or Other Known Persons,family_friends_neighbours_employer_other_known,353,NCRB CII 2019 Table 3A.4 via data.gov.in (NCRB_CII-2019_Table_3A.4.csv)
2019,Karnataka,Known to victim - Family Friends/ Neighbours/ Employer or Other Known Persons,family_friends_neighbours_employer_other_known,188,NCRB CII 2019 Table 3A.4 via data.gov.in (NCRB_CII-2019_Table_3A.4.csv)
2019,Kerala,Known to victim - Family Friends/ Neighbours/ Employer or Other Known Persons,family_friends_neighbours_employer_other_known,1089,NCRB CII 2019 Table 3A.4 via data.gov.in (NCRB_CII-2019_Table_3A.4.csv)
2019,Madhya Pradesh,Known to victim - Family Friends/ Neighbours/ Employer or Other Known Persons,family_friends_neighbours_employer_other_known,991,NCRB CII 2019 Table 3A.4 via data.gov.in (NCRB_CII-2019_Table_3A.4.csv)
2019,Maharashtra,Known to victim - Family Friends/ Neighbours/ Employer or Other Known Persons,family_friends_neighbours_employer_other_known,1205,NCRB CII 2019 Table 3A.4 via data.gov.in (NCRB_CII-2019_Table_3A.4.csv)
2019,Manipur,Known to victim - Family Friends/ Neighbours/ Employer or Other Known Persons,family_friends_neighbours_employer_other_known,28,NCRB CII 2019 Table 3A.4 via data.gov.in (NCRB_CII-2019_Table_3A.4.csv)
2019,Meghalaya,Known to victim - Family Friends/ Neighbours/ Employer or Other Known Persons,family_friends_neighbours_employer_other_known,11,NCRB CII 2019 Table 3A.4 via data.gov.in (NCRB_CII-2019_Table_3A.4.csv)
2019,Mizoram,Known to victim - Family Friends/ Neighbours/ Employer or Other Known Persons,family_friends_neighbours_employer_other_known,2,NCRB CII 2019 Table 3A.4 via data.gov.in (NCRB_CII-2019_Table_3A.4.csv)
2019,Nagaland,Known to victim - Family Friends/ Neighbours/ Employer or Other Known Persons,family_friends_neighbours_employer_other_known,0,NCRB CII 2019 Table 3A.4 via data.gov.in (NCRB_CII-2019_Table_3A.4.csv)
2019,Odisha,Known to victim - Family Friends/ Neighbours/ Employer or Other Known Persons,family_friends_neighbours_employer_other_known,49,NCRB CII 2019 Table 3A.4 via data.gov.in (NCRB_CII-2019_Table_3A.4.csv)
2019,Punjab,Known to victim - Family Friends/ Neighbours/ Employer or Other Known Persons,family_friends_neighbours_employer_other_known,377,NCRB CII 2019 Table 3A.4 via data.gov.in (NCRB_CII-2019_Table_3A.4.csv)
2019,Rajasthan,Known to victim - Family Friends/ Neighbours/ Employer or Other Known Persons,family_friends_neighbours_employer_other_known,1618,NCRB CII 2019 Table 3A.4 via data.gov.in (NCRB_CII-2019_Table_3A.4.csv)
2019,Sikkim,Known to victim - Family Friends/ Neighbours/ Employer or Other Known Persons,family_friends_neighbours_employer_other_known,1,NCRB CII 2019 Table 3A.4 via data.gov.in (NCRB_CII-2019_Table_3A.4.csv)
2019,Tamil Nadu,Known to victim - Family Friends/ Neighbours/ Employer or Other Known Persons,family_friends_neighbours_employer_other_known,232,NCRB CII 2019 Table 3A.4 via data.gov.in (NCRB_CII-2019_Table_3A.4.csv)
2019,Telangana,Known to victim - Family Friends/ Neighbours/ Employer or Other Known Persons,family_friends_neighbours_employer_other_known,432,NCRB CII 2019 Table 3A.4 via data.gov.in (NCRB_CII-2019_Table_3A.4.csv)
2019,Tripura,Known to victim - Family Friends/ Neighbours/ Employer or Other Known Persons,family_friends_neighbours_employer_other_known,32,NCRB CII 2019 Table 3A.4 via data.gov.in (NCRB_CII-2019_Table_3A.4.csv)
2019,Uttar Pradesh,Known to victim - Family Friends/ Neighbours/ Employer or Other Known Persons,family_friends_neighbours_employer_other_known,785,NCRB CII 2019 Table 3A.4 via data.gov.in (NCRB_CII-2019_Table_3A.4.csv)
2019,Uttarakhand,Known to victim - Family Friends/ Neighbours/ Employer or Other Known Persons,family_friends_neighbours_employer_other_known,150,NCRB CII 2019 Table 3A.4 via data.gov.in (NCRB_CII-2019_Table_3A.4.csv)
2019,West Bengal,Known to victim - Family Friends/ Neighbours/ Employer or Other Known Persons,family_friends_neighbours_employer_other_known,72,NCRB CII 2019 Table 3A.4 via data.gov.in (NCRB_CII-2019_Table_3A.4.csv)
2019,Andaman & Nicobar Islands,Known to victim - Family Friends/ Neighbours/ Employer or Other Known Persons,family_friends_neighbours_employer_other_known,8,NCRB CII 2019 Table 3A.4 via data.gov.in (NCRB_CII-2019_Table_3A.4.csv)
2019,Chandigarh,Known to victim - Family Friends/ Neighbours/ Employer or Other Known Persons,family_friends_neighbours_employer_other_known,49,NCRB CII 2019 Table 3A.4 via data.gov.in (NCRB_CII-2019_Table_3A.4.csv)
2019,Dadra & Nagar Haveli and Daman & Diu,Known to victim - Family Friends/ Neighbours/ Employer or Other Known Persons,family_friends_neighbours_employer_other_known,3,NCRB CII 2019 Table 3A.4 via data.gov.in (NCRB_CII-2019_Table_3A.4.csv)
2019,Delhi,Known to victim - Family Friends/ Neighbours/ Employer or Other Known Persons,family_friends_neighbours_employer_other_known,588,NCRB CII 2019 Table 3A.4 via data.gov.in (NCRB_CII-2019_Table_3A.4.csv)
2019,Lakshadweep,Known to victim - Family Friends/ Neighbours/ Employer or Other Known Persons,family_friends_neighbours_employer_other_known,0,NCRB CII 2019 Table 3A.4 via data.gov.in (NCRB_CII-2019_Table_3A.4.csv)
2019,Puducherry,Known to victim - Family Friends/ Neighbours/ Employer or Other Known Persons,family_friends_neighbours_employer_other_known,0,NCRB CII 2019 Table 3A.4 via data.gov.in (NCRB_CII-2019_Table_3A.4.csv)
2019,All India,Known to victim - Family Friends/ Neighbours/ Employer or Other Known Persons,family_friends_neighbours_employer_other_known,10938,NCRB CII 2019 Table 3A.4 via data.gov.in (NCRB_CII-2019_Table_3A.4.csv)
2019,Andhra Pradesh,Known to victim - Friends/Online-Friends or Live in Partners on Pretext of Marriage/Seperated Husband,friends_online_friends_livein_partners_separated_husband,393,NCRB CII 2019 Table 3A.4 via data.gov.in (NCRB_CII-2019_Table_3A.4.csv)
2019,Arunachal Pradesh,Known to victim - Friends/Online-Friends or Live in Partners on Pretext of Marriage/Seperated Husband,friends_online_friends_livein_partners_separated_husband,19,NCRB CII 2019 Table 3A.4 via data.gov.in (NCRB_CII-2019_Table_3A.4.csv)
2019,Assam,Known to victim - Friends/Online-Friends or Live in Partners on Pretext of Marriage/Seperated Husband,friends_online_friends_livein_partners_separated_husband,914,NCRB CII 2019 Table 3A.4 via data.gov.in (NCRB_CII-2019_Table_3A.4.csv)
2019,Bihar,Known to victim - Friends/Online-Friends or Live in Partners on Pretext of Marriage/Seperated Husband,friends_online_friends_livein_partners_separated_husband,258,NCRB CII 2019 Table 3A.4 via data.gov.in (NCRB_CII-2019_Table_3A.4.csv)
2019,Chhattisgarh,Known to victim - Friends/Online-Friends or Live in Partners on Pretext of Marriage/Seperated Husband,friends_online_friends_livein_partners_separated_husband,473,NCRB CII 2019 Table 3A.4 via data.gov.in (NCRB_CII-2019_Table_3A.4.csv)
2019,Goa,Known to victim - Friends/Online-Friends or Live in Partners on Pretext of Marriage/Seperated Husband,friends_online_friends_livein_partners_separated_husband,23,NCRB CII 2019 Table 3A.4 via data.gov.in (NCRB_CII-2019_Table_3A.4.csv)
2019,Gujarat,Known to victim - Friends/Online-Friends or Live in Partners on Pretext of Marriage/Seperated Husband,friends_online_friends_livein_partners_separated_husband,233,NCRB CII 2019 Table 3A.4 via data.gov.in (NCRB_CII-2019_Table_3A.4.csv)
2019,Haryana,Known to victim - Friends/Online-Friends or Live in Partners on Pretext of Marriage/Seperated Husband,friends_online_friends_livein_partners_separated_husband,993,NCRB CII 2019 Table 3A.4 via data.gov.in (NCRB_CII-2019_Table_3A.4.csv)
2019,Himachal Pradesh,Known to victim - Friends/Online-Friends or Live in Partners on Pretext of Marriage/Seperated Husband,friends_online_friends_livein_partners_separated_husband,212,NCRB CII 2019 Table 3A.4 via data.gov.in (NCRB_CII-2019_Table_3A.4.csv)
2019,Jammu & Kashmir,Known to victim - Friends/Online-Friends or Live in Partners on Pretext of Marriage/Seperated Husband,friends_online_friends_livein_partners_separated_husband,113,NCRB CII 2019 Table 3A.4 via data.gov.in (NCRB_CII-2019_Table_3A.4.csv)
2019,Jharkhand,Known to victim - Friends/Online-Friends or Live in Partners on Pretext of Marriage/Seperated Husband,friends_online_friends_livein_partners_separated_husband,893,NCRB CII 2019 Table 3A.4 via data.gov.in (NCRB_CII-2019_Table_3A.4.csv)
2019,Karnataka,Known to victim - Friends/Online-Friends or Live in Partners on Pretext of Marriage/Seperated Husband,friends_online_friends_livein_partners_separated_husband,281,NCRB CII 2019 Table 3A.4 via data.gov.in (NCRB_CII-2019_Table_3A.4.csv)
2019,Kerala,Known to victim - Friends/Online-Friends or Live in Partners on Pretext of Marriage/Seperated Husband,friends_online_friends_livein_partners_separated_husband,613,NCRB CII 2019 Table 3A.4 via data.gov.in (NCRB_CII-2019_Table_3A.4.csv)
2019,Madhya Pradesh,Known to victim - Friends/Online-Friends or Live in Partners on Pretext of Marriage/Seperated Husband,friends_online_friends_livein_partners_separated_husband,1187,NCRB CII 2019 Table 3A.4 via data.gov.in (NCRB_CII-2019_Table_3A.4.csv)
2019,Maharashtra,Known to victim - Friends/Online-Friends or Live in Partners on Pretext of Marriage/Seperated Husband,friends_online_friends_livein_partners_separated_husband,889,NCRB CII 2019 Table 3A.4 via data.gov.in (NCRB_CII-2019_Table_3A.4.csv)
2019,Manipur,Known to victim - Friends/Online-Friends or Live in Partners on Pretext of Marriage/Seperated Husband,friends_online_friends_livein_partners_separated_husband,5,NCRB CII 2019 Table 3A.4 via data.gov.in (NCRB_CII-2019_Table_3A.4.csv)
2019,Meghalaya,Known to victim - Friends/Online-Friends or Live in Partners on Pretext of Marriage/Seperated Husband,friends_online_friends_livein_partners_separated_husband,75,NCRB CII 2019 Table 3A.4 via data.gov.in (NCRB_CII-2019_Table_3A.4.csv)
2019,Mizoram,Known to victim - Friends/Online-Friends or Live in Partners on Pretext of Marriage/Seperated Husband,friends_online_friends_livein_partners_separated_husband,32,NCRB CII 2019 Table 3A.4 via data.gov.in (NCRB_CII-2019_Table_3A.4.csv)
2019,Nagaland,Known to victim - Friends/Online-Friends or Live in Partners on Pretext of Marriage/Seperated Husband,friends_online_friends_livein_partners_separated_husband,4,NCRB CII 2019 Table 3A.4 via data.gov.in (NCRB_CII-2019_Table_3A.4.csv)
2019,Odisha,Known to victim - Friends/Online-Friends or Live in Partners on Pretext of Marriage/Seperated Husband,friends_online_friends_livein_partners_separated_husband,1223,NCRB CII 2019 Table 3A.4 via data.gov.in (NCRB_CII-2019_Table_3A.4.csv)
2019,Punjab,Known to victim - Friends/Online-Friends or Live in Partners on Pretext of Marriage/Seperated Husband,friends_online_friends_livein_partners_separated_husband,530,NCRB CII 2019 Table 3A.4 via data.gov.in (NCRB_CII-2019_Table_3A.4.csv)
2019,Rajasthan,Known to victim - Friends/Online-Friends or Live in Partners on Pretext of Marriage/Seperated Husband,friends_online_friends_livein_partners_separated_husband,3012,NCRB CII 2019 Table 3A.4 via data.gov.in (NCRB_CII-2019_Table_3A.4.csv)
2019,Sikkim,Known to victim - Friends/Online-Friends or Live in Partners on Pretext of Marriage/Seperated Husband,friends_online_friends_livein_partners_separated_husband,8,NCRB CII 2019 Table 3A.4 via data.gov.in (NCRB_CII-2019_Table_3A.4.csv)
2019,Tamil Nadu,Known to victim - Friends/Online-Friends or Live in Partners on Pretext of Marriage/Seperated Husband,friends_online_friends_livein_partners_separated_husband,106,NCRB CII 2019 Table 3A.4 via data.gov.in (NCRB_CII-2019_Table_3A.4.csv)
2019,Telangana,Known to victim - Friends/Online-Friends or Live in Partners on Pretext of Marriage/Seperated Husband,friends_online_friends_livein_partners_separated_husband,338,NCRB CII 2019 Table 3A.4 via data.gov.in (NCRB_CII-2019_Table_3A.4.csv)
2019,Tripura,Known to victim - Friends/Online-Friends or Live in Partners on Pretext of Marriage/Seperated Husband,friends_online_friends_livein_partners_separated_husband,45,NCRB CII 2019 Table 3A.4 via data.gov.in (NCRB_CII-2019_Table_3A.4.csv)
2019,Uttar Pradesh,Known to victim - Friends/Online-Friends or Live in Partners on Pretext of Marriage/Seperated Husband,friends_online_friends_livein_partners_separated_husband,1772,NCRB CII 2019 Table 3A.4 via data.gov.in (NCRB_CII-2019_Table_3A.4.csv)
2019,Uttarakhand,Known to victim - Friends/Online-Friends or Live in Partners on Pretext of Marriage/Seperated Husband,friends_online_friends_livein_partners_separated_husband,235,NCRB CII 2019 Table 3A.4 via data.gov.in (NCRB_CII-2019_Table_3A.4.csv)
2019,West Bengal,Known to victim - Friends/Online-Friends or Live in Partners on Pretext of Marriage/Seperated Husband,friends_online_friends_livein_partners_separated_husband,862,NCRB CII 2019 Table 3A.4 via data.gov.in (NCRB_CII-2019_Table_3A.4.csv)
2019,Andaman & Nicobar Islands,Known to victim - Friends/Online-Friends or Live in Partners on Pretext of Marriage/Seperated Husband,friends_online_friends_livein_partners_separated_husband,4,NCRB CII 2019 Table 3A.4 via data.gov.in (NCRB_CII-2019_Table_3A.4.csv)
2019,Chandigarh,Known to victim - Friends/Online-Friends or Live in Partners on Pretext of Marriage/Seperated Husband,friends_online_friends_livein_partners_separated_husband,37,NCRB CII 2019 Table 3A.4 via data.gov.in (NCRB_CII-2019_Table_3A.4.csv)
2019,Dadra & Nagar Haveli and Daman & Diu,Known to victim - Friends/Online-Friends or Live in Partners on Pretext of Marriage/Seperated Husband,friends_online_friends_livein_partners_separated_husband,1,NCRB CII 2019 Table 3A.4 via data.gov.in (NCRB_CII-2019_Table_3A.4.csv)
2019,Delhi,Known to victim - Friends/Online-Friends or Live in Partners on Pretext of Marriage/Seperated Husband,friends_online_friends_livein_partners_separated_husband,520,NCRB CII 2019 Table 3A.4 via data.gov.in (NCRB_CII-2019_Table_3A.4.csv)
2019,Lakshadweep,Known to victim - Friends/Online-Friends or Live in Partners on Pretext of Marriage/Seperated Husband,friends_online_friends_livein_partners_separated_husband,0,NCRB CII 2019 Table 3A.4 via data.gov.in (NCRB_CII-2019_Table_3A.4.csv)
2019,Puducherry,Known to victim - Friends/Online-Friends or Live in Partners on Pretext of Marriage/Seperated Husband,friends_online_friends_livein_partners_separated_husband,8,NCRB CII 2019 Table 3A.4 via data.gov.in (NCRB_CII-2019_Table_3A.4.csv)
2019,All India,Known to victim - Friends/Online-Friends or Live in Partners on Pretext of Marriage/Seperated Husband,friends_online_friends_livein_partners_separated_husband,16311,NCRB CII 2019 Table 3A.4 via data.gov.in (NCRB_CII-2019_Table_3A.4.csv)
2019,Andhra Pradesh,Cases Offenders Unknown or Not Identified,unknown,42,NCRB CII 2019 Table 3A.4 via data.gov.in (NCRB_CII-2019_Table_3A.4.csv)
2019,Arunachal Pradesh,Cases Offenders Unknown or Not Identified,unknown,7,NCRB CII 2019 Table 3A.4 via data.gov.in (NCRB_CII-2019_Table_3A.4.csv)
2019,Assam,Cases Offenders Unknown or Not Identified,unknown,210,NCRB CII 2019 Table 3A.4 via data.gov.in (NCRB_CII-2019_Table_3A.4.csv)
2019,Bihar,Cases Offenders Unknown or Not Identified,unknown,12,NCRB CII 2019 Table 3A.4 via data.gov.in (NCRB_CII-2019_Table_3A.4.csv)
2019,Chhattisgarh,Cases Offenders Unknown or Not Identified,unknown,33,NCRB CII 2019 Table 3A.4 via data.gov.in (NCRB_CII-2019_Table_3A.4.csv)
2019,Goa,Cases Offenders Unknown or Not Identified,unknown,1,NCRB CII 2019 Table 3A.4 via data.gov.in (NCRB_CII-2019_Table_3A.4.csv)
2019,Gujarat,Cases Offenders Unknown or Not Identified,unknown,19,NCRB CII 2019 Table 3A.4 via data.gov.in (NCRB_CII-2019_Table_3A.4.csv)
2019,Haryana,Cases Offenders Unknown or Not Identified,unknown,44,NCRB CII 2019 Table 3A.4 via data.gov.in (NCRB_CII-2019_Table_3A.4.csv)
2019,Himachal Pradesh,Cases Offenders Unknown or Not Identified,unknown,8,NCRB CII 2019 Table 3A.4 via data.gov.in (NCRB_CII-2019_Table_3A.4.csv)
2019,Jammu & Kashmir,Cases Offenders Unknown or Not Identified,unknown,39,NCRB CII 2019 Table 3A.4 via data.gov.in (NCRB_CII-2019_Table_3A.4.csv)
2019,Jharkhand,Cases Offenders Unknown or Not Identified,unknown,82,NCRB CII 2019 Table 3A.4 via data.gov.in (NCRB_CII-2019_Table_3A.4.csv)
2019,Karnataka,Cases Offenders Unknown or Not Identified,unknown,4,NCRB CII 2019 Table 3A.4 via data.gov.in (NCRB_CII-2019_Table_3A.4.csv)
2019,Kerala,Cases Offenders Unknown or Not Identified,unknown,13,NCRB CII 2019 Table 3A.4 via data.gov.in (NCRB_CII-2019_Table_3A.4.csv)
2019,Madhya Pradesh,Cases Offenders Unknown or Not Identified,unknown,36,NCRB CII 2019 Table 3A.4 via data.gov.in (NCRB_CII-2019_Table_3A.4.csv)
2019,Maharashtra,Cases Offenders Unknown or Not Identified,unknown,25,NCRB CII 2019 Table 3A.4 via data.gov.in (NCRB_CII-2019_Table_3A.4.csv)
2019,Manipur,Cases Offenders Unknown or Not Identified,unknown,0,NCRB CII 2019 Table 3A.4 via data.gov.in (NCRB_CII-2019_Table_3A.4.csv)
2019,Meghalaya,Cases Offenders Unknown or Not Identified,unknown,1,NCRB CII 2019 Table 3A.4 via data.gov.in (NCRB_CII-2019_Table_3A.4.csv)
2019,Mizoram,Cases Offenders Unknown or Not Identified,unknown,4,NCRB CII 2019 Table 3A.4 via data.gov.in (NCRB_CII-2019_Table_3A.4.csv)
2019,Nagaland,Cases Offenders Unknown or Not Identified,unknown,2,NCRB CII 2019 Table 3A.4 via data.gov.in (NCRB_CII-2019_Table_3A.4.csv)
2019,Odisha,Cases Offenders Unknown or Not Identified,unknown,110,NCRB CII 2019 Table 3A.4 via data.gov.in (NCRB_CII-2019_Table_3A.4.csv)
2019,Punjab,Cases Offenders Unknown or Not Identified,unknown,2,NCRB CII 2019 Table 3A.4 via data.gov.in (NCRB_CII-2019_Table_3A.4.csv)
2019,Rajasthan,Cases Offenders Unknown or Not Identified,unknown,709,NCRB CII 2019 Table 3A.4 via data.gov.in (NCRB_CII-2019_Table_3A.4.csv)
2019,Sikkim,Cases Offenders Unknown or Not Identified,unknown,0,NCRB CII 2019 Table 3A.4 via data.gov.in (NCRB_CII-2019_Table_3A.4.csv)
2019,Tamil Nadu,Cases Offenders Unknown or Not Identified,unknown,1,NCRB CII 2019 Table 3A.4 via data.gov.in (NCRB_CII-2019_Table_3A.4.csv)
2019,Telangana,Cases Offenders Unknown or Not Identified,unknown,5,NCRB CII 2019 Table 3A.4 via data.gov.in (NCRB_CII-2019_Table_3A.4.csv)
2019,Tripura,Cases Offenders Unknown or Not Identified,unknown,5,NCRB CII 2019 Table 3A.4 via data.gov.in (NCRB_CII-2019_Table_3A.4.csv)
2019,Uttar Pradesh,Cases Offenders Unknown or Not Identified,unknown,191,NCRB CII 2019 Table 3A.4 via data.gov.in (NCRB_CII-2019_Table_3A.4.csv)
2019,Uttarakhand,Cases Offenders Unknown or Not Identified,unknown,126,NCRB CII 2019 Table 3A.4 via data.gov.in (NCRB_CII-2019_Table_3A.4.csv)
2019,West Bengal,Cases Offenders Unknown or Not Identified,unknown,111,NCRB CII 2019 Table 3A.4 via data.gov.in (NCRB_CII-2019_Table_3A.4.csv)
2019,Andaman & Nicobar Islands,Cases Offenders Unknown or Not Identified,unknown,0,NCRB CII 2019 Table 3A.4 via data.gov.in (NCRB_CII-2019_Table_3A.4.csv)
2019,Chandigarh,Cases Offenders Unknown or Not Identified,unknown,10,NCRB CII 2019 Table 3A.4 via data.gov.in (NCRB_CII-2019_Table_3A.4.csv)
2019,Dadra & Nagar Haveli and Daman & Diu,Cases Offenders Unknown or Not Identified,unknown,0,NCRB CII 2019 Table 3A.4 via data.gov.in (NCRB_CII-2019_Table_3A.4.csv)
2019,Delhi,Cases Offenders Unknown or Not Identified,unknown,16,NCRB CII 2019 Table 3A.4 via data.gov.in (NCRB_CII-2019_Table_3A.4.csv)
2019,Lakshadweep,Cases Offenders Unknown or Not Identified,unknown,0,NCRB CII 2019 Table 3A.4 via data.gov.in (NCRB_CII-2019_Table_3A.4.csv)
2019,Puducherry,Cases Offenders Unknown or Not Identified,unknown,0,NCRB CII 2019 Table 3A.4 via data.gov.in (NCRB_CII-2019_Table_3A.4.csv)
2019,All India,Cases Offenders Unknown or Not Identified,unknown,1868,NCRB CII 2019 Table 3A.4 via data.gov.in (NCRB_CII-2019_Table_3A.4.csv)
2019,Andhra Pradesh,Total Rape Cases (Known+unknown Offenders),total_cases,1086,NCRB CII 2019 Table 3A.4 via data.gov.in (NCRB_CII-2019_Table_3A.4.csv)
2019,Arunachal Pradesh,Total Rape Cases (Known+unknown Offenders),total_cases,63,NCRB CII 2019 Table 3A.4 via data.gov.in (NCRB_CII-2019_Table_3A.4.csv)
2019,Assam,Total Rape Cases (Known+unknown Offenders),total_cases,1773,NCRB CII 2019 Table 3A.4 via data.gov.in (NCRB_CII-2019_Table_3A.4.csv)
2019,Bihar,Total Rape Cases (Known+unknown Offenders),total_cases,730,NCRB CII 2019 Table 3A.4 via data.gov.in (NCRB_CII-2019_Table_3A.4.csv)
2019,Chhattisgarh,Total Rape Cases (Known+unknown Offenders),total_cases,1036,NCRB CII 2019 Table 3A.4 via data.gov.in (NCRB_CII-2019_Table_3A.4.csv)
2019,Goa,Total Rape Cases (Known+unknown Offenders),total_cases,72,NCRB CII 2019 Table 3A.4 via data.gov.in (NCRB_CII-2019_Table_3A.4.csv)
2019,Gujarat,Total Rape Cases (Known+unknown Offenders),total_cases,528,NCRB CII 2019 Table 3A.4 via data.gov.in (NCRB_CII-2019_Table_3A.4.csv)
2019,Haryana,Total Rape Cases (Known+unknown Offenders),total_cases,1480,NCRB CII 2019 Table 3A.4 via data.gov.in (NCRB_CII-2019_Table_3A.4.csv)
2019,Himachal Pradesh,Total Rape Cases (Known+unknown Offenders),total_cases,359,NCRB CII 2019 Table 3A.4 via data.gov.in (NCRB_CII-2019_Table_3A.4.csv)
2019,Jammu & Kashmir,Total Rape Cases (Known+unknown Offenders),total_cases,223,NCRB CII 2019 Table 3A.4 via data.gov.in (NCRB_CII-2019_Table_3A.4.csv)
2019,Jharkhand,Total Rape Cases (Known+unknown Offenders),total_cases,1416,NCRB CII 2019 Table 3A.4 via data.gov.in (NCRB_CII-2019_Table_3A.4.csv)
2019,Karnataka,Total Rape Cases (Known+unknown Offenders),total_cases,505,NCRB CII 2019 Table 3A.4 via data.gov.in (NCRB_CII-2019_Table_3A.4.csv)
2019,Kerala,Total Rape Cases (Known+unknown Offenders),total_cases,2023,NCRB CII 2019 Table 3A.4 via data.gov.in (NCRB_CII-2019_Table_3A.4.csv)
2019,Madhya Pradesh,Total Rape Cases (Known+unknown Offenders),total_cases,2485,NCRB CII 2019 Table 3A.4 via data.gov.in (NCRB_CII-2019_Table_3A.4.csv)
2019,Maharashtra,Total Rape Cases (Known+unknown Offenders),total_cases,2299,NCRB CII 2019 Table 3A.4 via data.gov.in (NCRB_CII-2019_Table_3A.4.csv)
2019,Manipur,Total Rape Cases (Known+unknown Offenders),total_cases,36,NCRB CII 2019 Table 3A.4 via data.gov.in (NCRB_CII-2019_Table_3A.4.csv)
2019,Meghalaya,Total Rape Cases (Known+unknown Offenders),total_cases,102,NCRB CII 2019 Table 3A.4 via data.gov.in (NCRB_CII-2019_Table_3A.4.csv)
2019,Mizoram,Total Rape Cases (Known+unknown Offenders),total_cases,42,NCRB CII 2019 Table 3A.4 via data.gov.in (NCRB_CII-2019_Table_3A.4.csv)
2019,Nagaland,Total Rape Cases (Known+unknown Offenders),total_cases,8,NCRB CII 2019 Table 3A.4 via data.gov.in (NCRB_CII-2019_Table_3A.4.csv)
2019,Odisha,Total Rape Cases (Known+unknown Offenders),total_cases,1382,NCRB CII 2019 Table 3A.4 via data.gov.in (NCRB_CII-2019_Table_3A.4.csv)
2019,Punjab,Total Rape Cases (Known+unknown Offenders),total_cases,1002,NCRB CII 2019 Table 3A.4 via data.gov.in (NCRB_CII-2019_Table_3A.4.csv)
2019,Rajasthan,Total Rape Cases (Known+unknown Offenders),total_cases,5997,NCRB CII 2019 Table 3A.4 via data.gov.in (NCRB_CII-2019_Table_3A.4.csv)
2019,Sikkim,Total Rape Cases (Known+unknown Offenders),total_cases,11,NCRB CII 2019 Table 3A.4 via data.gov.in (NCRB_CII-2019_Table_3A.4.csv)
2019,Tamil Nadu,Total Rape Cases (Known+unknown Offenders),total_cases,362,NCRB CII 2019 Table 3A.4 via data.gov.in (NCRB_CII-2019_Table_3A.4.csv)
2019,Telangana,Total Rape Cases (Known+unknown Offenders),total_cases,873,NCRB CII 2019 Table 3A.4 via data.gov.in (NCRB_CII-2019_Table_3A.4.csv)
2019,Tripura,Total Rape Cases (Known+unknown Offenders),total_cases,88,NCRB CII 2019 Table 3A.4 via data.gov.in (NCRB_CII-2019_Table_3A.4.csv)
2019,Uttar Pradesh,Total Rape Cases (Known+unknown Offenders),total_cases,3065,NCRB CII 2019 Table 3A.4 via data.gov.in (NCRB_CII-2019_Table_3A.4.csv)
2019,Uttarakhand,Total Rape Cases (Known+unknown Offenders),total_cases,526,NCRB CII 2019 Table 3A.4 via data.gov.in (NCRB_CII-2019_Table_3A.4.csv)
2019,West Bengal,Total Rape Cases (Known+unknown Offenders),total_cases,1069,NCRB CII 2019 Table 3A.4 via data.gov.in (NCRB_CII-2019_Table_3A.4.csv)
2019,Andaman & Nicobar Islands,Total Rape Cases (Known+unknown Offenders),total_cases,13,NCRB CII 2019 Table 3A.4 via data.gov.in (NCRB_CII-2019_Table_3A.4.csv)
2019,Chandigarh,Total Rape Cases (Known+unknown Offenders),total_cases,112,NCRB CII 2019 Table 3A.4 via data.gov.in (NCRB_CII-2019_Table_3A.4.csv)
2019,Dadra & Nagar Haveli and Daman & Diu,Total Rape Cases (Known+unknown Offenders),total_cases,4,NCRB CII 2019 Table 3A.4 via data.gov.in (NCRB_CII-2019_Table_3A.4.csv)
2019,Delhi,Total Rape Cases (Known+unknown Offenders),total_cases,1253,NCRB CII 2019 Table 3A.4 via data.gov.in (NCRB_CII-2019_Table_3A.4.csv)
2019,Lakshadweep,Total Rape Cases (Known+unknown Offenders),total_cases,0,NCRB CII 2019 Table 3A.4 via data.gov.in (NCRB_CII-2019_Table_3A.4.csv)
2019,Puducherry,Total Rape Cases (Known+unknown Offenders),total_cases,10,NCRB CII 2019 Table 3A.4 via data.gov.in (NCRB_CII-2019_Table_3A.4.csv)
2019,All India,Total Rape Cases (Known+unknown Offenders),total_cases,32033,NCRB CII 2019 Table 3A.4 via data.gov.in (NCRB_CII-2019_Table_3A.4.csv)
2020,Andhra Pradesh,Known to victim (total),known_total,1088,NCRB CII 2020 Table 3A.4 via data.gov.in (NCRB_CII-2020_Table.No-3A.4.csv)
2020,Arunachal Pradesh,Known to victim (total),known_total,49,NCRB CII 2020 Table 3A.4 via data.gov.in (NCRB_CII-2020_Table.No-3A.4.csv)
2020,Assam,Known to victim (total),known_total,1457,NCRB CII 2020 Table 3A.4 via data.gov.in (NCRB_CII-2020_Table.No-3A.4.csv)
2020,Bihar,Known to victim (total),known_total,790,NCRB CII 2020 Table 3A.4 via data.gov.in (NCRB_CII-2020_Table.No-3A.4.csv)
2020,Chhattisgarh,Known to victim (total),known_total,1184,NCRB CII 2020 Table 3A.4 via data.gov.in (NCRB_CII-2020_Table.No-3A.4.csv)
2020,Goa,Known to victim (total),known_total,59,NCRB CII 2020 Table 3A.4 via data.gov.in (NCRB_CII-2020_Table.No-3A.4.csv)
2020,Gujarat,Known to victim (total),known_total,457,NCRB CII 2020 Table 3A.4 via data.gov.in (NCRB_CII-2020_Table.No-3A.4.csv)
2020,Haryana,Known to victim (total),known_total,1336,NCRB CII 2020 Table 3A.4 via data.gov.in (NCRB_CII-2020_Table.No-3A.4.csv)
2020,Himachal Pradesh,Known to victim (total),known_total,329,NCRB CII 2020 Table 3A.4 via data.gov.in (NCRB_CII-2020_Table.No-3A.4.csv)
2020,Jharkhand,Known to victim (total),known_total,1200,NCRB CII 2020 Table 3A.4 via data.gov.in (NCRB_CII-2020_Table.No-3A.4.csv)
2020,Karnataka,Known to victim (total),known_total,497,NCRB CII 2020 Table 3A.4 via data.gov.in (NCRB_CII-2020_Table.No-3A.4.csv)
2020,Kerala,Known to victim (total),known_total,628,NCRB CII 2020 Table 3A.4 via data.gov.in (NCRB_CII-2020_Table.No-3A.4.csv)
2020,Madhya Pradesh,Known to victim (total),known_total,2306,NCRB CII 2020 Table 3A.4 via data.gov.in (NCRB_CII-2020_Table.No-3A.4.csv)
2020,Maharashtra,Known to victim (total),known_total,2056,NCRB CII 2020 Table 3A.4 via data.gov.in (NCRB_CII-2020_Table.No-3A.4.csv)
2020,Manipur,Known to victim (total),known_total,31,NCRB CII 2020 Table 3A.4 via data.gov.in (NCRB_CII-2020_Table.No-3A.4.csv)
2020,Meghalaya,Known to victim (total),known_total,61,NCRB CII 2020 Table 3A.4 via data.gov.in (NCRB_CII-2020_Table.No-3A.4.csv)
2020,Mizoram,Known to victim (total),known_total,33,NCRB CII 2020 Table 3A.4 via data.gov.in (NCRB_CII-2020_Table.No-3A.4.csv)
2020,Nagaland,Known to victim (total),known_total,4,NCRB CII 2020 Table 3A.4 via data.gov.in (NCRB_CII-2020_Table.No-3A.4.csv)
2020,Odisha,Known to victim (total),known_total,1170,NCRB CII 2020 Table 3A.4 via data.gov.in (NCRB_CII-2020_Table.No-3A.4.csv)
2020,Punjab,Known to victim (total),known_total,498,NCRB CII 2020 Table 3A.4 via data.gov.in (NCRB_CII-2020_Table.No-3A.4.csv)
2020,Rajasthan,Known to victim (total),known_total,5046,NCRB CII 2020 Table 3A.4 via data.gov.in (NCRB_CII-2020_Table.No-3A.4.csv)
2020,Sikkim,Known to victim (total),known_total,12,NCRB CII 2020 Table 3A.4 via data.gov.in (NCRB_CII-2020_Table.No-3A.4.csv)
2020,Tamil Nadu,Known to victim (total),known_total,381,NCRB CII 2020 Table 3A.4 via data.gov.in (NCRB_CII-2020_Table.No-3A.4.csv)
2020,Telangana,Known to victim (total),known_total,755,NCRB CII 2020 Table 3A.4 via data.gov.in (NCRB_CII-2020_Table.No-3A.4.csv)
2020,Tripura,Known to victim (total),known_total,78,NCRB CII 2020 Table 3A.4 via data.gov.in (NCRB_CII-2020_Table.No-3A.4.csv)
2020,Uttar Pradesh,Known to victim (total),known_total,2568,NCRB CII 2020 Table 3A.4 via data.gov.in (NCRB_CII-2020_Table.No-3A.4.csv)
2020,Uttarakhand,Known to victim (total),known_total,457,NCRB CII 2020 Table 3A.4 via data.gov.in (NCRB_CII-2020_Table.No-3A.4.csv)
2020,West Bengal,Known to victim (total),known_total,1012,NCRB CII 2020 Table 3A.4 via data.gov.in (NCRB_CII-2020_Table.No-3A.4.csv)
2020,Andaman & Nicobar Islands,Known to victim (total),known_total,2,NCRB CII 2020 Table 3A.4 via data.gov.in (NCRB_CII-2020_Table.No-3A.4.csv)
2020,Chandigarh,Known to victim (total),known_total,56,NCRB CII 2020 Table 3A.4 via data.gov.in (NCRB_CII-2020_Table.No-3A.4.csv)
2020,Dadra & Nagar Haveli and Daman & Diu,Known to victim (total),known_total,4,NCRB CII 2020 Table 3A.4 via data.gov.in (NCRB_CII-2020_Table.No-3A.4.csv)
2020,Delhi,Known to victim (total),known_total,949,NCRB CII 2020 Table 3A.4 via data.gov.in (NCRB_CII-2020_Table.No-3A.4.csv)
2020,Jammu & Kashmir,Known to victim (total),known_total,242,NCRB CII 2020 Table 3A.4 via data.gov.in (NCRB_CII-2020_Table.No-3A.4.csv)
2020,Ladakh,Known to victim (total),known_total,2,NCRB CII 2020 Table 3A.4 via data.gov.in (NCRB_CII-2020_Table.No-3A.4.csv)
2020,Lakshadweep,Known to victim (total),known_total,3,NCRB CII 2020 Table 3A.4 via data.gov.in (NCRB_CII-2020_Table.No-3A.4.csv)
2020,Puducherry,Known to victim (total),known_total,8,NCRB CII 2020 Table 3A.4 via data.gov.in (NCRB_CII-2020_Table.No-3A.4.csv)
2020,All India,Known to victim (total),known_total,26808,NCRB CII 2020 Table 3A.4 via data.gov.in (NCRB_CII-2020_Table.No-3A.4.csv)
2020,Andhra Pradesh,Known to victim - Family Members,family,91,NCRB CII 2020 Table 3A.4 via data.gov.in (NCRB_CII-2020_Table.No-3A.4.csv)
2020,Arunachal Pradesh,Known to victim - Family Members,family,13,NCRB CII 2020 Table 3A.4 via data.gov.in (NCRB_CII-2020_Table.No-3A.4.csv)
2020,Assam,Known to victim - Family Members,family,173,NCRB CII 2020 Table 3A.4 via data.gov.in (NCRB_CII-2020_Table.No-3A.4.csv)
2020,Bihar,Known to victim - Family Members,family,132,NCRB CII 2020 Table 3A.4 via data.gov.in (NCRB_CII-2020_Table.No-3A.4.csv)
2020,Chhattisgarh,Known to victim - Family Members,family,87,NCRB CII 2020 Table 3A.4 via data.gov.in (NCRB_CII-2020_Table.No-3A.4.csv)
2020,Goa,Known to victim - Family Members,family,5,NCRB CII 2020 Table 3A.4 via data.gov.in (NCRB_CII-2020_Table.No-3A.4.csv)
2020,Gujarat,Known to victim - Family Members,family,30,NCRB CII 2020 Table 3A.4 via data.gov.in (NCRB_CII-2020_Table.No-3A.4.csv)
2020,Haryana,Known to victim - Family Members,family,117,NCRB CII 2020 Table 3A.4 via data.gov.in (NCRB_CII-2020_Table.No-3A.4.csv)
2020,Himachal Pradesh,Known to victim - Family Members,family,51,NCRB CII 2020 Table 3A.4 via data.gov.in (NCRB_CII-2020_Table.No-3A.4.csv)
2020,Jharkhand,Known to victim - Family Members,family,111,NCRB CII 2020 Table 3A.4 via data.gov.in (NCRB_CII-2020_Table.No-3A.4.csv)
2020,Karnataka,Known to victim - Family Members,family,45,NCRB CII 2020 Table 3A.4 via data.gov.in (NCRB_CII-2020_Table.No-3A.4.csv)
2020,Kerala,Known to victim - Family Members,family,55,NCRB CII 2020 Table 3A.4 via data.gov.in (NCRB_CII-2020_Table.No-3A.4.csv)
2020,Madhya Pradesh,Known to victim - Family Members,family,209,NCRB CII 2020 Table 3A.4 via data.gov.in (NCRB_CII-2020_Table.No-3A.4.csv)
2020,Maharashtra,Known to victim - Family Members,family,113,NCRB CII 2020 Table 3A.4 via data.gov.in (NCRB_CII-2020_Table.No-3A.4.csv)
2020,Manipur,Known to victim - Family Members,family,1,NCRB CII 2020 Table 3A.4 via data.gov.in (NCRB_CII-2020_Table.No-3A.4.csv)
2020,Meghalaya,Known to victim - Family Members,family,9,NCRB CII 2020 Table 3A.4 via data.gov.in (NCRB_CII-2020_Table.No-3A.4.csv)
2020,Mizoram,Known to victim - Family Members,family,11,NCRB CII 2020 Table 3A.4 via data.gov.in (NCRB_CII-2020_Table.No-3A.4.csv)
2020,Nagaland,Known to victim - Family Members,family,0,NCRB CII 2020 Table 3A.4 via data.gov.in (NCRB_CII-2020_Table.No-3A.4.csv)
2020,Odisha,Known to victim - Family Members,family,3,NCRB CII 2020 Table 3A.4 via data.gov.in (NCRB_CII-2020_Table.No-3A.4.csv)
2020,Punjab,Known to victim - Family Members,family,42,NCRB CII 2020 Table 3A.4 via data.gov.in (NCRB_CII-2020_Table.No-3A.4.csv)
2020,Rajasthan,Known to victim - Family Members,family,721,NCRB CII 2020 Table 3A.4 via data.gov.in (NCRB_CII-2020_Table.No-3A.4.csv)
2020,Sikkim,Known to victim - Family Members,family,2,NCRB CII 2020 Table 3A.4 via data.gov.in (NCRB_CII-2020_Table.No-3A.4.csv)
2020,Tamil Nadu,Known to victim - Family Members,family,40,NCRB CII 2020 Table 3A.4 via data.gov.in (NCRB_CII-2020_Table.No-3A.4.csv)
2020,Telangana,Known to victim - Family Members,family,98,NCRB CII 2020 Table 3A.4 via data.gov.in (NCRB_CII-2020_Table.No-3A.4.csv)
2020,Tripura,Known to victim - Family Members,family,6,NCRB CII 2020 Table 3A.4 via data.gov.in (NCRB_CII-2020_Table.No-3A.4.csv)
2020,Uttar Pradesh,Known to victim - Family Members,family,181,NCRB CII 2020 Table 3A.4 via data.gov.in (NCRB_CII-2020_Table.No-3A.4.csv)
2020,Uttarakhand,Known to victim - Family Members,family,5,NCRB CII 2020 Table 3A.4 via data.gov.in (NCRB_CII-2020_Table.No-3A.4.csv)
2020,West Bengal,Known to victim - Family Members,family,13,NCRB CII 2020 Table 3A.4 via data.gov.in (NCRB_CII-2020_Table.No-3A.4.csv)
2020,Andaman & Nicobar Islands,Known to victim - Family Members,family,0,NCRB CII 2020 Table 3A.4 via data.gov.in (NCRB_CII-2020_Table.No-3A.4.csv)
2020,Chandigarh,Known to victim - Family Members,family,8,NCRB CII 2020 Table 3A.4 via data.gov.in (NCRB_CII-2020_Table.No-3A.4.csv)
2020,Dadra & Nagar Haveli and Daman & Diu,Known to victim - Family Members,family,0,NCRB CII 2020 Table 3A.4 via data.gov.in (NCRB_CII-2020_Table.No-3A.4.csv)
2020,Delhi,Known to victim - Family Members,family,104,NCRB CII 2020 Table 3A.4 via data.gov.in (NCRB_CII-2020_Table.No-3A.4.csv)
2020,Jammu & Kashmir,Known to victim - Family Members,family,26,NCRB CII 2020 Table 3A.4 via data.gov.in (NCRB_CII-2020_Table.No-3A.4.csv)
2020,Ladakh,Known to victim - Family Members,family,0,NCRB CII 2020 Table 3A.4 via data.gov.in (NCRB_CII-2020_Table.No-3A.4.csv)
2020,Lakshadweep,Known to victim - Family Members,family,0,NCRB CII 2020 Table 3A.4 via data.gov.in (NCRB_CII-2020_Table.No-3A.4.csv)
2020,Puducherry,Known to victim - Family Members,family,0,NCRB CII 2020 Table 3A.4 via data.gov.in (NCRB_CII-2020_Table.No-3A.4.csv)
2020,All India,Known to victim - Family Members,family,2502,NCRB CII 2020 Table 3A.4 via data.gov.in (NCRB_CII-2020_Table.No-3A.4.csv)
2020,Andhra Pradesh,Known to victim - Friends/ Online-Friends or Live in Partners on Pretext of Marriage / Separated Husband,friends_online_friends_livein_partners_separated_husband,500,NCRB CII 2020 Table 3A.4 via data.gov.in (NCRB_CII-2020_Table.No-3A.4.csv)
2020,Arunachal Pradesh,Known to victim - Friends/ Online-Friends or Live in Partners on Pretext of Marriage / Separated Husband,friends_online_friends_livein_partners_separated_husband,7,NCRB CII 2020 Table 3A.4 via data.gov.in (NCRB_CII-2020_Table.No-3A.4.csv)
2020,Assam,Known to victim - Friends/ Online-Friends or Live in Partners on Pretext of Marriage / Separated Husband,friends_online_friends_livein_partners_separated_husband,457,NCRB CII 2020 Table 3A.4 via data.gov.in (NCRB_CII-2020_Table.No-3A.4.csv)
2020,Bihar,Known to victim - Friends/ Online-Friends or Live in Partners on Pretext of Marriage / Separated Husband,friends_online_friends_livein_partners_separated_husband,412,NCRB CII 2020 Table 3A.4 via data.gov.in (NCRB_CII-2020_Table.No-3A.4.csv)
2020,Chhattisgarh,Known to victim - Friends/ Online-Friends or Live in Partners on Pretext of Marriage / Separated Husband,friends_online_friends_livein_partners_separated_husband,536,NCRB CII 2020 Table 3A.4 via data.gov.in (NCRB_CII-2020_Table.No-3A.4.csv)
2020,Goa,Known to victim - Friends/ Online-Friends or Live in Partners on Pretext of Marriage / Separated Husband,friends_online_friends_livein_partners_separated_husband,29,NCRB CII 2020 Table 3A.4 via data.gov.in (NCRB_CII-2020_Table.No-3A.4.csv)
2020,Gujarat,Known to victim - Friends/ Online-Friends or Live in Partners on Pretext of Marriage / Separated Husband,friends_online_friends_livein_partners_separated_husband,229,NCRB CII 2020 Table 3A.4 via data.gov.in (NCRB_CII-2020_Table.No-3A.4.csv)
2020,Haryana,Known to victim - Friends/ Online-Friends or Live in Partners on Pretext of Marriage / Separated Husband,friends_online_friends_livein_partners_separated_husband,349,NCRB CII 2020 Table 3A.4 via data.gov.in (NCRB_CII-2020_Table.No-3A.4.csv)
2020,Himachal Pradesh,Known to victim - Friends/ Online-Friends or Live in Partners on Pretext of Marriage / Separated Husband,friends_online_friends_livein_partners_separated_husband,119,NCRB CII 2020 Table 3A.4 via data.gov.in (NCRB_CII-2020_Table.No-3A.4.csv)
2020,Jharkhand,Known to victim - Friends/ Online-Friends or Live in Partners on Pretext of Marriage / Separated Husband,friends_online_friends_livein_partners_separated_husband,356,NCRB CII 2020 Table 3A.4 via data.gov.in (NCRB_CII-2020_Table.No-3A.4.csv)
2020,Karnataka,Known to victim - Friends/ Online-Friends or Live in Partners on Pretext of Marriage / Separated Husband,friends_online_friends_livein_partners_separated_husband,219,NCRB CII 2020 Table 3A.4 via data.gov.in (NCRB_CII-2020_Table.No-3A.4.csv)
2020,Kerala,Known to victim - Friends/ Online-Friends or Live in Partners on Pretext of Marriage / Separated Husband,friends_online_friends_livein_partners_separated_husband,290,NCRB CII 2020 Table 3A.4 via data.gov.in (NCRB_CII-2020_Table.No-3A.4.csv)
2020,Madhya Pradesh,Known to victim - Friends/ Online-Friends or Live in Partners on Pretext of Marriage / Separated Husband,friends_online_friends_livein_partners_separated_husband,1042,NCRB CII 2020 Table 3A.4 via data.gov.in (NCRB_CII-2020_Table.No-3A.4.csv)
2020,Maharashtra,Known to victim - Friends/ Online-Friends or Live in Partners on Pretext of Marriage / Separated Husband,friends_online_friends_livein_partners_separated_husband,1047,NCRB CII 2020 Table 3A.4 via data.gov.in (NCRB_CII-2020_Table.No-3A.4.csv)
2020,Manipur,Known to victim - Friends/ Online-Friends or Live in Partners on Pretext of Marriage / Separated Husband,friends_online_friends_livein_partners_separated_husband,25,NCRB CII 2020 Table 3A.4 via data.gov.in (NCRB_CII-2020_Table.No-3A.4.csv)
2020,Meghalaya,Known to victim - Friends/ Online-Friends or Live in Partners on Pretext of Marriage / Separated Husband,friends_online_friends_livein_partners_separated_husband,7,NCRB CII 2020 Table 3A.4 via data.gov.in (NCRB_CII-2020_Table.No-3A.4.csv)
2020,Mizoram,Known to victim - Friends/ Online-Friends or Live in Partners on Pretext of Marriage / Separated Husband,friends_online_friends_livein_partners_separated_husband,7,NCRB CII 2020 Table 3A.4 via data.gov.in (NCRB_CII-2020_Table.No-3A.4.csv)
2020,Nagaland,Known to victim - Friends/ Online-Friends or Live in Partners on Pretext of Marriage / Separated Husband,friends_online_friends_livein_partners_separated_husband,0,NCRB CII 2020 Table 3A.4 via data.gov.in (NCRB_CII-2020_Table.No-3A.4.csv)
2020,Odisha,Known to victim - Friends/ Online-Friends or Live in Partners on Pretext of Marriage / Separated Husband,friends_online_friends_livein_partners_separated_husband,1090,NCRB CII 2020 Table 3A.4 via data.gov.in (NCRB_CII-2020_Table.No-3A.4.csv)
2020,Punjab,Known to victim - Friends/ Online-Friends or Live in Partners on Pretext of Marriage / Separated Husband,friends_online_friends_livein_partners_separated_husband,213,NCRB CII 2020 Table 3A.4 via data.gov.in (NCRB_CII-2020_Table.No-3A.4.csv)
2020,Rajasthan,Known to victim - Friends/ Online-Friends or Live in Partners on Pretext of Marriage / Separated Husband,friends_online_friends_livein_partners_separated_husband,1531,NCRB CII 2020 Table 3A.4 via data.gov.in (NCRB_CII-2020_Table.No-3A.4.csv)
2020,Sikkim,Known to victim - Friends/ Online-Friends or Live in Partners on Pretext of Marriage / Separated Husband,friends_online_friends_livein_partners_separated_husband,3,NCRB CII 2020 Table 3A.4 via data.gov.in (NCRB_CII-2020_Table.No-3A.4.csv)
2020,Tamil Nadu,Known to victim - Friends/ Online-Friends or Live in Partners on Pretext of Marriage / Separated Husband,friends_online_friends_livein_partners_separated_husband,219,NCRB CII 2020 Table 3A.4 via data.gov.in (NCRB_CII-2020_Table.No-3A.4.csv)
2020,Telangana,Known to victim - Friends/ Online-Friends or Live in Partners on Pretext of Marriage / Separated Husband,friends_online_friends_livein_partners_separated_husband,434,NCRB CII 2020 Table 3A.4 via data.gov.in (NCRB_CII-2020_Table.No-3A.4.csv)
2020,Tripura,Known to victim - Friends/ Online-Friends or Live in Partners on Pretext of Marriage / Separated Husband,friends_online_friends_livein_partners_separated_husband,29,NCRB CII 2020 Table 3A.4 via data.gov.in (NCRB_CII-2020_Table.No-3A.4.csv)
2020,Uttar Pradesh,Known to victim - Friends/ Online-Friends or Live in Partners on Pretext of Marriage / Separated Husband,friends_online_friends_livein_partners_separated_husband,943,NCRB CII 2020 Table 3A.4 via data.gov.in (NCRB_CII-2020_Table.No-3A.4.csv)
2020,Uttarakhand,Known to victim - Friends/ Online-Friends or Live in Partners on Pretext of Marriage / Separated Husband,friends_online_friends_livein_partners_separated_husband,94,NCRB CII 2020 Table 3A.4 via data.gov.in (NCRB_CII-2020_Table.No-3A.4.csv)
2020,West Bengal,Known to victim - Friends/ Online-Friends or Live in Partners on Pretext of Marriage / Separated Husband,friends_online_friends_livein_partners_separated_husband,2,NCRB CII 2020 Table 3A.4 via data.gov.in (NCRB_CII-2020_Table.No-3A.4.csv)
2020,Andaman & Nicobar Islands,Known to victim - Friends/ Online-Friends or Live in Partners on Pretext of Marriage / Separated Husband,friends_online_friends_livein_partners_separated_husband,2,NCRB CII 2020 Table 3A.4 via data.gov.in (NCRB_CII-2020_Table.No-3A.4.csv)
2020,Chandigarh,Known to victim - Friends/ Online-Friends or Live in Partners on Pretext of Marriage / Separated Husband,friends_online_friends_livein_partners_separated_husband,32,NCRB CII 2020 Table 3A.4 via data.gov.in (NCRB_CII-2020_Table.No-3A.4.csv)
2020,Dadra & Nagar Haveli and Daman & Diu,Known to victim - Friends/ Online-Friends or Live in Partners on Pretext of Marriage / Separated Husband,friends_online_friends_livein_partners_separated_husband,4,NCRB CII 2020 Table 3A.4 via data.gov.in (NCRB_CII-2020_Table.No-3A.4.csv)
2020,Delhi,Known to victim - Friends/ Online-Friends or Live in Partners on Pretext of Marriage / Separated Husband,friends_online_friends_livein_partners_separated_husband,424,NCRB CII 2020 Table 3A.4 via data.gov.in (NCRB_CII-2020_Table.No-3A.4.csv)
2020,Jammu & Kashmir,Known to victim - Friends/ Online-Friends or Live in Partners on Pretext of Marriage / Separated Husband,friends_online_friends_livein_partners_separated_husband,97,NCRB CII 2020 Table 3A.4 via data.gov.in (NCRB_CII-2020_Table.No-3A.4.csv)
2020,Ladakh,Known to victim - Friends/ Online-Friends or Live in Partners on Pretext of Marriage / Separated Husband,friends_online_friends_livein_partners_separated_husband,0,NCRB CII 2020 Table 3A.4 via data.gov.in (NCRB_CII-2020_Table.No-3A.4.csv)
2020,Lakshadweep,Known to victim - Friends/ Online-Friends or Live in Partners on Pretext of Marriage / Separated Husband,friends_online_friends_livein_partners_separated_husband,3,NCRB CII 2020 Table 3A.4 via data.gov.in (NCRB_CII-2020_Table.No-3A.4.csv)
2020,Puducherry,Known to victim - Friends/ Online-Friends or Live in Partners on Pretext of Marriage / Separated Husband,friends_online_friends_livein_partners_separated_husband,0,NCRB CII 2020 Table 3A.4 via data.gov.in (NCRB_CII-2020_Table.No-3A.4.csv)
2020,All India,Known to victim - Friends/ Online-Friends or Live in Partners on Pretext of Marriage / Separated Husband,friends_online_friends_livein_partners_separated_husband,10751,NCRB CII 2020 Table 3A.4 via data.gov.in (NCRB_CII-2020_Table.No-3A.4.csv)
2020,Andhra Pradesh,Known to victim - Family Friends/ Neighours/ Employer or Other Known Persons,family_friends_neighbours_employer_other_known,497,NCRB CII 2020 Table 3A.4 via data.gov.in (NCRB_CII-2020_Table.No-3A.4.csv)
2020,Arunachal Pradesh,Known to victim - Family Friends/ Neighours/ Employer or Other Known Persons,family_friends_neighbours_employer_other_known,29,NCRB CII 2020 Table 3A.4 via data.gov.in (NCRB_CII-2020_Table.No-3A.4.csv)
2020,Assam,Known to victim - Family Friends/ Neighours/ Employer or Other Known Persons,family_friends_neighbours_employer_other_known,827,NCRB CII 2020 Table 3A.4 via data.gov.in (NCRB_CII-2020_Table.No-3A.4.csv)
2020,Bihar,Known to victim - Family Friends/ Neighours/ Employer or Other Known Persons,family_friends_neighbours_employer_other_known,246,NCRB CII 2020 Table 3A.4 via data.gov.in (NCRB_CII-2020_Table.No-3A.4.csv)
2020,Chhattisgarh,Known to victim - Family Friends/ Neighours/ Employer or Other Known Persons,family_friends_neighbours_employer_other_known,561,NCRB CII 2020 Table 3A.4 via data.gov.in (NCRB_CII-2020_Table.No-3A.4.csv)
2020,Goa,Known to victim - Family Friends/ Neighours/ Employer or Other Known Persons,family_friends_neighbours_employer_other_known,25,NCRB CII 2020 Table 3A.4 via data.gov.in (NCRB_CII-2020_Table.No-3A.4.csv)
2020,Gujarat,Known to victim - Family Friends/ Neighours/ Employer or Other Known Persons,family_friends_neighbours_employer_other_known,198,NCRB CII 2020 Table 3A.4 via data.gov.in (NCRB_CII-2020_Table.No-3A.4.csv)
2020,Haryana,Known to victim - Family Friends/ Neighours/ Employer or Other Known Persons,family_friends_neighbours_employer_other_known,870,NCRB CII 2020 Table 3A.4 via data.gov.in (NCRB_CII-2020_Table.No-3A.4.csv)
2020,Himachal Pradesh,Known to victim - Family Friends/ Neighours/ Employer or Other Known Persons,family_friends_neighbours_employer_other_known,159,NCRB CII 2020 Table 3A.4 via data.gov.in (NCRB_CII-2020_Table.No-3A.4.csv)
2020,Jharkhand,Known to victim - Family Friends/ Neighours/ Employer or Other Known Persons,family_friends_neighbours_employer_other_known,733,NCRB CII 2020 Table 3A.4 via data.gov.in (NCRB_CII-2020_Table.No-3A.4.csv)
2020,Karnataka,Known to victim - Family Friends/ Neighours/ Employer or Other Known Persons,family_friends_neighbours_employer_other_known,233,NCRB CII 2020 Table 3A.4 via data.gov.in (NCRB_CII-2020_Table.No-3A.4.csv)
2020,Kerala,Known to victim - Family Friends/ Neighours/ Employer or Other Known Persons,family_friends_neighbours_employer_other_known,283,NCRB CII 2020 Table 3A.4 via data.gov.in (NCRB_CII-2020_Table.No-3A.4.csv)
2020,Madhya Pradesh,Known to victim - Family Friends/ Neighours/ Employer or Other Known Persons,family_friends_neighbours_employer_other_known,1055,NCRB CII 2020 Table 3A.4 via data.gov.in (NCRB_CII-2020_Table.No-3A.4.csv)
2020,Maharashtra,Known to victim - Family Friends/ Neighours/ Employer or Other Known Persons,family_friends_neighbours_employer_other_known,896,NCRB CII 2020 Table 3A.4 via data.gov.in (NCRB_CII-2020_Table.No-3A.4.csv)
2020,Manipur,Known to victim - Family Friends/ Neighours/ Employer or Other Known Persons,family_friends_neighbours_employer_other_known,5,NCRB CII 2020 Table 3A.4 via data.gov.in (NCRB_CII-2020_Table.No-3A.4.csv)
2020,Meghalaya,Known to victim - Family Friends/ Neighours/ Employer or Other Known Persons,family_friends_neighbours_employer_other_known,45,NCRB CII 2020 Table 3A.4 via data.gov.in (NCRB_CII-2020_Table.No-3A.4.csv)
2020,Mizoram,Known to victim - Family Friends/ Neighours/ Employer or Other Known Persons,family_friends_neighbours_employer_other_known,15,NCRB CII 2020 Table 3A.4 via data.gov.in (NCRB_CII-2020_Table.No-3A.4.csv)
2020,Nagaland,Known to victim - Family Friends/ Neighours/ Employer or Other Known Persons,family_friends_neighbours_employer_other_known,4,NCRB CII 2020 Table 3A.4 via data.gov.in (NCRB_CII-2020_Table.No-3A.4.csv)
2020,Odisha,Known to victim - Family Friends/ Neighours/ Employer or Other Known Persons,family_friends_neighbours_employer_other_known,77,NCRB CII 2020 Table 3A.4 via data.gov.in (NCRB_CII-2020_Table.No-3A.4.csv)
2020,Punjab,Known to victim - Family Friends/ Neighours/ Employer or Other Known Persons,family_friends_neighbours_employer_other_known,243,NCRB CII 2020 Table 3A.4 via data.gov.in (NCRB_CII-2020_Table.No-3A.4.csv)
2020,Rajasthan,Known to victim - Family Friends/ Neighours/ Employer or Other Known Persons,family_friends_neighbours_employer_other_known,2794,NCRB CII 2020 Table 3A.4 via data.gov.in (NCRB_CII-2020_Table.No-3A.4.csv)
2020,Sikkim,Known to victim - Family Friends/ Neighours/ Employer or Other Known Persons,family_friends_neighbours_employer_other_known,7,NCRB CII 2020 Table 3A.4 via data.gov.in (NCRB_CII-2020_Table.No-3A.4.csv)
2020,Tamil Nadu,Known to victim - Family Friends/ Neighours/ Employer or Other Known Persons,family_friends_neighbours_employer_other_known,122,NCRB CII 2020 Table 3A.4 via data.gov.in (NCRB_CII-2020_Table.No-3A.4.csv)
2020,Telangana,Known to victim - Family Friends/ Neighours/ Employer or Other Known Persons,family_friends_neighbours_employer_other_known,223,NCRB CII 2020 Table 3A.4 via data.gov.in (NCRB_CII-2020_Table.No-3A.4.csv)
2020,Tripura,Known to victim - Family Friends/ Neighours/ Employer or Other Known Persons,family_friends_neighbours_employer_other_known,43,NCRB CII 2020 Table 3A.4 via data.gov.in (NCRB_CII-2020_Table.No-3A.4.csv)
2020,Uttar Pradesh,Known to victim - Family Friends/ Neighours/ Employer or Other Known Persons,family_friends_neighbours_employer_other_known,1444,NCRB CII 2020 Table 3A.4 via data.gov.in (NCRB_CII-2020_Table.No-3A.4.csv)
2020,Uttarakhand,Known to victim - Family Friends/ Neighours/ Employer or Other Known Persons,family_friends_neighbours_employer_other_known,358,NCRB CII 2020 Table 3A.4 via data.gov.in (NCRB_CII-2020_Table.No-3A.4.csv)
2020,West Bengal,Known to victim - Family Friends/ Neighours/ Employer or Other Known Persons,family_friends_neighbours_employer_other_known,997,NCRB CII 2020 Table 3A.4 via data.gov.in (NCRB_CII-2020_Table.No-3A.4.csv)
2020,Andaman & Nicobar Islands,Known to victim - Family Friends/ Neighours/ Employer or Other Known Persons,family_friends_neighbours_employer_other_known,0,NCRB CII 2020 Table 3A.4 via data.gov.in (NCRB_CII-2020_Table.No-3A.4.csv)
2020,Chandigarh,Known to victim - Family Friends/ Neighours/ Employer or Other Known Persons,family_friends_neighbours_employer_other_known,16,NCRB CII 2020 Table 3A.4 via data.gov.in (NCRB_CII-2020_Table.No-3A.4.csv)
2020,Dadra & Nagar Haveli and Daman & Diu,Known to victim - Family Friends/ Neighours/ Employer or Other Known Persons,family_friends_neighbours_employer_other_known,0,NCRB CII 2020 Table 3A.4 via data.gov.in (NCRB_CII-2020_Table.No-3A.4.csv)
2020,Delhi,Known to victim - Family Friends/ Neighours/ Employer or Other Known Persons,family_friends_neighbours_employer_other_known,421,NCRB CII 2020 Table 3A.4 via data.gov.in (NCRB_CII-2020_Table.No-3A.4.csv)
2020,Jammu & Kashmir,Known to victim - Family Friends/ Neighours/ Employer or Other Known Persons,family_friends_neighbours_employer_other_known,119,NCRB CII 2020 Table 3A.4 via data.gov.in (NCRB_CII-2020_Table.No-3A.4.csv)
2020,Ladakh,Known to victim - Family Friends/ Neighours/ Employer or Other Known Persons,family_friends_neighbours_employer_other_known,2,NCRB CII 2020 Table 3A.4 via data.gov.in (NCRB_CII-2020_Table.No-3A.4.csv)
2020,Lakshadweep,Known to victim - Family Friends/ Neighours/ Employer or Other Known Persons,family_friends_neighbours_employer_other_known,0,NCRB CII 2020 Table 3A.4 via data.gov.in (NCRB_CII-2020_Table.No-3A.4.csv)
2020,Puducherry,Known to victim - Family Friends/ Neighours/ Employer or Other Known Persons,family_friends_neighbours_employer_other_known,8,NCRB CII 2020 Table 3A.4 via data.gov.in (NCRB_CII-2020_Table.No-3A.4.csv)
2020,All India,Known to victim - Family Friends/ Neighours/ Employer or Other Known Persons,family_friends_neighbours_employer_other_known,13555,NCRB CII 2020 Table 3A.4 via data.gov.in (NCRB_CII-2020_Table.No-3A.4.csv)
2020,Andhra Pradesh,Cases Offenders Unknown or Not Identified,unknown,7,NCRB CII 2020 Table 3A.4 via data.gov.in (NCRB_CII-2020_Table.No-3A.4.csv)
2020,Arunachal Pradesh,Cases Offenders Unknown or Not Identified,unknown,11,NCRB CII 2020 Table 3A.4 via data.gov.in (NCRB_CII-2020_Table.No-3A.4.csv)
2020,Assam,Cases Offenders Unknown or Not Identified,unknown,200,NCRB CII 2020 Table 3A.4 via data.gov.in (NCRB_CII-2020_Table.No-3A.4.csv)
2020,Bihar,Cases Offenders Unknown or Not Identified,unknown,16,NCRB CII 2020 Table 3A.4 via data.gov.in (NCRB_CII-2020_Table.No-3A.4.csv)
2020,Chhattisgarh,Cases Offenders Unknown or Not Identified,unknown,26,NCRB CII 2020 Table 3A.4 via data.gov.in (NCRB_CII-2020_Table.No-3A.4.csv)
2020,Goa,Cases Offenders Unknown or Not Identified,unknown,1,NCRB CII 2020 Table 3A.4 via data.gov.in (NCRB_CII-2020_Table.No-3A.4.csv)
2020,Gujarat,Cases Offenders Unknown or Not Identified,unknown,29,NCRB CII 2020 Table 3A.4 via data.gov.in (NCRB_CII-2020_Table.No-3A.4.csv)
2020,Haryana,Cases Offenders Unknown or Not Identified,unknown,37,NCRB CII 2020 Table 3A.4 via data.gov.in (NCRB_CII-2020_Table.No-3A.4.csv)
2020,Himachal Pradesh,Cases Offenders Unknown or Not Identified,unknown,2,NCRB CII 2020 Table 3A.4 via data.gov.in (NCRB_CII-2020_Table.No-3A.4.csv)
2020,Jharkhand,Cases Offenders Unknown or Not Identified,unknown,121,NCRB CII 2020 Table 3A.4 via data.gov.in (NCRB_CII-2020_Table.No-3A.4.csv)
2020,Karnataka,Cases Offenders Unknown or Not Identified,unknown,7,NCRB CII 2020 Table 3A.4 via data.gov.in (NCRB_CII-2020_Table.No-3A.4.csv)
2020,Kerala,Cases Offenders Unknown or Not Identified,unknown,9,NCRB CII 2020 Table 3A.4 via data.gov.in (NCRB_CII-2020_Table.No-3A.4.csv)
2020,Madhya Pradesh,Cases Offenders Unknown or Not Identified,unknown,33,NCRB CII 2020 Table 3A.4 via data.gov.in (NCRB_CII-2020_Table.No-3A.4.csv)
2020,Maharashtra,Cases Offenders Unknown or Not Identified,unknown,5,NCRB CII 2020 Table 3A.4 via data.gov.in (NCRB_CII-2020_Table.No-3A.4.csv)
2020,Manipur,Cases Offenders Unknown or Not Identified,unknown,1,NCRB CII 2020 Table 3A.4 via data.gov.in (NCRB_CII-2020_Table.No-3A.4.csv)
2020,Meghalaya,Cases Offenders Unknown or Not Identified,unknown,6,NCRB CII 2020 Table 3A.4 via data.gov.in (NCRB_CII-2020_Table.No-3A.4.csv)
2020,Mizoram,Cases Offenders Unknown or Not Identified,unknown,0,NCRB CII 2020 Table 3A.4 via data.gov.in (NCRB_CII-2020_Table.No-3A.4.csv)
2020,Nagaland,Cases Offenders Unknown or Not Identified,unknown,0,NCRB CII 2020 Table 3A.4 via data.gov.in (NCRB_CII-2020_Table.No-3A.4.csv)
2020,Odisha,Cases Offenders Unknown or Not Identified,unknown,41,NCRB CII 2020 Table 3A.4 via data.gov.in (NCRB_CII-2020_Table.No-3A.4.csv)
2020,Punjab,Cases Offenders Unknown or Not Identified,unknown,4,NCRB CII 2020 Table 3A.4 via data.gov.in (NCRB_CII-2020_Table.No-3A.4.csv)
2020,Rajasthan,Cases Offenders Unknown or Not Identified,unknown,264,NCRB CII 2020 Table 3A.4 via data.gov.in (NCRB_CII-2020_Table.No-3A.4.csv)
2020,Sikkim,Cases Offenders Unknown or Not Identified,unknown,0,NCRB CII 2020 Table 3A.4 via data.gov.in (NCRB_CII-2020_Table.No-3A.4.csv)
2020,Tamil Nadu,Cases Offenders Unknown or Not Identified,unknown,8,NCRB CII 2020 Table 3A.4 via data.gov.in (NCRB_CII-2020_Table.No-3A.4.csv)
2020,Telangana,Cases Offenders Unknown or Not Identified,unknown,9,NCRB CII 2020 Table 3A.4 via data.gov.in (NCRB_CII-2020_Table.No-3A.4.csv)
2020,Tripura,Cases Offenders Unknown or Not Identified,unknown,1,NCRB CII 2020 Table 3A.4 via data.gov.in (NCRB_CII-2020_Table.No-3A.4.csv)
2020,Uttar Pradesh,Cases Offenders Unknown or Not Identified,unknown,201,NCRB CII 2020 Table 3A.4 via data.gov.in (NCRB_CII-2020_Table.No-3A.4.csv)
2020,Uttarakhand,Cases Offenders Unknown or Not Identified,unknown,30,NCRB CII 2020 Table 3A.4 via data.gov.in (NCRB_CII-2020_Table.No-3A.4.csv)
2020,West Bengal,Cases Offenders Unknown or Not Identified,unknown,116,NCRB CII 2020 Table 3A.4 via data.gov.in (NCRB_CII-2020_Table.No-3A.4.csv)
2020,Andaman & Nicobar Islands,Cases Offenders Unknown or Not Identified,unknown,0,NCRB CII 2020 Table 3A.4 via data.gov.in (NCRB_CII-2020_Table.No-3A.4.csv)
2020,Chandigarh,Cases Offenders Unknown or Not Identified,unknown,4,NCRB CII 2020 Table 3A.4 via data.gov.in (NCRB_CII-2020_Table.No-3A.4.csv)
2020,Dadra & Nagar Haveli and Daman & Diu,Cases Offenders Unknown or Not Identified,unknown,0,NCRB CII 2020 Table 3A.4 via data.gov.in (NCRB_CII-2020_Table.No-3A.4.csv)
2020,Delhi,Cases Offenders Unknown or Not Identified,unknown,48,NCRB CII 2020 Table 3A.4 via data.gov.in (NCRB_CII-2020_Table.No-3A.4.csv)
2020,Jammu & Kashmir,Cases Offenders Unknown or Not Identified,unknown,1,NCRB CII 2020 Table 3A.4 via data.gov.in (NCRB_CII-2020_Table.No-3A.4.csv)
2020,Ladakh,Cases Offenders Unknown or Not Identified,unknown,0,NCRB CII 2020 Table 3A.4 via data.gov.in (NCRB_CII-2020_Table.No-3A.4.csv)
2020,Lakshadweep,Cases Offenders Unknown or Not Identified,unknown,0,NCRB CII 2020 Table 3A.4 via data.gov.in (NCRB_CII-2020_Table.No-3A.4.csv)
2020,Puducherry,Cases Offenders Unknown or Not Identified,unknown,0,NCRB CII 2020 Table 3A.4 via data.gov.in (NCRB_CII-2020_Table.No-3A.4.csv)
2020,All India,Cases Offenders Unknown or Not Identified,unknown,1238,NCRB CII 2020 Table 3A.4 via data.gov.in (NCRB_CII-2020_Table.No-3A.4.csv)
2020,Andhra Pradesh,Total Rape Cases (Known+Unknown Offenders),total_cases,1095,NCRB CII 2020 Table 3A.4 via data.gov.in (NCRB_CII-2020_Table.No-3A.4.csv)
2020,Arunachal Pradesh,Total Rape Cases (Known+Unknown Offenders),total_cases,60,NCRB CII 2020 Table 3A.4 via data.gov.in (NCRB_CII-2020_Table.No-3A.4.csv)
2020,Assam,Total Rape Cases (Known+Unknown Offenders),total_cases,1657,NCRB CII 2020 Table 3A.4 via data.gov.in (NCRB_CII-2020_Table.No-3A.4.csv)
2020,Bihar,Total Rape Cases (Known+Unknown Offenders),total_cases,806,NCRB CII 2020 Table 3A.4 via data.gov.in (NCRB_CII-2020_Table.No-3A.4.csv)
2020,Chhattisgarh,Total Rape Cases (Known+Unknown Offenders),total_cases,1210,NCRB CII 2020 Table 3A.4 via data.gov.in (NCRB_CII-2020_Table.No-3A.4.csv)
2020,Goa,Total Rape Cases (Known+Unknown Offenders),total_cases,60,NCRB CII 2020 Table 3A.4 via data.gov.in (NCRB_CII-2020_Table.No-3A.4.csv)
2020,Gujarat,Total Rape Cases (Known+Unknown Offenders),total_cases,486,NCRB CII 2020 Table 3A.4 via data.gov.in (NCRB_CII-2020_Table.No-3A.4.csv)
2020,Haryana,Total Rape Cases (Known+Unknown Offenders),total_cases,1373,NCRB CII 2020 Table 3A.4 via data.gov.in (NCRB_CII-2020_Table.No-3A.4.csv)
2020,Himachal Pradesh,Total Rape Cases (Known+Unknown Offenders),total_cases,331,NCRB CII 2020 Table 3A.4 via data.gov.in (NCRB_CII-2020_Table.No-3A.4.csv)
2020,Jharkhand,Total Rape Cases (Known+Unknown Offenders),total_cases,1321,NCRB CII 2020 Table 3A.4 via data.gov.in (NCRB_CII-2020_Table.No-3A.4.csv)
2020,Karnataka,Total Rape Cases (Known+Unknown Offenders),total_cases,504,NCRB CII 2020 Table 3A.4 via data.gov.in (NCRB_CII-2020_Table.No-3A.4.csv)
2020,Kerala,Total Rape Cases (Known+Unknown Offenders),total_cases,637,NCRB CII 2020 Table 3A.4 via data.gov.in (NCRB_CII-2020_Table.No-3A.4.csv)
2020,Madhya Pradesh,Total Rape Cases (Known+Unknown Offenders),total_cases,2339,NCRB CII 2020 Table 3A.4 via data.gov.in (NCRB_CII-2020_Table.No-3A.4.csv)
2020,Maharashtra,Total Rape Cases (Known+Unknown Offenders),total_cases,2061,NCRB CII 2020 Table 3A.4 via data.gov.in (NCRB_CII-2020_Table.No-3A.4.csv)
2020,Manipur,Total Rape Cases (Known+Unknown Offenders),total_cases,32,NCRB CII 2020 Table 3A.4 via data.gov.in (NCRB_CII-2020_Table.No-3A.4.csv)
2020,Meghalaya,Total Rape Cases (Known+Unknown Offenders),total_cases,67,NCRB CII 2020 Table 3A.4 via data.gov.in (NCRB_CII-2020_Table.No-3A.4.csv)
2020,Mizoram,Total Rape Cases (Known+Unknown Offenders),total_cases,33,NCRB CII 2020 Table 3A.4 via data.gov.in (NCRB_CII-2020_Table.No-3A.4.csv)
2020,Nagaland,Total Rape Cases (Known+Unknown Offenders),total_cases,4,NCRB CII 2020 Table 3A.4 via data.gov.in (NCRB_CII-2020_Table.No-3A.4.csv)
2020,Odisha,Total Rape Cases (Known+Unknown Offenders),total_cases,1211,NCRB CII 2020 Table 3A.4 via data.gov.in (NCRB_CII-2020_Table.No-3A.4.csv)
2020,Punjab,Total Rape Cases (Known+Unknown Offenders),total_cases,502,NCRB CII 2020 Table 3A.4 via data.gov.in (NCRB_CII-2020_Table.No-3A.4.csv)
2020,Rajasthan,Total Rape Cases (Known+Unknown Offenders),total_cases,5310,NCRB CII 2020 Table 3A.4 via data.gov.in (NCRB_CII-2020_Table.No-3A.4.csv)
2020,Sikkim,Total Rape Cases (Known+Unknown Offenders),total_cases,12,NCRB CII 2020 Table 3A.4 via data.gov.in (NCRB_CII-2020_Table.No-3A.4.csv)
2020,Tamil Nadu,Total Rape Cases (Known+Unknown Offenders),total_cases,389,NCRB CII 2020 Table 3A.4 via data.gov.in (NCRB_CII-2020_Table.No-3A.4.csv)
2020,Telangana,Total Rape Cases (Known+Unknown Offenders),total_cases,764,NCRB CII 2020 Table 3A.4 via data.gov.in (NCRB_CII-2020_Table.No-3A.4.csv)
2020,Tripura,Total Rape Cases (Known+Unknown Offenders),total_cases,79,NCRB CII 2020 Table 3A.4 via data.gov.in (NCRB_CII-2020_Table.No-3A.4.csv)
2020,Uttar Pradesh,Total Rape Cases (Known+Unknown Offenders),total_cases,2769,NCRB CII 2020 Table 3A.4 via data.gov.in (NCRB_CII-2020_Table.No-3A.4.csv)
2020,Uttarakhand,Total Rape Cases (Known+Unknown Offenders),total_cases,487,NCRB CII 2020 Table 3A.4 via data.gov.in (NCRB_CII-2020_Table.No-3A.4.csv)
2020,West Bengal,Total Rape Cases (Known+Unknown Offenders),total_cases,1128,NCRB CII 2020 Table 3A.4 via data.gov.in (NCRB_CII-2020_Table.No-3A.4.csv)
2020,Andaman & Nicobar Islands,Total Rape Cases (Known+Unknown Offenders),total_cases,2,NCRB CII 2020 Table 3A.4 via data.gov.in (NCRB_CII-2020_Table.No-3A.4.csv)
2020,Chandigarh,Total Rape Cases (Known+Unknown Offenders),total_cases,60,NCRB CII 2020 Table 3A.4 via data.gov.in (NCRB_CII-2020_Table.No-3A.4.csv)
2020,Dadra & Nagar Haveli and Daman & Diu,Total Rape Cases (Known+Unknown Offenders),total_cases,4,NCRB CII 2020 Table 3A.4 via data.gov.in (NCRB_CII-2020_Table.No-3A.4.csv)
2020,Delhi,Total Rape Cases (Known+Unknown Offenders),total_cases,997,NCRB CII 2020 Table 3A.4 via data.gov.in (NCRB_CII-2020_Table.No-3A.4.csv)
2020,Jammu & Kashmir,Total Rape Cases (Known+Unknown Offenders),total_cases,243,NCRB CII 2020 Table 3A.4 via data.gov.in (NCRB_CII-2020_Table.No-3A.4.csv)
2020,Ladakh,Total Rape Cases (Known+Unknown Offenders),total_cases,2,NCRB CII 2020 Table 3A.4 via data.gov.in (NCRB_CII-2020_Table.No-3A.4.csv)
2020,Lakshadweep,Total Rape Cases (Known+Unknown Offenders),total_cases,3,NCRB CII 2020 Table 3A.4 via data.gov.in (NCRB_CII-2020_Table.No-3A.4.csv)
2020,Puducherry,Total Rape Cases (Known+Unknown Offenders),total_cases,8,NCRB CII 2020 Table 3A.4 via data.gov.in (NCRB_CII-2020_Table.No-3A.4.csv)
2020,All India,Total Rape Cases (Known+Unknown Offenders),total_cases,28046,NCRB CII 2020 Table 3A.4 via data.gov.in (NCRB_CII-2020_Table.No-3A.4.csv)
2017,Andhra Pradesh,Known to victim (total),known_total,934,NCRB CII 2017 Table 3A.4 (Table-3A.4_1.xlsx)
2017,Arunachal Pradesh,Known to victim (total),known_total,53,NCRB CII 2017 Table 3A.4 (Table-3A.4_1.xlsx)
2017,Assam,Known to victim (total),known_total,1563,NCRB CII 2017 Table 3A.4 (Table-3A.4_1.xlsx)
2017,Bihar,Known to victim (total),known_total,597,NCRB CII 2017 Table 3A.4 (Table-3A.4_1.xlsx)
2017,Chhattisgarh,Known to victim (total),known_total,1780,NCRB CII 2017 Table 3A.4 (Table-3A.4_1.xlsx)
2017,Goa,Known to victim (total),known_total,73,NCRB CII 2017 Table 3A.4 (Table-3A.4_1.xlsx)
2017,Gujarat,Known to victim (total),known_total,440,NCRB CII 2017 Table 3A.4 (Table-3A.4_1.xlsx)
2017,Haryana,Known to victim (total),known_total,1066,NCRB CII 2017 Table 3A.4 (Table-3A.4_1.xlsx)
2017,Himachal Pradesh,Known to victim (total),known_total,247,NCRB CII 2017 Table 3A.4 (Table-3A.4_1.xlsx)
2017,Jammu & Kashmir,Known to victim (total),known_total,271,NCRB CII 2017 Table 3A.4 (Table-3A.4_1.xlsx)
2017,Jharkhand,Known to victim (total),known_total,733,NCRB CII 2017 Table 3A.4 (Table-3A.4_1.xlsx)
2017,Karnataka,Known to victim (total),known_total,524,NCRB CII 2017 Table 3A.4 (Table-3A.4_1.xlsx)
2017,Kerala,Known to victim (total),known_total,1973,NCRB CII 2017 Table 3A.4 (Table-3A.4_1.xlsx)
2017,Madhya Pradesh,Known to victim (total),known_total,5424,NCRB CII 2017 Table 3A.4 (Table-3A.4_1.xlsx)
2017,Maharashtra,Known to victim (total),known_total,1896,NCRB CII 2017 Table 3A.4 (Table-3A.4_1.xlsx)
2017,Manipur,Known to victim (total),known_total,40,NCRB CII 2017 Table 3A.4 (Table-3A.4_1.xlsx)
2017,Meghalaya,Known to victim (total),known_total,116,NCRB CII 2017 Table 3A.4 (Table-3A.4_1.xlsx)
2017,Mizoram,Known to victim (total),known_total,24,NCRB CII 2017 Table 3A.4 (Table-3A.4_1.xlsx)
2017,Nagaland,Known to victim (total),known_total,9,NCRB CII 2017 Table 3A.4 (Table-3A.4_1.xlsx)
2017,Odisha,Known to victim (total),known_total,2009,NCRB CII 2017 Table 3A.4 (Table-3A.4_1.xlsx)
2017,Punjab,Known to victim (total),known_total,508,NCRB CII 2017 Table 3A.4 (Table-3A.4_1.xlsx)
2017,Rajasthan,Known to victim (total),known_total,2904,NCRB CII 2017 Table 3A.4 (Table-3A.4_1.xlsx)
2017,Sikkim,Known to victim (total),known_total,16,NCRB CII 2017 Table 3A.4 (Table-3A.4_1.xlsx)
2017,Tamil Nadu,Known to victim (total),known_total,279,NCRB CII 2017 Table 3A.4 (Table-3A.4_1.xlsx)
2017,Telangana,Known to victim (total),known_total,530,NCRB CII 2017 Table 3A.4 (Table-3A.4_1.xlsx)
2017,Tripura,Known to victim (total),known_total,90,NCRB CII 2017 Table 3A.4 (Table-3A.4_1.xlsx)
2017,Uttar Pradesh,Known to victim (total),known_total,3816,NCRB CII 2017 Table 3A.4 (Table-3A.4_1.xlsx)
2017,Uttarakhand,Known to victim (total),known_total,305,NCRB CII 2017 Table 3A.4 (Table-3A.4_1.xlsx)
2017,West Bengal,Known to victim (total),known_total,806,NCRB CII 2017 Table 3A.4 (Table-3A.4_1.xlsx)
2017,Andaman & Nicobar Islands,Known to victim (total),known_total,11,NCRB CII 2017 Table 3A.4 (Table-3A.4_1.xlsx)
2017,Chandigarh,Known to victim (total),known_total,62,NCRB CII 2017 Table 3A.4 (Table-3A.4_1.xlsx)
2017,Dadra & Nagar Haveli and Daman & Diu,Known to victim (total),known_total,7,NCRB CII 2017 Table 3A.4 (Table-3A.4_1.xlsx)
2017,Delhi,Known to victim (total),known_total,1186,NCRB CII 2017 Table 3A.4 (Table-3A.4_1.xlsx)
2017,Lakshadweep,Known to victim (total),known_total,0,NCRB CII 2017 Table 3A.4 (Table-3A.4_1.xlsx)
2017,Puducherry,Known to victim (total),known_total,7,NCRB CII 2017 Table 3A.4 (Table-3A.4_1.xlsx)
2017,All India,Known to victim (total),known_total,30299,NCRB CII 2017 Table 3A.4 (Table-3A.4_1.xlsx)
2017,Andhra Pradesh,Known to victim - Family members,family,96,NCRB CII 2017 Table 3A.4 (Table-3A.4_1.xlsx)
2017,Arunachal Pradesh,Known to victim - Family members,family,11,NCRB CII 2017 Table 3A.4 (Table-3A.4_1.xlsx)
2017,Assam,Known to victim - Family members,family,119,NCRB CII 2017 Table 3A.4 (Table-3A.4_1.xlsx)
2017,Bihar,Known to victim - Family members,family,14,NCRB CII 2017 Table 3A.4 (Table-3A.4_1.xlsx)
2017,Chhattisgarh,Known to victim - Family members,family,350,NCRB CII 2017 Table 3A.4 (Table-3A.4_1.xlsx)
2017,Goa,Known to victim - Family members,family,9,NCRB CII 2017 Table 3A.4 (Table-3A.4_1.xlsx)
2017,Gujarat,Known to victim - Family members,family,34,NCRB CII 2017 Table 3A.4 (Table-3A.4_1.xlsx)
2017,Haryana,Known to victim - Family members,family,109,NCRB CII 2017 Table 3A.4 (Table-3A.4_1.xlsx)
2017,Himachal Pradesh,Known to victim - Family members,family,23,NCRB CII 2017 Table 3A.4 (Table-3A.4_1.xlsx)
2017,Jammu & Kashmir,Known to victim - Family members,family,29,NCRB CII 2017 Table 3A.4 (Table-3A.4_1.xlsx)
2017,Jharkhand,Known to victim - Family members,family,29,NCRB CII 2017 Table 3A.4 (Table-3A.4_1.xlsx)
2017,Karnataka,Known to victim - Family members,family,56,NCRB CII 2017 Table 3A.4 (Table-3A.4_1.xlsx)
2017,Kerala,Known to victim - Family members,family,264,NCRB CII 2017 Table 3A.4 (Table-3A.4_1.xlsx)
2017,Madhya Pradesh,Known to victim - Family members,family,593,NCRB CII 2017 Table 3A.4 (Table-3A.4_1.xlsx)
2017,Maharashtra,Known to victim - Family members,family,161,NCRB CII 2017 Table 3A.4 (Table-3A.4_1.xlsx)
2017,Manipur,Known to victim - Family members,family,3,NCRB CII 2017 Table 3A.4 (Table-3A.4_1.xlsx)
2017,Meghalaya,Known to victim - Family members,family,35,NCRB CII 2017 Table 3A.4 (Table-3A.4_1.xlsx)
2017,Mizoram,Known to victim - Family members,family,1,NCRB CII 2017 Table 3A.4 (Table-3A.4_1.xlsx)
2017,Nagaland,Known to victim - Family members,family,1,NCRB CII 2017 Table 3A.4 (Table-3A.4_1.xlsx)
2017,Odisha,Known to victim - Family members,family,95,NCRB CII 2017 Table 3A.4 (Table-3A.4_1.xlsx)
2017,Punjab,Known to victim - Family members,family,24,NCRB CII 2017 Table 3A.4 (Table-3A.4_1.xlsx)
2017,Rajasthan,Known to victim - Family members,family,459,NCRB CII 2017 Table 3A.4 (Table-3A.4_1.xlsx)
2017,Sikkim,Known to victim - Family members,family,1,NCRB CII 2017 Table 3A.4 (Table-3A.4_1.xlsx)
2017,Tamil Nadu,Known to victim - Family members,family,53,NCRB CII 2017 Table 3A.4 (Table-3A.4_1.xlsx)
2017,Telangana,Known to victim - Family members,family,81,NCRB CII 2017 Table 3A.4 (Table-3A.4_1.xlsx)
2017,Tripura,Known to victim - Family members,family,10,NCRB CII 2017 Table 3A.4 (Table-3A.4_1.xlsx)
2017,Uttar Pradesh,Known to victim - Family members,family,261,NCRB CII 2017 Table 3A.4 (Table-3A.4_1.xlsx)
2017,Uttarakhand,Known to victim - Family members,family,39,NCRB CII 2017 Table 3A.4 (Table-3A.4_1.xlsx)
2017,West Bengal,Known to victim - Family members,family,16,NCRB CII 2017 Table 3A.4 (Table-3A.4_1.xlsx)
2017,Andaman & Nicobar Islands,Known to victim - Family members,family,1,NCRB CII 2017 Table 3A.4 (Table-3A.4_1.xlsx)
2017,Chandigarh,Known to victim - Family members,family,9,NCRB CII 2017 Table 3A.4 (Table-3A.4_1.xlsx)
2017,Dadra & Nagar Haveli and Daman & Diu,Known to victim - Family members,family,1,NCRB CII 2017 Table 3A.4 (Table-3A.4_1.xlsx)
2017,Delhi,Known to victim - Family members,family,162,NCRB CII 2017 Table 3A.4 (Table-3A.4_1.xlsx)
2017,Lakshadweep,Known to victim - Family members,family,0,NCRB CII 2017 Table 3A.4 (Table-3A.4_1.xlsx)
2017,Puducherry,Known to victim - Family members,family,6,NCRB CII 2017 Table 3A.4 (Table-3A.4_1.xlsx)
2017,All India,Known to victim - Family members,family,3155,NCRB CII 2017 Table 3A.4 (Table-3A.4_1.xlsx)
2017,Andhra Pradesh,Known to victim - Family Friends/ Neighbours/ Employer or Other Known Persons,family_friends_neighbours_employer_other_known,536,NCRB CII 2017 Table 3A.4 (Table-3A.4_1.xlsx)
2017,Arunachal Pradesh,Known to victim - Family Friends/ Neighbours/ Employer or Other Known Persons,family_friends_neighbours_employer_other_known,31,NCRB CII 2017 Table 3A.4 (Table-3A.4_1.xlsx)
2017,Assam,Known to victim - Family Friends/ Neighbours/ Employer or Other Known Persons,family_friends_neighbours_employer_other_known,906,NCRB CII 2017 Table 3A.4 (Table-3A.4_1.xlsx)
2017,Bihar,Known to victim - Family Friends/ Neighbours/ Employer or Other Known Persons,family_friends_neighbours_employer_other_known,237,NCRB CII 2017 Table 3A.4 (Table-3A.4_1.xlsx)
2017,Chhattisgarh,Known to victim - Family Friends/ Neighbours/ Employer or Other Known Persons,family_friends_neighbours_employer_other_known,635,NCRB CII 2017 Table 3A.4 (Table-3A.4_1.xlsx)
2017,Goa,Known to victim - Family Friends/ Neighbours/ Employer or Other Known Persons,family_friends_neighbours_employer_other_known,27,NCRB CII 2017 Table 3A.4 (Table-3A.4_1.xlsx)
2017,Gujarat,Known to victim - Family Friends/ Neighbours/ Employer or Other Known Persons,family_friends_neighbours_employer_other_known,210,NCRB CII 2017 Table 3A.4 (Table-3A.4_1.xlsx)
2017,Haryana,Known to victim - Family Friends/ Neighbours/ Employer or Other Known Persons,family_friends_neighbours_employer_other_known,662,NCRB CII 2017 Table 3A.4 (Table-3A.4_1.xlsx)
2017,Himachal Pradesh,Known to victim - Family Friends/ Neighbours/ Employer or Other Known Persons,family_friends_neighbours_employer_other_known,166,NCRB CII 2017 Table 3A.4 (Table-3A.4_1.xlsx)
2017,Jammu & Kashmir,Known to victim - Family Friends/ Neighbours/ Employer or Other Known Persons,family_friends_neighbours_employer_other_known,202,NCRB CII 2017 Table 3A.4 (Table-3A.4_1.xlsx)
2017,Jharkhand,Known to victim - Family Friends/ Neighbours/ Employer or Other Known Persons,family_friends_neighbours_employer_other_known,567,NCRB CII 2017 Table 3A.4 (Table-3A.4_1.xlsx)
2017,Karnataka,Known to victim - Family Friends/ Neighbours/ Employer or Other Known Persons,family_friends_neighbours_employer_other_known,279,NCRB CII 2017 Table 3A.4 (Table-3A.4_1.xlsx)
2017,Kerala,Known to victim - Family Friends/ Neighbours/ Employer or Other Known Persons,family_friends_neighbours_employer_other_known,851,NCRB CII 2017 Table 3A.4 (Table-3A.4_1.xlsx)
2017,Madhya Pradesh,Known to victim - Family Friends/ Neighbours/ Employer or Other Known Persons,family_friends_neighbours_employer_other_known,2691,NCRB CII 2017 Table 3A.4 (Table-3A.4_1.xlsx)
2017,Maharashtra,Known to victim - Family Friends/ Neighbours/ Employer or Other Known Persons,family_friends_neighbours_employer_other_known,1091,NCRB CII 2017 Table 3A.4 (Table-3A.4_1.xlsx)
2017,Manipur,Known to victim - Family Friends/ Neighbours/ Employer or Other Known Persons,family_friends_neighbours_employer_other_known,8,NCRB CII 2017 Table 3A.4 (Table-3A.4_1.xlsx)
2017,Meghalaya,Known to victim - Family Friends/ Neighbours/ Employer or Other Known Persons,family_friends_neighbours_employer_other_known,73,NCRB CII 2017 Table 3A.4 (Table-3A.4_1.xlsx)
2017,Mizoram,Known to victim - Family Friends/ Neighbours/ Employer or Other Known Persons,family_friends_neighbours_employer_other_known,20,NCRB CII 2017 Table 3A.4 (Table-3A.4_1.xlsx)
2017,Nagaland,Known to victim - Family Friends/ Neighbours/ Employer or Other Known Persons,family_friends_neighbours_employer_other_known,6,NCRB CII 2017 Table 3A.4 (Table-3A.4_1.xlsx)
2017,Odisha,Known to victim - Family Friends/ Neighbours/ Employer or Other Known Persons,family_friends_neighbours_employer_other_known,1061,NCRB CII 2017 Table 3A.4 (Table-3A.4_1.xlsx)
2017,Punjab,Known to victim - Family Friends/ Neighbours/ Employer or Other Known Persons,family_friends_neighbours_employer_other_known,334,NCRB CII 2017 Table 3A.4 (Table-3A.4_1.xlsx)
2017,Rajasthan,Known to victim - Family Friends/ Neighbours/ Employer or Other Known Persons,family_friends_neighbours_employer_other_known,1809,NCRB CII 2017 Table 3A.4 (Table-3A.4_1.xlsx)
2017,Sikkim,Known to victim - Family Friends/ Neighbours/ Employer or Other Known Persons,family_friends_neighbours_employer_other_known,6,NCRB CII 2017 Table 3A.4 (Table-3A.4_1.xlsx)
2017,Tamil Nadu,Known to victim - Family Friends/ Neighbours/ Employer or Other Known Persons,family_friends_neighbours_employer_other_known,92,NCRB CII 2017 Table 3A.4 (Table-3A.4_1.xlsx)
2017,Telangana,Known to victim - Family Friends/ Neighbours/ Employer or Other Known Persons,family_friends_neighbours_employer_other_known,195,NCRB CII 2017 Table 3A.4 (Table-3A.4_1.xlsx)
2017,Tripura,Known to victim - Family Friends/ Neighbours/ Employer or Other Known Persons,family_friends_neighbours_employer_other_known,51,NCRB CII 2017 Table 3A.4 (Table-3A.4_1.xlsx)
2017,Uttar Pradesh,Known to victim - Family Friends/ Neighbours/ Employer or Other Known Persons,family_friends_neighbours_employer_other_known,2308,NCRB CII 2017 Table 3A.4 (Table-3A.4_1.xlsx)
2017,Uttarakhand,Known to victim - Family Friends/ Neighbours/ Employer or Other Known Persons,family_friends_neighbours_employer_other_known,161,NCRB CII 2017 Table 3A.4 (Table-3A.4_1.xlsx)
2017,West Bengal,Known to victim - Family Friends/ Neighbours/ Employer or Other Known Persons,family_friends_neighbours_employer_other_known,790,NCRB CII 2017 Table 3A.4 (Table-3A.4_1.xlsx)
2017,Andaman & Nicobar Islands,Known to victim - Family Friends/ Neighbours/ Employer or Other Known Persons,family_friends_neighbours_employer_other_known,7,NCRB CII 2017 Table 3A.4 (Table-3A.4_1.xlsx)
2017,Chandigarh,Known to victim - Family Friends/ Neighbours/ Employer or Other Known Persons,family_friends_neighbours_employer_other_known,19,NCRB CII 2017 Table 3A.4 (Table-3A.4_1.xlsx)
2017,Dadra & Nagar Haveli and Daman & Diu,Known to victim - Family Friends/ Neighbours/ Employer or Other Known Persons,family_friends_neighbours_employer_other_known,2,NCRB CII 2017 Table 3A.4 (Table-3A.4_1.xlsx)
2017,Delhi,Known to victim - Family Friends/ Neighbours/ Employer or Other Known Persons,family_friends_neighbours_employer_other_known,557,NCRB CII 2017 Table 3A.4 (Table-3A.4_1.xlsx)
2017,Lakshadweep,Known to victim - Family Friends/ Neighbours/ Employer or Other Known Persons,family_friends_neighbours_employer_other_known,0,NCRB CII 2017 Table 3A.4 (Table-3A.4_1.xlsx)
2017,Puducherry,Known to victim - Family Friends/ Neighbours/ Employer or Other Known Persons,family_friends_neighbours_employer_other_known,1,NCRB CII 2017 Table 3A.4 (Table-3A.4_1.xlsx)
2017,All India,Known to victim - Family Friends/ Neighbours/ Employer or Other Known Persons,family_friends_neighbours_employer_other_known,16591,NCRB CII 2017 Table 3A.4 (Table-3A.4_1.xlsx)
2017,Andhra Pradesh,Known to victim - Friends/Online-Friends or Live in Partners on Pretext of Marriage/Seperated Husband,friends_online_friends_livein_partners_separated_husband,302,NCRB CII 2017 Table 3A.4 (Table-3A.4_1.xlsx)
2017,Arunachal Pradesh,Known to victim - Friends/Online-Friends or Live in Partners on Pretext of Marriage/Seperated Husband,friends_online_friends_livein_partners_separated_husband,11,NCRB CII 2017 Table 3A.4 (Table-3A.4_1.xlsx)
2017,Assam,Known to victim - Friends/Online-Friends or Live in Partners on Pretext of Marriage/Seperated Husband,friends_online_friends_livein_partners_separated_husband,538,NCRB CII 2017 Table 3A.4 (Table-3A.4_1.xlsx)
2017,Bihar,Known to victim - Friends/Online-Friends or Live in Partners on Pretext of Marriage/Seperated Husband,friends_online_friends_livein_partners_separated_husband,346,NCRB CII 2017 Table 3A.4 (Table-3A.4_1.xlsx)
2017,Chhattisgarh,Known to victim - Friends/Online-Friends or Live in Partners on Pretext of Marriage/Seperated Husband,friends_online_friends_livein_partners_separated_husband,795,NCRB CII 2017 Table 3A.4 (Table-3A.4_1.xlsx)
2017,Goa,Known to victim - Friends/Online-Friends or Live in Partners on Pretext of Marriage/Seperated Husband,friends_online_friends_livein_partners_separated_husband,37,NCRB CII 2017 Table 3A.4 (Table-3A.4_1.xlsx)
2017,Gujarat,Known to victim - Friends/Online-Friends or Live in Partners on Pretext of Marriage/Seperated Husband,friends_online_friends_livein_partners_separated_husband,196,NCRB CII 2017 Table 3A.4 (Table-3A.4_1.xlsx)
2017,Haryana,Known to victim - Friends/Online-Friends or Live in Partners on Pretext of Marriage/Seperated Husband,friends_online_friends_livein_partners_separated_husband,295,NCRB CII 2017 Table 3A.4 (Table-3A.4_1.xlsx)
2017,Himachal Pradesh,Known to victim - Friends/Online-Friends or Live in Partners on Pretext of Marriage/Seperated Husband,friends_online_friends_livein_partners_separated_husband,58,NCRB CII 2017 Table 3A.4 (Table-3A.4_1.xlsx)
2017,Jammu & Kashmir,Known to victim - Friends/Online-Friends or Live in Partners on Pretext of Marriage/Seperated Husband,friends_online_friends_livein_partners_separated_husband,40,NCRB CII 2017 Table 3A.4 (Table-3A.4_1.xlsx)
2017,Jharkhand,Known to victim - Friends/Online-Friends or Live in Partners on Pretext of Marriage/Seperated Husband,friends_online_friends_livein_partners_separated_husband,137,NCRB CII 2017 Table 3A.4 (Table-3A.4_1.xlsx)
2017,Karnataka,Known to victim - Friends/Online-Friends or Live in Partners on Pretext of Marriage/Seperated Husband,friends_online_friends_livein_partners_separated_husband,189,NCRB CII 2017 Table 3A.4 (Table-3A.4_1.xlsx)
2017,Kerala,Known to victim - Friends/Online-Friends or Live in Partners on Pretext of Marriage/Seperated Husband,friends_online_friends_livein_partners_separated_husband,858,NCRB CII 2017 Table 3A.4 (Table-3A.4_1.xlsx)
2017,Madhya Pradesh,Known to victim - Friends/Online-Friends or Live in Partners on Pretext of Marriage/Seperated Husband,friends_online_friends_livein_partners_separated_husband,2140,NCRB CII 2017 Table 3A.4 (Table-3A.4_1.xlsx)
2017,Maharashtra,Known to victim - Friends/Online-Friends or Live in Partners on Pretext of Marriage/Seperated Husband,friends_online_friends_livein_partners_separated_husband,644,NCRB CII 2017 Table 3A.4 (Table-3A.4_1.xlsx)
2017,Manipur,Known to victim - Friends/Online-Friends or Live in Partners on Pretext of Marriage/Seperated Husband,friends_online_friends_livein_partners_separated_husband,29,NCRB CII 2017 Table 3A.4 (Table-3A.4_1.xlsx)
2017,Meghalaya,Known to victim - Friends/Online-Friends or Live in Partners on Pretext of Marriage/Seperated Husband,friends_online_friends_livein_partners_separated_husband,8,NCRB CII 2017 Table 3A.4 (Table-3A.4_1.xlsx)
2017,Mizoram,Known to victim - Friends/Online-Friends or Live in Partners on Pretext of Marriage/Seperated Husband,friends_online_friends_livein_partners_separated_husband,3,NCRB CII 2017 Table 3A.4 (Table-3A.4_1.xlsx)
2017,Nagaland,Known to victim - Friends/Online-Friends or Live in Partners on Pretext of Marriage/Seperated Husband,friends_online_friends_livein_partners_separated_husband,2,NCRB CII 2017 Table 3A.4 (Table-3A.4_1.xlsx)
2017,Odisha,Known to victim - Friends/Online-Friends or Live in Partners on Pretext of Marriage/Seperated Husband,friends_online_friends_livein_partners_separated_husband,853,NCRB CII 2017 Table 3A.4 (Table-3A.4_1.xlsx)
2017,Punjab,Known to victim - Friends/Online-Friends or Live in Partners on Pretext of Marriage/Seperated Husband,friends_online_friends_livein_partners_separated_husband,150,NCRB CII 2017 Table 3A.4 (Table-3A.4_1.xlsx)
2017,Rajasthan,Known to victim - Friends/Online-Friends or Live in Partners on Pretext of Marriage/Seperated Husband,friends_online_friends_livein_partners_separated_husband,636,NCRB CII 2017 Table 3A.4 (Table-3A.4_1.xlsx)
2017,Sikkim,Known to victim - Friends/Online-Friends or Live in Partners on Pretext of Marriage/Seperated Husband,friends_online_friends_livein_partners_separated_husband,9,NCRB CII 2017 Table 3A.4 (Table-3A.4_1.xlsx)
2017,Tamil Nadu,Known to victim - Friends/Online-Friends or Live in Partners on Pretext of Marriage/Seperated Husband,friends_online_friends_livein_partners_separated_husband,134,NCRB CII 2017 Table 3A.4 (Table-3A.4_1.xlsx)
2017,Telangana,Known to victim - Friends/Online-Friends or Live in Partners on Pretext of Marriage/Seperated Husband,friends_online_friends_livein_partners_separated_husband,254,NCRB CII 2017 Table 3A.4 (Table-3A.4_1.xlsx)
2017,Tripura,Known to victim - Friends/Online-Friends or Live in Partners on Pretext of Marriage/Seperated Husband,friends_online_friends_livein_partners_separated_husband,29,NCRB CII 2017 Table 3A.4 (Table-3A.4_1.xlsx)
2017,Uttar Pradesh,Known to victim - Friends/Online-Friends or Live in Partners on Pretext of Marriage/Seperated Husband,friends_online_friends_livein_partners_separated_husband,1247,NCRB CII 2017 Table 3A.4 (Table-3A.4_1.xlsx)
2017,Uttarakhand,Known to victim - Friends/Online-Friends or Live in Partners on Pretext of Marriage/Seperated Husband,friends_online_friends_livein_partners_separated_husband,105,NCRB CII 2017 Table 3A.4 (Table-3A.4_1.xlsx)
2017,West Bengal,Known to victim - Friends/Online-Friends or Live in Partners on Pretext of Marriage/Seperated Husband,friends_online_friends_livein_partners_separated_husband,0,NCRB CII 2017 Table 3A.4 (Table-3A.4_1.xlsx)
2017,Andaman & Nicobar Islands,Known to victim - Friends/Online-Friends or Live in Partners on Pretext of Marriage/Seperated Husband,friends_online_friends_livein_partners_separated_husband,3,NCRB CII 2017 Table 3A.4 (Table-3A.4_1.xlsx)
2017,Chandigarh,Known to victim - Friends/Online-Friends or Live in Partners on Pretext of Marriage/Seperated Husband,friends_online_friends_livein_partners_separated_husband,34,NCRB CII 2017 Table 3A.4 (Table-3A.4_1.xlsx)
2017,Dadra & Nagar Haveli and Daman & Diu,Known to victim - Friends/Online-Friends or Live in Partners on Pretext of Marriage/Seperated Husband,friends_online_friends_livein_partners_separated_husband,4,NCRB CII 2017 Table 3A.4 (Table-3A.4_1.xlsx)
2017,Delhi,Known to victim - Friends/Online-Friends or Live in Partners on Pretext of Marriage/Seperated Husband,friends_online_friends_livein_partners_separated_husband,467,NCRB CII 2017 Table 3A.4 (Table-3A.4_1.xlsx)
2017,Lakshadweep,Known to victim - Friends/Online-Friends or Live in Partners on Pretext of Marriage/Seperated Husband,friends_online_friends_livein_partners_separated_husband,0,NCRB CII 2017 Table 3A.4 (Table-3A.4_1.xlsx)
2017,Puducherry,Known to victim - Friends/Online-Friends or Live in Partners on Pretext of Marriage/Seperated Husband,friends_online_friends_livein_partners_separated_husband,0,NCRB CII 2017 Table 3A.4 (Table-3A.4_1.xlsx)
2017,All India,Known to victim - Friends/Online-Friends or Live in Partners on Pretext of Marriage/Seperated Husband,friends_online_friends_livein_partners_separated_husband,10553,NCRB CII 2017 Table 3A.4 (Table-3A.4_1.xlsx)
2017,Andhra Pradesh,Cases Offenders Unknown or Not Identified,unknown,54,NCRB CII 2017 Table 3A.4 (Table-3A.4_1.xlsx)
2017,Arunachal Pradesh,Cases Offenders Unknown or Not Identified,unknown,6,NCRB CII 2017 Table 3A.4 (Table-3A.4_1.xlsx)
2017,Assam,Cases Offenders Unknown or Not Identified,unknown,209,NCRB CII 2017 Table 3A.4 (Table-3A.4_1.xlsx)
2017,Bihar,Cases Offenders Unknown or Not Identified,unknown,8,NCRB CII 2017 Table 3A.4 (Table-3A.4_1.xlsx)
2017,Chhattisgarh,Cases Offenders Unknown or Not Identified,unknown,128,NCRB CII 2017 Table 3A.4 (Table-3A.4_1.xlsx)
2017,Goa,Cases Offenders Unknown or Not Identified,unknown,3,NCRB CII 2017 Table 3A.4 (Table-3A.4_1.xlsx)
2017,Gujarat,Cases Offenders Unknown or Not Identified,unknown,37,NCRB CII 2017 Table 3A.4 (Table-3A.4_1.xlsx)
2017,Haryana,Cases Offenders Unknown or Not Identified,unknown,33,NCRB CII 2017 Table 3A.4 (Table-3A.4_1.xlsx)
2017,Himachal Pradesh,Cases Offenders Unknown or Not Identified,unknown,2,NCRB CII 2017 Table 3A.4 (Table-3A.4_1.xlsx)
2017,Jammu & Kashmir,Cases Offenders Unknown or Not Identified,unknown,25,NCRB CII 2017 Table 3A.4 (Table-3A.4_1.xlsx)
2017,Jharkhand,Cases Offenders Unknown or Not Identified,unknown,181,NCRB CII 2017 Table 3A.4 (Table-3A.4_1.xlsx)
2017,Karnataka,Cases Offenders Unknown or Not Identified,unknown,22,NCRB CII 2017 Table 3A.4 (Table-3A.4_1.xlsx)
2017,Kerala,Cases Offenders Unknown or Not Identified,unknown,30,NCRB CII 2017 Table 3A.4 (Table-3A.4_1.xlsx)
2017,Madhya Pradesh,Cases Offenders Unknown or Not Identified,unknown,138,NCRB CII 2017 Table 3A.4 (Table-3A.4_1.xlsx)
2017,Maharashtra,Cases Offenders Unknown or Not Identified,unknown,37,NCRB CII 2017 Table 3A.4 (Table-3A.4_1.xlsx)
2017,Manipur,Cases Offenders Unknown or Not Identified,unknown,0,NCRB CII 2017 Table 3A.4 (Table-3A.4_1.xlsx)
2017,Meghalaya,Cases Offenders Unknown or Not Identified,unknown,3,NCRB CII 2017 Table 3A.4 (Table-3A.4_1.xlsx)
2017,Mizoram,Cases Offenders Unknown or Not Identified,unknown,1,NCRB CII 2017 Table 3A.4 (Table-3A.4_1.xlsx)
2017,Nagaland,Cases Offenders Unknown or Not Identified,unknown,1,NCRB CII 2017 Table 3A.4 (Table-3A.4_1.xlsx)
2017,Odisha,Cases Offenders Unknown or Not Identified,unknown,61,NCRB CII 2017 Table 3A.4 (Table-3A.4_1.xlsx)
2017,Punjab,Cases Offenders Unknown or Not Identified,unknown,22,NCRB CII 2017 Table 3A.4 (Table-3A.4_1.xlsx)
2017,Rajasthan,Cases Offenders Unknown or Not Identified,unknown,401,NCRB CII 2017 Table 3A.4 (Table-3A.4_1.xlsx)
2017,Sikkim,Cases Offenders Unknown or Not Identified,unknown,1,NCRB CII 2017 Table 3A.4 (Table-3A.4_1.xlsx)
2017,Tamil Nadu,Cases Offenders Unknown or Not Identified,unknown,4,NCRB CII 2017 Table 3A.4 (Table-3A.4_1.xlsx)
2017,Telangana,Cases Offenders Unknown or Not Identified,unknown,22,NCRB CII 2017 Table 3A.4 (Table-3A.4_1.xlsx)
2017,Tripura,Cases Offenders Unknown or Not Identified,unknown,5,NCRB CII 2017 Table 3A.4 (Table-3A.4_1.xlsx)
2017,Uttar Pradesh,Cases Offenders Unknown or Not Identified,unknown,430,NCRB CII 2017 Table 3A.4 (Table-3A.4_1.xlsx)
2017,Uttarakhand,Cases Offenders Unknown or Not Identified,unknown,69,NCRB CII 2017 Table 3A.4 (Table-3A.4_1.xlsx)
2017,West Bengal,Cases Offenders Unknown or Not Identified,unknown,278,NCRB CII 2017 Table 3A.4 (Table-3A.4_1.xlsx)
2017,Andaman & Nicobar Islands,Cases Offenders Unknown or Not Identified,unknown,2,NCRB CII 2017 Table 3A.4 (Table-3A.4_1.xlsx)
2017,Chandigarh,Cases Offenders Unknown or Not Identified,unknown,3,NCRB CII 2017 Table 3A.4 (Table-3A.4_1.xlsx)
2017,Dadra & Nagar Haveli and Daman & Diu,Cases Offenders Unknown or Not Identified,unknown,1,NCRB CII 2017 Table 3A.4 (Table-3A.4_1.xlsx)
2017,Delhi,Cases Offenders Unknown or Not Identified,unknown,43,NCRB CII 2017 Table 3A.4 (Table-3A.4_1.xlsx)
2017,Lakshadweep,Cases Offenders Unknown or Not Identified,unknown,0,NCRB CII 2017 Table 3A.4 (Table-3A.4_1.xlsx)
2017,Puducherry,Cases Offenders Unknown or Not Identified,unknown,0,NCRB CII 2017 Table 3A.4 (Table-3A.4_1.xlsx)
2017,All India,Cases Offenders Unknown or Not Identified,unknown,2260,NCRB CII 2017 Table 3A.4 (Table-3A.4_1.xlsx)
2017,Andhra Pradesh,Total Rape Cases (Known+unknown Offenders),total_cases,988,NCRB CII 2017 Table 3A.4 (Table-3A.4_1.xlsx)
2017,Arunachal Pradesh,Total Rape Cases (Known+unknown Offenders),total_cases,59,NCRB CII 2017 Table 3A.4 (Table-3A.4_1.xlsx)
2017,Assam,Total Rape Cases (Known+unknown Offenders),total_cases,1772,NCRB CII 2017 Table 3A.4 (Table-3A.4_1.xlsx)
2017,Bihar,Total Rape Cases (Known+unknown Offenders),total_cases,605,NCRB CII 2017 Table 3A.4 (Table-3A.4_1.xlsx)
2017,Chhattisgarh,Total Rape Cases (Known+unknown Offenders),total_cases,1908,NCRB CII 2017 Table 3A.4 (Table-3A.4_1.xlsx)
2017,Goa,Total Rape Cases (Known+unknown Offenders),total_cases,76,NCRB CII 2017 Table 3A.4 (Table-3A.4_1.xlsx)
2017,Gujarat,Total Rape Cases (Known+unknown Offenders),total_cases,477,NCRB CII 2017 Table 3A.4 (Table-3A.4_1.xlsx)
2017,Haryana,Total Rape Cases (Known+unknown Offenders),total_cases,1099,NCRB CII 2017 Table 3A.4 (Table-3A.4_1.xlsx)
2017,Himachal Pradesh,Total Rape Cases (Known+unknown Offenders),total_cases,249,NCRB CII 2017 Table 3A.4 (Table-3A.4_1.xlsx)
2017,Jammu & Kashmir,Total Rape Cases (Known+unknown Offenders),total_cases,296,NCRB CII 2017 Table 3A.4 (Table-3A.4_1.xlsx)
2017,Jharkhand,Total Rape Cases (Known+unknown Offenders),total_cases,914,NCRB CII 2017 Table 3A.4 (Table-3A.4_1.xlsx)
2017,Karnataka,Total Rape Cases (Known+unknown Offenders),total_cases,546,NCRB CII 2017 Table 3A.4 (Table-3A.4_1.xlsx)
2017,Kerala,Total Rape Cases (Known+unknown Offenders),total_cases,2003,NCRB CII 2017 Table 3A.4 (Table-3A.4_1.xlsx)
2017,Madhya Pradesh,Total Rape Cases (Known+unknown Offenders),total_cases,5562,NCRB CII 2017 Table 3A.4 (Table-3A.4_1.xlsx)
2017,Maharashtra,Total Rape Cases (Known+unknown Offenders),total_cases,1933,NCRB CII 2017 Table 3A.4 (Table-3A.4_1.xlsx)
2017,Manipur,Total Rape Cases (Known+unknown Offenders),total_cases,40,NCRB CII 2017 Table 3A.4 (Table-3A.4_1.xlsx)
2017,Meghalaya,Total Rape Cases (Known+unknown Offenders),total_cases,119,NCRB CII 2017 Table 3A.4 (Table-3A.4_1.xlsx)
2017,Mizoram,Total Rape Cases (Known+unknown Offenders),total_cases,25,NCRB CII 2017 Table 3A.4 (Table-3A.4_1.xlsx)
2017,Nagaland,Total Rape Cases (Known+unknown Offenders),total_cases,10,NCRB CII 2017 Table 3A.4 (Table-3A.4_1.xlsx)
2017,Odisha,Total Rape Cases (Known+unknown Offenders),total_cases,2070,NCRB CII 2017 Table 3A.4 (Table-3A.4_1.xlsx)
2017,Punjab,Total Rape Cases (Known+unknown Offenders),total_cases,530,NCRB CII 2017 Table 3A.4 (Table-3A.4_1.xlsx)
2017,Rajasthan,Total Rape Cases (Known+unknown Offenders),total_cases,3305,NCRB CII 2017 Table 3A.4 (Table-3A.4_1.xlsx)
2017,Sikkim,Total Rape Cases (Known+unknown Offenders),total_cases,17,NCRB CII 2017 Table 3A.4 (Table-3A.4_1.xlsx)
2017,Tamil Nadu,Total Rape Cases (Known+unknown Offenders),total_cases,283,NCRB CII 2017 Table 3A.4 (Table-3A.4_1.xlsx)
2017,Telangana,Total Rape Cases (Known+unknown Offenders),total_cases,552,NCRB CII 2017 Table 3A.4 (Table-3A.4_1.xlsx)
2017,Tripura,Total Rape Cases (Known+unknown Offenders),total_cases,95,NCRB CII 2017 Table 3A.4 (Table-3A.4_1.xlsx)
2017,Uttar Pradesh,Total Rape Cases (Known+unknown Offenders),total_cases,4246,NCRB CII 2017 Table 3A.4 (Table-3A.4_1.xlsx)
2017,Uttarakhand,Total Rape Cases (Known+unknown Offenders),total_cases,374,NCRB CII 2017 Table 3A.4 (Table-3A.4_1.xlsx)
2017,West Bengal,Total Rape Cases (Known+unknown Offenders),total_cases,1084,NCRB CII 2017 Table 3A.4 (Table-3A.4_1.xlsx)
2017,Andaman & Nicobar Islands,Total Rape Cases (Known+unknown Offenders),total_cases,13,NCRB CII 2017 Table 3A.4 (Table-3A.4_1.xlsx)
2017,Chandigarh,Total Rape Cases (Known+unknown Offenders),total_cases,65,NCRB CII 2017 Table 3A.4 (Table-3A.4_1.xlsx)
2017,Dadra & Nagar Haveli and Daman & Diu,Total Rape Cases (Known+unknown Offenders),total_cases,8,NCRB CII 2017 Table 3A.4 (Table-3A.4_1.xlsx)
2017,Delhi,Total Rape Cases (Known+unknown Offenders),total_cases,1229,NCRB CII 2017 Table 3A.4 (Table-3A.4_1.xlsx)
2017,Lakshadweep,Total Rape Cases (Known+unknown Offenders),total_cases,0,NCRB CII 2017 Table 3A.4 (Table-3A.4_1.xlsx)
2017,Puducherry,Total Rape Cases (Known+unknown Offenders),total_cases,7,NCRB CII 2017 Table 3A.4 (Table-3A.4_1.xlsx)
2017,All India,Total Rape Cases (Known+unknown Offenders),total_cases,32559,NCRB CII 2017 Table 3A.4 (Table-3A.4_1.xlsx)
2018,Andhra Pradesh,Known to victim (total),known_total,912,NCRB CII 2018 Table 3A.4 (Table-3A.4_0.xlsx)
2018,Arunachal Pradesh,Known to victim (total),known_total,63,NCRB CII 2018 Table 3A.4 (Table-3A.4_0.xlsx)
2018,Assam,Known to victim (total),known_total,1488,NCRB CII 2018 Table 3A.4 (Table-3A.4_0.xlsx)
2018,Bihar,Known to victim (total),known_total,639,NCRB CII 2018 Table 3A.4 (Table-3A.4_0.xlsx)
2018,Chhattisgarh,Known to victim (total),known_total,1915,NCRB CII 2018 Table 3A.4 (Table-3A.4_0.xlsx)
2018,Goa,Known to victim (total),known_total,57,NCRB CII 2018 Table 3A.4 (Table-3A.4_0.xlsx)
2018,Gujarat,Known to victim (total),known_total,532,NCRB CII 2018 Table 3A.4 (Table-3A.4_0.xlsx)
2018,Haryana,Known to victim (total),known_total,1236,NCRB CII 2018 Table 3A.4 (Table-3A.4_0.xlsx)
2018,Himachal Pradesh,Known to victim (total),known_total,339,NCRB CII 2018 Table 3A.4 (Table-3A.4_0.xlsx)
2018,Jammu & Kashmir,Known to victim (total),known_total,277,NCRB CII 2018 Table 3A.4 (Table-3A.4_0.xlsx)
2018,Jharkhand,Known to victim (total),known_total,1015,NCRB CII 2018 Table 3A.4 (Table-3A.4_0.xlsx)
2018,Karnataka,Known to victim (total),known_total,488,NCRB CII 2018 Table 3A.4 (Table-3A.4_0.xlsx)
2018,Kerala,Known to victim (total),known_total,1914,NCRB CII 2018 Table 3A.4 (Table-3A.4_0.xlsx)
2018,Madhya Pradesh,Known to victim (total),known_total,5209,NCRB CII 2018 Table 3A.4 (Table-3A.4_0.xlsx)
2018,Maharashtra,Known to victim (total),known_total,2124,NCRB CII 2018 Table 3A.4 (Table-3A.4_0.xlsx)
2018,Manipur,Known to victim (total),known_total,50,NCRB CII 2018 Table 3A.4 (Table-3A.4_0.xlsx)
2018,Meghalaya,Known to victim (total),known_total,81,NCRB CII 2018 Table 3A.4 (Table-3A.4_0.xlsx)
2018,Mizoram,Known to victim (total),known_total,49,NCRB CII 2018 Table 3A.4 (Table-3A.4_0.xlsx)
2018,Nagaland,Known to victim (total),known_total,10,NCRB CII 2018 Table 3A.4 (Table-3A.4_0.xlsx)
2018,Odisha,Known to victim (total),known_total,901,NCRB CII 2018 Table 3A.4 (Table-3A.4_0.xlsx)
2018,Punjab,Known to victim (total),known_total,822,NCRB CII 2018 Table 3A.4 (Table-3A.4_0.xlsx)
2018,Rajasthan,Known to victim (total),known_total,3748,NCRB CII 2018 Table 3A.4 (Table-3A.4_0.xlsx)
2018,Sikkim,Known to victim (total),known_total,16,NCRB CII 2018 Table 3A.4 (Table-3A.4_0.xlsx)
2018,Tamil Nadu,Known to victim (total),known_total,327,NCRB CII 2018 Table 3A.4 (Table-3A.4_0.xlsx)
2018,Telangana,Known to victim (total),known_total,599,NCRB CII 2018 Table 3A.4 (Table-3A.4_0.xlsx)
2018,Tripura,Known to victim (total),known_total,94,NCRB CII 2018 Table 3A.4 (Table-3A.4_0.xlsx)
2018,Uttar Pradesh,Known to victim (total),known_total,3718,NCRB CII 2018 Table 3A.4 (Table-3A.4_0.xlsx)
2018,Uttarakhand,Known to victim (total),known_total,423,NCRB CII 2018 Table 3A.4 (Table-3A.4_0.xlsx)
2018,West Bengal,Known to victim (total),known_total,958,NCRB CII 2018 Table 3A.4 (Table-3A.4_0.xlsx)
2018,Andaman & Nicobar Islands,Known to victim (total),known_total,27,NCRB CII 2018 Table 3A.4 (Table-3A.4_0.xlsx)
2018,Chandigarh,Known to victim (total),known_total,84,NCRB CII 2018 Table 3A.4 (Table-3A.4_0.xlsx)
2018,Dadra & Nagar Haveli and Daman & Diu,Known to victim (total),known_total,9,NCRB CII 2018 Table 3A.4 (Table-3A.4_0.xlsx)
2018,Delhi,Known to victim (total),known_total,1194,NCRB CII 2018 Table 3A.4 (Table-3A.4_0.xlsx)
2018,Lakshadweep,Known to victim (total),known_total,2,NCRB CII 2018 Table 3A.4 (Table-3A.4_0.xlsx)
2018,Puducherry,Known to victim (total),known_total,0,NCRB CII 2018 Table 3A.4 (Table-3A.4_0.xlsx)
2018,All India,Known to victim (total),known_total,31320,NCRB CII 2018 Table 3A.4 (Table-3A.4_0.xlsx)
2018,Andhra Pradesh,Known to victim - Family members,family,64,NCRB CII 2018 Table 3A.4 (Table-3A.4_0.xlsx)
2018,Arunachal Pradesh,Known to victim - Family members,family,11,NCRB CII 2018 Table 3A.4 (Table-3A.4_0.xlsx)
2018,Assam,Known to victim - Family members,family,141,NCRB CII 2018 Table 3A.4 (Table-3A.4_0.xlsx)
2018,Bihar,Known to victim - Family members,family,7,NCRB CII 2018 Table 3A.4 (Table-3A.4_0.xlsx)
2018,Chhattisgarh,Known to victim - Family members,family,136,NCRB CII 2018 Table 3A.4 (Table-3A.4_0.xlsx)
2018,Goa,Known to victim - Family members,family,5,NCRB CII 2018 Table 3A.4 (Table-3A.4_0.xlsx)
2018,Gujarat,Known to victim - Family members,family,59,NCRB CII 2018 Table 3A.4 (Table-3A.4_0.xlsx)
2018,Haryana,Known to victim - Family members,family,148,NCRB CII 2018 Table 3A.4 (Table-3A.4_0.xlsx)
2018,Himachal Pradesh,Known to victim - Family members,family,43,NCRB CII 2018 Table 3A.4 (Table-3A.4_0.xlsx)
2018,Jammu & Kashmir,Known to victim - Family members,family,14,NCRB CII 2018 Table 3A.4 (Table-3A.4_0.xlsx)
2018,Jharkhand,Known to victim - Family members,family,122,NCRB CII 2018 Table 3A.4 (Table-3A.4_0.xlsx)
2018,Karnataka,Known to victim - Family members,family,59,NCRB CII 2018 Table 3A.4 (Table-3A.4_0.xlsx)
2018,Kerala,Known to victim - Family members,family,282,NCRB CII 2018 Table 3A.4 (Table-3A.4_0.xlsx)
2018,Madhya Pradesh,Known to victim - Family members,family,553,NCRB CII 2018 Table 3A.4 (Table-3A.4_0.xlsx)
2018,Maharashtra,Known to victim - Family members,family,158,NCRB CII 2018 Table 3A.4 (Table-3A.4_0.xlsx)
2018,Manipur,Known to victim - Family members,family,4,NCRB CII 2018 Table 3A.4 (Table-3A.4_0.xlsx)
2018,Meghalaya,Known to victim - Family members,family,16,NCRB CII 2018 Table 3A.4 (Table-3A.4_0.xlsx)
2018,Mizoram,Known to victim - Family members,family,12,NCRB CII 2018 Table 3A.4 (Table-3A.4_0.xlsx)
2018,Nagaland,Known to victim - Family members,family,1,NCRB CII 2018 Table 3A.4 (Table-3A.4_0.xlsx)
2018,Odisha,Known to victim - Family members,family,1,NCRB CII 2018 Table 3A.4 (Table-3A.4_0.xlsx)
2018,Punjab,Known to victim - Family members,family,59,NCRB CII 2018 Table 3A.4 (Table-3A.4_0.xlsx)
2018,Rajasthan,Known to victim - Family members,family,298,NCRB CII 2018 Table 3A.4 (Table-3A.4_0.xlsx)
2018,Sikkim,Known to victim - Family members,family,2,NCRB CII 2018 Table 3A.4 (Table-3A.4_0.xlsx)
2018,Tamil Nadu,Known to victim - Family members,family,45,NCRB CII 2018 Table 3A.4 (Table-3A.4_0.xlsx)
2018,Telangana,Known to victim - Family members,family,84,NCRB CII 2018 Table 3A.4 (Table-3A.4_0.xlsx)
2018,Tripura,Known to victim - Family members,family,5,NCRB CII 2018 Table 3A.4 (Table-3A.4_0.xlsx)
2018,Uttar Pradesh,Known to victim - Family members,family,287,NCRB CII 2018 Table 3A.4 (Table-3A.4_0.xlsx)
2018,Uttarakhand,Known to victim - Family members,family,4,NCRB CII 2018 Table 3A.4 (Table-3A.4_0.xlsx)
2018,West Bengal,Known to victim - Family members,family,24,NCRB CII 2018 Table 3A.4 (Table-3A.4_0.xlsx)
2018,Andaman & Nicobar Islands,Known to victim - Family members,family,4,NCRB CII 2018 Table 3A.4 (Table-3A.4_0.xlsx)
2018,Chandigarh,Known to victim - Family members,family,5,NCRB CII 2018 Table 3A.4 (Table-3A.4_0.xlsx)
2018,Dadra & Nagar Haveli and Daman & Diu,Known to victim - Family members,family,2,NCRB CII 2018 Table 3A.4 (Table-3A.4_0.xlsx)
2018,Delhi,Known to victim - Family members,family,125,NCRB CII 2018 Table 3A.4 (Table-3A.4_0.xlsx)
2018,Lakshadweep,Known to victim - Family members,family,0,NCRB CII 2018 Table 3A.4 (Table-3A.4_0.xlsx)
2018,Puducherry,Known to victim - Family members,family,0,NCRB CII 2018 Table 3A.4 (Table-3A.4_0.xlsx)
2018,All India,Known to victim - Family members,family,2780,NCRB CII 2018 Table 3A.4 (Table-3A.4_0.xlsx)
2018,Andhra Pradesh,Known to victim - Family Friends/ Neighbours/ Employer or Other Known Persons,family_friends_neighbours_employer_other_known,474,NCRB CII 2018 Table 3A.4 (Table-3A.4_0.xlsx)
2018,Arunachal Pradesh,Known to victim - Family Friends/ Neighbours/ Employer or Other Known Persons,family_friends_neighbours_employer_other_known,33,NCRB CII 2018 Table 3A.4 (Table-3A.4_0.xlsx)
2018,Assam,Known to victim - Family Friends/ Neighbours/ Employer or Other Known Persons,family_friends_neighbours_employer_other_known,784,NCRB CII 2018 Table 3A.4 (Table-3A.4_0.xlsx)
2018,Bihar,Known to victim - Family Friends/ Neighbours/ Employer or Other Known Persons,family_friends_neighbours_employer_other_known,219,NCRB CII 2018 Table 3A.4 (Table-3A.4_0.xlsx)
2018,Chhattisgarh,Known to victim - Family Friends/ Neighbours/ Employer or Other Known Persons,family_friends_neighbours_employer_other_known,796,NCRB CII 2018 Table 3A.4 (Table-3A.4_0.xlsx)
2018,Goa,Known to victim - Family Friends/ Neighbours/ Employer or Other Known Persons,family_friends_neighbours_employer_other_known,21,NCRB CII 2018 Table 3A.4 (Table-3A.4_0.xlsx)
2018,Gujarat,Known to victim - Family Friends/ Neighbours/ Employer or Other Known Persons,family_friends_neighbours_employer_other_known,255,NCRB CII 2018 Table 3A.4 (Table-3A.4_0.xlsx)
2018,Haryana,Known to victim - Family Friends/ Neighbours/ Employer or Other Known Persons,family_friends_neighbours_employer_other_known,744,NCRB CII 2018 Table 3A.4 (Table-3A.4_0.xlsx)
2018,Himachal Pradesh,Known to victim - Family Friends/ Neighbours/ Employer or Other Known Persons,family_friends_neighbours_employer_other_known,161,NCRB CII 2018 Table 3A.4 (Table-3A.4_0.xlsx)
2018,Jammu & Kashmir,Known to victim - Family Friends/ Neighbours/ Employer or Other Known Persons,family_friends_neighbours_employer_other_known,192,NCRB CII 2018 Table 3A.4 (Table-3A.4_0.xlsx)
2018,Jharkhand,Known to victim - Family Friends/ Neighbours/ Employer or Other Known Persons,family_friends_neighbours_employer_other_known,507,NCRB CII 2018 Table 3A.4 (Table-3A.4_0.xlsx)
2018,Karnataka,Known to victim - Family Friends/ Neighbours/ Employer or Other Known Persons,family_friends_neighbours_employer_other_known,276,NCRB CII 2018 Table 3A.4 (Table-3A.4_0.xlsx)
2018,Kerala,Known to victim - Family Friends/ Neighbours/ Employer or Other Known Persons,family_friends_neighbours_employer_other_known,753,NCRB CII 2018 Table 3A.4 (Table-3A.4_0.xlsx)
2018,Madhya Pradesh,Known to victim - Family Friends/ Neighbours/ Employer or Other Known Persons,family_friends_neighbours_employer_other_known,2543,NCRB CII 2018 Table 3A.4 (Table-3A.4_0.xlsx)
2018,Maharashtra,Known to victim - Family Friends/ Neighbours/ Employer or Other Known Persons,family_friends_neighbours_employer_other_known,991,NCRB CII 2018 Table 3A.4 (Table-3A.4_0.xlsx)
2018,Manipur,Known to victim - Family Friends/ Neighbours/ Employer or Other Known Persons,family_friends_neighbours_employer_other_known,12,NCRB CII 2018 Table 3A.4 (Table-3A.4_0.xlsx)
2018,Meghalaya,Known to victim - Family Friends/ Neighbours/ Employer or Other Known Persons,family_friends_neighbours_employer_other_known,58,NCRB CII 2018 Table 3A.4 (Table-3A.4_0.xlsx)
2018,Mizoram,Known to victim - Family Friends/ Neighbours/ Employer or Other Known Persons,family_friends_neighbours_employer_other_known,33,NCRB CII 2018 Table 3A.4 (Table-3A.4_0.xlsx)
2018,Nagaland,Known to victim - Family Friends/ Neighbours/ Employer or Other Known Persons,family_friends_neighbours_employer_other_known,7,NCRB CII 2018 Table 3A.4 (Table-3A.4_0.xlsx)
2018,Odisha,Known to victim - Family Friends/ Neighbours/ Employer or Other Known Persons,family_friends_neighbours_employer_other_known,119,NCRB CII 2018 Table 3A.4 (Table-3A.4_0.xlsx)
2018,Punjab,Known to victim - Family Friends/ Neighbours/ Employer or Other Known Persons,family_friends_neighbours_employer_other_known,485,NCRB CII 2018 Table 3A.4 (Table-3A.4_0.xlsx)
2018,Rajasthan,Known to victim - Family Friends/ Neighbours/ Employer or Other Known Persons,family_friends_neighbours_employer_other_known,2193,NCRB CII 2018 Table 3A.4 (Table-3A.4_0.xlsx)
2018,Sikkim,Known to victim - Family Friends/ Neighbours/ Employer or Other Known Persons,family_friends_neighbours_employer_other_known,6,NCRB CII 2018 Table 3A.4 (Table-3A.4_0.xlsx)
2018,Tamil Nadu,Known to victim - Family Friends/ Neighbours/ Employer or Other Known Persons,family_friends_neighbours_employer_other_known,122,NCRB CII 2018 Table 3A.4 (Table-3A.4_0.xlsx)
2018,Telangana,Known to victim - Family Friends/ Neighbours/ Employer or Other Known Persons,family_friends_neighbours_employer_other_known,246,NCRB CII 2018 Table 3A.4 (Table-3A.4_0.xlsx)
2018,Tripura,Known to victim - Family Friends/ Neighbours/ Employer or Other Known Persons,family_friends_neighbours_employer_other_known,57,NCRB CII 2018 Table 3A.4 (Table-3A.4_0.xlsx)
2018,Uttar Pradesh,Known to victim - Family Friends/ Neighbours/ Employer or Other Known Persons,family_friends_neighbours_employer_other_known,2121,NCRB CII 2018 Table 3A.4 (Table-3A.4_0.xlsx)
2018,Uttarakhand,Known to victim - Family Friends/ Neighbours/ Employer or Other Known Persons,family_friends_neighbours_employer_other_known,345,NCRB CII 2018 Table 3A.4 (Table-3A.4_0.xlsx)
2018,West Bengal,Known to victim - Family Friends/ Neighbours/ Employer or Other Known Persons,family_friends_neighbours_employer_other_known,862,NCRB CII 2018 Table 3A.4 (Table-3A.4_0.xlsx)
2018,Andaman & Nicobar Islands,Known to victim - Family Friends/ Neighbours/ Employer or Other Known Persons,family_friends_neighbours_employer_other_known,7,NCRB CII 2018 Table 3A.4 (Table-3A.4_0.xlsx)
2018,Chandigarh,Known to victim - Family Friends/ Neighbours/ Employer or Other Known Persons,family_friends_neighbours_employer_other_known,39,NCRB CII 2018 Table 3A.4 (Table-3A.4_0.xlsx)
2018,Dadra & Nagar Haveli and Daman & Diu,Known to victim - Family Friends/ Neighbours/ Employer or Other Known Persons,family_friends_neighbours_employer_other_known,1,NCRB CII 2018 Table 3A.4 (Table-3A.4_0.xlsx)
2018,Delhi,Known to victim - Family Friends/ Neighbours/ Employer or Other Known Persons,family_friends_neighbours_employer_other_known,509,NCRB CII 2018 Table 3A.4 (Table-3A.4_0.xlsx)
2018,Lakshadweep,Known to victim - Family Friends/ Neighbours/ Employer or Other Known Persons,family_friends_neighbours_employer_other_known,1,NCRB CII 2018 Table 3A.4 (Table-3A.4_0.xlsx)
2018,Puducherry,Known to victim - Family Friends/ Neighbours/ Employer or Other Known Persons,family_friends_neighbours_employer_other_known,0,NCRB CII 2018 Table 3A.4 (Table-3A.4_0.xlsx)
2018,All India,Known to victim - Family Friends/ Neighbours/ Employer or Other Known Persons,family_friends_neighbours_employer_other_known,15972,NCRB CII 2018 Table 3A.4 (Table-3A.4_0.xlsx)
2018,Andhra Pradesh,Known to victim - Friends/Online-Friends or Live in Partners on Pretext of Marriage/Seperated Husband,friends_online_friends_livein_partners_separated_husband,374,NCRB CII 2018 Table 3A.4 (Table-3A.4_0.xlsx)
2018,Arunachal Pradesh,Known to victim - Friends/Online-Friends or Live in Partners on Pretext of Marriage/Seperated Husband,friends_online_friends_livein_partners_separated_husband,19,NCRB CII 2018 Table 3A.4 (Table-3A.4_0.xlsx)
2018,Assam,Known to victim - Friends/Online-Friends or Live in Partners on Pretext of Marriage/Seperated Husband,friends_online_friends_livein_partners_separated_husband,563,NCRB CII 2018 Table 3A.4 (Table-3A.4_0.xlsx)
2018,Bihar,Known to victim - Friends/Online-Friends or Live in Partners on Pretext of Marriage/Seperated Husband,friends_online_friends_livein_partners_separated_husband,413,NCRB CII 2018 Table 3A.4 (Table-3A.4_0.xlsx)
2018,Chhattisgarh,Known to victim - Friends/Online-Friends or Live in Partners on Pretext of Marriage/Seperated Husband,friends_online_friends_livein_partners_separated_husband,983,NCRB CII 2018 Table 3A.4 (Table-3A.4_0.xlsx)
2018,Goa,Known to victim - Friends/Online-Friends or Live in Partners on Pretext of Marriage/Seperated Husband,friends_online_friends_livein_partners_separated_husband,31,NCRB CII 2018 Table 3A.4 (Table-3A.4_0.xlsx)
2018,Gujarat,Known to victim - Friends/Online-Friends or Live in Partners on Pretext of Marriage/Seperated Husband,friends_online_friends_livein_partners_separated_husband,218,NCRB CII 2018 Table 3A.4 (Table-3A.4_0.xlsx)
2018,Haryana,Known to victim - Friends/Online-Friends or Live in Partners on Pretext of Marriage/Seperated Husband,friends_online_friends_livein_partners_separated_husband,344,NCRB CII 2018 Table 3A.4 (Table-3A.4_0.xlsx)
2018,Himachal Pradesh,Known to victim - Friends/Online-Friends or Live in Partners on Pretext of Marriage/Seperated Husband,friends_online_friends_livein_partners_separated_husband,135,NCRB CII 2018 Table 3A.4 (Table-3A.4_0.xlsx)
2018,Jammu & Kashmir,Known to victim - Friends/Online-Friends or Live in Partners on Pretext of Marriage/Seperated Husband,friends_online_friends_livein_partners_separated_husband,71,NCRB CII 2018 Table 3A.4 (Table-3A.4_0.xlsx)
2018,Jharkhand,Known to victim - Friends/Online-Friends or Live in Partners on Pretext of Marriage/Seperated Husband,friends_online_friends_livein_partners_separated_husband,386,NCRB CII 2018 Table 3A.4 (Table-3A.4_0.xlsx)
2018,Karnataka,Known to victim - Friends/Online-Friends or Live in Partners on Pretext of Marriage/Seperated Husband,friends_online_friends_livein_partners_separated_husband,153,NCRB CII 2018 Table 3A.4 (Table-3A.4_0.xlsx)
2018,Kerala,Known to victim - Friends/Online-Friends or Live in Partners on Pretext of Marriage/Seperated Husband,friends_online_friends_livein_partners_separated_husband,879,NCRB CII 2018 Table 3A.4 (Table-3A.4_0.xlsx)
2018,Madhya Pradesh,Known to victim - Friends/Online-Friends or Live in Partners on Pretext of Marriage/Seperated Husband,friends_online_friends_livein_partners_separated_husband,2113,NCRB CII 2018 Table 3A.4 (Table-3A.4_0.xlsx)
2018,Maharashtra,Known to victim - Friends/Online-Friends or Live in Partners on Pretext of Marriage/Seperated Husband,friends_online_friends_livein_partners_separated_husband,975,NCRB CII 2018 Table 3A.4 (Table-3A.4_0.xlsx)
2018,Manipur,Known to victim - Friends/Online-Friends or Live in Partners on Pretext of Marriage/Seperated Husband,friends_online_friends_livein_partners_separated_husband,34,NCRB CII 2018 Table 3A.4 (Table-3A.4_0.xlsx)
2018,Meghalaya,Known to victim - Friends/Online-Friends or Live in Partners on Pretext of Marriage/Seperated Husband,friends_online_friends_livein_partners_separated_husband,7,NCRB CII 2018 Table 3A.4 (Table-3A.4_0.xlsx)
2018,Mizoram,Known to victim - Friends/Online-Friends or Live in Partners on Pretext of Marriage/Seperated Husband,friends_online_friends_livein_partners_separated_husband,4,NCRB CII 2018 Table 3A.4 (Table-3A.4_0.xlsx)
2018,Nagaland,Known to victim - Friends/Online-Friends or Live in Partners on Pretext of Marriage/Seperated Husband,friends_online_friends_livein_partners_separated_husband,2,NCRB CII 2018 Table 3A.4 (Table-3A.4_0.xlsx)
2018,Odisha,Known to victim - Friends/Online-Friends or Live in Partners on Pretext of Marriage/Seperated Husband,friends_online_friends_livein_partners_separated_husband,781,NCRB CII 2018 Table 3A.4 (Table-3A.4_0.xlsx)
2018,Punjab,Known to victim - Friends/Online-Friends or Live in Partners on Pretext of Marriage/Seperated Husband,friends_online_friends_livein_partners_separated_husband,278,NCRB CII 2018 Table 3A.4 (Table-3A.4_0.xlsx)
2018,Rajasthan,Known to victim - Friends/Online-Friends or Live in Partners on Pretext of Marriage/Seperated Husband,friends_online_friends_livein_partners_separated_husband,1257,NCRB CII 2018 Table 3A.4 (Table-3A.4_0.xlsx)
2018,Sikkim,Known to victim - Friends/Online-Friends or Live in Partners on Pretext of Marriage/Seperated Husband,friends_online_friends_livein_partners_separated_husband,8,NCRB CII 2018 Table 3A.4 (Table-3A.4_0.xlsx)
2018,Tamil Nadu,Known to victim - Friends/Online-Friends or Live in Partners on Pretext of Marriage/Seperated Husband,friends_online_friends_livein_partners_separated_husband,160,NCRB CII 2018 Table 3A.4 (Table-3A.4_0.xlsx)
2018,Telangana,Known to victim - Friends/Online-Friends or Live in Partners on Pretext of Marriage/Seperated Husband,friends_online_friends_livein_partners_separated_husband,269,NCRB CII 2018 Table 3A.4 (Table-3A.4_0.xlsx)
2018,Tripura,Known to victim - Friends/Online-Friends or Live in Partners on Pretext of Marriage/Seperated Husband,friends_online_friends_livein_partners_separated_husband,32,NCRB CII 2018 Table 3A.4 (Table-3A.4_0.xlsx)
2018,Uttar Pradesh,Known to victim - Friends/Online-Friends or Live in Partners on Pretext of Marriage/Seperated Husband,friends_online_friends_livein_partners_separated_husband,1310,NCRB CII 2018 Table 3A.4 (Table-3A.4_0.xlsx)
2018,Uttarakhand,Known to victim - Friends/Online-Friends or Live in Partners on Pretext of Marriage/Seperated Husband,friends_online_friends_livein_partners_separated_husband,74,NCRB CII 2018 Table 3A.4 (Table-3A.4_0.xlsx)
2018,West Bengal,Known to victim - Friends/Online-Friends or Live in Partners on Pretext of Marriage/Seperated Husband,friends_online_friends_livein_partners_separated_husband,72,NCRB CII 2018 Table 3A.4 (Table-3A.4_0.xlsx)
2018,Andaman & Nicobar Islands,Known to victim - Friends/Online-Friends or Live in Partners on Pretext of Marriage/Seperated Husband,friends_online_friends_livein_partners_separated_husband,16,NCRB CII 2018 Table 3A.4 (Table-3A.4_0.xlsx)
2018,Chandigarh,Known to victim - Friends/Online-Friends or Live in Partners on Pretext of Marriage/Seperated Husband,friends_online_friends_livein_partners_separated_husband,40,NCRB CII 2018 Table 3A.4 (Table-3A.4_0.xlsx)
2018,Dadra & Nagar Haveli and Daman & Diu,Known to victim - Friends/Online-Friends or Live in Partners on Pretext of Marriage/Seperated Husband,friends_online_friends_livein_partners_separated_husband,6,NCRB CII 2018 Table 3A.4 (Table-3A.4_0.xlsx)
2018,Delhi,Known to victim - Friends/Online-Friends or Live in Partners on Pretext of Marriage/Seperated Husband,friends_online_friends_livein_partners_separated_husband,560,NCRB CII 2018 Table 3A.4 (Table-3A.4_0.xlsx)
2018,Lakshadweep,Known to victim - Friends/Online-Friends or Live in Partners on Pretext of Marriage/Seperated Husband,friends_online_friends_livein_partners_separated_husband,1,NCRB CII 2018 Table 3A.4 (Table-3A.4_0.xlsx)
2018,Puducherry,Known to victim - Friends/Online-Friends or Live in Partners on Pretext of Marriage/Seperated Husband,friends_online_friends_livein_partners_separated_husband,0,NCRB CII 2018 Table 3A.4 (Table-3A.4_0.xlsx)
2018,All India,Known to victim - Friends/Online-Friends or Live in Partners on Pretext of Marriage/Seperated Husband,friends_online_friends_livein_partners_separated_husband,12568,NCRB CII 2018 Table 3A.4 (Table-3A.4_0.xlsx)
2018,Andhra Pradesh,Cases Offenders Unknown or Not Identified,unknown,59,NCRB CII 2018 Table 3A.4 (Table-3A.4_0.xlsx)
2018,Arunachal Pradesh,Cases Offenders Unknown or Not Identified,unknown,4,NCRB CII 2018 Table 3A.4 (Table-3A.4_0.xlsx)
2018,Assam,Cases Offenders Unknown or Not Identified,unknown,160,NCRB CII 2018 Table 3A.4 (Table-3A.4_0.xlsx)
2018,Bihar,Cases Offenders Unknown or Not Identified,unknown,12,NCRB CII 2018 Table 3A.4 (Table-3A.4_0.xlsx)
2018,Chhattisgarh,Cases Offenders Unknown or Not Identified,unknown,176,NCRB CII 2018 Table 3A.4 (Table-3A.4_0.xlsx)
2018,Goa,Cases Offenders Unknown or Not Identified,unknown,4,NCRB CII 2018 Table 3A.4 (Table-3A.4_0.xlsx)
2018,Gujarat,Cases Offenders Unknown or Not Identified,unknown,21,NCRB CII 2018 Table 3A.4 (Table-3A.4_0.xlsx)
2018,Haryana,Cases Offenders Unknown or Not Identified,unknown,60,NCRB CII 2018 Table 3A.4 (Table-3A.4_0.xlsx)
2018,Himachal Pradesh,Cases Offenders Unknown or Not Identified,unknown,5,NCRB CII 2018 Table 3A.4 (Table-3A.4_0.xlsx)
2018,Jammu & Kashmir,Cases Offenders Unknown or Not Identified,unknown,43,NCRB CII 2018 Table 3A.4 (Table-3A.4_0.xlsx)
2018,Jharkhand,Cases Offenders Unknown or Not Identified,unknown,75,NCRB CII 2018 Table 3A.4 (Table-3A.4_0.xlsx)
2018,Karnataka,Cases Offenders Unknown or Not Identified,unknown,4,NCRB CII 2018 Table 3A.4 (Table-3A.4_0.xlsx)
2018,Kerala,Cases Offenders Unknown or Not Identified,unknown,31,NCRB CII 2018 Table 3A.4 (Table-3A.4_0.xlsx)
2018,Madhya Pradesh,Cases Offenders Unknown or Not Identified,unknown,224,NCRB CII 2018 Table 3A.4 (Table-3A.4_0.xlsx)
2018,Maharashtra,Cases Offenders Unknown or Not Identified,unknown,18,NCRB CII 2018 Table 3A.4 (Table-3A.4_0.xlsx)
2018,Manipur,Cases Offenders Unknown or Not Identified,unknown,2,NCRB CII 2018 Table 3A.4 (Table-3A.4_0.xlsx)
2018,Meghalaya,Cases Offenders Unknown or Not Identified,unknown,6,NCRB CII 2018 Table 3A.4 (Table-3A.4_0.xlsx)
2018,Mizoram,Cases Offenders Unknown or Not Identified,unknown,1,NCRB CII 2018 Table 3A.4 (Table-3A.4_0.xlsx)
2018,Nagaland,Cases Offenders Unknown or Not Identified,unknown,0,NCRB CII 2018 Table 3A.4 (Table-3A.4_0.xlsx)
2018,Odisha,Cases Offenders Unknown or Not Identified,unknown,17,NCRB CII 2018 Table 3A.4 (Table-3A.4_0.xlsx)
2018,Punjab,Cases Offenders Unknown or Not Identified,unknown,9,NCRB CII 2018 Table 3A.4 (Table-3A.4_0.xlsx)
2018,Rajasthan,Cases Offenders Unknown or Not Identified,unknown,587,NCRB CII 2018 Table 3A.4 (Table-3A.4_0.xlsx)
2018,Sikkim,Cases Offenders Unknown or Not Identified,unknown,0,NCRB CII 2018 Table 3A.4 (Table-3A.4_0.xlsx)
2018,Tamil Nadu,Cases Offenders Unknown or Not Identified,unknown,4,NCRB CII 2018 Table 3A.4 (Table-3A.4_0.xlsx)
2018,Telangana,Cases Offenders Unknown or Not Identified,unknown,7,NCRB CII 2018 Table 3A.4 (Table-3A.4_0.xlsx)
2018,Tripura,Cases Offenders Unknown or Not Identified,unknown,3,NCRB CII 2018 Table 3A.4 (Table-3A.4_0.xlsx)
2018,Uttar Pradesh,Cases Offenders Unknown or Not Identified,unknown,228,NCRB CII 2018 Table 3A.4 (Table-3A.4_0.xlsx)
2018,Uttarakhand,Cases Offenders Unknown or Not Identified,unknown,138,NCRB CII 2018 Table 3A.4 (Table-3A.4_0.xlsx)
2018,West Bengal,Cases Offenders Unknown or Not Identified,unknown,111,NCRB CII 2018 Table 3A.4 (Table-3A.4_0.xlsx)
2018,Andaman & Nicobar Islands,Cases Offenders Unknown or Not Identified,unknown,3,NCRB CII 2018 Table 3A.4 (Table-3A.4_0.xlsx)
2018,Chandigarh,Cases Offenders Unknown or Not Identified,unknown,2,NCRB CII 2018 Table 3A.4 (Table-3A.4_0.xlsx)
2018,Dadra & Nagar Haveli and Daman & Diu,Cases Offenders Unknown or Not Identified,unknown,1,NCRB CII 2018 Table 3A.4 (Table-3A.4_0.xlsx)
2018,Delhi,Cases Offenders Unknown or Not Identified,unknown,21,NCRB CII 2018 Table 3A.4 (Table-3A.4_0.xlsx)
2018,Lakshadweep,Cases Offenders Unknown or Not Identified,unknown,0,NCRB CII 2018 Table 3A.4 (Table-3A.4_0.xlsx)
2018,Puducherry,Cases Offenders Unknown or Not Identified,unknown,0,NCRB CII 2018 Table 3A.4 (Table-3A.4_0.xlsx)
2018,All India,Cases Offenders Unknown or Not Identified,unknown,2036,NCRB CII 2018 Table 3A.4 (Table-3A.4_0.xlsx)
2018,Andhra Pradesh,Total Rape Cases (Known+unknown Offenders),total_cases,971,NCRB CII 2018 Table 3A.4 (Table-3A.4_0.xlsx)
2018,Arunachal Pradesh,Total Rape Cases (Known+unknown Offenders),total_cases,67,NCRB CII 2018 Table 3A.4 (Table-3A.4_0.xlsx)
2018,Assam,Total Rape Cases (Known+unknown Offenders),total_cases,1648,NCRB CII 2018 Table 3A.4 (Table-3A.4_0.xlsx)
2018,Bihar,Total Rape Cases (Known+unknown Offenders),total_cases,651,NCRB CII 2018 Table 3A.4 (Table-3A.4_0.xlsx)
2018,Chhattisgarh,Total Rape Cases (Known+unknown Offenders),total_cases,2091,NCRB CII 2018 Table 3A.4 (Table-3A.4_0.xlsx)
2018,Goa,Total Rape Cases (Known+unknown Offenders),total_cases,61,NCRB CII 2018 Table 3A.4 (Table-3A.4_0.xlsx)
2018,Gujarat,Total Rape Cases (Known+unknown Offenders),total_cases,553,NCRB CII 2018 Table 3A.4 (Table-3A.4_0.xlsx)
2018,Haryana,Total Rape Cases (Known+unknown Offenders),total_cases,1296,NCRB CII 2018 Table 3A.4 (Table-3A.4_0.xlsx)
2018,Himachal Pradesh,Total Rape Cases (Known+unknown Offenders),total_cases,344,NCRB CII 2018 Table 3A.4 (Table-3A.4_0.xlsx)
2018,Jammu & Kashmir,Total Rape Cases (Known+unknown Offenders),total_cases,320,NCRB CII 2018 Table 3A.4 (Table-3A.4_0.xlsx)
2018,Jharkhand,Total Rape Cases (Known+unknown Offenders),total_cases,1090,NCRB CII 2018 Table 3A.4 (Table-3A.4_0.xlsx)
2018,Karnataka,Total Rape Cases (Known+unknown Offenders),total_cases,492,NCRB CII 2018 Table 3A.4 (Table-3A.4_0.xlsx)
2018,Kerala,Total Rape Cases (Known+unknown Offenders),total_cases,1945,NCRB CII 2018 Table 3A.4 (Table-3A.4_0.xlsx)
2018,Madhya Pradesh,Total Rape Cases (Known+unknown Offenders),total_cases,5433,NCRB CII 2018 Table 3A.4 (Table-3A.4_0.xlsx)
2018,Maharashtra,Total Rape Cases (Known+unknown Offenders),total_cases,2142,NCRB CII 2018 Table 3A.4 (Table-3A.4_0.xlsx)
2018,Manipur,Total Rape Cases (Known+unknown Offenders),total_cases,52,NCRB CII 2018 Table 3A.4 (Table-3A.4_0.xlsx)
2018,Meghalaya,Total Rape Cases (Known+unknown Offenders),total_cases,87,NCRB CII 2018 Table 3A.4 (Table-3A.4_0.xlsx)
2018,Mizoram,Total Rape Cases (Known+unknown Offenders),total_cases,50,NCRB CII 2018 Table 3A.4 (Table-3A.4_0.xlsx)
2018,Nagaland,Total Rape Cases (Known+unknown Offenders),total_cases,10,NCRB CII 2018 Table 3A.4 (Table-3A.4_0.xlsx)
2018,Odisha,Total Rape Cases (Known+unknown Offenders),total_cases,918,NCRB CII 2018 Table 3A.4 (Table-3A.4_0.xlsx)
2018,Punjab,Total Rape Cases (Known+unknown Offenders),total_cases,831,NCRB CII 2018 Table 3A.4 (Table-3A.4_0.xlsx)
2018,Rajasthan,Total Rape Cases (Known+unknown Offenders),total_cases,4335,NCRB CII 2018 Table 3A.4 (Table-3A.4_0.xlsx)
2018,Sikkim,Total Rape Cases (Known+unknown Offenders),total_cases,16,NCRB CII 2018 Table 3A.4 (Table-3A.4_0.xlsx)
2018,Tamil Nadu,Total Rape Cases (Known+unknown Offenders),total_cases,331,NCRB CII 2018 Table 3A.4 (Table-3A.4_0.xlsx)
2018,Telangana,Total Rape Cases (Known+unknown Offenders),total_cases,606,NCRB CII 2018 Table 3A.4 (Table-3A.4_0.xlsx)
2018,Tripura,Total Rape Cases (Known+unknown Offenders),total_cases,97,NCRB CII 2018 Table 3A.4 (Table-3A.4_0.xlsx)
2018,Uttar Pradesh,Total Rape Cases (Known+unknown Offenders),total_cases,3946,NCRB CII 2018 Table 3A.4 (Table-3A.4_0.xlsx)
2018,Uttarakhand,Total Rape Cases (Known+unknown Offenders),total_cases,561,NCRB CII 2018 Table 3A.4 (Table-3A.4_0.xlsx)
2018,West Bengal,Total Rape Cases (Known+unknown Offenders),total_cases,1069,NCRB CII 2018 Table 3A.4 (Table-3A.4_0.xlsx)
2018,Andaman & Nicobar Islands,Total Rape Cases (Known+unknown Offenders),total_cases,30,NCRB CII 2018 Table 3A.4 (Table-3A.4_0.xlsx)
2018,Chandigarh,Total Rape Cases (Known+unknown Offenders),total_cases,86,NCRB CII 2018 Table 3A.4 (Table-3A.4_0.xlsx)
2018,Dadra & Nagar Haveli and Daman & Diu,Total Rape Cases (Known+unknown Offenders),total_cases,10,NCRB CII 2018 Table 3A.4 (Table-3A.4_0.xlsx)
2018,Delhi,Total Rape Cases (Known+unknown Offenders),total_cases,1215,NCRB CII 2018 Table 3A.4 (Table-3A.4_0.xlsx)
2018,Lakshadweep,Total Rape Cases (Known+unknown Offenders),total_cases,2,NCRB CII 2018 Table 3A.4 (Table-3A.4_0.xlsx)
2018,Puducherry,Total Rape Cases (Known+unknown Offenders),total_cases,0,NCRB CII 2018 Table 3A.4 (Table-3A.4_0.xlsx)
2018,All India,Total Rape Cases (Known+unknown Offenders),total_cases,33356,NCRB CII 2018 Table 3A.4 (Table-3A.4_0.xlsx)
2021,Andhra Pradesh,Known to victim (total),known_total,1183,NCRB CII 2021 Table 3A.4 (1679652892TABLE3A4.xlsx)
2021,Arunachal Pradesh,Known to victim (total),known_total,80,NCRB CII 2021 Table 3A.4 (1679652892TABLE3A4.xlsx)
2021,Assam,Known to victim (total),known_total,1709,NCRB CII 2021 Table 3A.4 (1679652892TABLE3A4.xlsx)
2021,Bihar,Known to victim (total),known_total,727,NCRB CII 2021 Table 3A.4 (1679652892TABLE3A4.xlsx)
2021,Chhattisgarh,Known to victim (total),known_total,1088,NCRB CII 2021 Table 3A.4 (1679652892TABLE3A4.xlsx)
2021,Goa,Known to victim (total),known_total,68,NCRB CII 2021 Table 3A.4 (1679652892TABLE3A4.xlsx)
2021,Gujarat,Known to victim (total),known_total,537,NCRB CII 2021 Table 3A.4 (1679652892TABLE3A4.xlsx)
2021,Haryana,Known to victim (total),known_total,1697,NCRB CII 2021 Table 3A.4 (1679652892TABLE3A4.xlsx)
2021,Himachal Pradesh,Known to victim (total),known_total,353,NCRB CII 2021 Table 3A.4 (1679652892TABLE3A4.xlsx)
2021,Jharkhand,Known to victim (total),known_total,1298,NCRB CII 2021 Table 3A.4 (1679652892TABLE3A4.xlsx)
2021,Karnataka,Known to victim (total),known_total,545,NCRB CII 2021 Table 3A.4 (1679652892TABLE3A4.xlsx)
2021,Kerala,Known to victim (total),known_total,768,NCRB CII 2021 Table 3A.4 (1679652892TABLE3A4.xlsx)
2021,Madhya Pradesh,Known to victim (total),known_total,2898,NCRB CII 2021 Table 3A.4 (1679652892TABLE3A4.xlsx)
2021,Maharashtra,Known to victim (total),known_total,2496,NCRB CII 2021 Table 3A.4 (1679652892TABLE3A4.xlsx)
2021,Manipur,Known to victim (total),known_total,26,NCRB CII 2021 Table 3A.4 (1679652892TABLE3A4.xlsx)
2021,Meghalaya,Known to victim (total),known_total,74,NCRB CII 2021 Table 3A.4 (1679652892TABLE3A4.xlsx)
2021,Mizoram,Known to victim (total),known_total,26,NCRB CII 2021 Table 3A.4 (1679652892TABLE3A4.xlsx)
2021,Nagaland,Known to victim (total),known_total,4,NCRB CII 2021 Table 3A.4 (1679652892TABLE3A4.xlsx)
2021,Odisha,Known to victim (total),known_total,1455,NCRB CII 2021 Table 3A.4 (1679652892TABLE3A4.xlsx)
2021,Punjab,Known to victim (total),known_total,461,NCRB CII 2021 Table 3A.4 (1679652892TABLE3A4.xlsx)
2021,Rajasthan,Known to victim (total),known_total,6074,NCRB CII 2021 Table 3A.4 (1679652892TABLE3A4.xlsx)
2021,Sikkim,Known to victim (total),known_total,8,NCRB CII 2021 Table 3A.4 (1679652892TABLE3A4.xlsx)
2021,Tamil Nadu,Known to victim (total),known_total,415,NCRB CII 2021 Table 3A.4 (1679652892TABLE3A4.xlsx)
2021,Telangana,Known to victim (total),known_total,819,NCRB CII 2021 Table 3A.4 (1679652892TABLE3A4.xlsx)
2021,Tripura,Known to victim (total),known_total,60,NCRB CII 2021 Table 3A.4 (1679652892TABLE3A4.xlsx)
2021,Uttar Pradesh,Known to victim (total),known_total,2668,NCRB CII 2021 Table 3A.4 (1679652892TABLE3A4.xlsx)
2021,Uttarakhand,Known to victim (total),known_total,522,NCRB CII 2021 Table 3A.4 (1679652892TABLE3A4.xlsx)
2021,West Bengal,Known to victim (total),known_total,911,NCRB CII 2021 Table 3A.4 (1679652892TABLE3A4.xlsx)
2021,Andaman & Nicobar Islands,Known to victim (total),known_total,15,NCRB CII 2021 Table 3A.4 (1679652892TABLE3A4.xlsx)
2021,Chandigarh,Known to victim (total),known_total,68,NCRB CII 2021 Table 3A.4 (1679652892TABLE3A4.xlsx)
2021,Dadra & Nagar Haveli and Daman & Diu,Known to victim (total),known_total,3,NCRB CII 2021 Table 3A.4 (1679652892TABLE3A4.xlsx)
2021,Delhi,Known to victim (total),known_total,1224,NCRB CII 2021 Table 3A.4 (1679652892TABLE3A4.xlsx)
2021,Jammu & Kashmir,Known to victim (total),known_total,288,NCRB CII 2021 Table 3A.4 (1679652892TABLE3A4.xlsx)
2021,Ladakh,Known to victim (total),known_total,2,NCRB CII 2021 Table 3A.4 (1679652892TABLE3A4.xlsx)
2021,Lakshadweep,Known to victim (total),known_total,0,NCRB CII 2021 Table 3A.4 (1679652892TABLE3A4.xlsx)
2021,Puducherry,Known to victim (total),known_total,1,NCRB CII 2021 Table 3A.4 (1679652892TABLE3A4.xlsx)
2021,All India,Known to victim (total),known_total,30571,NCRB CII 2021 Table 3A.4 (1679652892TABLE3A4.xlsx)
2021,Andhra Pradesh,Known to victim - Family Members,family,96,NCRB CII 2021 Table 3A.4 (1679652892TABLE3A4.xlsx)
2021,Arunachal Pradesh,Known to victim - Family Members,family,14,NCRB CII 2021 Table 3A.4 (1679652892TABLE3A4.xlsx)
2021,Assam,Known to victim - Family Members,family,177,NCRB CII 2021 Table 3A.4 (1679652892TABLE3A4.xlsx)
2021,Bihar,Known to victim - Family Members,family,44,NCRB CII 2021 Table 3A.4 (1679652892TABLE3A4.xlsx)
2021,Chhattisgarh,Known to victim - Family Members,family,57,NCRB CII 2021 Table 3A.4 (1679652892TABLE3A4.xlsx)
2021,Goa,Known to victim - Family Members,family,9,NCRB CII 2021 Table 3A.4 (1679652892TABLE3A4.xlsx)
2021,Gujarat,Known to victim - Family Members,family,37,NCRB CII 2021 Table 3A.4 (1679652892TABLE3A4.xlsx)
2021,Haryana,Known to victim - Family Members,family,128,NCRB CII 2021 Table 3A.4 (1679652892TABLE3A4.xlsx)
2021,Himachal Pradesh,Known to victim - Family Members,family,45,NCRB CII 2021 Table 3A.4 (1679652892TABLE3A4.xlsx)
2021,Jharkhand,Known to victim - Family Members,family,70,NCRB CII 2021 Table 3A.4 (1679652892TABLE3A4.xlsx)
2021,Karnataka,Known to victim - Family Members,family,55,NCRB CII 2021 Table 3A.4 (1679652892TABLE3A4.xlsx)
2021,Kerala,Known to victim - Family Members,family,71,NCRB CII 2021 Table 3A.4 (1679652892TABLE3A4.xlsx)
2021,Madhya Pradesh,Known to victim - Family Members,family,292,NCRB CII 2021 Table 3A.4 (1679652892TABLE3A4.xlsx)
2021,Maharashtra,Known to victim - Family Members,family,163,NCRB CII 2021 Table 3A.4 (1679652892TABLE3A4.xlsx)
2021,Manipur,Known to victim - Family Members,family,1,NCRB CII 2021 Table 3A.4 (1679652892TABLE3A4.xlsx)
2021,Meghalaya,Known to victim - Family Members,family,10,NCRB CII 2021 Table 3A.4 (1679652892TABLE3A4.xlsx)
2021,Mizoram,Known to victim - Family Members,family,6,NCRB CII 2021 Table 3A.4 (1679652892TABLE3A4.xlsx)
2021,Nagaland,Known to victim - Family Members,family,0,NCRB CII 2021 Table 3A.4 (1679652892TABLE3A4.xlsx)
2021,Odisha,Known to victim - Family Members,family,2,NCRB CII 2021 Table 3A.4 (1679652892TABLE3A4.xlsx)
2021,Punjab,Known to victim - Family Members,family,51,NCRB CII 2021 Table 3A.4 (1679652892TABLE3A4.xlsx)
2021,Rajasthan,Known to victim - Family Members,family,582,NCRB CII 2021 Table 3A.4 (1679652892TABLE3A4.xlsx)
2021,Sikkim,Known to victim - Family Members,family,2,NCRB CII 2021 Table 3A.4 (1679652892TABLE3A4.xlsx)
2021,Tamil Nadu,Known to victim - Family Members,family,30,NCRB CII 2021 Table 3A.4 (1679652892TABLE3A4.xlsx)
2021,Telangana,Known to victim - Family Members,family,129,NCRB CII 2021 Table 3A.4 (1679652892TABLE3A4.xlsx)
2021,Tripura,Known to victim - Family Members,family,6,NCRB CII 2021 Table 3A.4 (1679652892TABLE3A4.xlsx)
2021,Uttar Pradesh,Known to victim - Family Members,family,149,NCRB CII 2021 Table 3A.4 (1679652892TABLE3A4.xlsx)
2021,Uttarakhand,Known to victim - Family Members,family,16,NCRB CII 2021 Table 3A.4 (1679652892TABLE3A4.xlsx)
2021,West Bengal,Known to victim - Family Members,family,26,NCRB CII 2021 Table 3A.4 (1679652892TABLE3A4.xlsx)
2021,Andaman & Nicobar Islands,Known to victim - Family Members,family,2,NCRB CII 2021 Table 3A.4 (1679652892TABLE3A4.xlsx)
2021,Chandigarh,Known to victim - Family Members,family,8,NCRB CII 2021 Table 3A.4 (1679652892TABLE3A4.xlsx)
2021,Dadra & Nagar Haveli and Daman & Diu,Known to victim - Family Members,family,1,NCRB CII 2021 Table 3A.4 (1679652892TABLE3A4.xlsx)
2021,Delhi,Known to victim - Family Members,family,111,NCRB CII 2021 Table 3A.4 (1679652892TABLE3A4.xlsx)
2021,Jammu & Kashmir,Known to victim - Family Members,family,34,NCRB CII 2021 Table 3A.4 (1679652892TABLE3A4.xlsx)
2021,Ladakh,Known to victim - Family Members,family,0,NCRB CII 2021 Table 3A.4 (1679652892TABLE3A4.xlsx)
2021,Lakshadweep,Known to victim - Family Members,family,0,NCRB CII 2021 Table 3A.4 (1679652892TABLE3A4.xlsx)
2021,Puducherry,Known to victim - Family Members,family,0,NCRB CII 2021 Table 3A.4 (1679652892TABLE3A4.xlsx)
2021,All India,Known to victim - Family Members,family,2424,NCRB CII 2021 Table 3A.4 (1679652892TABLE3A4.xlsx)
2021,Andhra Pradesh,Known to victim - Friends/ Online-Friends or Live in Partners on Pretext of Marriage / Separated Husband,friends_online_friends_livein_partners_separated_husband,570,NCRB CII 2021 Table 3A.4 (1679652892TABLE3A4.xlsx)
2021,Arunachal Pradesh,Known to victim - Friends/ Online-Friends or Live in Partners on Pretext of Marriage / Separated Husband,friends_online_friends_livein_partners_separated_husband,9,NCRB CII 2021 Table 3A.4 (1679652892TABLE3A4.xlsx)
2021,Assam,Known to victim - Friends/ Online-Friends or Live in Partners on Pretext of Marriage / Separated Husband,friends_online_friends_livein_partners_separated_husband,482,NCRB CII 2021 Table 3A.4 (1679652892TABLE3A4.xlsx)
2021,Bihar,Known to victim - Friends/ Online-Friends or Live in Partners on Pretext of Marriage / Separated Husband,friends_online_friends_livein_partners_separated_husband,396,NCRB CII 2021 Table 3A.4 (1679652892TABLE3A4.xlsx)
2021,Chhattisgarh,Known to victim - Friends/ Online-Friends or Live in Partners on Pretext of Marriage / Separated Husband,friends_online_friends_livein_partners_separated_husband,650,NCRB CII 2021 Table 3A.4 (1679652892TABLE3A4.xlsx)
2021,Goa,Known to victim - Friends/ Online-Friends or Live in Partners on Pretext of Marriage / Separated Husband,friends_online_friends_livein_partners_separated_husband,46,NCRB CII 2021 Table 3A.4 (1679652892TABLE3A4.xlsx)
2021,Gujarat,Known to victim - Friends/ Online-Friends or Live in Partners on Pretext of Marriage / Separated Husband,friends_online_friends_livein_partners_separated_husband,263,NCRB CII 2021 Table 3A.4 (1679652892TABLE3A4.xlsx)
2021,Haryana,Known to victim - Friends/ Online-Friends or Live in Partners on Pretext of Marriage / Separated Husband,friends_online_friends_livein_partners_separated_husband,523,NCRB CII 2021 Table 3A.4 (1679652892TABLE3A4.xlsx)
2021,Himachal Pradesh,Known to victim - Friends/ Online-Friends or Live in Partners on Pretext of Marriage / Separated Husband,friends_online_friends_livein_partners_separated_husband,177,NCRB CII 2021 Table 3A.4 (1679652892TABLE3A4.xlsx)
2021,Jharkhand,Known to victim - Friends/ Online-Friends or Live in Partners on Pretext of Marriage / Separated Husband,friends_online_friends_livein_partners_separated_husband,560,NCRB CII 2021 Table 3A.4 (1679652892TABLE3A4.xlsx)
2021,Karnataka,Known to victim - Friends/ Online-Friends or Live in Partners on Pretext of Marriage / Separated Husband,friends_online_friends_livein_partners_separated_husband,210,NCRB CII 2021 Table 3A.4 (1679652892TABLE3A4.xlsx)
2021,Kerala,Known to victim - Friends/ Online-Friends or Live in Partners on Pretext of Marriage / Separated Husband,friends_online_friends_livein_partners_separated_husband,446,NCRB CII 2021 Table 3A.4 (1679652892TABLE3A4.xlsx)
2021,Madhya Pradesh,Known to victim - Friends/ Online-Friends or Live in Partners on Pretext of Marriage / Separated Husband,friends_online_friends_livein_partners_separated_husband,1145,NCRB CII 2021 Table 3A.4 (1679652892TABLE3A4.xlsx)
2021,Maharashtra,Known to victim - Friends/ Online-Friends or Live in Partners on Pretext of Marriage / Separated Husband,friends_online_friends_livein_partners_separated_husband,1425,NCRB CII 2021 Table 3A.4 (1679652892TABLE3A4.xlsx)
2021,Manipur,Known to victim - Friends/ Online-Friends or Live in Partners on Pretext of Marriage / Separated Husband,friends_online_friends_livein_partners_separated_husband,22,NCRB CII 2021 Table 3A.4 (1679652892TABLE3A4.xlsx)
2021,Meghalaya,Known to victim - Friends/ Online-Friends or Live in Partners on Pretext of Marriage / Separated Husband,friends_online_friends_livein_partners_separated_husband,11,NCRB CII 2021 Table 3A.4 (1679652892TABLE3A4.xlsx)
2021,Mizoram,Known to victim - Friends/ Online-Friends or Live in Partners on Pretext of Marriage / Separated Husband,friends_online_friends_livein_partners_separated_husband,5,NCRB CII 2021 Table 3A.4 (1679652892TABLE3A4.xlsx)
2021,Nagaland,Known to victim - Friends/ Online-Friends or Live in Partners on Pretext of Marriage / Separated Husband,friends_online_friends_livein_partners_separated_husband,2,NCRB CII 2021 Table 3A.4 (1679652892TABLE3A4.xlsx)
2021,Odisha,Known to victim - Friends/ Online-Friends or Live in Partners on Pretext of Marriage / Separated Husband,friends_online_friends_livein_partners_separated_husband,1233,NCRB CII 2021 Table 3A.4 (1679652892TABLE3A4.xlsx)
2021,Punjab,Known to victim - Friends/ Online-Friends or Live in Partners on Pretext of Marriage / Separated Husband,friends_online_friends_livein_partners_separated_husband,179,NCRB CII 2021 Table 3A.4 (1679652892TABLE3A4.xlsx)
2021,Rajasthan,Known to victim - Friends/ Online-Friends or Live in Partners on Pretext of Marriage / Separated Husband,friends_online_friends_livein_partners_separated_husband,1701,NCRB CII 2021 Table 3A.4 (1679652892TABLE3A4.xlsx)
2021,Sikkim,Known to victim - Friends/ Online-Friends or Live in Partners on Pretext of Marriage / Separated Husband,friends_online_friends_livein_partners_separated_husband,4,NCRB CII 2021 Table 3A.4 (1679652892TABLE3A4.xlsx)
2021,Tamil Nadu,Known to victim - Friends/ Online-Friends or Live in Partners on Pretext of Marriage / Separated Husband,friends_online_friends_livein_partners_separated_husband,238,NCRB CII 2021 Table 3A.4 (1679652892TABLE3A4.xlsx)
2021,Telangana,Known to victim - Friends/ Online-Friends or Live in Partners on Pretext of Marriage / Separated Husband,friends_online_friends_livein_partners_separated_husband,501,NCRB CII 2021 Table 3A.4 (1679652892TABLE3A4.xlsx)
2021,Tripura,Known to victim - Friends/ Online-Friends or Live in Partners on Pretext of Marriage / Separated Husband,friends_online_friends_livein_partners_separated_husband,35,NCRB CII 2021 Table 3A.4 (1679652892TABLE3A4.xlsx)
2021,Uttar Pradesh,Known to victim - Friends/ Online-Friends or Live in Partners on Pretext of Marriage / Separated Husband,friends_online_friends_livein_partners_separated_husband,1123,NCRB CII 2021 Table 3A.4 (1679652892TABLE3A4.xlsx)
2021,Uttarakhand,Known to victim - Friends/ Online-Friends or Live in Partners on Pretext of Marriage / Separated Husband,friends_online_friends_livein_partners_separated_husband,155,NCRB CII 2021 Table 3A.4 (1679652892TABLE3A4.xlsx)
2021,West Bengal,Known to victim - Friends/ Online-Friends or Live in Partners on Pretext of Marriage / Separated Husband,friends_online_friends_livein_partners_separated_husband,4,NCRB CII 2021 Table 3A.4 (1679652892TABLE3A4.xlsx)
2021,Andaman & Nicobar Islands,Known to victim - Friends/ Online-Friends or Live in Partners on Pretext of Marriage / Separated Husband,friends_online_friends_livein_partners_separated_husband,9,NCRB CII 2021 Table 3A.4 (1679652892TABLE3A4.xlsx)
2021,Chandigarh,Known to victim - Friends/ Online-Friends or Live in Partners on Pretext of Marriage / Separated Husband,friends_online_friends_livein_partners_separated_husband,47,NCRB CII 2021 Table 3A.4 (1679652892TABLE3A4.xlsx)
2021,Dadra & Nagar Haveli and Daman & Diu,Known to victim - Friends/ Online-Friends or Live in Partners on Pretext of Marriage / Separated Husband,friends_online_friends_livein_partners_separated_husband,2,NCRB CII 2021 Table 3A.4 (1679652892TABLE3A4.xlsx)
2021,Delhi,Known to victim - Friends/ Online-Friends or Live in Partners on Pretext of Marriage / Separated Husband,friends_online_friends_livein_partners_separated_husband,623,NCRB CII 2021 Table 3A.4 (1679652892TABLE3A4.xlsx)
2021,Jammu & Kashmir,Known to victim - Friends/ Online-Friends or Live in Partners on Pretext of Marriage / Separated Husband,friends_online_friends_livein_partners_separated_husband,152,NCRB CII 2021 Table 3A.4 (1679652892TABLE3A4.xlsx)
2021,Ladakh,Known to victim - Friends/ Online-Friends or Live in Partners on Pretext of Marriage / Separated Husband,friends_online_friends_livein_partners_separated_husband,2,NCRB CII 2021 Table 3A.4 (1679652892TABLE3A4.xlsx)
2021,Lakshadweep,Known to victim - Friends/ Online-Friends or Live in Partners on Pretext of Marriage / Separated Husband,friends_online_friends_livein_partners_separated_husband,0,NCRB CII 2021 Table 3A.4 (1679652892TABLE3A4.xlsx)
2021,Puducherry,Known to victim - Friends/ Online-Friends or Live in Partners on Pretext of Marriage / Separated Husband,friends_online_friends_livein_partners_separated_husband,1,NCRB CII 2021 Table 3A.4 (1679652892TABLE3A4.xlsx)
2021,All India,Known to victim - Friends/ Online-Friends or Live in Partners on Pretext of Marriage / Separated Husband,friends_online_friends_livein_partners_separated_husband,12951,NCRB CII 2021 Table 3A.4 (1679652892TABLE3A4.xlsx)
2021,Andhra Pradesh,Known to victim - Family Friends/ Neighbors/ Employer or Other Known Persons,family_friends_neighbours_employer_other_known,517,NCRB CII 2021 Table 3A.4 (1679652892TABLE3A4.xlsx)
2021,Arunachal Pradesh,Known to victim - Family Friends/ Neighbors/ Employer or Other Known Persons,family_friends_neighbours_employer_other_known,57,NCRB CII 2021 Table 3A.4 (1679652892TABLE3A4.xlsx)
2021,Assam,Known to victim - Family Friends/ Neighbors/ Employer or Other Known Persons,family_friends_neighbours_employer_other_known,1050,NCRB CII 2021 Table 3A.4 (1679652892TABLE3A4.xlsx)
2021,Bihar,Known to victim - Family Friends/ Neighbors/ Employer or Other Known Persons,family_friends_neighbours_employer_other_known,287,NCRB CII 2021 Table 3A.4 (1679652892TABLE3A4.xlsx)
2021,Chhattisgarh,Known to victim - Family Friends/ Neighbors/ Employer or Other Known Persons,family_friends_neighbours_employer_other_known,381,NCRB CII 2021 Table 3A.4 (1679652892TABLE3A4.xlsx)
2021,Goa,Known to victim - Family Friends/ Neighbors/ Employer or Other Known Persons,family_friends_neighbours_employer_other_known,13,NCRB CII 2021 Table 3A.4 (1679652892TABLE3A4.xlsx)
2021,Gujarat,Known to victim - Family Friends/ Neighbors/ Employer or Other Known Persons,family_friends_neighbours_employer_other_known,237,NCRB CII 2021 Table 3A.4 (1679652892TABLE3A4.xlsx)
2021,Haryana,Known to victim - Family Friends/ Neighbors/ Employer or Other Known Persons,family_friends_neighbours_employer_other_known,1046,NCRB CII 2021 Table 3A.4 (1679652892TABLE3A4.xlsx)
2021,Himachal Pradesh,Known to victim - Family Friends/ Neighbors/ Employer or Other Known Persons,family_friends_neighbours_employer_other_known,131,NCRB CII 2021 Table 3A.4 (1679652892TABLE3A4.xlsx)
2021,Jharkhand,Known to victim - Family Friends/ Neighbors/ Employer or Other Known Persons,family_friends_neighbours_employer_other_known,668,NCRB CII 2021 Table 3A.4 (1679652892TABLE3A4.xlsx)
2021,Karnataka,Known to victim - Family Friends/ Neighbors/ Employer or Other Known Persons,family_friends_neighbours_employer_other_known,280,NCRB CII 2021 Table 3A.4 (1679652892TABLE3A4.xlsx)
2021,Kerala,Known to victim - Family Friends/ Neighbors/ Employer or Other Known Persons,family_friends_neighbours_employer_other_known,251,NCRB CII 2021 Table 3A.4 (1679652892TABLE3A4.xlsx)
2021,Madhya Pradesh,Known to victim - Family Friends/ Neighbors/ Employer or Other Known Persons,family_friends_neighbours_employer_other_known,1461,NCRB CII 2021 Table 3A.4 (1679652892TABLE3A4.xlsx)
2021,Maharashtra,Known to victim - Family Friends/ Neighbors/ Employer or Other Known Persons,family_friends_neighbours_employer_other_known,908,NCRB CII 2021 Table 3A.4 (1679652892TABLE3A4.xlsx)
2021,Manipur,Known to victim - Family Friends/ Neighbors/ Employer or Other Known Persons,family_friends_neighbours_employer_other_known,3,NCRB CII 2021 Table 3A.4 (1679652892TABLE3A4.xlsx)
2021,Meghalaya,Known to victim - Family Friends/ Neighbors/ Employer or Other Known Persons,family_friends_neighbours_employer_other_known,53,NCRB CII 2021 Table 3A.4 (1679652892TABLE3A4.xlsx)
2021,Mizoram,Known to victim - Family Friends/ Neighbors/ Employer or Other Known Persons,family_friends_neighbours_employer_other_known,15,NCRB CII 2021 Table 3A.4 (1679652892TABLE3A4.xlsx)
2021,Nagaland,Known to victim - Family Friends/ Neighbors/ Employer or Other Known Persons,family_friends_neighbours_employer_other_known,2,NCRB CII 2021 Table 3A.4 (1679652892TABLE3A4.xlsx)
2021,Odisha,Known to victim - Family Friends/ Neighbors/ Employer or Other Known Persons,family_friends_neighbours_employer_other_known,220,NCRB CII 2021 Table 3A.4 (1679652892TABLE3A4.xlsx)
2021,Punjab,Known to victim - Family Friends/ Neighbors/ Employer or Other Known Persons,family_friends_neighbours_employer_other_known,231,NCRB CII 2021 Table 3A.4 (1679652892TABLE3A4.xlsx)
2021,Rajasthan,Known to victim - Family Friends/ Neighbors/ Employer or Other Known Persons,family_friends_neighbours_employer_other_known,3791,NCRB CII 2021 Table 3A.4 (1679652892TABLE3A4.xlsx)
2021,Sikkim,Known to victim - Family Friends/ Neighbors/ Employer or Other Known Persons,family_friends_neighbours_employer_other_known,2,NCRB CII 2021 Table 3A.4 (1679652892TABLE3A4.xlsx)
2021,Tamil Nadu,Known to victim - Family Friends/ Neighbors/ Employer or Other Known Persons,family_friends_neighbours_employer_other_known,147,NCRB CII 2021 Table 3A.4 (1679652892TABLE3A4.xlsx)
2021,Telangana,Known to victim - Family Friends/ Neighbors/ Employer or Other Known Persons,family_friends_neighbours_employer_other_known,189,NCRB CII 2021 Table 3A.4 (1679652892TABLE3A4.xlsx)
2021,Tripura,Known to victim - Family Friends/ Neighbors/ Employer or Other Known Persons,family_friends_neighbours_employer_other_known,19,NCRB CII 2021 Table 3A.4 (1679652892TABLE3A4.xlsx)
2021,Uttar Pradesh,Known to victim - Family Friends/ Neighbors/ Employer or Other Known Persons,family_friends_neighbours_employer_other_known,1396,NCRB CII 2021 Table 3A.4 (1679652892TABLE3A4.xlsx)
2021,Uttarakhand,Known to victim - Family Friends/ Neighbors/ Employer or Other Known Persons,family_friends_neighbours_employer_other_known,351,NCRB CII 2021 Table 3A.4 (1679652892TABLE3A4.xlsx)
2021,West Bengal,Known to victim - Family Friends/ Neighbors/ Employer or Other Known Persons,family_friends_neighbours_employer_other_known,881,NCRB CII 2021 Table 3A.4 (1679652892TABLE3A4.xlsx)
2021,Andaman & Nicobar Islands,Known to victim - Family Friends/ Neighbors/ Employer or Other Known Persons,family_friends_neighbours_employer_other_known,4,NCRB CII 2021 Table 3A.4 (1679652892TABLE3A4.xlsx)
2021,Chandigarh,Known to victim - Family Friends/ Neighbors/ Employer or Other Known Persons,family_friends_neighbours_employer_other_known,13,NCRB CII 2021 Table 3A.4 (1679652892TABLE3A4.xlsx)
2021,Dadra & Nagar Haveli and Daman & Diu,Known to victim - Family Friends/ Neighbors/ Employer or Other Known Persons,family_friends_neighbours_employer_other_known,0,NCRB CII 2021 Table 3A.4 (1679652892TABLE3A4.xlsx)
2021,Delhi,Known to victim - Family Friends/ Neighbors/ Employer or Other Known Persons,family_friends_neighbours_employer_other_known,490,NCRB CII 2021 Table 3A.4 (1679652892TABLE3A4.xlsx)
2021,Jammu & Kashmir,Known to victim - Family Friends/ Neighbors/ Employer or Other Known Persons,family_friends_neighbours_employer_other_known,102,NCRB CII 2021 Table 3A.4 (1679652892TABLE3A4.xlsx)
2021,Ladakh,Known to victim - Family Friends/ Neighbors/ Employer or Other Known Persons,family_friends_neighbours_employer_other_known,0,NCRB CII 2021 Table 3A.4 (1679652892TABLE3A4.xlsx)
2021,Lakshadweep,Known to victim - Family Friends/ Neighbors/ Employer or Other Known Persons,family_friends_neighbours_employer_other_known,0,NCRB CII 2021 Table 3A.4 (1679652892TABLE3A4.xlsx)
2021,Puducherry,Known to victim - Family Friends/ Neighbors/ Employer or Other Known Persons,family_friends_neighbours_employer_other_known,0,NCRB CII 2021 Table 3A.4 (1679652892TABLE3A4.xlsx)
2021,All India,Known to victim - Family Friends/ Neighbors/ Employer or Other Known Persons,family_friends_neighbours_employer_other_known,15196,NCRB CII 2021 Table 3A.4 (1679652892TABLE3A4.xlsx)
2021,Andhra Pradesh,Cases Offenders Unknown or Not Identified,unknown,5,NCRB CII 2021 Table 3A.4 (1679652892TABLE3A4.xlsx)
2021,Arunachal Pradesh,Cases Offenders Unknown or Not Identified,unknown,3,NCRB CII 2021 Table 3A.4 (1679652892TABLE3A4.xlsx)
2021,Assam,Cases Offenders Unknown or Not Identified,unknown,24,NCRB CII 2021 Table 3A.4 (1679652892TABLE3A4.xlsx)
2021,Bihar,Cases Offenders Unknown or Not Identified,unknown,59,NCRB CII 2021 Table 3A.4 (1679652892TABLE3A4.xlsx)
2021,Chhattisgarh,Cases Offenders Unknown or Not Identified,unknown,5,NCRB CII 2021 Table 3A.4 (1679652892TABLE3A4.xlsx)
2021,Goa,Cases Offenders Unknown or Not Identified,unknown,4,NCRB CII 2021 Table 3A.4 (1679652892TABLE3A4.xlsx)
2021,Gujarat,Cases Offenders Unknown or Not Identified,unknown,52,NCRB CII 2021 Table 3A.4 (1679652892TABLE3A4.xlsx)
2021,Haryana,Cases Offenders Unknown or Not Identified,unknown,19,NCRB CII 2021 Table 3A.4 (1679652892TABLE3A4.xlsx)
2021,Himachal Pradesh,Cases Offenders Unknown or Not Identified,unknown,5,NCRB CII 2021 Table 3A.4 (1679652892TABLE3A4.xlsx)
2021,Jharkhand,Cases Offenders Unknown or Not Identified,unknown,127,NCRB CII 2021 Table 3A.4 (1679652892TABLE3A4.xlsx)
2021,Karnataka,Cases Offenders Unknown or Not Identified,unknown,10,NCRB CII 2021 Table 3A.4 (1679652892TABLE3A4.xlsx)
2021,Kerala,Cases Offenders Unknown or Not Identified,unknown,3,NCRB CII 2021 Table 3A.4 (1679652892TABLE3A4.xlsx)
2021,Madhya Pradesh,Cases Offenders Unknown or Not Identified,unknown,49,NCRB CII 2021 Table 3A.4 (1679652892TABLE3A4.xlsx)
2021,Maharashtra,Cases Offenders Unknown or Not Identified,unknown,0,NCRB CII 2021 Table 3A.4 (1679652892TABLE3A4.xlsx)
2021,Manipur,Cases Offenders Unknown or Not Identified,unknown,0,NCRB CII 2021 Table 3A.4 (1679652892TABLE3A4.xlsx)
2021,Meghalaya,Cases Offenders Unknown or Not Identified,unknown,1,NCRB CII 2021 Table 3A.4 (1679652892TABLE3A4.xlsx)
2021,Mizoram,Cases Offenders Unknown or Not Identified,unknown,0,NCRB CII 2021 Table 3A.4 (1679652892TABLE3A4.xlsx)
2021,Nagaland,Cases Offenders Unknown or Not Identified,unknown,0,NCRB CII 2021 Table 3A.4 (1679652892TABLE3A4.xlsx)
2021,Odisha,Cases Offenders Unknown or Not Identified,unknown,1,NCRB CII 2021 Table 3A.4 (1679652892TABLE3A4.xlsx)
2021,Punjab,Cases Offenders Unknown or Not Identified,unknown,3,NCRB CII 2021 Table 3A.4 (1679652892TABLE3A4.xlsx)
2021,Rajasthan,Cases Offenders Unknown or Not Identified,unknown,263,NCRB CII 2021 Table 3A.4 (1679652892TABLE3A4.xlsx)
2021,Sikkim,Cases Offenders Unknown or Not Identified,unknown,0,NCRB CII 2021 Table 3A.4 (1679652892TABLE3A4.xlsx)
2021,Tamil Nadu,Cases Offenders Unknown or Not Identified,unknown,7,NCRB CII 2021 Table 3A.4 (1679652892TABLE3A4.xlsx)
2021,Telangana,Cases Offenders Unknown or Not Identified,unknown,4,NCRB CII 2021 Table 3A.4 (1679652892TABLE3A4.xlsx)
2021,Tripura,Cases Offenders Unknown or Not Identified,unknown,1,NCRB CII 2021 Table 3A.4 (1679652892TABLE3A4.xlsx)
2021,Uttar Pradesh,Cases Offenders Unknown or Not Identified,unknown,177,NCRB CII 2021 Table 3A.4 (1679652892TABLE3A4.xlsx)
2021,Uttarakhand,Cases Offenders Unknown or Not Identified,unknown,12,NCRB CII 2021 Table 3A.4 (1679652892TABLE3A4.xlsx)
2021,West Bengal,Cases Offenders Unknown or Not Identified,unknown,212,NCRB CII 2021 Table 3A.4 (1679652892TABLE3A4.xlsx)
2021,Andaman & Nicobar Islands,Cases Offenders Unknown or Not Identified,unknown,0,NCRB CII 2021 Table 3A.4 (1679652892TABLE3A4.xlsx)
2021,Chandigarh,Cases Offenders Unknown or Not Identified,unknown,6,NCRB CII 2021 Table 3A.4 (1679652892TABLE3A4.xlsx)
2021,Dadra & Nagar Haveli and Daman & Diu,Cases Offenders Unknown or Not Identified,unknown,0,NCRB CII 2021 Table 3A.4 (1679652892TABLE3A4.xlsx)
2021,Delhi,Cases Offenders Unknown or Not Identified,unknown,26,NCRB CII 2021 Table 3A.4 (1679652892TABLE3A4.xlsx)
2021,Jammu & Kashmir,Cases Offenders Unknown or Not Identified,unknown,27,NCRB CII 2021 Table 3A.4 (1679652892TABLE3A4.xlsx)
2021,Ladakh,Cases Offenders Unknown or Not Identified,unknown,0,NCRB CII 2021 Table 3A.4 (1679652892TABLE3A4.xlsx)
2021,Lakshadweep,Cases Offenders Unknown or Not Identified,unknown,0,NCRB CII 2021 Table 3A.4 (1679652892TABLE3A4.xlsx)
2021,Puducherry,Cases Offenders Unknown or Not Identified,unknown,1,NCRB CII 2021 Table 3A.4 (1679652892TABLE3A4.xlsx)
2021,All India,Cases Offenders Unknown or Not Identified,unknown,1106,NCRB CII 2021 Table 3A.4 (1679652892TABLE3A4.xlsx)
2021,Andhra Pradesh,Total Rape Cases (Known+Unknown Offenders),total_cases,1188,NCRB CII 2021 Table 3A.4 (1679652892TABLE3A4.xlsx)
2021,Arunachal Pradesh,Total Rape Cases (Known+Unknown Offenders),total_cases,83,NCRB CII 2021 Table 3A.4 (1679652892TABLE3A4.xlsx)
2021,Assam,Total Rape Cases (Known+Unknown Offenders),total_cases,1733,NCRB CII 2021 Table 3A.4 (1679652892TABLE3A4.xlsx)
2021,Bihar,Total Rape Cases (Known+Unknown Offenders),total_cases,786,NCRB CII 2021 Table 3A.4 (1679652892TABLE3A4.xlsx)
2021,Chhattisgarh,Total Rape Cases (Known+Unknown Offenders),total_cases,1093,NCRB CII 2021 Table 3A.4 (1679652892TABLE3A4.xlsx)
2021,Goa,Total Rape Cases (Known+Unknown Offenders),total_cases,72,NCRB CII 2021 Table 3A.4 (1679652892TABLE3A4.xlsx)
2021,Gujarat,Total Rape Cases (Known+Unknown Offenders),total_cases,589,NCRB CII 2021 Table 3A.4 (1679652892TABLE3A4.xlsx)
2021,Haryana,Total Rape Cases (Known+Unknown Offenders),total_cases,1716,NCRB CII 2021 Table 3A.4 (1679652892TABLE3A4.xlsx)
2021,Himachal Pradesh,Total Rape Cases (Known+Unknown Offenders),total_cases,358,NCRB CII 2021 Table 3A.4 (1679652892TABLE3A4.xlsx)
2021,Jharkhand,Total Rape Cases (Known+Unknown Offenders),total_cases,1425,NCRB CII 2021 Table 3A.4 (1679652892TABLE3A4.xlsx)
2021,Karnataka,Total Rape Cases (Known+Unknown Offenders),total_cases,555,NCRB CII 2021 Table 3A.4 (1679652892TABLE3A4.xlsx)
2021,Kerala,Total Rape Cases (Known+Unknown Offenders),total_cases,771,NCRB CII 2021 Table 3A.4 (1679652892TABLE3A4.xlsx)
2021,Madhya Pradesh,Total Rape Cases (Known+Unknown Offenders),total_cases,2947,NCRB CII 2021 Table 3A.4 (1679652892TABLE3A4.xlsx)
2021,Maharashtra,Total Rape Cases (Known+Unknown Offenders),total_cases,2496,NCRB CII 2021 Table 3A.4 (1679652892TABLE3A4.xlsx)
2021,Manipur,Total Rape Cases (Known+Unknown Offenders),total_cases,26,NCRB CII 2021 Table 3A.4 (1679652892TABLE3A4.xlsx)
2021,Meghalaya,Total Rape Cases (Known+Unknown Offenders),total_cases,75,NCRB CII 2021 Table 3A.4 (1679652892TABLE3A4.xlsx)
2021,Mizoram,Total Rape Cases (Known+Unknown Offenders),total_cases,26,NCRB CII 2021 Table 3A.4 (1679652892TABLE3A4.xlsx)
2021,Nagaland,Total Rape Cases (Known+Unknown Offenders),total_cases,4,NCRB CII 2021 Table 3A.4 (1679652892TABLE3A4.xlsx)
2021,Odisha,Total Rape Cases (Known+Unknown Offenders),total_cases,1456,NCRB CII 2021 Table 3A.4 (1679652892TABLE3A4.xlsx)
2021,Punjab,Total Rape Cases (Known+Unknown Offenders),total_cases,464,NCRB CII 2021 Table 3A.4 (1679652892TABLE3A4.xlsx)
2021,Rajasthan,Total Rape Cases (Known+Unknown Offenders),total_cases,6337,NCRB CII 2021 Table 3A.4 (1679652892TABLE3A4.xlsx)
2021,Sikkim,Total Rape Cases (Known+Unknown Offenders),total_cases,8,NCRB CII 2021 Table 3A.4 (1679652892TABLE3A4.xlsx)
2021,Tamil Nadu,Total Rape Cases (Known+Unknown Offenders),total_cases,422,NCRB CII 2021 Table 3A.4 (1679652892TABLE3A4.xlsx)
2021,Telangana,Total Rape Cases (Known+Unknown Offenders),total_cases,823,NCRB CII 2021 Table 3A.4 (1679652892TABLE3A4.xlsx)
2021,Tripura,Total Rape Cases (Known+Unknown Offenders),total_cases,61,NCRB CII 2021 Table 3A.4 (1679652892TABLE3A4.xlsx)
2021,Uttar Pradesh,Total Rape Cases (Known+Unknown Offenders),total_cases,2845,NCRB CII 2021 Table 3A.4 (1679652892TABLE3A4.xlsx)
2021,Uttarakhand,Total Rape Cases (Known+Unknown Offenders),total_cases,534,NCRB CII 2021 Table 3A.4 (1679652892TABLE3A4.xlsx)
2021,West Bengal,Total Rape Cases (Known+Unknown Offenders),total_cases,1123,NCRB CII 2021 Table 3A.4 (1679652892TABLE3A4.xlsx)
2021,Andaman & Nicobar Islands,Total Rape Cases (Known+Unknown Offenders),total_cases,15,NCRB CII 2021 Table 3A.4 (1679652892TABLE3A4.xlsx)
2021,Chandigarh,Total Rape Cases (Known+Unknown Offenders),total_cases,74,NCRB CII 2021 Table 3A.4 (1679652892TABLE3A4.xlsx)
2021,Dadra & Nagar Haveli and Daman & Diu,Total Rape Cases (Known+Unknown Offenders),total_cases,3,NCRB CII 2021 Table 3A.4 (1679652892TABLE3A4.xlsx)
2021,Delhi,Total Rape Cases (Known+Unknown Offenders),total_cases,1250,NCRB CII 2021 Table 3A.4 (1679652892TABLE3A4.xlsx)
2021,Jammu & Kashmir,Total Rape Cases (Known+Unknown Offenders),total_cases,315,NCRB CII 2021 Table 3A.4 (1679652892TABLE3A4.xlsx)
2021,Ladakh,Total Rape Cases (Known+Unknown Offenders),total_cases,2,NCRB CII 2021 Table 3A.4 (1679652892TABLE3A4.xlsx)
2021,Lakshadweep,Total Rape Cases (Known+Unknown Offenders),total_cases,0,NCRB CII 2021 Table 3A.4 (1679652892TABLE3A4.xlsx)
2021,Puducherry,Total Rape Cases (Known+Unknown Offenders),total_cases,2,NCRB CII 2021 Table 3A.4 (1679652892TABLE3A4.xlsx)
2021,All India,Total Rape Cases (Known+Unknown Offenders),total_cases,31677,NCRB CII 2021 Table 3A.4 (1679652892TABLE3A4.xlsx)
2022,Andhra Pradesh,Known to victim (total),known_total,604,NCRB CII 2022 Table 3A.4 (1701935296TABLE3A4.xlsx)
2022,Arunachal Pradesh,Known to victim (total),known_total,73,NCRB CII 2022 Table 3A.4 (1701935296TABLE3A4.xlsx)
2022,Assam,Known to victim (total),known_total,1045,NCRB CII 2022 Table 3A.4 (1701935296TABLE3A4.xlsx)
2022,Bihar,Known to victim (total),known_total,842,NCRB CII 2022 Table 3A.4 (1701935296TABLE3A4.xlsx)
2022,Chhattisgarh,Known to victim (total),known_total,1213,NCRB CII 2022 Table 3A.4 (1701935296TABLE3A4.xlsx)
2022,Goa,Known to victim (total),known_total,68,NCRB CII 2022 Table 3A.4 (1701935296TABLE3A4.xlsx)
2022,Gujarat,Known to victim (total),known_total,595,NCRB CII 2022 Table 3A.4 (1701935296TABLE3A4.xlsx)
2022,Haryana,Known to victim (total),known_total,1753,NCRB CII 2022 Table 3A.4 (1701935296TABLE3A4.xlsx)
2022,Himachal Pradesh,Known to victim (total),known_total,355,NCRB CII 2022 Table 3A.4 (1701935296TABLE3A4.xlsx)
2022,Jharkhand,Known to victim (total),known_total,1258,NCRB CII 2022 Table 3A.4 (1701935296TABLE3A4.xlsx)
2022,Karnataka,Known to victim (total),known_total,584,NCRB CII 2022 Table 3A.4 (1701935296TABLE3A4.xlsx)
2022,Kerala,Known to victim (total),known_total,803,NCRB CII 2022 Table 3A.4 (1701935296TABLE3A4.xlsx)
2022,Madhya Pradesh,Known to victim (total),known_total,2983,NCRB CII 2022 Table 3A.4 (1701935296TABLE3A4.xlsx)
2022,Maharashtra,Known to victim (total),known_total,2903,NCRB CII 2022 Table 3A.4 (1701935296TABLE3A4.xlsx)
2022,Manipur,Known to victim (total),known_total,40,NCRB CII 2022 Table 3A.4 (1701935296TABLE3A4.xlsx)
2022,Meghalaya,Known to victim (total),known_total,72,NCRB CII 2022 Table 3A.4 (1701935296TABLE3A4.xlsx)
2022,Mizoram,Known to victim (total),known_total,14,NCRB CII 2022 Table 3A.4 (1701935296TABLE3A4.xlsx)
2022,Nagaland,Known to victim (total),known_total,4,NCRB CII 2022 Table 3A.4 (1701935296TABLE3A4.xlsx)
2022,Odisha,Known to victim (total),known_total,1449,NCRB CII 2022 Table 3A.4 (1701935296TABLE3A4.xlsx)
2022,Punjab,Known to victim (total),known_total,514,NCRB CII 2022 Table 3A.4 (1701935296TABLE3A4.xlsx)
2022,Rajasthan,Known to victim (total),known_total,5131,NCRB CII 2022 Table 3A.4 (1701935296TABLE3A4.xlsx)
2022,Sikkim,Known to victim (total),known_total,13,NCRB CII 2022 Table 3A.4 (1701935296TABLE3A4.xlsx)
2022,Tamil Nadu,Known to victim (total),known_total,419,NCRB CII 2022 Table 3A.4 (1701935296TABLE3A4.xlsx)
2022,Telangana,Known to victim (total),known_total,812,NCRB CII 2022 Table 3A.4 (1701935296TABLE3A4.xlsx)
2022,Tripura,Known to victim (total),known_total,62,NCRB CII 2022 Table 3A.4 (1701935296TABLE3A4.xlsx)
2022,Uttar Pradesh,Known to victim (total),known_total,3507,NCRB CII 2022 Table 3A.4 (1701935296TABLE3A4.xlsx)
2022,Uttarakhand,Known to victim (total),known_total,866,NCRB CII 2022 Table 3A.4 (1701935296TABLE3A4.xlsx)
2022,West Bengal,Known to victim (total),known_total,891,NCRB CII 2022 Table 3A.4 (1701935296TABLE3A4.xlsx)
2022,Andaman & Nicobar Islands,Known to victim (total),known_total,12,NCRB CII 2022 Table 3A.4 (1701935296TABLE3A4.xlsx)
2022,Chandigarh,Known to victim (total),known_total,70,NCRB CII 2022 Table 3A.4 (1701935296TABLE3A4.xlsx)
2022,Dadra & Nagar Haveli and Daman & Diu,Known to victim (total),known_total,9,NCRB CII 2022 Table 3A.4 (1701935296TABLE3A4.xlsx)
2022,Delhi,Known to victim (total),known_total,1200,NCRB CII 2022 Table 3A.4 (1701935296TABLE3A4.xlsx)
2022,Jammu & Kashmir,Known to victim (total),known_total,276,NCRB CII 2022 Table 3A.4 (1701935296TABLE3A4.xlsx)
2022,Ladakh,Known to victim (total),known_total,3,NCRB CII 2022 Table 3A.4 (1701935296TABLE3A4.xlsx)
2022,Lakshadweep,Known to victim (total),known_total,4,NCRB CII 2022 Table 3A.4 (1701935296TABLE3A4.xlsx)
2022,Puducherry,Known to victim (total),known_total,7,NCRB CII 2022 Table 3A.4 (1701935296TABLE3A4.xlsx)
2022,All India,Known to victim (total),known_total,30454,NCRB CII 2022 Table 3A.4 (1701935296TABLE3A4.xlsx)
2022,Andhra Pradesh,Known to victim - Family Members,family,39,NCRB CII 2022 Table 3A.4 (1701935296TABLE3A4.xlsx)
2022,Arunachal Pradesh,Known to victim - Family Members,family,8,NCRB CII 2022 Table 3A.4 (1701935296TABLE3A4.xlsx)
2022,Assam,Known to victim - Family Members,family,56,NCRB CII 2022 Table 3A.4 (1701935296TABLE3A4.xlsx)
2022,Bihar,Known to victim - Family Members,family,100,NCRB CII 2022 Table 3A.4 (1701935296TABLE3A4.xlsx)
2022,Chhattisgarh,Known to victim - Family Members,family,97,NCRB CII 2022 Table 3A.4 (1701935296TABLE3A4.xlsx)
2022,Goa,Known to victim - Family Members,family,9,NCRB CII 2022 Table 3A.4 (1701935296TABLE3A4.xlsx)
2022,Gujarat,Known to victim - Family Members,family,49,NCRB CII 2022 Table 3A.4 (1701935296TABLE3A4.xlsx)
2022,Haryana,Known to victim - Family Members,family,91,NCRB CII 2022 Table 3A.4 (1701935296TABLE3A4.xlsx)
2022,Himachal Pradesh,Known to victim - Family Members,family,31,NCRB CII 2022 Table 3A.4 (1701935296TABLE3A4.xlsx)
2022,Jharkhand,Known to victim - Family Members,family,56,NCRB CII 2022 Table 3A.4 (1701935296TABLE3A4.xlsx)
2022,Karnataka,Known to victim - Family Members,family,49,NCRB CII 2022 Table 3A.4 (1701935296TABLE3A4.xlsx)
2022,Kerala,Known to victim - Family Members,family,70,NCRB CII 2022 Table 3A.4 (1701935296TABLE3A4.xlsx)
2022,Madhya Pradesh,Known to victim - Family Members,family,259,NCRB CII 2022 Table 3A.4 (1701935296TABLE3A4.xlsx)
2022,Maharashtra,Known to victim - Family Members,family,211,NCRB CII 2022 Table 3A.4 (1701935296TABLE3A4.xlsx)
2022,Manipur,Known to victim - Family Members,family,1,NCRB CII 2022 Table 3A.4 (1701935296TABLE3A4.xlsx)
2022,Meghalaya,Known to victim - Family Members,family,14,NCRB CII 2022 Table 3A.4 (1701935296TABLE3A4.xlsx)
2022,Mizoram,Known to victim - Family Members,family,2,NCRB CII 2022 Table 3A.4 (1701935296TABLE3A4.xlsx)
2022,Nagaland,Known to victim - Family Members,family,1,NCRB CII 2022 Table 3A.4 (1701935296TABLE3A4.xlsx)
2022,Odisha,Known to victim - Family Members,family,0,NCRB CII 2022 Table 3A.4 (1701935296TABLE3A4.xlsx)
2022,Punjab,Known to victim - Family Members,family,66,NCRB CII 2022 Table 3A.4 (1701935296TABLE3A4.xlsx)
2022,Rajasthan,Known to victim - Family Members,family,576,NCRB CII 2022 Table 3A.4 (1701935296TABLE3A4.xlsx)
2022,Sikkim,Known to victim - Family Members,family,4,NCRB CII 2022 Table 3A.4 (1701935296TABLE3A4.xlsx)
2022,Tamil Nadu,Known to victim - Family Members,family,25,NCRB CII 2022 Table 3A.4 (1701935296TABLE3A4.xlsx)
2022,Telangana,Known to victim - Family Members,family,137,NCRB CII 2022 Table 3A.4 (1701935296TABLE3A4.xlsx)
2022,Tripura,Known to victim - Family Members,family,3,NCRB CII 2022 Table 3A.4 (1701935296TABLE3A4.xlsx)
2022,Uttar Pradesh,Known to victim - Family Members,family,183,NCRB CII 2022 Table 3A.4 (1701935296TABLE3A4.xlsx)
2022,Uttarakhand,Known to victim - Family Members,family,22,NCRB CII 2022 Table 3A.4 (1701935296TABLE3A4.xlsx)
2022,West Bengal,Known to victim - Family Members,family,37,NCRB CII 2022 Table 3A.4 (1701935296TABLE3A4.xlsx)
2022,Andaman & Nicobar Islands,Known to victim - Family Members,family,2,NCRB CII 2022 Table 3A.4 (1701935296TABLE3A4.xlsx)
2022,Chandigarh,Known to victim - Family Members,family,7,NCRB CII 2022 Table 3A.4 (1701935296TABLE3A4.xlsx)
2022,Dadra & Nagar Haveli and Daman & Diu,Known to victim - Family Members,family,1,NCRB CII 2022 Table 3A.4 (1701935296TABLE3A4.xlsx)
2022,Delhi,Known to victim - Family Members,family,86,NCRB CII 2022 Table 3A.4 (1701935296TABLE3A4.xlsx)
2022,Jammu & Kashmir,Known to victim - Family Members,family,32,NCRB CII 2022 Table 3A.4 (1701935296TABLE3A4.xlsx)
2022,Ladakh,Known to victim - Family Members,family,0,NCRB CII 2022 Table 3A.4 (1701935296TABLE3A4.xlsx)
2022,Lakshadweep,Known to victim - Family Members,family,0,NCRB CII 2022 Table 3A.4 (1701935296TABLE3A4.xlsx)
2022,Puducherry,Known to victim - Family Members,family,0,NCRB CII 2022 Table 3A.4 (1701935296TABLE3A4.xlsx)
2022,All India,Known to victim - Family Members,family,2324,NCRB CII 2022 Table 3A.4 (1701935296TABLE3A4.xlsx)
2022,Andhra Pradesh,Known to victim - Friends/ Online-Friends or Live in Partners on Pretext of Marriage / Separated Husband,friends_online_friends_livein_partners_separated_husband,294,NCRB CII 2022 Table 3A.4 (1701935296TABLE3A4.xlsx)
2022,Arunachal Pradesh,Known to victim - Friends/ Online-Friends or Live in Partners on Pretext of Marriage / Separated Husband,friends_online_friends_livein_partners_separated_husband,22,NCRB CII 2022 Table 3A.4 (1701935296TABLE3A4.xlsx)
2022,Assam,Known to victim - Friends/ Online-Friends or Live in Partners on Pretext of Marriage / Separated Husband,friends_online_friends_livein_partners_separated_husband,420,NCRB CII 2022 Table 3A.4 (1701935296TABLE3A4.xlsx)
2022,Bihar,Known to victim - Friends/ Online-Friends or Live in Partners on Pretext of Marriage / Separated Husband,friends_online_friends_livein_partners_separated_husband,357,NCRB CII 2022 Table 3A.4 (1701935296TABLE3A4.xlsx)
2022,Chhattisgarh,Known to victim - Friends/ Online-Friends or Live in Partners on Pretext of Marriage / Separated Husband,friends_online_friends_livein_partners_separated_husband,724,NCRB CII 2022 Table 3A.4 (1701935296TABLE3A4.xlsx)
2022,Goa,Known to victim - Friends/ Online-Friends or Live in Partners on Pretext of Marriage / Separated Husband,friends_online_friends_livein_partners_separated_husband,42,NCRB CII 2022 Table 3A.4 (1701935296TABLE3A4.xlsx)
2022,Gujarat,Known to victim - Friends/ Online-Friends or Live in Partners on Pretext of Marriage / Separated Husband,friends_online_friends_livein_partners_separated_husband,273,NCRB CII 2022 Table 3A.4 (1701935296TABLE3A4.xlsx)
2022,Haryana,Known to victim - Friends/ Online-Friends or Live in Partners on Pretext of Marriage / Separated Husband,friends_online_friends_livein_partners_separated_husband,600,NCRB CII 2022 Table 3A.4 (1701935296TABLE3A4.xlsx)
2022,Himachal Pradesh,Known to victim - Friends/ Online-Friends or Live in Partners on Pretext of Marriage / Separated Husband,friends_online_friends_livein_partners_separated_husband,221,NCRB CII 2022 Table 3A.4 (1701935296TABLE3A4.xlsx)
2022,Jharkhand,Known to victim - Friends/ Online-Friends or Live in Partners on Pretext of Marriage / Separated Husband,friends_online_friends_livein_partners_separated_husband,710,NCRB CII 2022 Table 3A.4 (1701935296TABLE3A4.xlsx)
2022,Karnataka,Known to victim - Friends/ Online-Friends or Live in Partners on Pretext of Marriage / Separated Husband,friends_online_friends_livein_partners_separated_husband,216,NCRB CII 2022 Table 3A.4 (1701935296TABLE3A4.xlsx)
2022,Kerala,Known to victim - Friends/ Online-Friends or Live in Partners on Pretext of Marriage / Separated Husband,friends_online_friends_livein_partners_separated_husband,495,NCRB CII 2022 Table 3A.4 (1701935296TABLE3A4.xlsx)
2022,Madhya Pradesh,Known to victim - Friends/ Online-Friends or Live in Partners on Pretext of Marriage / Separated Husband,friends_online_friends_livein_partners_separated_husband,1407,NCRB CII 2022 Table 3A.4 (1701935296TABLE3A4.xlsx)
2022,Maharashtra,Known to victim - Friends/ Online-Friends or Live in Partners on Pretext of Marriage / Separated Husband,friends_online_friends_livein_partners_separated_husband,2125,NCRB CII 2022 Table 3A.4 (1701935296TABLE3A4.xlsx)
2022,Manipur,Known to victim - Friends/ Online-Friends or Live in Partners on Pretext of Marriage / Separated Husband,friends_online_friends_livein_partners_separated_husband,33,NCRB CII 2022 Table 3A.4 (1701935296TABLE3A4.xlsx)
2022,Meghalaya,Known to victim - Friends/ Online-Friends or Live in Partners on Pretext of Marriage / Separated Husband,friends_online_friends_livein_partners_separated_husband,14,NCRB CII 2022 Table 3A.4 (1701935296TABLE3A4.xlsx)
2022,Mizoram,Known to victim - Friends/ Online-Friends or Live in Partners on Pretext of Marriage / Separated Husband,friends_online_friends_livein_partners_separated_husband,8,NCRB CII 2022 Table 3A.4 (1701935296TABLE3A4.xlsx)
2022,Nagaland,Known to victim - Friends/ Online-Friends or Live in Partners on Pretext of Marriage / Separated Husband,friends_online_friends_livein_partners_separated_husband,1,NCRB CII 2022 Table 3A.4 (1701935296TABLE3A4.xlsx)
2022,Odisha,Known to victim - Friends/ Online-Friends or Live in Partners on Pretext of Marriage / Separated Husband,friends_online_friends_livein_partners_separated_husband,1424,NCRB CII 2022 Table 3A.4 (1701935296TABLE3A4.xlsx)
2022,Punjab,Known to victim - Friends/ Online-Friends or Live in Partners on Pretext of Marriage / Separated Husband,friends_online_friends_livein_partners_separated_husband,233,NCRB CII 2022 Table 3A.4 (1701935296TABLE3A4.xlsx)
2022,Rajasthan,Known to victim - Friends/ Online-Friends or Live in Partners on Pretext of Marriage / Separated Husband,friends_online_friends_livein_partners_separated_husband,1493,NCRB CII 2022 Table 3A.4 (1701935296TABLE3A4.xlsx)
2022,Sikkim,Known to victim - Friends/ Online-Friends or Live in Partners on Pretext of Marriage / Separated Husband,friends_online_friends_livein_partners_separated_husband,4,NCRB CII 2022 Table 3A.4 (1701935296TABLE3A4.xlsx)
2022,Tamil Nadu,Known to victim - Friends/ Online-Friends or Live in Partners on Pretext of Marriage / Separated Husband,friends_online_friends_livein_partners_separated_husband,263,NCRB CII 2022 Table 3A.4 (1701935296TABLE3A4.xlsx)
2022,Telangana,Known to victim - Friends/ Online-Friends or Live in Partners on Pretext of Marriage / Separated Husband,friends_online_friends_livein_partners_separated_husband,451,NCRB CII 2022 Table 3A.4 (1701935296TABLE3A4.xlsx)
2022,Tripura,Known to victim - Friends/ Online-Friends or Live in Partners on Pretext of Marriage / Separated Husband,friends_online_friends_livein_partners_separated_husband,31,NCRB CII 2022 Table 3A.4 (1701935296TABLE3A4.xlsx)
2022,Uttar Pradesh,Known to victim - Friends/ Online-Friends or Live in Partners on Pretext of Marriage / Separated Husband,friends_online_friends_livein_partners_separated_husband,1410,NCRB CII 2022 Table 3A.4 (1701935296TABLE3A4.xlsx)
2022,Uttarakhand,Known to victim - Friends/ Online-Friends or Live in Partners on Pretext of Marriage / Separated Husband,friends_online_friends_livein_partners_separated_husband,548,NCRB CII 2022 Table 3A.4 (1701935296TABLE3A4.xlsx)
2022,West Bengal,Known to victim - Friends/ Online-Friends or Live in Partners on Pretext of Marriage / Separated Husband,friends_online_friends_livein_partners_separated_husband,3,NCRB CII 2022 Table 3A.4 (1701935296TABLE3A4.xlsx)
2022,Andaman & Nicobar Islands,Known to victim - Friends/ Online-Friends or Live in Partners on Pretext of Marriage / Separated Husband,friends_online_friends_livein_partners_separated_husband,4,NCRB CII 2022 Table 3A.4 (1701935296TABLE3A4.xlsx)
2022,Chandigarh,Known to victim - Friends/ Online-Friends or Live in Partners on Pretext of Marriage / Separated Husband,friends_online_friends_livein_partners_separated_husband,35,NCRB CII 2022 Table 3A.4 (1701935296TABLE3A4.xlsx)
2022,Dadra & Nagar Haveli and Daman & Diu,Known to victim - Friends/ Online-Friends or Live in Partners on Pretext of Marriage / Separated Husband,friends_online_friends_livein_partners_separated_husband,7,NCRB CII 2022 Table 3A.4 (1701935296TABLE3A4.xlsx)
2022,Delhi,Known to victim - Friends/ Online-Friends or Live in Partners on Pretext of Marriage / Separated Husband,friends_online_friends_livein_partners_separated_husband,571,NCRB CII 2022 Table 3A.4 (1701935296TABLE3A4.xlsx)
2022,Jammu & Kashmir,Known to victim - Friends/ Online-Friends or Live in Partners on Pretext of Marriage / Separated Husband,friends_online_friends_livein_partners_separated_husband,132,NCRB CII 2022 Table 3A.4 (1701935296TABLE3A4.xlsx)
2022,Ladakh,Known to victim - Friends/ Online-Friends or Live in Partners on Pretext of Marriage / Separated Husband,friends_online_friends_livein_partners_separated_husband,1,NCRB CII 2022 Table 3A.4 (1701935296TABLE3A4.xlsx)
2022,Lakshadweep,Known to victim - Friends/ Online-Friends or Live in Partners on Pretext of Marriage / Separated Husband,friends_online_friends_livein_partners_separated_husband,3,NCRB CII 2022 Table 3A.4 (1701935296TABLE3A4.xlsx)
2022,Puducherry,Known to victim - Friends/ Online-Friends or Live in Partners on Pretext of Marriage / Separated Husband,friends_online_friends_livein_partners_separated_husband,7,NCRB CII 2022 Table 3A.4 (1701935296TABLE3A4.xlsx)
2022,All India,Known to victim - Friends/ Online-Friends or Live in Partners on Pretext of Marriage / Separated Husband,friends_online_friends_livein_partners_separated_husband,14582,NCRB CII 2022 Table 3A.4 (1701935296TABLE3A4.xlsx)
2022,Andhra Pradesh,Known to victim - Family Friends/ Neighbors/ Employer or Other Known Persons,family_friends_neighbours_employer_other_known,271,NCRB CII 2022 Table 3A.4 (1701935296TABLE3A4.xlsx)
2022,Arunachal Pradesh,Known to victim - Family Friends/ Neighbors/ Employer or Other Known Persons,family_friends_neighbours_employer_other_known,43,NCRB CII 2022 Table 3A.4 (1701935296TABLE3A4.xlsx)
2022,Assam,Known to victim - Family Friends/ Neighbors/ Employer or Other Known Persons,family_friends_neighbours_employer_other_known,569,NCRB CII 2022 Table 3A.4 (1701935296TABLE3A4.xlsx)
2022,Bihar,Known to victim - Family Friends/ Neighbors/ Employer or Other Known Persons,family_friends_neighbours_employer_other_known,385,NCRB CII 2022 Table 3A.4 (1701935296TABLE3A4.xlsx)
2022,Chhattisgarh,Known to victim - Family Friends/ Neighbors/ Employer or Other Known Persons,family_friends_neighbours_employer_other_known,392,NCRB CII 2022 Table 3A.4 (1701935296TABLE3A4.xlsx)
2022,Goa,Known to victim - Family Friends/ Neighbors/ Employer or Other Known Persons,family_friends_neighbours_employer_other_known,17,NCRB CII 2022 Table 3A.4 (1701935296TABLE3A4.xlsx)
2022,Gujarat,Known to victim - Family Friends/ Neighbors/ Employer or Other Known Persons,family_friends_neighbours_employer_other_known,273,NCRB CII 2022 Table 3A.4 (1701935296TABLE3A4.xlsx)
2022,Haryana,Known to victim - Family Friends/ Neighbors/ Employer or Other Known Persons,family_friends_neighbours_employer_other_known,1062,NCRB CII 2022 Table 3A.4 (1701935296TABLE3A4.xlsx)
2022,Himachal Pradesh,Known to victim - Family Friends/ Neighbors/ Employer or Other Known Persons,family_friends_neighbours_employer_other_known,103,NCRB CII 2022 Table 3A.4 (1701935296TABLE3A4.xlsx)
2022,Jharkhand,Known to victim - Family Friends/ Neighbors/ Employer or Other Known Persons,family_friends_neighbours_employer_other_known,492,NCRB CII 2022 Table 3A.4 (1701935296TABLE3A4.xlsx)
2022,Karnataka,Known to victim - Family Friends/ Neighbors/ Employer or Other Known Persons,family_friends_neighbours_employer_other_known,319,NCRB CII 2022 Table 3A.4 (1701935296TABLE3A4.xlsx)
2022,Kerala,Known to victim - Family Friends/ Neighbors/ Employer or Other Known Persons,family_friends_neighbours_employer_other_known,238,NCRB CII 2022 Table 3A.4 (1701935296TABLE3A4.xlsx)
2022,Madhya Pradesh,Known to victim - Family Friends/ Neighbors/ Employer or Other Known Persons,family_friends_neighbours_employer_other_known,1317,NCRB CII 2022 Table 3A.4 (1701935296TABLE3A4.xlsx)
2022,Maharashtra,Known to victim - Family Friends/ Neighbors/ Employer or Other Known Persons,family_friends_neighbours_employer_other_known,567,NCRB CII 2022 Table 3A.4 (1701935296TABLE3A4.xlsx)
2022,Manipur,Known to victim - Family Friends/ Neighbors/ Employer or Other Known Persons,family_friends_neighbours_employer_other_known,6,NCRB CII 2022 Table 3A.4 (1701935296TABLE3A4.xlsx)
2022,Meghalaya,Known to victim - Family Friends/ Neighbors/ Employer or Other Known Persons,family_friends_neighbours_employer_other_known,44,NCRB CII 2022 Table 3A.4 (1701935296TABLE3A4.xlsx)
2022,Mizoram,Known to victim - Family Friends/ Neighbors/ Employer or Other Known Persons,family_friends_neighbours_employer_other_known,4,NCRB CII 2022 Table 3A.4 (1701935296TABLE3A4.xlsx)
2022,Nagaland,Known to victim - Family Friends/ Neighbors/ Employer or Other Known Persons,family_friends_neighbours_employer_other_known,2,NCRB CII 2022 Table 3A.4 (1701935296TABLE3A4.xlsx)
2022,Odisha,Known to victim - Family Friends/ Neighbors/ Employer or Other Known Persons,family_friends_neighbours_employer_other_known,25,NCRB CII 2022 Table 3A.4 (1701935296TABLE3A4.xlsx)
2022,Punjab,Known to victim - Family Friends/ Neighbors/ Employer or Other Known Persons,family_friends_neighbours_employer_other_known,215,NCRB CII 2022 Table 3A.4 (1701935296TABLE3A4.xlsx)
2022,Rajasthan,Known to victim - Family Friends/ Neighbors/ Employer or Other Known Persons,family_friends_neighbours_employer_other_known,3062,NCRB CII 2022 Table 3A.4 (1701935296TABLE3A4.xlsx)
2022,Sikkim,Known to victim - Family Friends/ Neighbors/ Employer or Other Known Persons,family_friends_neighbours_employer_other_known,5,NCRB CII 2022 Table 3A.4 (1701935296TABLE3A4.xlsx)
2022,Tamil Nadu,Known to victim - Family Friends/ Neighbors/ Employer or Other Known Persons,family_friends_neighbours_employer_other_known,131,NCRB CII 2022 Table 3A.4 (1701935296TABLE3A4.xlsx)
2022,Telangana,Known to victim - Family Friends/ Neighbors/ Employer or Other Known Persons,family_friends_neighbours_employer_other_known,224,NCRB CII 2022 Table 3A.4 (1701935296TABLE3A4.xlsx)
2022,Tripura,Known to victim - Family Friends/ Neighbors/ Employer or Other Known Persons,family_friends_neighbours_employer_other_known,28,NCRB CII 2022 Table 3A.4 (1701935296TABLE3A4.xlsx)
2022,Uttar Pradesh,Known to victim - Family Friends/ Neighbors/ Employer or Other Known Persons,family_friends_neighbours_employer_other_known,1914,NCRB CII 2022 Table 3A.4 (1701935296TABLE3A4.xlsx)
2022,Uttarakhand,Known to victim - Family Friends/ Neighbors/ Employer or Other Known Persons,family_friends_neighbours_employer_other_known,296,NCRB CII 2022 Table 3A.4 (1701935296TABLE3A4.xlsx)
2022,West Bengal,Known to victim - Family Friends/ Neighbors/ Employer or Other Known Persons,family_friends_neighbours_employer_other_known,851,NCRB CII 2022 Table 3A.4 (1701935296TABLE3A4.xlsx)
2022,Andaman & Nicobar Islands,Known to victim - Family Friends/ Neighbors/ Employer or Other Known Persons,family_friends_neighbours_employer_other_known,6,NCRB CII 2022 Table 3A.4 (1701935296TABLE3A4.xlsx)
2022,Chandigarh,Known to victim - Family Friends/ Neighbors/ Employer or Other Known Persons,family_friends_neighbours_employer_other_known,28,NCRB CII 2022 Table 3A.4 (1701935296TABLE3A4.xlsx)
2022,Dadra & Nagar Haveli and Daman & Diu,Known to victim - Family Friends/ Neighbors/ Employer or Other Known Persons,family_friends_neighbours_employer_other_known,1,NCRB CII 2022 Table 3A.4 (1701935296TABLE3A4.xlsx)
2022,Delhi,Known to victim - Family Friends/ Neighbors/ Employer or Other Known Persons,family_friends_neighbours_employer_other_known,543,NCRB CII 2022 Table 3A.4 (1701935296TABLE3A4.xlsx)
2022,Jammu & Kashmir,Known to victim - Family Friends/ Neighbors/ Employer or Other Known Persons,family_friends_neighbours_employer_other_known,112,NCRB CII 2022 Table 3A.4 (1701935296TABLE3A4.xlsx)
2022,Ladakh,Known to victim - Family Friends/ Neighbors/ Employer or Other Known Persons,family_friends_neighbours_employer_other_known,2,NCRB CII 2022 Table 3A.4 (1701935296TABLE3A4.xlsx)
2022,Lakshadweep,Known to victim - Family Friends/ Neighbors/ Employer or Other Known Persons,family_friends_neighbours_employer_other_known,1,NCRB CII 2022 Table 3A.4 (1701935296TABLE3A4.xlsx)
2022,Puducherry,Known to victim - Family Friends/ Neighbors/ Employer or Other Known Persons,family_friends_neighbours_employer_other_known,0,NCRB CII 2022 Table 3A.4 (1701935296TABLE3A4.xlsx)
2022,All India,Known to victim - Family Friends/ Neighbors/ Employer or Other Known Persons,family_friends_neighbours_employer_other_known,13548,NCRB CII 2022 Table 3A.4 (1701935296TABLE3A4.xlsx)
2022,Andhra Pradesh,Cases Offenders Unknown or Not Identified,unknown,17,NCRB CII 2022 Table 3A.4 (1701935296TABLE3A4.xlsx)
2022,Arunachal Pradesh,Cases Offenders Unknown or Not Identified,unknown,1,NCRB CII 2022 Table 3A.4 (1701935296TABLE3A4.xlsx)
2022,Assam,Cases Offenders Unknown or Not Identified,unknown,68,NCRB CII 2022 Table 3A.4 (1701935296TABLE3A4.xlsx)
2022,Bihar,Cases Offenders Unknown or Not Identified,unknown,39,NCRB CII 2022 Table 3A.4 (1701935296TABLE3A4.xlsx)
2022,Chhattisgarh,Cases Offenders Unknown or Not Identified,unknown,33,NCRB CII 2022 Table 3A.4 (1701935296TABLE3A4.xlsx)
2022,Goa,Cases Offenders Unknown or Not Identified,unknown,5,NCRB CII 2022 Table 3A.4 (1701935296TABLE3A4.xlsx)
2022,Gujarat,Cases Offenders Unknown or Not Identified,unknown,15,NCRB CII 2022 Table 3A.4 (1701935296TABLE3A4.xlsx)
2022,Haryana,Cases Offenders Unknown or Not Identified,unknown,34,NCRB CII 2022 Table 3A.4 (1701935296TABLE3A4.xlsx)
2022,Himachal Pradesh,Cases Offenders Unknown or Not Identified,unknown,4,NCRB CII 2022 Table 3A.4 (1701935296TABLE3A4.xlsx)
2022,Jharkhand,Cases Offenders Unknown or Not Identified,unknown,40,NCRB CII 2022 Table 3A.4 (1701935296TABLE3A4.xlsx)
2022,Karnataka,Cases Offenders Unknown or Not Identified,unknown,11,NCRB CII 2022 Table 3A.4 (1701935296TABLE3A4.xlsx)
2022,Kerala,Cases Offenders Unknown or Not Identified,unknown,11,NCRB CII 2022 Table 3A.4 (1701935296TABLE3A4.xlsx)
2022,Madhya Pradesh,Cases Offenders Unknown or Not Identified,unknown,46,NCRB CII 2022 Table 3A.4 (1701935296TABLE3A4.xlsx)
2022,Maharashtra,Cases Offenders Unknown or Not Identified,unknown,1,NCRB CII 2022 Table 3A.4 (1701935296TABLE3A4.xlsx)
2022,Manipur,Cases Offenders Unknown or Not Identified,unknown,2,NCRB CII 2022 Table 3A.4 (1701935296TABLE3A4.xlsx)
2022,Meghalaya,Cases Offenders Unknown or Not Identified,unknown,3,NCRB CII 2022 Table 3A.4 (1701935296TABLE3A4.xlsx)
2022,Mizoram,Cases Offenders Unknown or Not Identified,unknown,0,NCRB CII 2022 Table 3A.4 (1701935296TABLE3A4.xlsx)
2022,Nagaland,Cases Offenders Unknown or Not Identified,unknown,3,NCRB CII 2022 Table 3A.4 (1701935296TABLE3A4.xlsx)
2022,Odisha,Cases Offenders Unknown or Not Identified,unknown,15,NCRB CII 2022 Table 3A.4 (1701935296TABLE3A4.xlsx)
2022,Punjab,Cases Offenders Unknown or Not Identified,unknown,3,NCRB CII 2022 Table 3A.4 (1701935296TABLE3A4.xlsx)
2022,Rajasthan,Cases Offenders Unknown or Not Identified,unknown,268,NCRB CII 2022 Table 3A.4 (1701935296TABLE3A4.xlsx)
2022,Sikkim,Cases Offenders Unknown or Not Identified,unknown,0,NCRB CII 2022 Table 3A.4 (1701935296TABLE3A4.xlsx)
2022,Tamil Nadu,Cases Offenders Unknown or Not Identified,unknown,2,NCRB CII 2022 Table 3A.4 (1701935296TABLE3A4.xlsx)
2022,Telangana,Cases Offenders Unknown or Not Identified,unknown,2,NCRB CII 2022 Table 3A.4 (1701935296TABLE3A4.xlsx)
2022,Tripura,Cases Offenders Unknown or Not Identified,unknown,0,NCRB CII 2022 Table 3A.4 (1701935296TABLE3A4.xlsx)
2022,Uttar Pradesh,Cases Offenders Unknown or Not Identified,unknown,183,NCRB CII 2022 Table 3A.4 (1701935296TABLE3A4.xlsx)
2022,Uttarakhand,Cases Offenders Unknown or Not Identified,unknown,1,NCRB CII 2022 Table 3A.4 (1701935296TABLE3A4.xlsx)
2022,West Bengal,Cases Offenders Unknown or Not Identified,unknown,220,NCRB CII 2022 Table 3A.4 (1701935296TABLE3A4.xlsx)
2022,Andaman & Nicobar Islands,Cases Offenders Unknown or Not Identified,unknown,0,NCRB CII 2022 Table 3A.4 (1701935296TABLE3A4.xlsx)
2022,Chandigarh,Cases Offenders Unknown or Not Identified,unknown,8,NCRB CII 2022 Table 3A.4 (1701935296TABLE3A4.xlsx)
2022,Dadra & Nagar Haveli and Daman & Diu,Cases Offenders Unknown or Not Identified,unknown,0,NCRB CII 2022 Table 3A.4 (1701935296TABLE3A4.xlsx)
2022,Delhi,Cases Offenders Unknown or Not Identified,unknown,12,NCRB CII 2022 Table 3A.4 (1701935296TABLE3A4.xlsx)
2022,Jammu & Kashmir,Cases Offenders Unknown or Not Identified,unknown,11,NCRB CII 2022 Table 3A.4 (1701935296TABLE3A4.xlsx)
2022,Ladakh,Cases Offenders Unknown or Not Identified,unknown,2,NCRB CII 2022 Table 3A.4 (1701935296TABLE3A4.xlsx)
2022,Lakshadweep,Cases Offenders Unknown or Not Identified,unknown,0,NCRB CII 2022 Table 3A.4 (1701935296TABLE3A4.xlsx)
2022,Puducherry,Cases Offenders Unknown or Not Identified,unknown,2,NCRB CII 2022 Table 3A.4 (1701935296TABLE3A4.xlsx)
2022,All India,Cases Offenders Unknown or Not Identified,unknown,1062,NCRB CII 2022 Table 3A.4 (1701935296TABLE3A4.xlsx)
2022,Andhra Pradesh,Total Rape Cases (Known+ Unknown Offenders),total_cases,621,NCRB CII 2022 Table 3A.4 (1701935296TABLE3A4.xlsx)
2022,Arunachal Pradesh,Total Rape Cases (Known+ Unknown Offenders),total_cases,74,NCRB CII 2022 Table 3A.4 (1701935296TABLE3A4.xlsx)
2022,Assam,Total Rape Cases (Known+ Unknown Offenders),total_cases,1113,NCRB CII 2022 Table 3A.4 (1701935296TABLE3A4.xlsx)
2022,Bihar,Total Rape Cases (Known+ Unknown Offenders),total_cases,881,NCRB CII 2022 Table 3A.4 (1701935296TABLE3A4.xlsx)
2022,Chhattisgarh,Total Rape Cases (Known+ Unknown Offenders),total_cases,1246,NCRB CII 2022 Table 3A.4 (1701935296TABLE3A4.xlsx)
2022,Goa,Total Rape Cases (Known+ Unknown Offenders),total_cases,73,NCRB CII 2022 Table 3A.4 (1701935296TABLE3A4.xlsx)
2022,Gujarat,Total Rape Cases (Known+ Unknown Offenders),total_cases,610,NCRB CII 2022 Table 3A.4 (1701935296TABLE3A4.xlsx)
2022,Haryana,Total Rape Cases (Known+ Unknown Offenders),total_cases,1787,NCRB CII 2022 Table 3A.4 (1701935296TABLE3A4.xlsx)
2022,Himachal Pradesh,Total Rape Cases (Known+ Unknown Offenders),total_cases,359,NCRB CII 2022 Table 3A.4 (1701935296TABLE3A4.xlsx)
2022,Jharkhand,Total Rape Cases (Known+ Unknown Offenders),total_cases,1298,NCRB CII 2022 Table 3A.4 (1701935296TABLE3A4.xlsx)
2022,Karnataka,Total Rape Cases (Known+ Unknown Offenders),total_cases,595,NCRB CII 2022 Table 3A.4 (1701935296TABLE3A4.xlsx)
2022,Kerala,Total Rape Cases (Known+ Unknown Offenders),total_cases,814,NCRB CII 2022 Table 3A.4 (1701935296TABLE3A4.xlsx)
2022,Madhya Pradesh,Total Rape Cases (Known+ Unknown Offenders),total_cases,3029,NCRB CII 2022 Table 3A.4 (1701935296TABLE3A4.xlsx)
2022,Maharashtra,Total Rape Cases (Known+ Unknown Offenders),total_cases,2904,NCRB CII 2022 Table 3A.4 (1701935296TABLE3A4.xlsx)
2022,Manipur,Total Rape Cases (Known+ Unknown Offenders),total_cases,42,NCRB CII 2022 Table 3A.4 (1701935296TABLE3A4.xlsx)
2022,Meghalaya,Total Rape Cases (Known+ Unknown Offenders),total_cases,75,NCRB CII 2022 Table 3A.4 (1701935296TABLE3A4.xlsx)
2022,Mizoram,Total Rape Cases (Known+ Unknown Offenders),total_cases,14,NCRB CII 2022 Table 3A.4 (1701935296TABLE3A4.xlsx)
2022,Nagaland,Total Rape Cases (Known+ Unknown Offenders),total_cases,7,NCRB CII 2022 Table 3A.4 (1701935296TABLE3A4.xlsx)
2022,Odisha,Total Rape Cases (Known+ Unknown Offenders),total_cases,1464,NCRB CII 2022 Table 3A.4 (1701935296TABLE3A4.xlsx)
2022,Punjab,Total Rape Cases (Known+ Unknown Offenders),total_cases,517,NCRB CII 2022 Table 3A.4 (1701935296TABLE3A4.xlsx)
2022,Rajasthan,Total Rape Cases (Known+ Unknown Offenders),total_cases,5399,NCRB CII 2022 Table 3A.4 (1701935296TABLE3A4.xlsx)
2022,Sikkim,Total Rape Cases (Known+ Unknown Offenders),total_cases,13,NCRB CII 2022 Table 3A.4 (1701935296TABLE3A4.xlsx)
2022,Tamil Nadu,Total Rape Cases (Known+ Unknown Offenders),total_cases,421,NCRB CII 2022 Table 3A.4 (1701935296TABLE3A4.xlsx)
2022,Telangana,Total Rape Cases (Known+ Unknown Offenders),total_cases,814,NCRB CII 2022 Table 3A.4 (1701935296TABLE3A4.xlsx)
2022,Tripura,Total Rape Cases (Known+ Unknown Offenders),total_cases,62,NCRB CII 2022 Table 3A.4 (1701935296TABLE3A4.xlsx)
2022,Uttar Pradesh,Total Rape Cases (Known+ Unknown Offenders),total_cases,3690,NCRB CII 2022 Table 3A.4 (1701935296TABLE3A4.xlsx)
2022,Uttarakhand,Total Rape Cases (Known+ Unknown Offenders),total_cases,867,NCRB CII 2022 Table 3A.4 (1701935296TABLE3A4.xlsx)
2022,West Bengal,Total Rape Cases (Known+ Unknown Offenders),total_cases,1111,NCRB CII 2022 Table 3A.4 (1701935296TABLE3A4.xlsx)
2022,Andaman & Nicobar Islands,Total Rape Cases (Known+ Unknown Offenders),total_cases,12,NCRB CII 2022 Table 3A.4 (1701935296TABLE3A4.xlsx)
2022,Chandigarh,Total Rape Cases (Known+ Unknown Offenders),total_cases,78,NCRB CII 2022 Table 3A.4 (1701935296TABLE3A4.xlsx)
2022,Dadra & Nagar Haveli and Daman & Diu,Total Rape Cases (Known+ Unknown Offenders),total_cases,9,NCRB CII 2022 Table 3A.4 (1701935296TABLE3A4.xlsx)
2022,Delhi,Total Rape Cases (Known+ Unknown Offenders),total_cases,1212,NCRB CII 2022 Table 3A.4 (1701935296TABLE3A4.xlsx)
2022,Jammu & Kashmir,Total Rape Cases (Known+ Unknown Offenders),total_cases,287,NCRB CII 2022 Table 3A.4 (1701935296TABLE3A4.xlsx)
2022,Ladakh,Total Rape Cases (Known+ Unknown Offenders),total_cases,5,NCRB CII 2022 Table 3A.4 (1701935296TABLE3A4.xlsx)
2022,Lakshadweep,Total Rape Cases (Known+ Unknown Offenders),total_cases,4,NCRB CII 2022 Table 3A.4 (1701935296TABLE3A4.xlsx)
2022,Puducherry,Total Rape Cases (Known+ Unknown Offenders),total_cases,9,NCRB CII 2022 Table 3A.4 (1701935296TABLE3A4.xlsx)
2022,All India,Total Rape Cases (Known+ Unknown Offenders),total_cases,31516,NCRB CII 2022 Table 3A.4 (1701935296TABLE3A4.xlsx)
