level,state,district,category,name,phones,whatsapp,email,website,address,hours,notes,source_url,verified_on
state,Assam,,commission,Assam State Commission for Women,0361-2220013,,ascwguwahatia@gmail.com,,"Assam State Commission for Women, Beltola, Maidamgaon, Near Sankardev Netralaya, Guwahati-781028",,"Fax 0361-2220150. Source NCW list of State Women Commissions, entry last updated 21.02.2022 - may be outdated",https://www.ncw.gov.in/important-links/list-of-state-women-commissions/,2026-09-29
state,Assam,,legal_aid,Assam State Legal Services Authority,0361-2601843; 0361-2516367; +91 6901281650,,assamslsa1@gmail.com,https://assam.nalsa.gov.in/,"Gauhati High Court Old Block, First floor, Guwahati - 781001",,Free legal aid for women and children; national legal aid helpline 15100. ASLSA also lists toll-free 1800 345 3591 for legal aid for sex workers only,https://assam.nalsa.gov.in/contact-us/,2026-09-29
district,Assam,Cachar,legal_aid,"District Legal Services Authority, Cachar",6901281622,,,,,,Free legal aid. ASLSA lists the contact number only,https://assam.nalsa.gov.in/district-legal-services-authorities-dlsas/,2026-09-29
district,Assam,Jorhat,legal_aid,"District Legal Services Authority, Jorhat",6901281634,,,,,,Free legal aid. ASLSA lists the contact number only,https://assam.nalsa.gov.in/district-legal-services-authorities-dlsas/,2026-09-29
district,Assam,Morigaon,legal_aid,"District Legal Services Authority, Morigaon",6901281641,,,,,,Free legal aid. ASLSA lists the contact number only,https://assam.nalsa.gov.in/district-legal-services-authorities-dlsas/,2026-09-29
district,Assam,Barpeta,legal_aid,"District Legal Services Authority, Barpeta",6901281618,,,,,,Free legal aid. ASLSA lists the contact number only,https://assam.nalsa.gov.in/district-legal-services-authorities-dlsas/,2026-09-29
district,Assam,Goalpara,legal_aid,"District Legal Services Authority, Goalpara",6901281630,,,,,,Free legal aid. ASLSA lists the contact number only,https://assam.nalsa.gov.in/district-legal-services-authorities-dlsas/,2026-09-29
district,Assam,Karimganj,legal_aid,"District Legal Services Authority, Karimganj",6901281637,,,,,,"Source spells it ""Karimganji""; district now renamed Sribhumi. Free legal aid. ASLSA lists the contact number only",https://assam.nalsa.gov.in/district-legal-services-authorities-dlsas/,2026-09-29
district,Assam,Kamrup Metro,legal_aid,"District Legal Services Authority, Kamrup (Guwahati)",6901281635,,,,,,"Listed in the source as ""DLSA Kamrup"" (Guwahati); the Kamrup (Rural) DLSA is listed separately as Amingaon. Free legal aid. ASLSA lists the contact number only",https://assam.nalsa.gov.in/district-legal-services-authorities-dlsas/,2026-09-29
district,Assam,Dhubri,legal_aid,"District Legal Services Authority, Dhubri",6901281629,,,,,,Free legal aid. ASLSA lists the contact number only,https://assam.nalsa.gov.in/district-legal-services-authorities-dlsas/,2026-09-29
district,Assam,Dhemaji,legal_aid,"District Legal Services Authority, Dhemaji",6901281626,,,,,,Free legal aid. ASLSA lists the contact number only,https://assam.nalsa.gov.in/district-legal-services-authorities-dlsas/,2026-09-29
district,Assam,Kokrajhar,legal_aid,"District Legal Services Authority, Kokrajhar",6901281638,,,,,,Free legal aid. ASLSA lists the contact number only,https://assam.nalsa.gov.in/district-legal-services-authorities-dlsas/,2026-09-29
district,Assam,Sivasagar,legal_aid,"District Legal Services Authority, Sivasagar",6901281644,,,,,,Free legal aid. ASLSA lists the contact number only,https://assam.nalsa.gov.in/district-legal-services-authorities-dlsas/,2026-09-29
district,Assam,Nagaon,legal_aid,"District Legal Services Authority, Nagaon",6901281642,,,,,,Free legal aid. ASLSA lists the contact number only,https://assam.nalsa.gov.in/district-legal-services-authorities-dlsas/,2026-09-29
district,Assam,Bongaigaon,legal_aid,"District Legal Services Authority, Bongaigaon",6901281621,,,,,,Free legal aid. ASLSA lists the contact number only,https://assam.nalsa.gov.in/district-legal-services-authorities-dlsas/,2026-09-29
district,Assam,Darrang,legal_aid,"District Legal Services Authority, Darrang",6901281625,,,,,,Free legal aid. ASLSA lists the contact number only,https://assam.nalsa.gov.in/district-legal-services-authorities-dlsas/,2026-09-29
district,Assam,Lakhimpur,legal_aid,"District Legal Services Authority, Lakhimpur",6901281639,,,,,,Free legal aid. ASLSA lists the contact number only,https://assam.nalsa.gov.in/district-legal-services-authorities-dlsas/,2026-09-29
district,Assam,Udalguri,legal_aid,"District Legal Services Authority, Udalguri",6901281648,,,,,,Free legal aid. ASLSA lists the contact number only,https://assam.nalsa.gov.in/district-legal-services-authorities-dlsas/,2026-09-29
district,Assam,Hailakandi,legal_aid,"District Legal Services Authority, Hailakandi",6901281632,,,,,,Free legal aid. ASLSA lists the contact number only,https://assam.nalsa.gov.in/district-legal-services-authorities-dlsas/,2026-09-29
district,Assam,Dibrugarh,legal_aid,"District Legal Services Authority, Dibrugarh",6901281627,,,,,,Free legal aid. ASLSA lists the contact number only,https://assam.nalsa.gov.in/district-legal-services-authorities-dlsas/,2026-09-29
district,Assam,Golaghat,legal_aid,"District Legal Services Authority, Golaghat",6901281631,,,,,,Free legal aid. ASLSA lists the contact number only,https://assam.nalsa.gov.in/district-legal-services-authorities-dlsas/,2026-09-29
district,Assam,Sonitpur,legal_aid,"District Legal Services Authority, Sonitpur",6901281645,,,,,,Free legal aid. ASLSA lists the contact number only,https://assam.nalsa.gov.in/district-legal-services-authorities-dlsas/,2026-09-29
district,Assam,Tinsukia,legal_aid,"District Legal Services Authority, Tinsukia",6901281647,,,,,,Free legal aid. ASLSA lists the contact number only,https://assam.nalsa.gov.in/district-legal-services-authorities-dlsas/,2026-09-29
district,Assam,Nalbari,legal_aid,"District Legal Services Authority, Nalbari",6901281643,,,,,,Free legal aid. ASLSA lists the contact number only,https://assam.nalsa.gov.in/district-legal-services-authorities-dlsas/,2026-09-29
district,Assam,Kamrup,legal_aid,"District Legal Services Authority, Amingaon (Kamrup)",6901281617,,,,,,"Listed in the source as ""DLSA Amingaon"" (Amingaon is the headquarters of Kamrup Rural district). Free legal aid. ASLSA lists the contact number only",https://assam.nalsa.gov.in/district-legal-services-authorities-dlsas/,2026-09-29
district,Assam,Baksa,legal_aid,"District Legal Services Authority, Baksa",6901281619,,,,,,Free legal aid. ASLSA lists the contact number only,https://assam.nalsa.gov.in/district-legal-services-authorities-dlsas/,2026-09-29
district,Assam,Chirang,legal_aid,"District Legal Services Authority, Chirang",6901281624,,,,,,Free legal aid. ASLSA lists the contact number only,https://assam.nalsa.gov.in/district-legal-services-authorities-dlsas/,2026-09-29
district,Assam,Biswanath,legal_aid,"District Legal Services Authority, Biswanath",6901281620,,,,,,Free legal aid. ASLSA lists the contact number only,https://assam.nalsa.gov.in/district-legal-services-authorities-dlsas/,2026-09-29
district,Assam,Hojai,legal_aid,"District Legal Services Authority, Hojai",6901281633,,,,,,Free legal aid. ASLSA lists the contact number only,https://assam.nalsa.gov.in/district-legal-services-authorities-dlsas/,2026-09-29
district,Assam,South Salmara Mancachar,legal_aid,"District Legal Services Authority, South Salmara Mancachar",6901281646,,,,,,"Source spells it ""South Salmara(Mancachar)"". Free legal aid. ASLSA lists the contact number only",https://assam.nalsa.gov.in/district-legal-services-authorities-dlsas/,2026-09-29
district,Assam,Karbi Anglong,legal_aid,"District Legal Services Authority, Karbi Anglong",6901281636,,,,,,Free legal aid. ASLSA lists the contact number only,https://assam.nalsa.gov.in/district-legal-services-authorities-dlsas/,2026-09-29
district,Assam,West Karbi Anglong,legal_aid,"District Legal Services Authority, West Karbi Anglong",6901281649,,,,,,Free legal aid. ASLSA lists the contact number only,https://assam.nalsa.gov.in/district-legal-services-authorities-dlsas/,2026-09-29
district,Assam,Dima Hasao,legal_aid,"District Legal Services Authority, Dima Hasao",6901281628,,,,,,Free legal aid. ASLSA lists the contact number only,https://assam.nalsa.gov.in/district-legal-services-authorities-dlsas/,2026-09-29
district,Assam,Majuli,legal_aid,"District Legal Services Authority, Majuli",6901281640,,,,,,Free legal aid. ASLSA lists the contact number only,https://assam.nalsa.gov.in/district-legal-services-authorities-dlsas/,2026-09-29
district,Assam,Charaideo,legal_aid,"District Legal Services Authority, Charaideo",6901281623,,,,,,Free legal aid. ASLSA lists the contact number only,https://assam.nalsa.gov.in/district-legal-services-authorities-dlsas/,2026-09-29
district,Assam,Bajali,one_stop_centre,"Sakhi One Stop Centre, Bajali",,,,,"Madan Rauta Nagar, Pathsala. Near Treasury Office Pathsala.",,"No phone number published in this source; call 181 (Women Helpline) or 112 to be connected to this centre. Sakhi One Stop Centre: medical help, police help/FIR facilitation, legal aid, psycho-social counselling and temporary shelter (up to 5 days) for women facing violence. Source: MWCD Mission Shakti directory, Directory type: One Stop Center (OSC) - Centre Administrator",https://missionshakti.wcd.gov.in/directory,2026-09-29
district,Assam,Baksa,one_stop_centre,"Sakhi One Stop Centre, Baksa",,,,,"Mushalpur, Near Baska Rev. Circle Office Baksa",,"No phone number published in this source; call 181 (Women Helpline) or 112 to be connected to this centre. Sakhi One Stop Centre: medical help, police help/FIR facilitation, legal aid, psycho-social counselling and temporary shelter (up to 5 days) for women facing violence. Source: MWCD Mission Shakti directory, Directory type: One Stop Center (OSC) - Centre Administrator",https://missionshakti.wcd.gov.in/directory,2026-09-29
district,Assam,Barpeta,one_stop_centre,"Sakhi One Stop Centre, Barpeta",,,,,"Ganakkuchi,Near Polytechnic College ,barpeta. pin-781314",,"No phone number published in this source; call 181 (Women Helpline) or 112 to be connected to this centre. Sakhi One Stop Centre: medical help, police help/FIR facilitation, legal aid, psycho-social counselling and temporary shelter (up to 5 days) for women facing violence. Source: MWCD Mission Shakti directory, Directory type: One Stop Center (OSC) - Centre Administrator",https://missionshakti.wcd.gov.in/directory,2026-09-29
district,Assam,Biswanath,one_stop_centre,"Sakhi One Stop Centre, Biswanath",,,,,"VILL- Dawgaon, BISWANATH CHARIALI,DISTRICT- BISWANATH,ASSAM",,"No phone number published in this source; call 181 (Women Helpline) or 112 to be connected to this centre. Sakhi One Stop Centre: medical help, police help/FIR facilitation, legal aid, psycho-social counselling and temporary shelter (up to 5 days) for women facing violence. Source: MWCD Mission Shakti directory, Directory type: One Stop Center (OSC) - Centre Administrator",https://missionshakti.wcd.gov.in/directory,2026-09-29
district,Assam,Bongaigaon,one_stop_centre,"Sakhi One Stop Centre, Bongaigaon",,,,,"Bongaigoan Civil Hospital Campus, Near the Morgue building, Mazgaon, Bongaigaon.",,"No phone number published in this source; call 181 (Women Helpline) or 112 to be connected to this centre. Sakhi One Stop Centre: medical help, police help/FIR facilitation, legal aid, psycho-social counselling and temporary shelter (up to 5 days) for women facing violence. Source: MWCD Mission Shakti directory, Directory type: One Stop Center (OSC) - Centre Administrator",https://missionshakti.wcd.gov.in/directory,2026-09-29
district,Assam,Cachar,one_stop_centre,"Sakhi One Stop Centre, Cachar",,,,,"Sonai Road Near Radha Madhav College, Silchar, Dist- Cachar, State- Assam",,"No phone number published in this source; call 181 (Women Helpline) or 112 to be connected to this centre. Sakhi One Stop Centre: medical help, police help/FIR facilitation, legal aid, psycho-social counselling and temporary shelter (up to 5 days) for women facing violence. Source: MWCD Mission Shakti directory, Directory type: One Stop Center (OSC) - Centre Administrator",https://missionshakti.wcd.gov.in/directory,2026-09-29
district,Assam,Chirang,one_stop_centre,"Sakhi One Stop Centre, Chirang",,,,,"Ward No.1 , Dangagaon, P.O-Kajalgaon, P.S-Kajalgaon, Dist-Chirang",,"No phone number published in this source; call 181 (Women Helpline) or 112 to be connected to this centre. Sakhi One Stop Centre: medical help, police help/FIR facilitation, legal aid, psycho-social counselling and temporary shelter (up to 5 days) for women facing violence. Source: MWCD Mission Shakti directory, Directory type: One Stop Center (OSC) - Centre Administrator",https://missionshakti.wcd.gov.in/directory,2026-09-29
district,Assam,Darrang,one_stop_centre,"Sakhi One Stop Centre, Darrang",,,,,"Chapai ,Gadhiyapara, Mangaldai, Darrang",,"No phone number published in this source; call 181 (Women Helpline) or 112 to be connected to this centre. Sakhi One Stop Centre: medical help, police help/FIR facilitation, legal aid, psycho-social counselling and temporary shelter (up to 5 days) for women facing violence. Source: MWCD Mission Shakti directory, Directory type: One Stop Center (OSC) - Centre Administrator",https://missionshakti.wcd.gov.in/directory,2026-09-29
district,Assam,Dhemaji,one_stop_centre,"Sakhi One Stop Centre, Dhemaji",,,,,"Nimati chuk, ward no.1, dhemaji town, p.s-Dhemaji , dist-dhemaji , assam.",,"No phone number published in this source; call 181 (Women Helpline) or 112 to be connected to this centre. Sakhi One Stop Centre: medical help, police help/FIR facilitation, legal aid, psycho-social counselling and temporary shelter (up to 5 days) for women facing violence. Source: MWCD Mission Shakti directory, Directory type: One Stop Center (OSC) - Centre Administrator",https://missionshakti.wcd.gov.in/directory,2026-09-29
district,Assam,Dhubri,one_stop_centre,"Sakhi One Stop Centre, Dhubri",,,,,"Molati Khamar, Madhusoulmari pt 2, P.O - Mashusoulmari, P.S - Gauripur, Dist - Dhubri, Pin - 783331, Assam",,"No phone number published in this source; call 181 (Women Helpline) or 112 to be connected to this centre. Sakhi One Stop Centre: medical help, police help/FIR facilitation, legal aid, psycho-social counselling and temporary shelter (up to 5 days) for women facing violence. Source: MWCD Mission Shakti directory, Directory type: One Stop Center (OSC) - Centre Administrator",https://missionshakti.wcd.gov.in/directory,2026-09-29
district,Assam,Dibrugarh,one_stop_centre,"Sakhi One Stop Centre, Dibrugarh",,,,,"Graham Bazar Jain Mandir Road P.O, P.S & Dist. Dibrugarh, Assam",,"No phone number published in this source; call 181 (Women Helpline) or 112 to be connected to this centre. Sakhi One Stop Centre: medical help, police help/FIR facilitation, legal aid, psycho-social counselling and temporary shelter (up to 5 days) for women facing violence. Source: MWCD Mission Shakti directory, Directory type: One Stop Center (OSC) - Centre Administrator",https://missionshakti.wcd.gov.in/directory,2026-09-29
district,Assam,Dima Hasao,one_stop_centre,"Sakhi One Stop Centre, Dima Hasao",,,,,"Near Railway field, Haflong",,"No phone number published in this source; call 181 (Women Helpline) or 112 to be connected to this centre. Sakhi One Stop Centre: medical help, police help/FIR facilitation, legal aid, psycho-social counselling and temporary shelter (up to 5 days) for women facing violence. Source: MWCD Mission Shakti directory, Directory type: One Stop Center (OSC) - Centre Administrator",https://missionshakti.wcd.gov.in/directory,2026-09-29
district,Assam,Goalpara,one_stop_centre,"Sakhi One Stop Centre, Goalpara",,,,,"Bir Chilarai Path, Tilapara, Goalpara, Assam, Ward no.-08 P.O.-Goalpara, P.S.-Goalpara",,"No phone number published in this source; call 181 (Women Helpline) or 112 to be connected to this centre. Sakhi One Stop Centre: medical help, police help/FIR facilitation, legal aid, psycho-social counselling and temporary shelter (up to 5 days) for women facing violence. Source: MWCD Mission Shakti directory, Directory type: One Stop Center (OSC) - Centre Administrator",https://missionshakti.wcd.gov.in/directory,2026-09-29
district,Assam,Golaghat,one_stop_centre,"Sakhi One Stop Centre, Golaghat",,,,,"Jonaki nagar , near SAI Hostel, PO. Golaghat, PS. Golaghat sadar thana",,"No phone number published in this source; call 181 (Women Helpline) or 112 to be connected to this centre. Sakhi One Stop Centre: medical help, police help/FIR facilitation, legal aid, psycho-social counselling and temporary shelter (up to 5 days) for women facing violence. Source: MWCD Mission Shakti directory, Directory type: One Stop Center (OSC) - Centre Administrator",https://missionshakti.wcd.gov.in/directory,2026-09-29
district,Assam,Hailakandi,one_stop_centre,"Sakhi One Stop Centre, Hailakandi",,,,,"Lala 2nd Bypass (Bishnupur), Lala, Hailakandi",,"No phone number published in this source; call 181 (Women Helpline) or 112 to be connected to this centre. Sakhi One Stop Centre: medical help, police help/FIR facilitation, legal aid, psycho-social counselling and temporary shelter (up to 5 days) for women facing violence. Source: MWCD Mission Shakti directory, Directory type: One Stop Center (OSC) - Centre Administrator",https://missionshakti.wcd.gov.in/directory,2026-09-29
district,Assam,Hojai,one_stop_centre,"Sakhi One Stop Centre, Hojai",,,,,"Pam Gaon Near District Civil Hospital, Hojai P.O- Sankardev Nagar P.S- Lanka Dist- Hojai State- Assam",,"No phone number published in this source; call 181 (Women Helpline) or 112 to be connected to this centre. Sakhi One Stop Centre: medical help, police help/FIR facilitation, legal aid, psycho-social counselling and temporary shelter (up to 5 days) for women facing violence. Source: MWCD Mission Shakti directory, Directory type: One Stop Center (OSC) - Centre Administrator",https://missionshakti.wcd.gov.in/directory,2026-09-29
district,Assam,Jorhat,one_stop_centre,"Sakhi One Stop Centre, Jorhat",,,,,"SAKHI ONE STOP CENTRE, C.O. JOINT DIRECTOR OF HEALTH SERVICE, BESIDE N.H.M. OFFICE BUILDING, A.T. ROAD, JORHAT, ASSAM.",,"No phone number published in this source; call 181 (Women Helpline) or 112 to be connected to this centre. Sakhi One Stop Centre: medical help, police help/FIR facilitation, legal aid, psycho-social counselling and temporary shelter (up to 5 days) for women facing violence. Source: MWCD Mission Shakti directory, Directory type: One Stop Center (OSC) - Centre Administrator",https://missionshakti.wcd.gov.in/directory,2026-09-29
district,Assam,Kamrup,one_stop_centre,"Sakhi One Stop Centre, Kamrup",,,,,"trinayan nagar, Amingaon, Hajo road, District: Kamrup, Assam",,"No phone number published in this source; call 181 (Women Helpline) or 112 to be connected to this centre. Sakhi One Stop Centre: medical help, police help/FIR facilitation, legal aid, psycho-social counselling and temporary shelter (up to 5 days) for women facing violence. Source: MWCD Mission Shakti directory, Directory type: One Stop Center (OSC) - Centre Administrator",https://missionshakti.wcd.gov.in/directory,2026-09-29
district,Assam,Kamrup Metro,one_stop_centre,"Sakhi One Stop Centre, Kamrup Metro",,,,,"Beltola, Near Beltola Lakhi Mandir, Social Welfare Quarter Campus Beltola, Guwahati-28",,"No phone number published in this source; call 181 (Women Helpline) or 112 to be connected to this centre. Sakhi One Stop Centre: medical help, police help/FIR facilitation, legal aid, psycho-social counselling and temporary shelter (up to 5 days) for women facing violence. Source: MWCD Mission Shakti directory, Directory type: One Stop Center (OSC) - Centre Administrator",https://missionshakti.wcd.gov.in/directory,2026-09-29
district,Assam,Kamrup Metro,one_stop_centre,"Sakhi One Stop Centre, Kamrup Metro (second centre)",,,,,"AEC ROAD, SUNDARBARI, UDAYAAN PATH, JALUKBARI P/S: JALUKBARI P/O- GAUHATI UNIVERSITY",,"No phone number published in this source; call 181 (Women Helpline) or 112 to be connected to this centre. Sakhi One Stop Centre: medical help, police help/FIR facilitation, legal aid, psycho-social counselling and temporary shelter (up to 5 days) for women facing violence. Source: MWCD Mission Shakti directory, Directory type: One Stop Center (OSC) - Centre Administrator",https://missionshakti.wcd.gov.in/directory,2026-09-29
district,Assam,Karbi Anglong,one_stop_centre,"Sakhi One Stop Centre, Karbi Anglong",,,,,"RONGKHELAN, WARD NO:8 NEAR KIDZEE SCHOOL, DIPHU, KARBI ANGLONG",,"No phone number published in this source; call 181 (Women Helpline) or 112 to be connected to this centre. Sakhi One Stop Centre: medical help, police help/FIR facilitation, legal aid, psycho-social counselling and temporary shelter (up to 5 days) for women facing violence. Source: MWCD Mission Shakti directory, Directory type: One Stop Center (OSC) - Centre Administrator",https://missionshakti.wcd.gov.in/directory,2026-09-29
district,Assam,Lakhimpur,one_stop_centre,"Sakhi One Stop Centre, Lakhimpur",,,,,"Milan Nagar ,near Satsang Vihar Ward No-10",,"No phone number published in this source; call 181 (Women Helpline) or 112 to be connected to this centre. Sakhi One Stop Centre: medical help, police help/FIR facilitation, legal aid, psycho-social counselling and temporary shelter (up to 5 days) for women facing violence. Source: MWCD Mission Shakti directory, Directory type: One Stop Center (OSC) - Centre Administrator",https://missionshakti.wcd.gov.in/directory,2026-09-29
district,Assam,Majuli,one_stop_centre,"Sakhi One Stop Centre, Majuli",,,,,"Garamur Bar satra, Garamur. Near garamur mini stadium",,"No phone number published in this source; call 181 (Women Helpline) or 112 to be connected to this centre. Sakhi One Stop Centre: medical help, police help/FIR facilitation, legal aid, psycho-social counselling and temporary shelter (up to 5 days) for women facing violence. Source: MWCD Mission Shakti directory, Directory type: One Stop Center (OSC) - Centre Administrator",https://missionshakti.wcd.gov.in/directory,2026-09-29
district,Assam,Marigaon,one_stop_centre,"Sakhi One Stop Centre, Marigaon",,,,,"Morigaon Civil Hospital Campus, In front of TB Centre, Rajagaon",,"No phone number published in this source; call 181 (Women Helpline) or 112 to be connected to this centre. Sakhi One Stop Centre: medical help, police help/FIR facilitation, legal aid, psycho-social counselling and temporary shelter (up to 5 days) for women facing violence. Source: MWCD Mission Shakti directory, Directory type: One Stop Center (OSC) - Centre Administrator",https://missionshakti.wcd.gov.in/directory,2026-09-29
district,Assam,Nalbari,one_stop_centre,"Sakhi One Stop Centre, Nalbari",,,,,"NALBARI TOWN, WARD NO. 9 (Near SMK Civil Hospital), P.O-NALBARI P.S, & DIST -NALBARI, Pin-781335 Assam",,"No phone number published in this source; call 181 (Women Helpline) or 112 to be connected to this centre. Sakhi One Stop Centre: medical help, police help/FIR facilitation, legal aid, psycho-social counselling and temporary shelter (up to 5 days) for women facing violence. Source: MWCD Mission Shakti directory, Directory type: One Stop Center (OSC) - Centre Administrator",https://missionshakti.wcd.gov.in/directory,2026-09-29
district,Assam,Sivasagar,one_stop_centre,"Sakhi One Stop Centre, Sivasagar",,,,,JAYSAGAR RUPAHI POTHAR NEAR CIVIL HOSPITAL CAMPUS,,"No phone number published in this source; call 181 (Women Helpline) or 112 to be connected to this centre. Sakhi One Stop Centre: medical help, police help/FIR facilitation, legal aid, psycho-social counselling and temporary shelter (up to 5 days) for women facing violence. Source: MWCD Mission Shakti directory, Directory type: One Stop Center (OSC) - Centre Administrator",https://missionshakti.wcd.gov.in/directory,2026-09-29
district,Assam,Sonitpur,one_stop_centre,"Sakhi One Stop Centre, Sonitpur",,,,,"Hatbhanga Chuburi, Mazgaon, Near Hotel Heritage, Tezpur Assam",,"No phone number published in this source; call 181 (Women Helpline) or 112 to be connected to this centre. Sakhi One Stop Centre: medical help, police help/FIR facilitation, legal aid, psycho-social counselling and temporary shelter (up to 5 days) for women facing violence. Source: MWCD Mission Shakti directory, Directory type: One Stop Center (OSC) - Centre Administrator",https://missionshakti.wcd.gov.in/directory,2026-09-29
district,Assam,South Salmara Mancachar,one_stop_centre,"Sakhi One Stop Centre, South Salmara Mancachar",,,,,"Vill + P.O - Hatsingimari, P.S - South Salmara Dist - South Salmara Mankachar. Pin - 783135 (Assam) Near Circuit House Hatsingimari.",,"No phone number published in this source; call 181 (Women Helpline) or 112 to be connected to this centre. Sakhi One Stop Centre: medical help, police help/FIR facilitation, legal aid, psycho-social counselling and temporary shelter (up to 5 days) for women facing violence. Source: MWCD Mission Shakti directory, Directory type: One Stop Center (OSC) - Centre Administrator",https://missionshakti.wcd.gov.in/directory,2026-09-29
district,Assam,Sribhumi,one_stop_centre,"Sakhi One Stop Centre, Sribhumi",,,,,"Saralkha Road, near DRDA office, Settlement Road, Sribhumi ASSAM",,"No phone number published in this source; call 181 (Women Helpline) or 112 to be connected to this centre. Sakhi One Stop Centre: medical help, police help/FIR facilitation, legal aid, psycho-social counselling and temporary shelter (up to 5 days) for women facing violence. Sribhumi is the former Karimganj district. Source: MWCD Mission Shakti directory, Directory type: One Stop Center (OSC) - Centre Administrator",https://missionshakti.wcd.gov.in/directory,2026-09-29
district,Assam,Tamulpur,one_stop_centre,"Sakhi One Stop Centre, Tamulpur",,,,,"BARKHOPA TAMULPUR ASSAM Nearby District Office of the Sericulture Department, Tamulpur",,"No phone number published in this source; call 181 (Women Helpline) or 112 to be connected to this centre. Sakhi One Stop Centre: medical help, police help/FIR facilitation, legal aid, psycho-social counselling and temporary shelter (up to 5 days) for women facing violence. Source: MWCD Mission Shakti directory, Directory type: One Stop Center (OSC) - Centre Administrator",https://missionshakti.wcd.gov.in/directory,2026-09-29
district,Assam,Tinsukia,one_stop_centre,"Sakhi One Stop Centre, Tinsukia",,,,,"Bordoloi Nagar,Bye-Lane-4,Sector-1,Ganesh Hazarika Path,Near Civil Hospital,Tinsukia.",,"No phone number published in this source; call 181 (Women Helpline) or 112 to be connected to this centre. Sakhi One Stop Centre: medical help, police help/FIR facilitation, legal aid, psycho-social counselling and temporary shelter (up to 5 days) for women facing violence. Source: MWCD Mission Shakti directory, Directory type: One Stop Center (OSC) - Centre Administrator",https://missionshakti.wcd.gov.in/directory,2026-09-29
district,Assam,Udalguri,one_stop_centre,"Sakhi One Stop Centre, Udalguri",,,,,"Sakhi-One Stop Centre, Udalguri, Near Bodoland Centre for Training Innovation and Sustainable Development, Barna Gaon, Sapkhaiti, P.O & Dist- Udalguri-784509",,"No phone number published in this source; call 181 (Women Helpline) or 112 to be connected to this centre. Sakhi One Stop Centre: medical help, police help/FIR facilitation, legal aid, psycho-social counselling and temporary shelter (up to 5 days) for women facing violence. Source: MWCD Mission Shakti directory, Directory type: One Stop Center (OSC) - Centre Administrator",https://missionshakti.wcd.gov.in/directory,2026-09-29
district,Assam,West Karbi Anglong,one_stop_centre,"Sakhi One Stop Centre, West Karbi Anglong",,,,,"vill- Chirimukam, near Rangsina College , Dongkamukam",,"No phone number published in this source; call 181 (Women Helpline) or 112 to be connected to this centre. Sakhi One Stop Centre: medical help, police help/FIR facilitation, legal aid, psycho-social counselling and temporary shelter (up to 5 days) for women facing violence. Source: MWCD Mission Shakti directory, Directory type: One Stop Center (OSC) - Centre Administrator",https://missionshakti.wcd.gov.in/directory,2026-09-29
district,Assam,Bajali,protection_officer,"Protection Officer under the Domestic Violence Act (PWDVA 2005), Bajali",,,dswobajali@gmail.com,,Barpeta Assam,,"Protection Officer can help file a Domestic Incident Report and apply to the Magistrate for protection, residence and maintenance orders. MWCD directory lists office email only, no phone; officer names omitted. Source: MWCD Mission Shakti directory, Directory type: Protection Officer (PO)",https://missionshakti.wcd.gov.in/directory,2026-09-29
district,Assam,Baksa,protection_officer,"Protection Officer under the Domestic Violence Act (PWDVA 2005), Baksa",,,cdpojalah@gmail.com,,"Jalah ICDS Project, PO- Jalahghat, PS- Simla, Baksa",,"Protection Officer can help file a Domestic Incident Report and apply to the Magistrate for protection, residence and maintenance orders. MWCD directory lists office email only, no phone; officer names omitted. Source: MWCD Mission Shakti directory, Directory type: Protection Officer (PO)",https://missionshakti.wcd.gov.in/directory,2026-09-29
district,Assam,Baksa,protection_officer,"Protection Officer under the Domestic Violence Act (PWDVA 2005), Baksa",,,dswobas2017@gmail.com,,"Mushalpur,Ambari, Baksa",,"Protection Officer can help file a Domestic Incident Report and apply to the Magistrate for protection, residence and maintenance orders. MWCD directory lists office email only, no phone; officer names omitted. Source: MWCD Mission Shakti directory, Directory type: Protection Officer (PO)",https://missionshakti.wcd.gov.in/directory,2026-09-29
district,Assam,Baksa,protection_officer,"Protection Officer under the Domestic Violence Act (PWDVA 2005), Baksa",,,tihubarmaicds.baksa@gmail.com,,"Vill- Niz Juluki, Barama, Baksa",,"Protection Officer can help file a Domestic Incident Report and apply to the Magistrate for protection, residence and maintenance orders. MWCD directory lists office email only, no phone; officer names omitted. Source: MWCD Mission Shakti directory, Directory type: Protection Officer (PO)",https://missionshakti.wcd.gov.in/directory,2026-09-29
district,Assam,Barpeta,protection_officer,"Protection Officer under the Domestic Violence Act (PWDVA 2005), Barpeta",,,cdpopakabetbari2022@gmail.com,,"PAKABETBARI, BARPETA",,"Protection Officer can help file a Domestic Incident Report and apply to the Magistrate for protection, residence and maintenance orders. MWCD directory lists office email only, no phone; officer names omitted. Source: MWCD Mission Shakti directory, Directory type: Protection Officer (PO)",https://missionshakti.wcd.gov.in/directory,2026-09-29
district,Assam,Barpeta,protection_officer,"Protection Officer under the Domestic Violence Act (PWDVA 2005), Barpeta",,,rupshiCDPO@gmail.com,,"RUPCHI, BARPETA",,"Protection Officer can help file a Domestic Incident Report and apply to the Magistrate for protection, residence and maintenance orders. MWCD directory lists office email only, no phone; officer names omitted. Source: MWCD Mission Shakti directory, Directory type: Protection Officer (PO)",https://missionshakti.wcd.gov.in/directory,2026-09-29
district,Assam,Barpeta,protection_officer,"Protection Officer under the Domestic Violence Act (PWDVA 2005), Barpeta",,,cdpogomafulbari2@gmail.com,,"GOMAFULBARI , BARPETA",,"Protection Officer can help file a Domestic Incident Report and apply to the Magistrate for protection, residence and maintenance orders. MWCD directory lists office email only, no phone; officer names omitted. Source: MWCD Mission Shakti directory, Directory type: Protection Officer (PO)",https://missionshakti.wcd.gov.in/directory,2026-09-29
district,Assam,Barpeta,protection_officer,"Protection Officer under the Domestic Violence Act (PWDVA 2005), Barpeta",,,cdpomandia@gmail.com,,"MANDIA, BARPETA",,"Protection Officer can help file a Domestic Incident Report and apply to the Magistrate for protection, residence and maintenance orders. MWCD directory lists office email only, no phone; officer names omitted. Source: MWCD Mission Shakti directory, Directory type: Protection Officer (PO)",https://missionshakti.wcd.gov.in/directory,2026-09-29
district,Assam,Barpeta,protection_officer,"Protection Officer under the Domestic Violence Act (PWDVA 2005), Barpeta",,,cdpobhawanipur2002@gmail.com,,"BHAWANIPUR, BARPETA",,"Protection Officer can help file a Domestic Incident Report and apply to the Magistrate for protection, residence and maintenance orders. MWCD directory lists office email only, no phone; officer names omitted. Source: MWCD Mission Shakti directory, Directory type: Protection Officer (PO)",https://missionshakti.wcd.gov.in/directory,2026-09-29
district,Assam,Barpeta,protection_officer,"Protection Officer under the Domestic Violence Act (PWDVA 2005), Barpeta",,,dswobar2017@gmail.com,,"Uttar barpeta,PO-Barpeta, PS-Barpet",,"Protection Officer can help file a Domestic Incident Report and apply to the Magistrate for protection, residence and maintenance orders. MWCD directory lists office email only, no phone; officer names omitted. Source: MWCD Mission Shakti directory, Directory type: Protection Officer (PO)",https://missionshakti.wcd.gov.in/directory,2026-09-29
district,Assam,Barpeta,protection_officer,"Protection Officer under the Domestic Violence Act (PWDVA 2005), Barpeta",,,cdpochenga@gmail.com,,"Bahari, PO-Bahari Hat, PS- Tarabari, Dist-Barpeta",,"Protection Officer can help file a Domestic Incident Report and apply to the Magistrate for protection, residence and maintenance orders. MWCD directory lists office email only, no phone; officer names omitted. Source: MWCD Mission Shakti directory, Directory type: Protection Officer (PO)",https://missionshakti.wcd.gov.in/directory,2026-09-29
district,Assam,Barpeta,protection_officer,"Protection Officer under the Domestic Violence Act (PWDVA 2005), Barpeta",,,barpetaicdsproject@gmail.com,,"BARPETA, BARPETA",,"Protection Officer can help file a Domestic Incident Report and apply to the Magistrate for protection, residence and maintenance orders. MWCD directory lists office email only, no phone; officer names omitted. Source: MWCD Mission Shakti directory, Directory type: Protection Officer (PO)",https://missionshakti.wcd.gov.in/directory,2026-09-29
district,Assam,Biswanath,protection_officer,"Protection Officer under the Domestic Violence Act (PWDVA 2005), Biswanath",,,dswobiswanath@gmail.com,,"Office of District Social Welfare Officer, Biswanath",,"Protection Officer can help file a Domestic Incident Report and apply to the Magistrate for protection, residence and maintenance orders. MWCD directory lists office email only, no phone; officer names omitted. Source: MWCD Mission Shakti directory, Directory type: Protection Officer (PO)",https://missionshakti.wcd.gov.in/directory,2026-09-29
district,Assam,Biswanath,protection_officer,"Protection Officer under the Domestic Violence Act (PWDVA 2005), Biswanath",,,cdposooteaicds2007@gmail.com,,"CDPO office Sootea, Chiranjia Hospital Road, Dist- Biswanath",,"Protection Officer can help file a Domestic Incident Report and apply to the Magistrate for protection, residence and maintenance orders. MWCD directory lists office email only, no phone; officer names omitted. Source: MWCD Mission Shakti directory, Directory type: Protection Officer (PO)",https://missionshakti.wcd.gov.in/directory,2026-09-29
district,Assam,Biswanath,protection_officer,"Protection Officer under the Domestic Violence Act (PWDVA 2005), Biswanath",,,cdpo.biswanath@gmail.com,,"BISWANATH CHARIALI,DISTRICT- BISWANATH,ASSAM",,"Protection Officer can help file a Domestic Incident Report and apply to the Magistrate for protection, residence and maintenance orders. MWCD directory lists office email only, no phone; officer names omitted. Source: MWCD Mission Shakti directory, Directory type: Protection Officer (PO)",https://missionshakti.wcd.gov.in/directory,2026-09-29
district,Assam,Biswanath,protection_officer,"Protection Officer under the Domestic Violence Act (PWDVA 2005), Biswanath",,,cdpobaghmora127@gmail.com,,"Baghmara ICD Project, Monabari, Dist-Biswanath",,"Protection Officer can help file a Domestic Incident Report and apply to the Magistrate for protection, residence and maintenance orders. MWCD directory lists office email only, no phone; officer names omitted. Source: MWCD Mission Shakti directory, Directory type: Protection Officer (PO)",https://missionshakti.wcd.gov.in/directory,2026-09-29
district,Assam,Bongaigaon,protection_officer,"Protection Officer under the Domestic Violence Act (PWDVA 2005), Bongaigaon",,,cdposrijamgram01@gmail.com,,Ujanpara po- Srijangram Ps-Abhayapuri District-Bongaigaon,,"Protection Officer can help file a Domestic Incident Report and apply to the Magistrate for protection, residence and maintenance orders. MWCD directory lists office email only, no phone; officer names omitted. Source: MWCD Mission Shakti directory, Directory type: Protection Officer (PO)",https://missionshakti.wcd.gov.in/directory,2026-09-29
district,Assam,Bongaigaon,protection_officer,"Protection Officer under the Domestic Violence Act (PWDVA 2005), Bongaigaon",,,tapattaryicdsproject@gmail.com,,"PO-Piradhara ,PS-Abhayapuri Bongaigaon",,"Protection Officer can help file a Domestic Incident Report and apply to the Magistrate for protection, residence and maintenance orders. MWCD directory lists office email only, no phone; officer names omitted. Source: MWCD Mission Shakti directory, Directory type: Protection Officer (PO)",https://missionshakti.wcd.gov.in/directory,2026-09-29
district,Assam,Cachar,protection_officer,"Protection Officer under the Domestic Violence Act (PWDVA 2005), Cachar",,,dswocac2017@gmail.com,,"O/o District Social Welfare Officer , Meherpur Birbal Bazar, Silchar, Cachar",,"Protection Officer can help file a Domestic Incident Report and apply to the Magistrate for protection, residence and maintenance orders. MWCD directory lists office email only, no phone; officer names omitted. Source: MWCD Mission Shakti directory, Directory type: Protection Officer (PO)",https://missionshakti.wcd.gov.in/directory,2026-09-29
district,Assam,Cachar,protection_officer,"Protection Officer under the Domestic Violence Act (PWDVA 2005), Cachar",,,cdpobarjalengacachar@gmail.com,,"O/o Child Development Project Officer, Barjalenga ICDS Project, Cachar",,"Protection Officer can help file a Domestic Incident Report and apply to the Magistrate for protection, residence and maintenance orders. MWCD directory lists office email only, no phone; officer names omitted. Source: MWCD Mission Shakti directory, Directory type: Protection Officer (PO)",https://missionshakti.wcd.gov.in/directory,2026-09-29
district,Assam,Cachar,protection_officer,"Protection Officer under the Domestic Violence Act (PWDVA 2005), Cachar",,,cdpoudharbondcachar@gmail.com,,Six mile VIp Road Uharbond Near North East Car Bazar,,"Protection Officer can help file a Domestic Incident Report and apply to the Magistrate for protection, residence and maintenance orders. MWCD directory lists office email only, no phone; officer names omitted. Source: MWCD Mission Shakti directory, Directory type: Protection Officer (PO)",https://missionshakti.wcd.gov.in/directory,2026-09-29
district,Assam,Cachar,protection_officer,"Protection Officer under the Domestic Violence Act (PWDVA 2005), Cachar",,,rajabazarcdpo@gmail.com,,"O/o Child Development Project Officer, Rajabazar ICDS Project, Cachar",,"Protection Officer can help file a Domestic Incident Report and apply to the Magistrate for protection, residence and maintenance orders. MWCD directory lists office email only, no phone; officer names omitted. Source: MWCD Mission Shakti directory, Directory type: Protection Officer (PO)",https://missionshakti.wcd.gov.in/directory,2026-09-29
district,Assam,Cachar,protection_officer,"Protection Officer under the Domestic Violence Act (PWDVA 2005), Cachar",,,cdponarsingpur2014@gmail.com,,"O/o Child Development Project Officer, Narsingpur ICDS Project, Cachar",,"Protection Officer can help file a Domestic Incident Report and apply to the Magistrate for protection, residence and maintenance orders. MWCD directory lists office email only, no phone; officer names omitted. Source: MWCD Mission Shakti directory, Directory type: Protection Officer (PO)",https://missionshakti.wcd.gov.in/directory,2026-09-29
district,Assam,Cachar,protection_officer,"Protection Officer under the Domestic Violence Act (PWDVA 2005), Cachar",,,cdposalchapracachar@gmail.com,,"O/o Child Development Project Officer, Near Srikona Daily Bazar, PO- Srikona, PS- Silchar",,"Protection Officer can help file a Domestic Incident Report and apply to the Magistrate for protection, residence and maintenance orders. MWCD directory lists office email only, no phone; officer names omitted. Source: MWCD Mission Shakti directory, Directory type: Protection Officer (PO)",https://missionshakti.wcd.gov.in/directory,2026-09-29
district,Assam,Cachar,protection_officer,"Protection Officer under the Domestic Violence Act (PWDVA 2005), Cachar",,,cdpolakhipurcachar@gmail.com,,"O/o Child Development Project Officer Lakhipur I.C.D.S Project Lakhipur Ward No. 4 P/o. Fulertal, Cachar, Assam""",,"Protection Officer can help file a Domestic Incident Report and apply to the Magistrate for protection, residence and maintenance orders. MWCD directory lists office email only, no phone; officer names omitted. Source: MWCD Mission Shakti directory, Directory type: Protection Officer (PO)",https://missionshakti.wcd.gov.in/directory,2026-09-29
district,Assam,Cachar,protection_officer,"Protection Officer under the Domestic Violence Act (PWDVA 2005), Cachar",,,cdpotapangcachar@gmail.com,,"O/o the Child Development Project Officer, Tapang ICDS Project, Srikona, Cachar",,"Protection Officer can help file a Domestic Incident Report and apply to the Magistrate for protection, residence and maintenance orders. MWCD directory lists office email only, no phone; officer names omitted. Source: MWCD Mission Shakti directory, Directory type: Protection Officer (PO)",https://missionshakti.wcd.gov.in/directory,2026-09-29
district,Assam,Cachar,protection_officer,"Protection Officer under the Domestic Violence Act (PWDVA 2005), Cachar",,,cdposilcharrural@gmail.com,,"O/o Child Development Project Officer, Meherpur",,"Protection Officer can help file a Domestic Incident Report and apply to the Magistrate for protection, residence and maintenance orders. MWCD directory lists office email only, no phone; officer names omitted. Source: MWCD Mission Shakti directory, Directory type: Protection Officer (PO)",https://missionshakti.wcd.gov.in/directory,2026-09-29
district,Assam,Cachar,protection_officer,"Protection Officer under the Domestic Violence Act (PWDVA 2005), Cachar",,,cdpobinnakandicachar@gmail.com,,"O/o Child Development Project Officer, Binnakandi ICDS Project, Binnakandi Pt-1, Cachar",,"Protection Officer can help file a Domestic Incident Report and apply to the Magistrate for protection, residence and maintenance orders. MWCD directory lists office email only, no phone; officer names omitted. Source: MWCD Mission Shakti directory, Directory type: Protection Officer (PO)",https://missionshakti.wcd.gov.in/directory,2026-09-29
district,Assam,Cachar,protection_officer,"Protection Officer under the Domestic Violence Act (PWDVA 2005), Cachar",,,cdposonaiicdscachar@gmail.com,,"O/o Child Development Project Officer Sonai ICDS Project, Cacharice",,"Protection Officer can help file a Domestic Incident Report and apply to the Magistrate for protection, residence and maintenance orders. MWCD directory lists office email only, no phone; officer names omitted. Source: MWCD Mission Shakti directory, Directory type: Protection Officer (PO)",https://missionshakti.wcd.gov.in/directory,2026-09-29
district,Assam,Cachar,protection_officer,"Protection Officer under the Domestic Violence Act (PWDVA 2005), Cachar",,,cdpokalain1@gmail.com,,"O/o Child Development Project Officer, Kalain ICDS Project, Cachar, Lakhipur, Pt-III, PO- Hilara, PS- Kalain",,"Protection Officer can help file a Domestic Incident Report and apply to the Magistrate for protection, residence and maintenance orders. MWCD directory lists office email only, no phone; officer names omitted. Source: MWCD Mission Shakti directory, Directory type: Protection Officer (PO)",https://missionshakti.wcd.gov.in/directory,2026-09-29
district,Assam,Charaideo,protection_officer,"Protection Officer under the Domestic Violence Act (PWDVA 2005), Charaideo",,,cdpo.spk@gmail.com,,"O/O the Child Development Project officer, Sapekhati",,"Protection Officer can help file a Domestic Incident Report and apply to the Magistrate for protection, residence and maintenance orders. MWCD directory lists office email only, no phone; officer names omitted. Source: MWCD Mission Shakti directory, Directory type: Protection Officer (PO)",https://missionshakti.wcd.gov.in/directory,2026-09-29
district,Assam,Charaideo,protection_officer,"Protection Officer under the Domestic Violence Act (PWDVA 2005), Charaideo",,,cdpolakwa@gmail.com,,"O/O the Child Development Project Officer, Lakwa",,"Protection Officer can help file a Domestic Incident Report and apply to the Magistrate for protection, residence and maintenance orders. MWCD directory lists office email only, no phone; officer names omitted. Source: MWCD Mission Shakti directory, Directory type: Protection Officer (PO)",https://missionshakti.wcd.gov.in/directory,2026-09-29
district,Assam,Charaideo,protection_officer,"Protection Officer under the Domestic Violence Act (PWDVA 2005), Charaideo",,,dswocharaideo2019@gmail.com,,"O/O the District Social Welfare Officer, Charaideo",,"Protection Officer can help file a Domestic Incident Report and apply to the Magistrate for protection, residence and maintenance orders. MWCD directory lists office email only, no phone; officer names omitted. Source: MWCD Mission Shakti directory, Directory type: Protection Officer (PO)",https://missionshakti.wcd.gov.in/directory,2026-09-29
district,Assam,Charaideo,protection_officer,"Protection Officer under the Domestic Violence Act (PWDVA 2005), Charaideo",,,cdposonariicds@gmail.com,,"O/O the Child Development Project Officer, Moranhat",,"Protection Officer can help file a Domestic Incident Report and apply to the Magistrate for protection, residence and maintenance orders. MWCD directory lists office email only, no phone; officer names omitted. Source: MWCD Mission Shakti directory, Directory type: Protection Officer (PO)",https://missionshakti.wcd.gov.in/directory,2026-09-29
district,Assam,Charaideo,protection_officer,"Protection Officer under the Domestic Violence Act (PWDVA 2005), Charaideo",,,icdsabhoipursnr@gmail.com,,"O/O the Child development project officer, Abhoipur, Sonari",,"Protection Officer can help file a Domestic Incident Report and apply to the Magistrate for protection, residence and maintenance orders. MWCD directory lists office email only, no phone; officer names omitted. Source: MWCD Mission Shakti directory, Directory type: Protection Officer (PO)",https://missionshakti.wcd.gov.in/directory,2026-09-29
district,Assam,Chirang,protection_officer,"Protection Officer under the Domestic Violence Act (PWDVA 2005), Chirang",,,dswochi2017@gmail.com,,KAJALGAON,,"Protection Officer can help file a Domestic Incident Report and apply to the Magistrate for protection, residence and maintenance orders. MWCD directory lists office email only, no phone; officer names omitted. Source: MWCD Mission Shakti directory, Directory type: Protection Officer (PO)",https://missionshakti.wcd.gov.in/directory,2026-09-29
district,Assam,Chirang,protection_officer,"Protection Officer under the Domestic Violence Act (PWDVA 2005), Chirang",,,cdpobzr1987@gmail.com,,"Child Development Project Officer BoroBazar ICDS Project, Bijni, Chirang",,"Protection Officer can help file a Domestic Incident Report and apply to the Magistrate for protection, residence and maintenance orders. MWCD directory lists office email only, no phone; officer names omitted. Source: MWCD Mission Shakti directory, Directory type: Protection Officer (PO)",https://missionshakti.wcd.gov.in/directory,2026-09-29
district,Assam,Darrang,protection_officer,"Protection Officer under the Domestic Violence Act (PWDVA 2005), Darrang",,,cdpopubmld.darrang@gmail.com,,"O/o CDPO, Pub-Mangaldai",,"Protection Officer can help file a Domestic Incident Report and apply to the Magistrate for protection, residence and maintenance orders. MWCD directory lists office email only, no phone; officer names omitted. Source: MWCD Mission Shakti directory, Directory type: Protection Officer (PO)",https://missionshakti.wcd.gov.in/directory,2026-09-29
district,Assam,Darrang,protection_officer,"Protection Officer under the Domestic Violence Act (PWDVA 2005), Darrang",,,icdsbechimaridarranh@gmail.com,,"Office of the CDPO, Bechimari",,"Protection Officer can help file a Domestic Incident Report and apply to the Magistrate for protection, residence and maintenance orders. MWCD directory lists office email only, no phone; officer names omitted. Source: MWCD Mission Shakti directory, Directory type: Protection Officer (PO)",https://missionshakti.wcd.gov.in/directory,2026-09-29
district,Assam,Darrang,protection_officer,"Protection Officer under the Domestic Violence Act (PWDVA 2005), Darrang",,,pachimmldicds@gmail.com,,"Office of the CDPO, Pachim Mangaldai",,"Protection Officer can help file a Domestic Incident Report and apply to the Magistrate for protection, residence and maintenance orders. MWCD directory lists office email only, no phone; officer names omitted. Source: MWCD Mission Shakti directory, Directory type: Protection Officer (PO)",https://missionshakti.wcd.gov.in/directory,2026-09-29
district,Assam,Darrang,protection_officer,"Protection Officer under the Domestic Violence Act (PWDVA 2005), Darrang",,,icdsdalgaondarrang@gmail.com,,"Dalgaon Sialmari ICDS project, Hospital colony,Ward no-2,Kharupetia",,"Protection Officer can help file a Domestic Incident Report and apply to the Magistrate for protection, residence and maintenance orders. MWCD directory lists office email only, no phone; officer names omitted. Source: MWCD Mission Shakti directory, Directory type: Protection Officer (PO)",https://missionshakti.wcd.gov.in/directory,2026-09-29
district,Assam,Darrang,protection_officer,"Protection Officer under the Domestic Violence Act (PWDVA 2005), Darrang",,,sipajharicds@gmail.com,,"O/o the ICDS CDPO, Sipajhar",,"Protection Officer can help file a Domestic Incident Report and apply to the Magistrate for protection, residence and maintenance orders. MWCD directory lists office email only, no phone; officer names omitted. Source: MWCD Mission Shakti directory, Directory type: Protection Officer (PO)",https://missionshakti.wcd.gov.in/directory,2026-09-29
district,Assam,Dhemaji,protection_officer,"Protection Officer under the Domestic Violence Act (PWDVA 2005), Dhemaji",,,dswodhe2017@gmail.com,,"District Social Welfare Officer Ratanpur Dhemaji, Ward No.-3",,"Protection Officer can help file a Domestic Incident Report and apply to the Magistrate for protection, residence and maintenance orders. MWCD directory lists office email only, no phone; officer names omitted. Source: MWCD Mission Shakti directory, Directory type: Protection Officer (PO)",https://missionshakti.wcd.gov.in/directory,2026-09-29
district,Assam,Dhubri,protection_officer,"Protection Officer under the Domestic Violence Act (PWDVA 2005), Dhubri",,,cdpoagomani2025@gmail.com,,Agomoni ICDS Project,,"Protection Officer can help file a Domestic Incident Report and apply to the Magistrate for protection, residence and maintenance orders. MWCD directory lists office email only, no phone; officer names omitted. Source: MWCD Mission Shakti directory, Directory type: Protection Officer (PO)",https://missionshakti.wcd.gov.in/directory,2026-09-29
district,Assam,Dhubri,protection_officer,"Protection Officer under the Domestic Violence Act (PWDVA 2005), Dhubri",,,birshingicds@gmail.com,,Birsing Jarua ICDS Project,,"Protection Officer can help file a Domestic Incident Report and apply to the Magistrate for protection, residence and maintenance orders. MWCD directory lists office email only, no phone; officer names omitted. Source: MWCD Mission Shakti directory, Directory type: Protection Officer (PO)",https://missionshakti.wcd.gov.in/directory,2026-09-29
district,Assam,Dhubri,protection_officer,"Protection Officer under the Domestic Violence Act (PWDVA 2005), Dhubri",,,cdpogolakganj10@gmail.com,,Golakganj ICDS Project,,"Protection Officer can help file a Domestic Incident Report and apply to the Magistrate for protection, residence and maintenance orders. MWCD directory lists office email only, no phone; officer names omitted. Source: MWCD Mission Shakti directory, Directory type: Protection Officer (PO)",https://missionshakti.wcd.gov.in/directory,2026-09-29
district,Assam,Dhubri,protection_officer,"Protection Officer under the Domestic Violence Act (PWDVA 2005), Dhubri",,,icdschaparsalkocha2019@gmail.com,,Chapar Salkocha ICDS Project,,"Protection Officer can help file a Domestic Incident Report and apply to the Magistrate for protection, residence and maintenance orders. MWCD directory lists office email only, no phone; officer names omitted. Source: MWCD Mission Shakti directory, Directory type: Protection Officer (PO)",https://missionshakti.wcd.gov.in/directory,2026-09-29
district,Assam,Dhubri,protection_officer,"Protection Officer under the Domestic Violence Act (PWDVA 2005), Dhubri",,,cdponayeralga@gmail.com,,Nayeralga ICDS Project,,"Protection Officer can help file a Domestic Incident Report and apply to the Magistrate for protection, residence and maintenance orders. MWCD directory lists office email only, no phone; officer names omitted. Source: MWCD Mission Shakti directory, Directory type: Protection Officer (PO)",https://missionshakti.wcd.gov.in/directory,2026-09-29
district,Assam,Dhubri,protection_officer,"Protection Officer under the Domestic Violence Act (PWDVA 2005), Dhubri",,,cdpogauripuricds@gmail.com,,Gauripur ICDS Project,,"Protection Officer can help file a Domestic Incident Report and apply to the Magistrate for protection, residence and maintenance orders. MWCD directory lists office email only, no phone; officer names omitted. Source: MWCD Mission Shakti directory, Directory type: Protection Officer (PO)",https://missionshakti.wcd.gov.in/directory,2026-09-29
district,Assam,Dhubri,protection_officer,"Protection Officer under the Domestic Violence Act (PWDVA 2005), Dhubri",,,jamadarhaticds03@gmail.com,,Jamadarhat ICDS Project,,"Protection Officer can help file a Domestic Incident Report and apply to the Magistrate for protection, residence and maintenance orders. MWCD directory lists office email only, no phone; officer names omitted. Source: MWCD Mission Shakti directory, Directory type: Protection Officer (PO)",https://missionshakti.wcd.gov.in/directory,2026-09-29
district,Assam,Dibrugarh,protection_officer,"Protection Officer under the Domestic Violence Act (PWDVA 2005), Dibrugarh",,,icdslahowal@gmail.com,,"LAHOWAL,BLOCK TINIALI,SAHU BUILDING,DIBRUGARH ASSAM",,"Protection Officer can help file a Domestic Incident Report and apply to the Magistrate for protection, residence and maintenance orders. MWCD directory lists office email only, no phone; officer names omitted. Source: MWCD Mission Shakti directory, Directory type: Protection Officer (PO)",https://missionshakti.wcd.gov.in/directory,2026-09-29
district,Assam,Dibrugarh,protection_officer,"Protection Officer under the Domestic Violence Act (PWDVA 2005), Dibrugarh",,,tingkhongicds@gmail.com,,"TINGKHONG ICDS PROJECT ,VILL-NA BHAKATIA,PO-RAJGARH DIBRUGARH ASSAM",,"Protection Officer can help file a Domestic Incident Report and apply to the Magistrate for protection, residence and maintenance orders. MWCD directory lists office email only, no phone; officer names omitted. Source: MWCD Mission Shakti directory, Directory type: Protection Officer (PO)",https://missionshakti.wcd.gov.in/directory,2026-09-29
district,Assam,Dibrugarh,protection_officer,"Protection Officer under the Domestic Violence Act (PWDVA 2005), Dibrugarh",,,dswodibrugarh@gmail.com,,"MANCOTA ROAD,NEAR DC OFFICE,DIBRUGARH ASSAM",,"Protection Officer can help file a Domestic Incident Report and apply to the Magistrate for protection, residence and maintenance orders. MWCD directory lists office email only, no phone; officer names omitted. Source: MWCD Mission Shakti directory, Directory type: Protection Officer (PO)",https://missionshakti.wcd.gov.in/directory,2026-09-29
district,Assam,Dibrugarh,protection_officer,"Protection Officer under the Domestic Violence Act (PWDVA 2005), Dibrugarh",,,cdpotkt2014@gmail.com,,"OFFICE OF THE CDPO,TENGAKHAT ICDS PROJECT,OPPOSITE BHUPEN HAZARIKA RANGAMANCHA,PS-TENGAKHAT,PO-TENGAKHAT,DIBRUGARH ASSAM",,"Protection Officer can help file a Domestic Incident Report and apply to the Magistrate for protection, residence and maintenance orders. MWCD directory lists office email only, no phone; officer names omitted. Source: MWCD Mission Shakti directory, Directory type: Protection Officer (PO)",https://missionshakti.wcd.gov.in/directory,2026-09-29
district,Assam,Dibrugarh,protection_officer,"Protection Officer under the Domestic Violence Act (PWDVA 2005), Dibrugarh",,,cdpopanitola2023@gmail.com,,"BALIJAN SIDING,CHABUA,DIBRUGARH ASSAM",,"Protection Officer can help file a Domestic Incident Report and apply to the Magistrate for protection, residence and maintenance orders. MWCD directory lists office email only, no phone; officer names omitted. Source: MWCD Mission Shakti directory, Directory type: Protection Officer (PO)",https://missionshakti.wcd.gov.in/directory,2026-09-29
district,Assam,Dima Hasao,protection_officer,"Protection Officer under the Domestic Violence Act (PWDVA 2005), Dima Hasao",,,diyungvalleyicdsprojectmaibang@gmail.com,,"Diyung valley,Dima Hasao",,"Protection Officer can help file a Domestic Incident Report and apply to the Magistrate for protection, residence and maintenance orders. MWCD directory lists office email only, no phone; officer names omitted. Source: MWCD Mission Shakti directory, Directory type: Protection Officer (PO)",https://missionshakti.wcd.gov.in/directory,2026-09-29
district,Assam,Dima Hasao,protection_officer,"Protection Officer under the Domestic Violence Act (PWDVA 2005), Dima Hasao",,,dswodim2017@gmail.com,,"Haflong,Dima Hasao",,"Protection Officer can help file a Domestic Incident Report and apply to the Magistrate for protection, residence and maintenance orders. MWCD directory lists office email only, no phone; officer names omitted. Source: MWCD Mission Shakti directory, Directory type: Protection Officer (PO)",https://missionshakti.wcd.gov.in/directory,2026-09-29
district,Assam,Goalpara,protection_officer,"Protection Officer under the Domestic Violence Act (PWDVA 2005), Goalpara",,,cdpodudhnoiicds21@gmail.com,,"Dudhnoi Project, Rangjuli, Goalpara",,"Protection Officer can help file a Domestic Incident Report and apply to the Magistrate for protection, residence and maintenance orders. MWCD directory lists office email only, no phone; officer names omitted. Source: MWCD Mission Shakti directory, Directory type: Protection Officer (PO)",https://missionshakti.wcd.gov.in/directory,2026-09-29
district,Assam,Goalpara,protection_officer,"Protection Officer under the Domestic Violence Act (PWDVA 2005), Goalpara",,,dswogoa2017@gmail.com,,"C/O-Late Omar Ali, 15, Anupam Nagar, Hatigaon Chariali, Kamrup Metro, Assam-781038",,"Protection Officer can help file a Domestic Incident Report and apply to the Magistrate for protection, residence and maintenance orders. MWCD directory lists office email only, no phone; officer names omitted. Source: MWCD Mission Shakti directory, Directory type: Protection Officer (PO)",https://missionshakti.wcd.gov.in/directory,2026-09-29
district,Assam,Golaghat,protection_officer,"Protection Officer under the Domestic Violence Act (PWDVA 2005), Golaghat",,,sagolaghatwesticds@gmail.com,,"Bokakhat , Golaghat District, Assam",,"Protection Officer can help file a Domestic Incident Report and apply to the Magistrate for protection, residence and maintenance orders. MWCD directory lists office email only, no phone; officer names omitted. Source: MWCD Mission Shakti directory, Directory type: Protection Officer (PO)",https://missionshakti.wcd.gov.in/directory,2026-09-29
district,Assam,Golaghat,protection_officer,"Protection Officer under the Domestic Violence Act (PWDVA 2005), Golaghat",,,dswogol2017@gmail.com,,"Golampatty , Golaghat, Assam",,"Protection Officer can help file a Domestic Incident Report and apply to the Magistrate for protection, residence and maintenance orders. MWCD directory lists office email only, no phone; officer names omitted. Source: MWCD Mission Shakti directory, Directory type: Protection Officer (PO)",https://missionshakti.wcd.gov.in/directory,2026-09-29
district,Assam,Golaghat,protection_officer,"Protection Officer under the Domestic Violence Act (PWDVA 2005), Golaghat",,,morangiicds@gmail.com,,"Morangi, Golaghat District , Assam",,"Protection Officer can help file a Domestic Incident Report and apply to the Magistrate for protection, residence and maintenance orders. MWCD directory lists office email only, no phone; officer names omitted. Source: MWCD Mission Shakti directory, Directory type: Protection Officer (PO)",https://missionshakti.wcd.gov.in/directory,2026-09-29
district,Assam,Golaghat,protection_officer,"Protection Officer under the Domestic Violence Act (PWDVA 2005), Golaghat",,,icdskakodonga171@gmail.com,,"Kakodonga, Golaghat",,"Protection Officer can help file a Domestic Incident Report and apply to the Magistrate for protection, residence and maintenance orders. MWCD directory lists office email only, no phone; officer names omitted. Source: MWCD Mission Shakti directory, Directory type: Protection Officer (PO)",https://missionshakti.wcd.gov.in/directory,2026-09-29
district,Assam,Golaghat,protection_officer,"Protection Officer under the Domestic Violence Act (PWDVA 2005), Golaghat",,,cdpocg2021@gmail.com,,"Golaghat District, Assam",,"Protection Officer can help file a Domestic Incident Report and apply to the Magistrate for protection, residence and maintenance orders. MWCD directory lists office email only, no phone; officer names omitted. Source: MWCD Mission Shakti directory, Directory type: Protection Officer (PO)",https://missionshakti.wcd.gov.in/directory,2026-09-29
district,Assam,Golaghat,protection_officer,"Protection Officer under the Domestic Violence Act (PWDVA 2005), Golaghat",,,golaghatsouthicds@gmail.com,,Golaghat,,"Protection Officer can help file a Domestic Incident Report and apply to the Magistrate for protection, residence and maintenance orders. MWCD directory lists office email only, no phone; officer names omitted. Source: MWCD Mission Shakti directory, Directory type: Protection Officer (PO)",https://missionshakti.wcd.gov.in/directory,2026-09-29
district,Assam,Hailakandi,protection_officer,"Protection Officer under the Domestic Violence Act (PWDVA 2005), Hailakandi",,,cdpolalaicds@gmail.com,,"N S Road Lala, Lala Town Ward No 1, PO Lala Bazar, District Hailakandi",,"Protection Officer can help file a Domestic Incident Report and apply to the Magistrate for protection, residence and maintenance orders. MWCD directory lists office email only, no phone; officer names omitted. Source: MWCD Mission Shakti directory, Directory type: Protection Officer (PO)",https://missionshakti.wcd.gov.in/directory,2026-09-29
district,Assam,Hailakandi,protection_officer,"Protection Officer under the Domestic Violence Act (PWDVA 2005), Hailakandi",,,cdpohailakandi@gmail.com,,"Hailakandi Town Ward No 1, Gastola Gudam Ghat Road, PO Ratanpur Road, District Hailakandi",,"Protection Officer can help file a Domestic Incident Report and apply to the Magistrate for protection, residence and maintenance orders. MWCD directory lists office email only, no phone; officer names omitted. Source: MWCD Mission Shakti directory, Directory type: Protection Officer (PO)",https://missionshakti.wcd.gov.in/directory,2026-09-29
district,Assam,Hailakandi,protection_officer,"Protection Officer under the Domestic Violence Act (PWDVA 2005), Hailakandi",,,dswohai2017@gmail.com,,"3B149A, Ground Floor, Jogendra Lane, Hailakandi Town Ward No 03, District Hailakandi",,"Protection Officer can help file a Domestic Incident Report and apply to the Magistrate for protection, residence and maintenance orders. MWCD directory lists office email only, no phone; officer names omitted. Source: MWCD Mission Shakti directory, Directory type: Protection Officer (PO)",https://missionshakti.wcd.gov.in/directory,2026-09-29
district,Assam,Hailakandi,protection_officer,"Protection Officer under the Domestic Violence Act (PWDVA 2005), Hailakandi",,,cdpoalgapur@gmail.com,,"Block Development Office, Algapur Office Campus, Village Barnagad, PO Kalibari Bazar, Dist Hailakandi",,"Protection Officer can help file a Domestic Incident Report and apply to the Magistrate for protection, residence and maintenance orders. MWCD directory lists office email only, no phone; officer names omitted. Source: MWCD Mission Shakti directory, Directory type: Protection Officer (PO)",https://missionshakti.wcd.gov.in/directory,2026-09-29
district,Assam,Hailakandi,protection_officer,"Protection Officer under the Domestic Violence Act (PWDVA 2005), Hailakandi",,,cdpos.hailakandi@gmail.com,,"Village Aloicherra-V, PO Monipur Bagan, PS Ramnathpur, District Hailakandi",,"Protection Officer can help file a Domestic Incident Report and apply to the Magistrate for protection, residence and maintenance orders. MWCD directory lists office email only, no phone; officer names omitted. Source: MWCD Mission Shakti directory, Directory type: Protection Officer (PO)",https://missionshakti.wcd.gov.in/directory,2026-09-29
district,Assam,Hailakandi,protection_officer,"Protection Officer under the Domestic Violence Act (PWDVA 2005), Hailakandi",,,cdpoktc@gmail.com,,"Village Rongpur III, Katlicherra Chowrangi, PO Katlicherra, District Hailakandi",,"Protection Officer can help file a Domestic Incident Report and apply to the Magistrate for protection, residence and maintenance orders. MWCD directory lists office email only, no phone; officer names omitted. Source: MWCD Mission Shakti directory, Directory type: Protection Officer (PO)",https://missionshakti.wcd.gov.in/directory,2026-09-29
district,Assam,Hojai,protection_officer,"Protection Officer under the Domestic Violence Act (PWDVA 2005), Hojai",,,poshanjugijanicds@gmail.com,,"Sahapatty, Hojai town, Hojai, Assam",,"Protection Officer can help file a Domestic Incident Report and apply to the Magistrate for protection, residence and maintenance orders. MWCD directory lists office email only, no phone; officer names omitted. Source: MWCD Mission Shakti directory, Directory type: Protection Officer (PO)",https://missionshakti.wcd.gov.in/directory,2026-09-29
district,Assam,Hojai,protection_officer,"Protection Officer under the Domestic Violence Act (PWDVA 2005), Hojai",,,cdpodhalpukhuriicds.poshan@gmail.com,,"Natun Bazar Near North East Small Finance Bank , Hojai, Assam",,"Protection Officer can help file a Domestic Incident Report and apply to the Magistrate for protection, residence and maintenance orders. MWCD directory lists office email only, no phone; officer names omitted. Source: MWCD Mission Shakti directory, Directory type: Protection Officer (PO)",https://missionshakti.wcd.gov.in/directory,2026-09-29
district,Assam,Hojai,protection_officer,"Protection Officer under the Domestic Violence Act (PWDVA 2005), Hojai",,,icdsudali170@gmail.com,,"1 No Pipal Pukhuri near Mishra Mill, Lanka, Hojai, Assam",,"Protection Officer can help file a Domestic Incident Report and apply to the Magistrate for protection, residence and maintenance orders. MWCD directory lists office email only, no phone; officer names omitted. Source: MWCD Mission Shakti directory, Directory type: Protection Officer (PO)",https://missionshakti.wcd.gov.in/directory,2026-09-29
district,Assam,Hojai,protection_officer,"Protection Officer under the Domestic Violence Act (PWDVA 2005), Hojai",,,lankaicds550@gmail.com,,"Rangmahala, Ward no 8 opposite Lanka College,Lanka Hojai, Assam",,"Protection Officer can help file a Domestic Incident Report and apply to the Magistrate for protection, residence and maintenance orders. MWCD directory lists office email only, no phone; officer names omitted. Source: MWCD Mission Shakti directory, Directory type: Protection Officer (PO)",https://missionshakti.wcd.gov.in/directory,2026-09-29
district,Assam,Jorhat,protection_officer,"Protection Officer under the Domestic Violence Act (PWDVA 2005), Jorhat",,,dswojor2017@gmail.com,,"Office of the Women and Child Development, Phukon Ali, Jorhat, Assam",,"Protection Officer can help file a Domestic Incident Report and apply to the Magistrate for protection, residence and maintenance orders. MWCD directory lists office email only, no phone; officer names omitted. Source: MWCD Mission Shakti directory, Directory type: Protection Officer (PO)",https://missionshakti.wcd.gov.in/directory,2026-09-29
district,Assam,Jorhat,protection_officer,"Protection Officer under the Domestic Violence Act (PWDVA 2005), Jorhat",,,titaboricds21@gmail.com,,"Titabar, Jorhat",,"Protection Officer can help file a Domestic Incident Report and apply to the Magistrate for protection, residence and maintenance orders. MWCD directory lists office email only, no phone; officer names omitted. Source: MWCD Mission Shakti directory, Directory type: Protection Officer (PO)",https://missionshakti.wcd.gov.in/directory,2026-09-29
district,Assam,Jorhat,protection_officer,"Protection Officer under the Domestic Violence Act (PWDVA 2005), Jorhat",,,eastjorhaticds@gmail.com,,"East Jorhat ICDS Project, Jorhat",,"Protection Officer can help file a Domestic Incident Report and apply to the Magistrate for protection, residence and maintenance orders. MWCD directory lists office email only, no phone; officer names omitted. Source: MWCD Mission Shakti directory, Directory type: Protection Officer (PO)",https://missionshakti.wcd.gov.in/directory,2026-09-29
district,Assam,Jorhat,protection_officer,"Protection Officer under the Domestic Violence Act (PWDVA 2005), Jorhat",,,kaliapaniicdsproject@gmail.com,,"Kaliapani ICDS Project, Teok, Jorhat",,"Protection Officer can help file a Domestic Incident Report and apply to the Magistrate for protection, residence and maintenance orders. MWCD directory lists office email only, no phone; officer names omitted. Source: MWCD Mission Shakti directory, Directory type: Protection Officer (PO)",https://missionshakti.wcd.gov.in/directory,2026-09-29
district,Assam,Jorhat,protection_officer,"Protection Officer under the Domestic Violence Act (PWDVA 2005), Jorhat",,,icdsjorhatjrt@gmail.com,,"1No Sonari Gaon, Jorhat",,"Protection Officer can help file a Domestic Incident Report and apply to the Magistrate for protection, residence and maintenance orders. MWCD directory lists office email only, no phone; officer names omitted. Source: MWCD Mission Shakti directory, Directory type: Protection Officer (PO)",https://missionshakti.wcd.gov.in/directory,2026-09-29
district,Assam,Jorhat,protection_officer,"Protection Officer under the Domestic Violence Act (PWDVA 2005), Jorhat",,,cdpojrt.u@gmail.com,,"Malowali, Jorhat",,"Protection Officer can help file a Domestic Incident Report and apply to the Magistrate for protection, residence and maintenance orders. MWCD directory lists office email only, no phone; officer names omitted. Source: MWCD Mission Shakti directory, Directory type: Protection Officer (PO)",https://missionshakti.wcd.gov.in/directory,2026-09-29
district,Assam,Kamrup,protection_officer,"Protection Officer under the Domestic Violence Act (PWDVA 2005), Kamrup",,,cdpohajo10@gmail.com,,Office of the Child Development Project Officer. Hajo ICDS Project. P.O. and P.S. Hajo.,,"Protection Officer can help file a Domestic Incident Report and apply to the Magistrate for protection, residence and maintenance orders. MWCD directory lists office email only, no phone; officer names omitted. Source: MWCD Mission Shakti directory, Directory type: Protection Officer (PO)",https://missionshakti.wcd.gov.in/directory,2026-09-29
district,Assam,Kamrup,protection_officer,"Protection Officer under the Domestic Violence Act (PWDVA 2005), Kamrup",,,cdpochhaygaon@gmail.com,,"O/o the CDPO , lane adjacent to Chhaygaon post office- pin 781124",,"Protection Officer can help file a Domestic Incident Report and apply to the Magistrate for protection, residence and maintenance orders. MWCD directory lists office email only, no phone; officer names omitted. Source: MWCD Mission Shakti directory, Directory type: Protection Officer (PO)",https://missionshakti.wcd.gov.in/directory,2026-09-29
district,Assam,Kamrup,protection_officer,"Protection Officer under the Domestic Violence Act (PWDVA 2005), Kamrup",,,raniicdskamrup19@gmail.com,,"Office of the Child Development Project Officer, Rani ICDS Project, Gosaipara, Azara",,"Protection Officer can help file a Domestic Incident Report and apply to the Magistrate for protection, residence and maintenance orders. MWCD directory lists office email only, no phone; officer names omitted. Source: MWCD Mission Shakti directory, Directory type: Protection Officer (PO)",https://missionshakti.wcd.gov.in/directory,2026-09-29
district,Assam,Kamrup,protection_officer,"Protection Officer under the Domestic Violence Act (PWDVA 2005), Kamrup",,,dswokamr2017@gmail.com,,"khagen mahanta path, protect park, dispur, guwahati",,"Protection Officer can help file a Domestic Incident Report and apply to the Magistrate for protection, residence and maintenance orders. MWCD directory lists office email only, no phone; officer names omitted. Source: MWCD Mission Shakti directory, Directory type: Protection Officer (PO)",https://missionshakti.wcd.gov.in/directory,2026-09-29
district,Assam,Kamrup Metro,protection_officer,"Protection Officer under the Domestic Violence Act (PWDVA 2005), Kamrup Metro",,,dswokamrupmetro@gmail.com,,"Beltola, Near Beltola Lakhi Mandir, Guwahati 781028",,"Protection Officer can help file a Domestic Incident Report and apply to the Magistrate for protection, residence and maintenance orders. MWCD directory lists office email only, no phone; officer names omitted. Source: MWCD Mission Shakti directory, Directory type: Protection Officer (PO)",https://missionshakti.wcd.gov.in/directory,2026-09-29
district,Assam,Kamrup Metro,protection_officer,"Protection Officer under the Domestic Violence Act (PWDVA 2005), Kamrup Metro",,,cdpo.guwahatimaligaon@gmail.com,,"Central ICDS, Maligaon,Guwahati 781011",,"Protection Officer can help file a Domestic Incident Report and apply to the Magistrate for protection, residence and maintenance orders. MWCD directory lists office email only, no phone; officer names omitted. Source: MWCD Mission Shakti directory, Directory type: Protection Officer (PO)",https://missionshakti.wcd.gov.in/directory,2026-09-29
district,Assam,Kamrup Metro,protection_officer,"Protection Officer under the Domestic Violence Act (PWDVA 2005), Kamrup Metro",,,dimoriaicdsproject2025@gmail.com,,"Dimoria ICDS Project, Dimoria",,"Protection Officer can help file a Domestic Incident Report and apply to the Magistrate for protection, residence and maintenance orders. MWCD directory lists office email only, no phone; officer names omitted. Source: MWCD Mission Shakti directory, Directory type: Protection Officer (PO)",https://missionshakti.wcd.gov.in/directory,2026-09-29
district,Assam,Kamrup Metro,protection_officer,"Protection Officer under the Domestic Violence Act (PWDVA 2005), Kamrup Metro",,,noonmatiicds@gmail.com,,"Noonmati ICDS project, Noonmati",,"Protection Officer can help file a Domestic Incident Report and apply to the Magistrate for protection, residence and maintenance orders. MWCD directory lists office email only, no phone; officer names omitted. Source: MWCD Mission Shakti directory, Directory type: Protection Officer (PO)",https://missionshakti.wcd.gov.in/directory,2026-09-29
district,Assam,Kokrajhar,protection_officer,"Protection Officer under the Domestic Violence Act (PWDVA 2005), Kokrajhar",,,dswokok2017@gmail.com,,"PO, PS & Dist- Kokrajhar BTC Assam",,"Protection Officer can help file a Domestic Incident Report and apply to the Magistrate for protection, residence and maintenance orders. MWCD directory lists office email only, no phone; officer names omitted. Source: MWCD Mission Shakti directory, Directory type: Protection Officer (PO)",https://missionshakti.wcd.gov.in/directory,2026-09-29
district,Assam,Kokrajhar,protection_officer,"Protection Officer under the Domestic Violence Act (PWDVA 2005), Kokrajhar",,,cdpohatidhura1830003@gmail.com,,"PO, PS- Hattidhura, Dist- Kokrajhar BTC Assam",,"Protection Officer can help file a Domestic Incident Report and apply to the Magistrate for protection, residence and maintenance orders. MWCD directory lists office email only, no phone; officer names omitted. Source: MWCD Mission Shakti directory, Directory type: Protection Officer (PO)",https://missionshakti.wcd.gov.in/directory,2026-09-29
district,Assam,Lakhimpur,protection_officer,"Protection Officer under the Domestic Violence Act (PWDVA 2005), Lakhimpur",,,cdpobihpuria1@gmail.com,,Bihpuria ICDS Project,,"Protection Officer can help file a Domestic Incident Report and apply to the Magistrate for protection, residence and maintenance orders. MWCD directory lists office email only, no phone; officer names omitted. Source: MWCD Mission Shakti directory, Directory type: Protection Officer (PO)",https://missionshakti.wcd.gov.in/directory,2026-09-29
district,Assam,Lakhimpur,protection_officer,"Protection Officer under the Domestic Violence Act (PWDVA 2005), Lakhimpur",,,cdpokarunabari@gmail.com,,ICDS project Karunabari,,"Protection Officer can help file a Domestic Incident Report and apply to the Magistrate for protection, residence and maintenance orders. MWCD directory lists office email only, no phone; officer names omitted. Source: MWCD Mission Shakti directory, Directory type: Protection Officer (PO)",https://missionshakti.wcd.gov.in/directory,2026-09-29
district,Assam,Lakhimpur,protection_officer,"Protection Officer under the Domestic Violence Act (PWDVA 2005), Lakhimpur",,,nowboichaicds.poshan@gmail.com,,Nowboicha ICDS Project,,"Protection Officer can help file a Domestic Incident Report and apply to the Magistrate for protection, residence and maintenance orders. MWCD directory lists office email only, no phone; officer names omitted. Source: MWCD Mission Shakti directory, Directory type: Protection Officer (PO)",https://missionshakti.wcd.gov.in/directory,2026-09-29
district,Assam,Majuli,protection_officer,"Protection Officer under the Domestic Violence Act (PWDVA 2005), Majuli",,,icds.majulikamalabari@gmail.com,,Majuli,,"Protection Officer can help file a Domestic Incident Report and apply to the Magistrate for protection, residence and maintenance orders. MWCD directory lists office email only, no phone; officer names omitted. Source: MWCD Mission Shakti directory, Directory type: Protection Officer (PO)",https://missionshakti.wcd.gov.in/directory,2026-09-29
district,Assam,Majuli,protection_officer,"Protection Officer under the Domestic Violence Act (PWDVA 2005), Majuli",,,cdpoujanimajuli@gmail.com,,Majuli,,"Protection Officer can help file a Domestic Incident Report and apply to the Magistrate for protection, residence and maintenance orders. MWCD directory lists office email only, no phone; officer names omitted. Source: MWCD Mission Shakti directory, Directory type: Protection Officer (PO)",https://missionshakti.wcd.gov.in/directory,2026-09-29
district,Assam,Marigaon,protection_officer,"Protection Officer under the Domestic Violence Act (PWDVA 2005), Marigaon",,,mayongicds2021@gmail.com,,"Nakhula ,Jagiroad Morigaon",,"Protection Officer can help file a Domestic Incident Report and apply to the Magistrate for protection, residence and maintenance orders. MWCD directory lists office email only, no phone; officer names omitted. Source: MWCD Mission Shakti directory, Directory type: Protection Officer (PO)",https://missionshakti.wcd.gov.in/directory,2026-09-29
district,Assam,Marigaon,protection_officer,"Protection Officer under the Domestic Violence Act (PWDVA 2005), Marigaon",,,moirabariicds@gmail.com,,Mehboob Muktar Market Moirabari,,"Protection Officer can help file a Domestic Incident Report and apply to the Magistrate for protection, residence and maintenance orders. MWCD directory lists office email only, no phone; officer names omitted. Source: MWCD Mission Shakti directory, Directory type: Protection Officer (PO)",https://missionshakti.wcd.gov.in/directory,2026-09-29
district,Assam,Marigaon,protection_officer,"Protection Officer under the Domestic Violence Act (PWDVA 2005), Marigaon",,,icds.bhurbandha@gmail.com,,GKB Road near Hanuman Mondir ward no-4 Morigaon,,"Protection Officer can help file a Domestic Incident Report and apply to the Magistrate for protection, residence and maintenance orders. MWCD directory lists office email only, no phone; officer names omitted. Source: MWCD Mission Shakti directory, Directory type: Protection Officer (PO)",https://missionshakti.wcd.gov.in/directory,2026-09-29
district,Assam,Nagaon,protection_officer,"Protection Officer under the Domestic Violence Act (PWDVA 2005), Nagaon",,,pachimkaliaboricds@gmail.com,,"Pachim kaliabor ICDS project, Missa Nagaon(Assam)",,"Protection Officer can help file a Domestic Incident Report and apply to the Magistrate for protection, residence and maintenance orders. MWCD directory lists office email only, no phone; officer names omitted. Source: MWCD Mission Shakti directory, Directory type: Protection Officer (PO)",https://missionshakti.wcd.gov.in/directory,2026-09-29
district,Assam,Nagaon,protection_officer,"Protection Officer under the Domestic Violence Act (PWDVA 2005), Nagaon",,,dswonag2017@gmail.com,,"O/o the District Social Welfare Officer, Amolapatty Stand Road, PO -Nagaon, PS -Sadar, Dist-Nagaon",,"Protection Officer can help file a Domestic Incident Report and apply to the Magistrate for protection, residence and maintenance orders. MWCD directory lists office email only, no phone; officer names omitted. Source: MWCD Mission Shakti directory, Directory type: Protection Officer (PO)",https://missionshakti.wcd.gov.in/directory,2026-09-29
district,Assam,Nagaon,protection_officer,"Protection Officer under the Domestic Violence Act (PWDVA 2005), Nagaon",,,cdpodolongghat@gmail.com,,"Dolongghat, Kuruabahi, Nagaon(Assam)",,"Protection Officer can help file a Domestic Incident Report and apply to the Magistrate for protection, residence and maintenance orders. MWCD directory lists office email only, no phone; officer names omitted. Source: MWCD Mission Shakti directory, Directory type: Protection Officer (PO)",https://missionshakti.wcd.gov.in/directory,2026-09-29
district,Assam,Nagaon,protection_officer,"Protection Officer under the Domestic Violence Act (PWDVA 2005), Nagaon",,,icdsbarhampur@gmail.com,,"I/C of ICDS Barhampur, Nagaon(Assam)",,"Protection Officer can help file a Domestic Incident Report and apply to the Magistrate for protection, residence and maintenance orders. MWCD directory lists office email only, no phone; officer names omitted. Source: MWCD Mission Shakti directory, Directory type: Protection Officer (PO)",https://missionshakti.wcd.gov.in/directory,2026-09-29
district,Assam,Nagaon,protection_officer,"Protection Officer under the Domestic Violence Act (PWDVA 2005), Nagaon",,,khagarijanicdsproject@gmail.com,,"Office of the Child Development Project Officer, Senchowa, Nagaon",,"Protection Officer can help file a Domestic Incident Report and apply to the Magistrate for protection, residence and maintenance orders. MWCD directory lists office email only, no phone; officer names omitted. Source: MWCD Mission Shakti directory, Directory type: Protection Officer (PO)",https://missionshakti.wcd.gov.in/directory,2026-09-29
district,Assam,Nagaon,protection_officer,"Protection Officer under the Domestic Violence Act (PWDVA 2005), Nagaon",,,icdskoliaborngn@gmail.com,,"Kaliabor ICDS Projec, Hatigaon, PO -Kuwotitol, Dist -Nagaon, Pin-782137",,"Protection Officer can help file a Domestic Incident Report and apply to the Magistrate for protection, residence and maintenance orders. MWCD directory lists office email only, no phone; officer names omitted. Source: MWCD Mission Shakti directory, Directory type: Protection Officer (PO)",https://missionshakti.wcd.gov.in/directory,2026-09-29
district,Assam,Nagaon,protection_officer,"Protection Officer under the Domestic Violence Act (PWDVA 2005), Nagaon",,,cdpolaw2025@gmail.com,,"Lawkhowa,Singimari,Nagaon,Assam",,"Protection Officer can help file a Domestic Incident Report and apply to the Magistrate for protection, residence and maintenance orders. MWCD directory lists office email only, no phone; officer names omitted. Source: MWCD Mission Shakti directory, Directory type: Protection Officer (PO)",https://missionshakti.wcd.gov.in/directory,2026-09-29
district,Assam,Nagaon,protection_officer,"Protection Officer under the Domestic Violence Act (PWDVA 2005), Nagaon",,,cdpobajiagaonicdsproject9@gmail.com,,"Bajiagaon ICDS Project, Samaguri Tiniali, Nagaon",,"Protection Officer can help file a Domestic Incident Report and apply to the Magistrate for protection, residence and maintenance orders. MWCD directory lists office email only, no phone; officer names omitted. Source: MWCD Mission Shakti directory, Directory type: Protection Officer (PO)",https://missionshakti.wcd.gov.in/directory,2026-09-29
district,Assam,Nalbari,protection_officer,"Protection Officer under the Domestic Violence Act (PWDVA 2005), Nalbari",,,cdpobarbhag@gmail.com,,"Barbhag, Nalbari, Assam",,"Protection Officer can help file a Domestic Incident Report and apply to the Magistrate for protection, residence and maintenance orders. MWCD directory lists office email only, no phone; officer names omitted. Source: MWCD Mission Shakti directory, Directory type: Protection Officer (PO)",https://missionshakti.wcd.gov.in/directory,2026-09-29
district,Assam,Nalbari,protection_officer,"Protection Officer under the Domestic Violence Act (PWDVA 2005), Nalbari",,,cdpoborigogbanbhagicds@gmail.com,,"Ponarkaunia, Banbhag, PS & PO - Ghograpar, Nalbari, Assam",,"Protection Officer can help file a Domestic Incident Report and apply to the Magistrate for protection, residence and maintenance orders. MWCD directory lists office email only, no phone; officer names omitted. Source: MWCD Mission Shakti directory, Directory type: Protection Officer (PO)",https://missionshakti.wcd.gov.in/directory,2026-09-29
district,Assam,Nalbari,protection_officer,"Protection Officer under the Domestic Violence Act (PWDVA 2005), Nalbari",,,cdpoposhanmadhupur@gmail.com,,"Madhupur Block, Nalbari, Assam",,"Protection Officer can help file a Domestic Incident Report and apply to the Magistrate for protection, residence and maintenance orders. MWCD directory lists office email only, no phone; officer names omitted. Source: MWCD Mission Shakti directory, Directory type: Protection Officer (PO)",https://missionshakti.wcd.gov.in/directory,2026-09-29
district,Assam,Nalbari,protection_officer,"Protection Officer under the Domestic Violence Act (PWDVA 2005), Nalbari",,,dswonal17@gmail.com,,"Nalbari Town near Charminar Chowk, PO- Nalbari, Nalbari, Assam",,"Protection Officer can help file a Domestic Incident Report and apply to the Magistrate for protection, residence and maintenance orders. MWCD directory lists office email only, no phone; officer names omitted. Source: MWCD Mission Shakti directory, Directory type: Protection Officer (PO)",https://missionshakti.wcd.gov.in/directory,2026-09-29
district,Assam,Nalbari,protection_officer,"Protection Officer under the Domestic Violence Act (PWDVA 2005), Nalbari",,,barkhetriICDS2020@gmail.com,,"Barkhetri ICDS Project, Mukalmua, Nalbari, Assam",,"Protection Officer can help file a Domestic Incident Report and apply to the Magistrate for protection, residence and maintenance orders. MWCD directory lists office email only, no phone; officer names omitted. Source: MWCD Mission Shakti directory, Directory type: Protection Officer (PO)",https://missionshakti.wcd.gov.in/directory,2026-09-29
district,Assam,Nalbari,protection_officer,"Protection Officer under the Domestic Violence Act (PWDVA 2005), Nalbari",,,Nalbariicds1@gmail.com,,"Chowkbazar, infront of Bharat Petrol Pump,Nalbari, Assam",,"Protection Officer can help file a Domestic Incident Report and apply to the Magistrate for protection, residence and maintenance orders. MWCD directory lists office email only, no phone; officer names omitted. Source: MWCD Mission Shakti directory, Directory type: Protection Officer (PO)",https://missionshakti.wcd.gov.in/directory,2026-09-29
district,Assam,Sonitpur,protection_officer,"Protection Officer under the Domestic Violence Act (PWDVA 2005), Sonitpur",,,cdpo.gabhoru.snt@gmail.com,,"Gabhoru ICDS Project, Manik Nagar, Majgaon, Tezpur, Sonitpur",,"Protection Officer can help file a Domestic Incident Report and apply to the Magistrate for protection, residence and maintenance orders. MWCD directory lists office email only, no phone; officer names omitted. Source: MWCD Mission Shakti directory, Directory type: Protection Officer (PO)",https://missionshakti.wcd.gov.in/directory,2026-09-29
district,Assam,Sonitpur,protection_officer,"Protection Officer under the Domestic Violence Act (PWDVA 2005), Sonitpur",,,cdpobaliparaproject@gmail.com,,"office of the ICDS Project officer, Balipara, Bhalukpong road, near balibara centre, Sonitpur, Assam",,"Protection Officer can help file a Domestic Incident Report and apply to the Magistrate for protection, residence and maintenance orders. MWCD directory lists office email only, no phone; officer names omitted. Source: MWCD Mission Shakti directory, Directory type: Protection Officer (PO)",https://missionshakti.wcd.gov.in/directory,2026-09-29
district,Assam,Sonitpur,protection_officer,"Protection Officer under the Domestic Violence Act (PWDVA 2005), Sonitpur",,,dhekiajuliicds@gmail.com,,"Office of the ICDS Project Officer, Dhekiajuli Town, Sonitpur, Assam",,"Protection Officer can help file a Domestic Incident Report and apply to the Magistrate for protection, residence and maintenance orders. MWCD directory lists office email only, no phone; officer names omitted. Source: MWCD Mission Shakti directory, Directory type: Protection Officer (PO)",https://missionshakti.wcd.gov.in/directory,2026-09-29
district,Assam,Sonitpur,protection_officer,"Protection Officer under the Domestic Violence Act (PWDVA 2005), Sonitpur",,,cdpobihaguri@gmail.com,,"Office of the ICDS Project officer, Pithakhuwa gaon, Bihaguri, Sonitpur, Assam",,"Protection Officer can help file a Domestic Incident Report and apply to the Magistrate for protection, residence and maintenance orders. MWCD directory lists office email only, no phone; officer names omitted. Source: MWCD Mission Shakti directory, Directory type: Protection Officer (PO)",https://missionshakti.wcd.gov.in/directory,2026-09-29
district,Assam,Sonitpur,protection_officer,"Protection Officer under the Domestic Violence Act (PWDVA 2005), Sonitpur",,,rangaparaicdsprojects@gmail.com,,"Rangapara ICDS Project, Thakurbari Road, Ward no 8, Rangapara, Sonitpur",,"Protection Officer can help file a Domestic Incident Report and apply to the Magistrate for protection, residence and maintenance orders. MWCD directory lists office email only, no phone; officer names omitted. Source: MWCD Mission Shakti directory, Directory type: Protection Officer (PO)",https://missionshakti.wcd.gov.in/directory,2026-09-29
district,Assam,Sonitpur,protection_officer,"Protection Officer under the Domestic Violence Act (PWDVA 2005), Sonitpur",,,cdponaduar@gmail.com,,"Office of the ICDS Projrct Officer, Naduar ICDS Project, Jamugurihat, Sonitpur, Assam",,"Protection Officer can help file a Domestic Incident Report and apply to the Magistrate for protection, residence and maintenance orders. MWCD directory lists office email only, no phone; officer names omitted. Source: MWCD Mission Shakti directory, Directory type: Protection Officer (PO)",https://missionshakti.wcd.gov.in/directory,2026-09-29
district,Assam,Sonitpur,protection_officer,"Protection Officer under the Domestic Violence Act (PWDVA 2005), Sonitpur",,,cdpo.borchala.sonitpur@gmail.com,,"Office of the ICDS Project officer, Borchala ICDS Project, Dhekiajuli, Sonitpur",,"Protection Officer can help file a Domestic Incident Report and apply to the Magistrate for protection, residence and maintenance orders. MWCD directory lists office email only, no phone; officer names omitted. Source: MWCD Mission Shakti directory, Directory type: Protection Officer (PO)",https://missionshakti.wcd.gov.in/directory,2026-09-29
district,Assam,South Salmara Mancachar,protection_officer,"Protection Officer under the Domestic Violence Act (PWDVA 2005), South Salmara Mancachar",,,dswo.ssm@gmail.com,,"Vill- Fekamari part -II , Near Sub- Centre PO- Fekamari , PS- South Salmara , Dist - South Salmara Mankachar , 783135",,"Protection Officer can help file a Domestic Incident Report and apply to the Magistrate for protection, residence and maintenance orders. MWCD directory lists office email only, no phone; officer names omitted. Source: MWCD Mission Shakti directory, Directory type: Protection Officer (PO)",https://missionshakti.wcd.gov.in/directory,2026-09-29
district,Assam,Sribhumi,protection_officer,"Protection Officer under the Domestic Violence Act (PWDVA 2005), Sribhumi",,,cdporknagaricdsproject@gmail.com,,"O/o CDPO,RK nagar, ICDS project , Fishery road, P.o - Rk Nagar, Sribhumi",,"Protection Officer can help file a Domestic Incident Report and apply to the Magistrate for protection, residence and maintenance orders. MWCD directory lists office email only, no phone; officer names omitted. Source: MWCD Mission Shakti directory, Directory type: Protection Officer (PO)",https://missionshakti.wcd.gov.in/directory,2026-09-29
district,Assam,Sribhumi,protection_officer,"Protection Officer under the Domestic Violence Act (PWDVA 2005), Sribhumi",,,badarpuricdsproject@gmail.com,,"Office of the CDPO, Badarpur ICDS project, Vill & PO- Mahakal",,"Protection Officer can help file a Domestic Incident Report and apply to the Magistrate for protection, residence and maintenance orders. MWCD directory lists office email only, no phone; officer names omitted. Source: MWCD Mission Shakti directory, Directory type: Protection Officer (PO)",https://missionshakti.wcd.gov.in/directory,2026-09-29
district,Assam,Sribhumi,protection_officer,"Protection Officer under the Domestic Violence Act (PWDVA 2005), Sribhumi",,,dswokganj2017@gmail.com,,"District Social Welfare Office, Nilmoni Road, Karimganj, Pin- 788710",,"Protection Officer can help file a Domestic Incident Report and apply to the Magistrate for protection, residence and maintenance orders. MWCD directory lists office email only, no phone; officer names omitted. Source: MWCD Mission Shakti directory, Directory type: Protection Officer (PO)",https://missionshakti.wcd.gov.in/directory,2026-09-29
district,Assam,Sribhumi,protection_officer,"Protection Officer under the Domestic Violence Act (PWDVA 2005), Sribhumi",,,cdpopatharkandi@gmail.com,,"Office of the CDPO, Patharkandi ICDS Project, near Uttar railgate, Patharkandi",,"Protection Officer can help file a Domestic Incident Report and apply to the Magistrate for protection, residence and maintenance orders. MWCD directory lists office email only, no phone; officer names omitted. Source: MWCD Mission Shakti directory, Directory type: Protection Officer (PO)",https://missionshakti.wcd.gov.in/directory,2026-09-29
district,Assam,Sribhumi,protection_officer,"Protection Officer under the Domestic Violence Act (PWDVA 2005), Sribhumi",,,lowairpoaicds@gmail.com,,"Office of the CDPO, Lowairpoa ICDS Project, vill- Hatikhira, PO- Hatikhira",,"Protection Officer can help file a Domestic Incident Report and apply to the Magistrate for protection, residence and maintenance orders. MWCD directory lists office email only, no phone; officer names omitted. Source: MWCD Mission Shakti directory, Directory type: Protection Officer (PO)",https://missionshakti.wcd.gov.in/directory,2026-09-29
district,Assam,Sribhumi,protection_officer,"Protection Officer under the Domestic Violence Act (PWDVA 2005), Sribhumi",,,cdposouthkarimganjicds@gmail.com,,"Office of the CDPO, South Sribhumi, PO- Shyamnagar, Sribhumi",,"Protection Officer can help file a Domestic Incident Report and apply to the Magistrate for protection, residence and maintenance orders. MWCD directory lists office email only, no phone; officer names omitted. Source: MWCD Mission Shakti directory, Directory type: Protection Officer (PO)",https://missionshakti.wcd.gov.in/directory,2026-09-29
district,Assam,Sribhumi,protection_officer,"Protection Officer under the Domestic Violence Act (PWDVA 2005), Sribhumi",,,cdponkicds@gmail.com,,"Office of the Child Development Project Officer, North Karimganj ICDS Project, Girishganj",,"Protection Officer can help file a Domestic Incident Report and apply to the Magistrate for protection, residence and maintenance orders. MWCD directory lists office email only, no phone; officer names omitted. Source: MWCD Mission Shakti directory, Directory type: Protection Officer (PO)",https://missionshakti.wcd.gov.in/directory,2026-09-29
district,Assam,Tamulpur,protection_officer,"Protection Officer under the Domestic Violence Act (PWDVA 2005), Tamulpur",,,dswotamulpur22@gmail.com,,"Palhaji, Barpeta- Assam",,"Protection Officer can help file a Domestic Incident Report and apply to the Magistrate for protection, residence and maintenance orders. MWCD directory lists office email only, no phone; officer names omitted. Source: MWCD Mission Shakti directory, Directory type: Protection Officer (PO)",https://missionshakti.wcd.gov.in/directory,2026-09-29
district,Assam,Tinsukia,protection_officer,"Protection Officer under the Domestic Violence Act (PWDVA 2005), Tinsukia",,,cdpoguijanicds@gmail.com,,"Guijan ICDS, Lankeshwar nagar, bylane 1 B, Hijuguri Tinsukia",,"Protection Officer can help file a Domestic Incident Report and apply to the Magistrate for protection, residence and maintenance orders. MWCD directory lists office email only, no phone; officer names omitted. Source: MWCD Mission Shakti directory, Directory type: Protection Officer (PO)",https://missionshakti.wcd.gov.in/directory,2026-09-29
district,Assam,Tinsukia,protection_officer,"Protection Officer under the Domestic Violence Act (PWDVA 2005), Tinsukia",,,saikhowaicdsproject@gmail.com,,"Dholla, Khaloi Gaon, Bisani mukh NC, Assam",,"Protection Officer can help file a Domestic Incident Report and apply to the Magistrate for protection, residence and maintenance orders. MWCD directory lists office email only, no phone; officer names omitted. Source: MWCD Mission Shakti directory, Directory type: Protection Officer (PO)",https://missionshakti.wcd.gov.in/directory,2026-09-29
district,Assam,Tinsukia,protection_officer,"Protection Officer under the Domestic Violence Act (PWDVA 2005), Tinsukia",,,cdpo.kakopathar.tinsukia@gmail.com,,"Kumchang Tea Estate No- 15/25/63 wl, Assam",,"Protection Officer can help file a Domestic Incident Report and apply to the Magistrate for protection, residence and maintenance orders. MWCD directory lists office email only, no phone; officer names omitted. Source: MWCD Mission Shakti directory, Directory type: Protection Officer (PO)",https://missionshakti.wcd.gov.in/directory,2026-09-29
district,Assam,Udalguri,protection_officer,"Protection Officer under the Domestic Violence Act (PWDVA 2005), Udalguri",,,rowtaicdscdpo@gmail.com,,Rowta,,"Protection Officer can help file a Domestic Incident Report and apply to the Magistrate for protection, residence and maintenance orders. MWCD directory lists office email only, no phone; officer names omitted. Source: MWCD Mission Shakti directory, Directory type: Protection Officer (PO)",https://missionshakti.wcd.gov.in/directory,2026-09-29
district,Assam,Udalguri,protection_officer,"Protection Officer under the Domestic Violence Act (PWDVA 2005), Udalguri",,,dswouda2017@gmail.com,,Udalguri,,"Protection Officer can help file a Domestic Incident Report and apply to the Magistrate for protection, residence and maintenance orders. MWCD directory lists office email only, no phone; officer names omitted. Source: MWCD Mission Shakti directory, Directory type: Protection Officer (PO)",https://missionshakti.wcd.gov.in/directory,2026-09-29
district,Assam,Udalguri,protection_officer,"Protection Officer under the Domestic Violence Act (PWDVA 2005), Udalguri",,,cdpomazbat@gmail.com,,Mazbat,,"Protection Officer can help file a Domestic Incident Report and apply to the Magistrate for protection, residence and maintenance orders. MWCD directory lists office email only, no phone; officer names omitted. Source: MWCD Mission Shakti directory, Directory type: Protection Officer (PO)",https://missionshakti.wcd.gov.in/directory,2026-09-29
district,Assam,Udalguri,protection_officer,"Protection Officer under the Domestic Violence Act (PWDVA 2005), Udalguri",,,cdpoudalguri2@gmail.com,,Udalguri,,"Protection Officer can help file a Domestic Incident Report and apply to the Magistrate for protection, residence and maintenance orders. MWCD directory lists office email only, no phone; officer names omitted. Source: MWCD Mission Shakti directory, Directory type: Protection Officer (PO)",https://missionshakti.wcd.gov.in/directory,2026-09-29
district,Assam,Udalguri,protection_officer,"Protection Officer under the Domestic Violence Act (PWDVA 2005), Udalguri",,,khoirabariICDSproject@gmail.com,,Khoirabari,,"Protection Officer can help file a Domestic Incident Report and apply to the Magistrate for protection, residence and maintenance orders. MWCD directory lists office email only, no phone; officer names omitted. Source: MWCD Mission Shakti directory, Directory type: Protection Officer (PO)",https://missionshakti.wcd.gov.in/directory,2026-09-29
district,Assam,Udalguri,protection_officer,"Protection Officer under the Domestic Violence Act (PWDVA 2005), Udalguri",,,kalaigaonproject@gmail.com,,Kalaigaon,,"Protection Officer can help file a Domestic Incident Report and apply to the Magistrate for protection, residence and maintenance orders. MWCD directory lists office email only, no phone; officer names omitted. Source: MWCD Mission Shakti directory, Directory type: Protection Officer (PO)",https://missionshakti.wcd.gov.in/directory,2026-09-29
district,Assam,West Karbi Anglong,protection_officer,"Protection Officer under the Domestic Violence Act (PWDVA 2005), West Karbi Anglong",,,dswowka@gmail.com,,"Social Welfare Office, Hamren, west Karbi Anglong",,"Protection Officer can help file a Domestic Incident Report and apply to the Magistrate for protection, residence and maintenance orders. MWCD directory lists office email only, no phone; officer names omitted. Source: MWCD Mission Shakti directory, Directory type: Protection Officer (PO)",https://missionshakti.wcd.gov.in/directory,2026-09-29
