level,state,district,category,name,phones,whatsapp,email,website,address,hours,notes,source_url,verified_on
state,Uttar Pradesh,,commission,Uttar Pradesh State Commission for Women,0522-2306403; 1800-180-5220,6306511708,up.mahilaayog@yahoo.com,https://mahilaayog.up.gov.in/,"Manav Adhikar Bhawan (3rd Floor), TC-34, V-1 Vibhuti Khand, Gomti Nagar, Lucknow 226010",Office days Mon-Fri,Takes complaints of harassment and rights violations of women; online complaint on the website. Toll-free 1800-180-5220. In an emergency call 112. No branch offices outside Lucknow.,https://mahilaayog.up.gov.in/,2026-09-29
state,Uttar Pradesh,,legal_aid,Uttar Pradesh State Legal Services Authority,1800-419-0234; 0522-2286395; 2286265,,upslsa@nic.in,https://uttarpradesh.nalsa.gov.in,"4/7, Gomti Nagar Extension, Lucknow 226010",,Free legal aid; toll-free helpline 1800-419-0234. National legal aid helpline 15100.,https://uttarpradesh.nalsa.gov.in/contact-us/,2026-09-29
state,Uttar Pradesh,,women_helpline,"Women Helpline 181, Uttar Pradesh",181,,,https://mahilakalyan.up.nic.in/,,,State women helpline listed by the UP Women & Child Development department; linked to the One Stop Centres.,https://mahilakalyan.up.nic.in/,2026-09-29
state,Uttar Pradesh,,police_women,UP Police Women Power Line 1090,1090,,,https://uppolice.gov.in/article/en/women-power-line,,24x7,"UP Police call centre for women facing harassment, stalking, phone/cyber bullying and domestic violence; counselling available. Emergency 112.",https://uppolice.gov.in/article/en-about-us-mahila-samman-prakostha,2026-09-29
district,Uttar Pradesh,Agra,one_stop_centre,"Sakhi One Stop Centre, Agra",7417800582; 7895884220,,,,"OSC Agra District Women Hospital (Lady Layal) Campus, Agra 282002",,"Sakhi One Stop Centre: temporary shelter, medical aid, police help, legal aid and psycho-social counselling for women facing violence. Numbers are the centre manager/administrator contacts from the state WCD list (undated, file c. 2024).",https://mahilakalyan.up.nic.in/ContacUs_Pdf/50f3608022024112606.pdf,2026-09-29
district,Uttar Pradesh,Aligarh,one_stop_centre,"Sakhi One Stop Centre, Aligarh",7983540789; 9368390398,,,,"One Stop Centre, District Hospital, Aligarh",,"Sakhi One Stop Centre: temporary shelter, medical aid, police help, legal aid and psycho-social counselling for women facing violence. Numbers are the centre manager/administrator contacts from the state WCD list (undated, file c. 2024).",https://mahilakalyan.up.nic.in/ContacUs_Pdf/50f3608022024112606.pdf,2026-09-29
district,Uttar Pradesh,Ambedkar Nagar,one_stop_centre,"Sakhi One Stop Centre, Ambedkar Nagar",7565915158,,,,"Mahamaya Government Medical College, Saddarpur, Ambedkarnagar",,"Sakhi One Stop Centre: temporary shelter, medical aid, police help, legal aid and psycho-social counselling for women facing violence. Numbers are the centre manager/administrator contacts from the state WCD list (undated, file c. 2024). A second number in the source (5273297090) appears garbled and is omitted.",https://mahilakalyan.up.nic.in/ContacUs_Pdf/50f3608022024112606.pdf,2026-09-29
district,Uttar Pradesh,Amethi,one_stop_centre,"Sakhi One Stop Centre, Amethi",7408909236,,,,"One Stop Center, Near Congress office, Gauriganj, Amethi 227409",,"Sakhi One Stop Centre: temporary shelter, medical aid, police help, legal aid and psycho-social counselling for women facing violence. Numbers are the centre manager/administrator contacts from the state WCD list (undated, file c. 2024).",https://mahilakalyan.up.nic.in/ContacUs_Pdf/50f3608022024112606.pdf,2026-09-29
district,Uttar Pradesh,Amroha,one_stop_centre,"Sakhi One Stop Centre, Amroha",7007215868; 8181830114; 05922-252056,,,,"District Hospital, Amroha",,"Sakhi One Stop Centre: temporary shelter, medical aid, police help, legal aid and psycho-social counselling for women facing violence. Numbers are the centre manager/administrator contacts from the state WCD list (undated, file c. 2024).",https://mahilakalyan.up.nic.in/ContacUs_Pdf/50f3608022024112606.pdf,2026-09-29
district,Uttar Pradesh,Auraiya,one_stop_centre,"Sakhi One Stop Centre, Auraiya",7060401664,,,,"181 Women Helpline, Residential Colony, Kakor, Auraiya",,"Sakhi One Stop Centre: temporary shelter, medical aid, police help, legal aid and psycho-social counselling for women facing violence. Numbers are the centre manager/administrator contacts from the state WCD list (undated, file c. 2024).",https://mahilakalyan.up.nic.in/ContacUs_Pdf/50f3608022024112606.pdf,2026-09-29
district,Uttar Pradesh,Ayodhya,one_stop_centre,"Sakhi One Stop Centre, Ayodhya",9118444805; 8423868405,,,,"Rajarsi Dashrath Medical College, Darshan Nagar, Ayodhya",,"Sakhi One Stop Centre: temporary shelter, medical aid, police help, legal aid and psycho-social counselling for women facing violence. Numbers are the centre manager/administrator contacts from the state WCD list (undated, file c. 2024).",https://mahilakalyan.up.nic.in/ContacUs_Pdf/50f3608022024112606.pdf,2026-09-29
district,Uttar Pradesh,Azamgarh,one_stop_centre,"Sakhi One Stop Centre, Azamgarh",6393397509,,,,"One Stop Centre, PGI Hospital, Chakrapanpur, Azamgarh",,"Sakhi One Stop Centre: temporary shelter, medical aid, police help, legal aid and psycho-social counselling for women facing violence. Numbers are the centre manager/administrator contacts from the state WCD list (undated, file c. 2024).",https://mahilakalyan.up.nic.in/ContacUs_Pdf/50f3608022024112606.pdf,2026-09-29
district,Uttar Pradesh,Bagpat,one_stop_centre,"Sakhi One Stop Centre, Bagpat",6395123593,,,,"District Mahila Hospital, Baghpat",,"Sakhi One Stop Centre: temporary shelter, medical aid, police help, legal aid and psycho-social counselling for women facing violence. Numbers are the centre manager/administrator contacts from the state WCD list (undated, file c. 2024).",https://mahilakalyan.up.nic.in/ContacUs_Pdf/50f3608022024112606.pdf,2026-09-29
district,Uttar Pradesh,Bahraich,one_stop_centre,"Sakhi One Stop Centre, Bahraich",7651994620,,,,"One Stop Center, GGIC, Bahraich",,"Sakhi One Stop Centre: temporary shelter, medical aid, police help, legal aid and psycho-social counselling for women facing violence. Numbers are the centre manager/administrator contacts from the state WCD list (undated, file c. 2024).",https://mahilakalyan.up.nic.in/ContacUs_Pdf/50f3608022024112606.pdf,2026-09-29
district,Uttar Pradesh,Ballia,one_stop_centre,"Sakhi One Stop Centre, Ballia",8932827525,,,,"One Stop Center, District Hospital Campus, Ballia",,"Sakhi One Stop Centre: temporary shelter, medical aid, police help, legal aid and psycho-social counselling for women facing violence. Numbers are the centre manager/administrator contacts from the state WCD list (undated, file c. 2024).",https://mahilakalyan.up.nic.in/ContacUs_Pdf/50f3608022024112606.pdf,2026-09-29
district,Uttar Pradesh,Balrampur,one_stop_centre,"Sakhi One Stop Centre, Balrampur",9519076670; 8765327844,,,,"One Stop Center, Nursing Hostel, Joint District Hospital, Balrampur",,"Sakhi One Stop Centre: temporary shelter, medical aid, police help, legal aid and psycho-social counselling for women facing violence. Numbers are the centre manager/administrator contacts from the state WCD list (undated, file c. 2024).",https://mahilakalyan.up.nic.in/ContacUs_Pdf/50f3608022024112606.pdf,2026-09-29
district,Uttar Pradesh,Banda,one_stop_centre,"Sakhi One Stop Centre, Banda",9140787815; 05192-220085,,,,"Women District Hospital, Banda",,"Sakhi One Stop Centre: temporary shelter, medical aid, police help, legal aid and psycho-social counselling for women facing violence. Numbers are the centre manager/administrator contacts from the state WCD list (undated, file c. 2024).",https://mahilakalyan.up.nic.in/ContacUs_Pdf/50f3608022024112606.pdf,2026-09-29
district,Uttar Pradesh,Barabanki,one_stop_centre,"Sakhi One Stop Centre, Barabanki",8787095204; 0524-8297573,,,,"District Women Hospital, Barabanki",,"Sakhi One Stop Centre: temporary shelter, medical aid, police help, legal aid and psycho-social counselling for women facing violence. Numbers are the centre manager/administrator contacts from the state WCD list (undated, file c. 2024).",https://mahilakalyan.up.nic.in/ContacUs_Pdf/50f3608022024112606.pdf,2026-09-29
district,Uttar Pradesh,Bareilly,one_stop_centre,"Sakhi One Stop Centre, Bareilly",8077252143,,,,"Sakhi One Stop Centre, 300 shaiyya wala sanyukt jila chikitsalaya, Khurram Gautiya Road, Bareilly 243001",,"Sakhi One Stop Centre: temporary shelter, medical aid, police help, legal aid and psycho-social counselling for women facing violence. Numbers are the centre manager/administrator contacts from the state WCD list (undated, file c. 2024).",https://mahilakalyan.up.nic.in/ContacUs_Pdf/50f3608022024112606.pdf,2026-09-29
district,Uttar Pradesh,Basti,one_stop_centre,"Sakhi One Stop Centre, Basti",9452254050; 7234005845,,,,"One Stop Center, District Mahila Hospital, Basti",,"Sakhi One Stop Centre: temporary shelter, medical aid, police help, legal aid and psycho-social counselling for women facing violence. Numbers are the centre manager/administrator contacts from the state WCD list (undated, file c. 2024).",https://mahilakalyan.up.nic.in/ContacUs_Pdf/50f3608022024112606.pdf,2026-09-29
district,Uttar Pradesh,Bhadohi,one_stop_centre,"Sakhi One Stop Centre, Bhadohi",6393258859; 05414-251566,,,,"Purani Collectory, Gyanpur, Bhadohi",,"Sakhi One Stop Centre: temporary shelter, medical aid, police help, legal aid and psycho-social counselling for women facing violence. Numbers are the centre manager/administrator contacts from the state WCD list (undated, file c. 2024).",https://mahilakalyan.up.nic.in/ContacUs_Pdf/50f3608022024112606.pdf,2026-09-29
district,Uttar Pradesh,Bijnor,one_stop_centre,"Sakhi One Stop Centre, Bijnor",7078915251; 9650213496; 0134-2297405,,,,"Combined District Hospital, Civil Lines, Mandawar Road, Bijnor",,"Sakhi One Stop Centre: temporary shelter, medical aid, police help, legal aid and psycho-social counselling for women facing violence. Numbers are the centre manager/administrator contacts from the state WCD list (undated, file c. 2024).",https://mahilakalyan.up.nic.in/ContacUs_Pdf/50f3608022024112606.pdf,2026-09-29
district,Uttar Pradesh,Budaun,one_stop_centre,"Sakhi One Stop Centre, Budaun",8941065953; 9149270225,,,,"One Stop Center, District Hospital, Budaun",,"Sakhi One Stop Centre: temporary shelter, medical aid, police help, legal aid and psycho-social counselling for women facing violence. Numbers are the centre manager/administrator contacts from the state WCD list (undated, file c. 2024).",https://mahilakalyan.up.nic.in/ContacUs_Pdf/50f3608022024112606.pdf,2026-09-29
district,Uttar Pradesh,Bulandsahar,one_stop_centre,"Sakhi One Stop Centre, Bulandsahar",97207 22128,,,,OSC temporarily running in old campus of Women Hospital,,"Sakhi One Stop Centre: temporary shelter, medical aid, police help, legal aid and psycho-social counselling for women facing violence. Numbers are the centre manager/administrator contacts from the state WCD list (undated, file c. 2024).",https://mahilakalyan.up.nic.in/ContacUs_Pdf/50f3608022024112606.pdf,2026-09-29
district,Uttar Pradesh,Chandauli,one_stop_centre,"Sakhi One Stop Centre, Chandauli",9140468758; 7234005849,,,,"Sakhi One Stop Centre, Pt. Kamalapati Tripathi Government Hospital, Ayush wing campus, Chandauli",,"Sakhi One Stop Centre: temporary shelter, medical aid, police help, legal aid and psycho-social counselling for women facing violence. Numbers are the centre manager/administrator contacts from the state WCD list (undated, file c. 2024).",https://mahilakalyan.up.nic.in/ContacUs_Pdf/50f3608022024112606.pdf,2026-09-29
district,Uttar Pradesh,Chitrakoot,one_stop_centre,"Sakhi One Stop Centre, Chitrakoot",7905120328; 8957855731,,,,"Purana CMO Office, Dhus Maidaan, Karwi, Chitrakoot",,"Sakhi One Stop Centre: temporary shelter, medical aid, police help, legal aid and psycho-social counselling for women facing violence. Numbers are the centre manager/administrator contacts from the state WCD list (undated, file c. 2024).",https://mahilakalyan.up.nic.in/ContacUs_Pdf/50f3608022024112606.pdf,2026-09-29
district,Uttar Pradesh,Deoria,one_stop_centre,"Sakhi One Stop Centre, Deoria",9695647149; 05568-297138,,,,"One Stop Centre, just opposite District Women Hospital, Deoria",,"Sakhi One Stop Centre: temporary shelter, medical aid, police help, legal aid and psycho-social counselling for women facing violence. Numbers are the centre manager/administrator contacts from the state WCD list (undated, file c. 2024).",https://mahilakalyan.up.nic.in/ContacUs_Pdf/50f3608022024112606.pdf,2026-09-29
district,Uttar Pradesh,Etah,one_stop_centre,"Sakhi One Stop Centre, Etah",9456285118,,,,"District Hospital, Etah",,"Sakhi One Stop Centre: temporary shelter, medical aid, police help, legal aid and psycho-social counselling for women facing violence. Numbers are the centre manager/administrator contacts from the state WCD list (undated, file c. 2024).",https://mahilakalyan.up.nic.in/ContacUs_Pdf/50f3608022024112606.pdf,2026-09-29
district,Uttar Pradesh,Etawah,one_stop_centre,"Sakhi One Stop Centre, Etawah",6397157168; 8954860078,,,,"One Stop Center, Rajkiye Vishesh Grah (Kishore), Kachora Road, Sarai Esar, Etawah 206001",,"Sakhi One Stop Centre: temporary shelter, medical aid, police help, legal aid and psycho-social counselling for women facing violence. Numbers are the centre manager/administrator contacts from the state WCD list (undated, file c. 2024).",https://mahilakalyan.up.nic.in/ContacUs_Pdf/50f3608022024112606.pdf,2026-09-29
district,Uttar Pradesh,Farrukhabad,one_stop_centre,"Sakhi One Stop Centre, Farrukhabad",9415018628,,,,"One Stop Center, Ram Manohar Lohiya Hospital, District Farrukhabad",,"Sakhi One Stop Centre: temporary shelter, medical aid, police help, legal aid and psycho-social counselling for women facing violence. Numbers are the centre manager/administrator contacts from the state WCD list (undated, file c. 2024).",https://mahilakalyan.up.nic.in/ContacUs_Pdf/50f3608022024112606.pdf,2026-09-29
district,Uttar Pradesh,Fatehpur,one_stop_centre,"Sakhi One Stop Centre, Fatehpur",7905942768,,,,"One Stop Center, District Women Hospital, Room No. 19C, Fatehpur",,"Sakhi One Stop Centre: temporary shelter, medical aid, police help, legal aid and psycho-social counselling for women facing violence. Numbers are the centre manager/administrator contacts from the state WCD list (undated, file c. 2024).",https://mahilakalyan.up.nic.in/ContacUs_Pdf/50f3608022024112606.pdf,2026-09-29
district,Uttar Pradesh,Firozabad,one_stop_centre,"Sakhi One Stop Centre, Firozabad",9675917930,,,,"One Stop Centre, Primary Health Centre near CMO office, Civil Lines, Dabrai, Firozabad",,"Sakhi One Stop Centre: temporary shelter, medical aid, police help, legal aid and psycho-social counselling for women facing violence. Numbers are the centre manager/administrator contacts from the state WCD list (undated, file c. 2024).",https://mahilakalyan.up.nic.in/ContacUs_Pdf/50f3608022024112606.pdf,2026-09-29
district,Uttar Pradesh,G. B. Nagar,one_stop_centre,"Sakhi One Stop Centre, G. B. Nagar",9990849669,,,,"District Probation Office, Old Civil Court, Phase-2, Noida, Gautam Buddha Nagar",,"Sakhi One Stop Centre: temporary shelter, medical aid, police help, legal aid and psycho-social counselling for women facing violence. Numbers are the centre manager/administrator contacts from the state WCD list (undated, file c. 2024).",https://mahilakalyan.up.nic.in/ContacUs_Pdf/50f3608022024112606.pdf,2026-09-29
district,Uttar Pradesh,Gazipur,one_stop_centre,"Sakhi One Stop Centre, Gazipur",9580910380; 0548-2224358,,,,"One Stop Centre, Near new District Hospital, Gorabazar, Ghazipur",,"Sakhi One Stop Centre: temporary shelter, medical aid, police help, legal aid and psycho-social counselling for women facing violence. Numbers are the centre manager/administrator contacts from the state WCD list (undated, file c. 2024).",https://mahilakalyan.up.nic.in/ContacUs_Pdf/50f3608022024112606.pdf,2026-09-29
district,Uttar Pradesh,Ghaziabad,one_stop_centre,"Sakhi One Stop Centre, Ghaziabad",8384065760; 9917229470,,,,"MMG Hospital, Ward No. 3 & 4, Old Building, opposite Shambhu Dayal Degree College, Ghaziabad",,"Sakhi One Stop Centre: temporary shelter, medical aid, police help, legal aid and psycho-social counselling for women facing violence. Numbers are the centre manager/administrator contacts from the state WCD list (undated, file c. 2024).",https://mahilakalyan.up.nic.in/ContacUs_Pdf/50f3608022024112606.pdf,2026-09-29
district,Uttar Pradesh,Gonda,one_stop_centre,"Sakhi One Stop Centre, Gonda",8840400248; 05262-223898,,,,"One Stop Center, Near District Hospital, Gonda",,"Sakhi One Stop Centre: temporary shelter, medical aid, police help, legal aid and psycho-social counselling for women facing violence. Numbers are the centre manager/administrator contacts from the state WCD list (undated, file c. 2024).",https://mahilakalyan.up.nic.in/ContacUs_Pdf/50f3608022024112606.pdf,2026-09-29
district,Uttar Pradesh,Gorakhpur,one_stop_centre,"Sakhi One Stop Centre, Gorakhpur",9454249246,,,,"One Stop Centre / 181 Women Help Line, Near Ward No. 100, B.R.D. Medical College, Gorakhpur",,"Sakhi One Stop Centre: temporary shelter, medical aid, police help, legal aid and psycho-social counselling for women facing violence. Numbers are the centre manager/administrator contacts from the state WCD list (undated, file c. 2024). A second number in the source (5512960154) appears garbled and is omitted.",https://mahilakalyan.up.nic.in/ContacUs_Pdf/50f3608022024112606.pdf,2026-09-29
district,Uttar Pradesh,Hamirpur,one_stop_centre,"Sakhi One Stop Centre, Hamirpur",8299737730; 8090139943; 05282-298251,,,,"One Stop Centre, Collectorate Compound, NIC Building, Hamirpur",,"Sakhi One Stop Centre: temporary shelter, medical aid, police help, legal aid and psycho-social counselling for women facing violence. Numbers are the centre manager/administrator contacts from the state WCD list (undated, file c. 2024).",https://mahilakalyan.up.nic.in/ContacUs_Pdf/50f3608022024112606.pdf,2026-09-29
district,Uttar Pradesh,Hapur,one_stop_centre,"Sakhi One Stop Centre, Hapur",9193969994,,,,"CMO office compound, Modi Nagar Road, Hapur",,"Sakhi One Stop Centre: temporary shelter, medical aid, police help, legal aid and psycho-social counselling for women facing violence. Numbers are the centre manager/administrator contacts from the state WCD list (undated, file c. 2024).",https://mahilakalyan.up.nic.in/ContacUs_Pdf/50f3608022024112606.pdf,2026-09-29
district,Uttar Pradesh,Hardoi,one_stop_centre,"Sakhi One Stop Centre, Hardoi",9648418548,,,,"District Mahila Hospital, Station Road, Hardoi",,"Sakhi One Stop Centre: temporary shelter, medical aid, police help, legal aid and psycho-social counselling for women facing violence. Numbers are the centre manager/administrator contacts from the state WCD list (undated, file c. 2024).",https://mahilakalyan.up.nic.in/ContacUs_Pdf/50f3608022024112606.pdf,2026-09-29
district,Uttar Pradesh,Hathras,one_stop_centre,"Sakhi One Stop Centre, Hathras",9205945850; 05722-297140,,,,"Tehsil Sadar, Hathras",,"Sakhi One Stop Centre: temporary shelter, medical aid, police help, legal aid and psycho-social counselling for women facing violence. Numbers are the centre manager/administrator contacts from the state WCD list (undated, file c. 2024).",https://mahilakalyan.up.nic.in/ContacUs_Pdf/50f3608022024112606.pdf,2026-09-29
district,Uttar Pradesh,Jalaun,one_stop_centre,"Sakhi One Stop Centre, Jalaun",7379179912,,,,"District Hospital, Orai",,"Sakhi One Stop Centre: temporary shelter, medical aid, police help, legal aid and psycho-social counselling for women facing violence. Numbers are the centre manager/administrator contacts from the state WCD list (undated, file c. 2024).",https://mahilakalyan.up.nic.in/ContacUs_Pdf/50f3608022024112606.pdf,2026-09-29
district,Uttar Pradesh,Jaunpur,one_stop_centre,"Sakhi One Stop Centre, Jaunpur",6386205868,,,,"Amar Saheed Uma Nath Singh Zila Hospital, Jaunpur",,"Sakhi One Stop Centre: temporary shelter, medical aid, police help, legal aid and psycho-social counselling for women facing violence. Numbers are the centre manager/administrator contacts from the state WCD list (undated, file c. 2024).",https://mahilakalyan.up.nic.in/ContacUs_Pdf/50f3608022024112606.pdf,2026-09-29
district,Uttar Pradesh,Jhansi,one_stop_centre,"Sakhi One Stop Centre, Jhansi",8400825515,,,,"One Stop Centre, Rani Laxmibai Medical College, Gate No. 1, Private Ward, Jhansi 284001",,"Sakhi One Stop Centre: temporary shelter, medical aid, police help, legal aid and psycho-social counselling for women facing violence. Numbers are the centre manager/administrator contacts from the state WCD list (undated, file c. 2024).",https://mahilakalyan.up.nic.in/ContacUs_Pdf/50f3608022024112606.pdf,2026-09-29
district,Uttar Pradesh,Kannauj,one_stop_centre,"Sakhi One Stop Centre, Kannauj",9140650798,,,,"One Stop Center, Vinod Dixit Hospital, CMO office, Makrand Nagar, Kannauj",,"Sakhi One Stop Centre: temporary shelter, medical aid, police help, legal aid and psycho-social counselling for women facing violence. Numbers are the centre manager/administrator contacts from the state WCD list (undated, file c. 2024).",https://mahilakalyan.up.nic.in/ContacUs_Pdf/50f3608022024112606.pdf,2026-09-29
district,Uttar Pradesh,Kanpur Dehat,one_stop_centre,"Sakhi One Stop Centre, Kanpur Dehat",7985038513; 05111-270207,,,,"One Stop Center, District Hospital, Akbarpur, Kanpur Dehat",,"Sakhi One Stop Centre: temporary shelter, medical aid, police help, legal aid and psycho-social counselling for women facing violence. Numbers are the centre manager/administrator contacts from the state WCD list (undated, file c. 2024).",https://mahilakalyan.up.nic.in/ContacUs_Pdf/50f3608022024112606.pdf,2026-09-29
district,Uttar Pradesh,Kanpur Nagar,one_stop_centre,"Sakhi One Stop Centre, Kanpur Nagar",8957804734,,,,"One Stop Center, near Cardiology, Gol Chauraha, Kanpur Nagar",,"Sakhi One Stop Centre: temporary shelter, medical aid, police help, legal aid and psycho-social counselling for women facing violence. Numbers are the centre manager/administrator contacts from the state WCD list (undated, file c. 2024).",https://mahilakalyan.up.nic.in/ContacUs_Pdf/50f3608022024112606.pdf,2026-09-29
district,Uttar Pradesh,Kasganj,one_stop_centre,"Sakhi One Stop Centre, Kasganj",8077748807,,,,"Duda Building, Novelty Road, Kasganj",,"Sakhi One Stop Centre: temporary shelter, medical aid, police help, legal aid and psycho-social counselling for women facing violence. Numbers are the centre manager/administrator contacts from the state WCD list (undated, file c. 2024).",https://mahilakalyan.up.nic.in/ContacUs_Pdf/50f3608022024112606.pdf,2026-09-29
district,Uttar Pradesh,Kaushambi,one_stop_centre,"Sakhi One Stop Centre, Kaushambi",7800108698,,,,"One Stop Center, District Hospital, 1st Floor, Private Ward Room No. 1-2, Kaushambi",,"Sakhi One Stop Centre: temporary shelter, medical aid, police help, legal aid and psycho-social counselling for women facing violence. Numbers are the centre manager/administrator contacts from the state WCD list (undated, file c. 2024).",https://mahilakalyan.up.nic.in/ContacUs_Pdf/50f3608022024112606.pdf,2026-09-29
district,Uttar Pradesh,Kushinagar,one_stop_centre,"Sakhi One Stop Centre, Kushinagar",8005341367,,,,"One Stop Center, Ravindra Dhush, Padrauna",,"Sakhi One Stop Centre: temporary shelter, medical aid, police help, legal aid and psycho-social counselling for women facing violence. Numbers are the centre manager/administrator contacts from the state WCD list (undated, file c. 2024).",https://mahilakalyan.up.nic.in/ContacUs_Pdf/50f3608022024112606.pdf,2026-09-29
district,Uttar Pradesh,Lakhimpur Khiri,one_stop_centre,"Sakhi One Stop Centre, Lakhimpur Khiri",8299268850; 9450146826; 05871-252400,,,,"Aapki Sakhi One Stop Centre, Scheduled Caste Girls Hostel, Near Lohiya Bhavan, Civil Lines, Lakhimpur Kheri 262701",,"Sakhi One Stop Centre: temporary shelter, medical aid, police help, legal aid and psycho-social counselling for women facing violence. Numbers are the centre manager/administrator contacts from the state WCD list (undated, file c. 2024).",https://mahilakalyan.up.nic.in/ContacUs_Pdf/50f3608022024112606.pdf,2026-09-29
district,Uttar Pradesh,Lalitpur,one_stop_centre,"Sakhi One Stop Centre, Lalitpur",9305522405,,,,"2nd floor, District Hospital, Lalitpur",,"Sakhi One Stop Centre: temporary shelter, medical aid, police help, legal aid and psycho-social counselling for women facing violence. Numbers are the centre manager/administrator contacts from the state WCD list (undated, file c. 2024).",https://mahilakalyan.up.nic.in/ContacUs_Pdf/50f3608022024112606.pdf,2026-09-29
district,Uttar Pradesh,Lucknow,one_stop_centre,"Sakhi One Stop Centre, Lucknow",9161977776,,,,"One Stop Center, Lokbandhu Sri Rajnarayan Joint Hospital, Ashiyana, Lucknow",,"Sakhi One Stop Centre: temporary shelter, medical aid, police help, legal aid and psycho-social counselling for women facing violence. Numbers are the centre manager/administrator contacts from the state WCD list (undated, file c. 2024). A landline in the source (0522-22423999) has too many digits and is omitted.",https://mahilakalyan.up.nic.in/ContacUs_Pdf/50f3608022024112606.pdf,2026-09-29
district,Uttar Pradesh,Maharajganj,one_stop_centre,"Sakhi One Stop Centre, Maharajganj",9838418812,,,,"One Stop Center, 100 Bed Hospital, Maharajganj",,"Sakhi One Stop Centre: temporary shelter, medical aid, police help, legal aid and psycho-social counselling for women facing violence. Numbers are the centre manager/administrator contacts from the state WCD list (undated, file c. 2024).",https://mahilakalyan.up.nic.in/ContacUs_Pdf/50f3608022024112606.pdf,2026-09-29
district,Uttar Pradesh,Mahoba,one_stop_centre,"Sakhi One Stop Centre, Mahoba",6393169552,,,,"OSC temporarily operates in DCPU Building, near Chandrika Mata Mandir, Chhatarpur Road, Mahoba",,"Sakhi One Stop Centre: temporary shelter, medical aid, police help, legal aid and psycho-social counselling for women facing violence. Numbers are the centre manager/administrator contacts from the state WCD list (undated, file c. 2024).",https://mahilakalyan.up.nic.in/ContacUs_Pdf/50f3608022024112606.pdf,2026-09-29
district,Uttar Pradesh,Mainpuri,one_stop_centre,"Sakhi One Stop Centre, Mainpuri",7830281764,,,,"One Stop Centre, District Hospital, Mainpuri",,"Sakhi One Stop Centre: temporary shelter, medical aid, police help, legal aid and psycho-social counselling for women facing violence. Numbers are the centre manager/administrator contacts from the state WCD list (undated, file c. 2024).",https://mahilakalyan.up.nic.in/ContacUs_Pdf/50f3608022024112606.pdf,2026-09-29
district,Uttar Pradesh,Mathura,one_stop_centre,"Sakhi One Stop Centre, Mathura",8126982462,,,,"District Women Hospital, Mathura",,"Sakhi One Stop Centre: temporary shelter, medical aid, police help, legal aid and psycho-social counselling for women facing violence. Numbers are the centre manager/administrator contacts from the state WCD list (undated, file c. 2024).",https://mahilakalyan.up.nic.in/ContacUs_Pdf/50f3608022024112606.pdf,2026-09-29
district,Uttar Pradesh,Mau,one_stop_centre,"Sakhi One Stop Centre, Mau",9415149899,,,,"One Stop Centre, District Women Hospital, Mau",,"Sakhi One Stop Centre: temporary shelter, medical aid, police help, legal aid and psycho-social counselling for women facing violence. Numbers are the centre manager/administrator contacts from the state WCD list (undated, file c. 2024).",https://mahilakalyan.up.nic.in/ContacUs_Pdf/50f3608022024112606.pdf,2026-09-29
district,Uttar Pradesh,Meerut,one_stop_centre,"Sakhi One Stop Centre, Meerut",9411667170; 0121-2602131,,,,"OSC, Aapki Sakhi Asha Jyoti Kendra, L.L.R.M. Medical College Campus, in front of old emergency, Garh Road, Meerut 250004",,"Sakhi One Stop Centre: temporary shelter, medical aid, police help, legal aid and psycho-social counselling for women facing violence. Numbers are the centre manager/administrator contacts from the state WCD list (undated, file c. 2024).",https://mahilakalyan.up.nic.in/ContacUs_Pdf/50f3608022024112606.pdf,2026-09-29
district,Uttar Pradesh,Mirzapur,one_stop_centre,"Sakhi One Stop Centre, Mirzapur",9511139010; 9918547594,,,,"District Women Hospital, Mirzapur",,"Sakhi One Stop Centre: temporary shelter, medical aid, police help, legal aid and psycho-social counselling for women facing violence. Numbers are the centre manager/administrator contacts from the state WCD list (undated, file c. 2024). A landline in the source (04552-257048) does not match the Mirzapur STD code and is omitted.",https://mahilakalyan.up.nic.in/ContacUs_Pdf/50f3608022024112606.pdf,2026-09-29
district,Uttar Pradesh,Moradabad,one_stop_centre,"Sakhi One Stop Centre, Moradabad",9456485201; 9997421284,,,,"District Women Hospital, Moradabad",,"Sakhi One Stop Centre: temporary shelter, medical aid, police help, legal aid and psycho-social counselling for women facing violence. Numbers are the centre manager/administrator contacts from the state WCD list (undated, file c. 2024).",https://mahilakalyan.up.nic.in/ContacUs_Pdf/50f3608022024112606.pdf,2026-09-29
district,Uttar Pradesh,Muzaffar Nagar,one_stop_centre,"Sakhi One Stop Centre, Muzaffar Nagar",9634492792; 0131-2644066; 9548984142,,,,"Room No. 26, Old OT Building, District Women Hospital, Roorkee Road, Muzaffarnagar",,"Sakhi One Stop Centre: temporary shelter, medical aid, police help, legal aid and psycho-social counselling for women facing violence. Numbers are the centre manager/administrator contacts from the state WCD list (undated, file c. 2024).",https://mahilakalyan.up.nic.in/ContacUs_Pdf/50f3608022024112606.pdf,2026-09-29
district,Uttar Pradesh,Pilibhit,one_stop_centre,"Sakhi One Stop Centre, Pilibhit",9457535474,,,,"One Stop Center, near old water tank, District Hospital compound, Pilibhit 262001",,"Sakhi One Stop Centre: temporary shelter, medical aid, police help, legal aid and psycho-social counselling for women facing violence. Numbers are the centre manager/administrator contacts from the state WCD list (undated, file c. 2024). A second number in the source (5882253000) appears garbled and is omitted.",https://mahilakalyan.up.nic.in/ContacUs_Pdf/50f3608022024112606.pdf,2026-09-29
district,Uttar Pradesh,Pratapgarh,one_stop_centre,"Sakhi One Stop Centre, Pratapgarh",8115801281; 05342-222233,,,,"One Stop Center, District Women Hospital Campus, Pratapgarh",,"Sakhi One Stop Centre: temporary shelter, medical aid, police help, legal aid and psycho-social counselling for women facing violence. Numbers are the centre manager/administrator contacts from the state WCD list (undated, file c. 2024).",https://mahilakalyan.up.nic.in/ContacUs_Pdf/50f3608022024112606.pdf,2026-09-29
district,Uttar Pradesh,Prayagraj,one_stop_centre,"Sakhi One Stop Centre, Prayagraj",9161000614; 0532-2240406,,,,"One Stop Center, 13 Dr. Kathju Road, Prayagraj",,"Sakhi One Stop Centre: temporary shelter, medical aid, police help, legal aid and psycho-social counselling for women facing violence. Numbers are the centre manager/administrator contacts from the state WCD list (undated, file c. 2024).",https://mahilakalyan.up.nic.in/ContacUs_Pdf/50f3608022024112606.pdf,2026-09-29
district,Uttar Pradesh,Raibareilly,one_stop_centre,"Sakhi One Stop Centre, Raibareilly",9795638527,,,,Temporarily in the building of Jila Punarvasan Kendra,,"Sakhi One Stop Centre: temporary shelter, medical aid, police help, legal aid and psycho-social counselling for women facing violence. Numbers are the centre manager/administrator contacts from the state WCD list (undated, file c. 2024).",https://mahilakalyan.up.nic.in/ContacUs_Pdf/50f3608022024112606.pdf,2026-09-29
district,Uttar Pradesh,Rampur,one_stop_centre,"Sakhi One Stop Centre, Rampur",9810484964; 8368443855; 0595-2970192,,,,"District Hospital, Rampur",,"Sakhi One Stop Centre: temporary shelter, medical aid, police help, legal aid and psycho-social counselling for women facing violence. Numbers are the centre manager/administrator contacts from the state WCD list (undated, file c. 2024).",https://mahilakalyan.up.nic.in/ContacUs_Pdf/50f3608022024112606.pdf,2026-09-29
district,Uttar Pradesh,Sahranpur,one_stop_centre,"Sakhi One Stop Centre, Sahranpur",9457047806,,,,"Sakhi One Stop Centre, private ward, opposite CMS residence, District Hospital, Saharanpur",,"Sakhi One Stop Centre: temporary shelter, medical aid, police help, legal aid and psycho-social counselling for women facing violence. Numbers are the centre manager/administrator contacts from the state WCD list (undated, file c. 2024).",https://mahilakalyan.up.nic.in/ContacUs_Pdf/50f3608022024112606.pdf,2026-09-29
district,Uttar Pradesh,Sambhal,one_stop_centre,"Sakhi One Stop Centre, Sambhal",9058932184,,,,"Block Complex, Bahjoi, District Sambhal",,"Sakhi One Stop Centre: temporary shelter, medical aid, police help, legal aid and psycho-social counselling for women facing violence. Numbers are the centre manager/administrator contacts from the state WCD list (undated, file c. 2024).",https://mahilakalyan.up.nic.in/ContacUs_Pdf/50f3608022024112606.pdf,2026-09-29
district,Uttar Pradesh,Sant Kabir Nagar,one_stop_centre,"Sakhi One Stop Centre, Sant Kabir Nagar",8317093213; 7235008662,,,,"One Stop Center, District Hospital, Sant Kabir Nagar",,"Sakhi One Stop Centre: temporary shelter, medical aid, police help, legal aid and psycho-social counselling for women facing violence. Numbers are the centre manager/administrator contacts from the state WCD list (undated, file c. 2024).",https://mahilakalyan.up.nic.in/ContacUs_Pdf/50f3608022024112606.pdf,2026-09-29
district,Uttar Pradesh,Shahjahanpur,one_stop_centre,"Sakhi One Stop Centre, Shahjahanpur",8853589332,,,,"New Building Sakhi One Stop Centre, Navada Indepur, near Bareilly Mod",,"Sakhi One Stop Centre: temporary shelter, medical aid, police help, legal aid and psycho-social counselling for women facing violence. Numbers are the centre manager/administrator contacts from the state WCD list (undated, file c. 2024).",https://mahilakalyan.up.nic.in/ContacUs_Pdf/50f3608022024112606.pdf,2026-09-29
district,Uttar Pradesh,Shamli,one_stop_centre,"Sakhi One Stop Centre, Shamli",8958248328; 9412102300,,,,"Transit Hostel, Banat, Shamli",,"Sakhi One Stop Centre: temporary shelter, medical aid, police help, legal aid and psycho-social counselling for women facing violence. Numbers are the centre manager/administrator contacts from the state WCD list (undated, file c. 2024).",https://mahilakalyan.up.nic.in/ContacUs_Pdf/50f3608022024112606.pdf,2026-09-29
district,Uttar Pradesh,Shrawasti,one_stop_centre,"Sakhi One Stop Centre, Shrawasti",9161371414,,,,"District Hospital, Bhinga, Shravasti",,"Sakhi One Stop Centre: temporary shelter, medical aid, police help, legal aid and psycho-social counselling for women facing violence. Numbers are the centre manager/administrator contacts from the state WCD list (undated, file c. 2024).",https://mahilakalyan.up.nic.in/ContacUs_Pdf/50f3608022024112606.pdf,2026-09-29
district,Uttar Pradesh,Siddharth Nagar,one_stop_centre,"Sakhi One Stop Centre, Siddharth Nagar",9129878798,,,,"One Stop Center, District Hospital, Siddharthnagar",,"Sakhi One Stop Centre: temporary shelter, medical aid, police help, legal aid and psycho-social counselling for women facing violence. Numbers are the centre manager/administrator contacts from the state WCD list (undated, file c. 2024).",https://mahilakalyan.up.nic.in/ContacUs_Pdf/50f3608022024112606.pdf,2026-09-29
district,Uttar Pradesh,Sitapur,one_stop_centre,"Sakhi One Stop Centre, Sitapur",9696035545; 7800994432; 05862-242324,,,,"One Stop Centre, Jila Mahila Hospital, Sitapur",,"Sakhi One Stop Centre: temporary shelter, medical aid, police help, legal aid and psycho-social counselling for women facing violence. Numbers are the centre manager/administrator contacts from the state WCD list (undated, file c. 2024).",https://mahilakalyan.up.nic.in/ContacUs_Pdf/50f3608022024112606.pdf,2026-09-29
district,Uttar Pradesh,Sonebhadra,one_stop_centre,"Sakhi One Stop Centre, Sonebhadra",7007264210,,,,"District Hospital, Lodhi, Sonebhadra",,"Sakhi One Stop Centre: temporary shelter, medical aid, police help, legal aid and psycho-social counselling for women facing violence. Numbers are the centre manager/administrator contacts from the state WCD list (undated, file c. 2024).",https://mahilakalyan.up.nic.in/ContacUs_Pdf/50f3608022024112606.pdf,2026-09-29
district,Uttar Pradesh,Sultanpur,one_stop_centre,"Sakhi One Stop Centre, Sultanpur",9369040799,,,,"Sakhi One Stop Center, Panchopiran, Nizampatti, Sultanpur",,"Sakhi One Stop Centre: temporary shelter, medical aid, police help, legal aid and psycho-social counselling for women facing violence. Numbers are the centre manager/administrator contacts from the state WCD list (undated, file c. 2024).",https://mahilakalyan.up.nic.in/ContacUs_Pdf/50f3608022024112606.pdf,2026-09-29
district,Uttar Pradesh,Unnao,one_stop_centre,"Sakhi One Stop Centre, Unnao",7054505429,,,,"One Stop Centre, District Hospital, Unnao",,"Sakhi One Stop Centre: temporary shelter, medical aid, police help, legal aid and psycho-social counselling for women facing violence. Numbers are the centre manager/administrator contacts from the state WCD list (undated, file c. 2024).",https://mahilakalyan.up.nic.in/ContacUs_Pdf/50f3608022024112606.pdf,2026-09-29
district,Uttar Pradesh,Varanasi,one_stop_centre,"Sakhi One Stop Centre, Varanasi",9455504570; 8299102007; 0542-2500001,,,,"Sakhi One Stop Centre, Pt. Deen Dayal Upadhyay Government Hospital campus, Pandeypur, Varanasi",,"Sakhi One Stop Centre: temporary shelter, medical aid, police help, legal aid and psycho-social counselling for women facing violence. Numbers are the centre manager/administrator contacts from the state WCD list (undated, file c. 2024).",https://mahilakalyan.up.nic.in/ContacUs_Pdf/50f3608022024112606.pdf,2026-09-29
district,Uttar Pradesh,Agra,legal_aid,"District Legal Services Authority, Agra",9068333712,,,https://uttarpradesh.nalsa.gov.in/,,,"Free legal aid and advice, including for women facing violence. Number is the official mobile of the DLSA Secretary as published by UPSLSA. National legal aid helpline 15100.",https://uttarpradesh.nalsa.gov.in/dlsa-directory/,2026-09-29
district,Uttar Pradesh,Aligarh,legal_aid,"District Legal Services Authority, Aligarh",9411604148,,,https://uttarpradesh.nalsa.gov.in/,,,"Free legal aid and advice, including for women facing violence. Number is the official mobile of the DLSA Secretary as published by UPSLSA. National legal aid helpline 15100.",https://uttarpradesh.nalsa.gov.in/dlsa-directory/,2026-09-29
district,Uttar Pradesh,Ambedkarnagar,legal_aid,"District Legal Services Authority, Ambedkarnagar",9452036632,,,https://uttarpradesh.nalsa.gov.in/,,,"Free legal aid and advice, including for women facing violence. Number is the official mobile of the DLSA Secretary as published by UPSLSA. National legal aid helpline 15100.",https://uttarpradesh.nalsa.gov.in/dlsa-directory/,2026-09-29
district,Uttar Pradesh,Amroha,legal_aid,"District Legal Services Authority, Amroha",9411221108,,,https://uttarpradesh.nalsa.gov.in/,,,"Free legal aid and advice, including for women facing violence. Number is the official mobile of the DLSA Secretary as published by UPSLSA. National legal aid helpline 15100.",https://uttarpradesh.nalsa.gov.in/dlsa-directory/,2026-09-29
district,Uttar Pradesh,Auraiya,legal_aid,"District Legal Services Authority, Auraiya",,,,https://uttarpradesh.nalsa.gov.in/,,,No phone listed for this DLSA in the UPSLSA directory; use UPSLSA toll-free 1800-419-0234 or national legal aid helpline 15100.,https://uttarpradesh.nalsa.gov.in/dlsa-directory/,2026-09-29
district,Uttar Pradesh,Ayodhya,legal_aid,"District Legal Services Authority, Ayodhya",,,,https://uttarpradesh.nalsa.gov.in/,,,No phone listed for this DLSA in the UPSLSA directory; use UPSLSA toll-free 1800-419-0234 or national legal aid helpline 15100.,https://uttarpradesh.nalsa.gov.in/dlsa-directory/,2026-09-29
district,Uttar Pradesh,Azamgarh,legal_aid,"District Legal Services Authority, Azamgarh",8887333871,,,https://uttarpradesh.nalsa.gov.in/,,,"Free legal aid and advice, including for women facing violence. Number is the official mobile of the DLSA Secretary as published by UPSLSA. National legal aid helpline 15100.",https://uttarpradesh.nalsa.gov.in/dlsa-directory/,2026-09-29
district,Uttar Pradesh,Badaun,legal_aid,"District Legal Services Authority, Badaun",8447956061,,,https://uttarpradesh.nalsa.gov.in/,,,"Free legal aid and advice, including for women facing violence. Number is the official mobile of the DLSA Secretary as published by UPSLSA. National legal aid helpline 15100.",https://uttarpradesh.nalsa.gov.in/dlsa-directory/,2026-09-29
district,Uttar Pradesh,Baghpat,legal_aid,"District Legal Services Authority, Baghpat",9412783693,,,https://uttarpradesh.nalsa.gov.in/,,,"Free legal aid and advice, including for women facing violence. Number is the official mobile of the DLSA Secretary as published by UPSLSA. National legal aid helpline 15100.",https://uttarpradesh.nalsa.gov.in/dlsa-directory/,2026-09-29
district,Uttar Pradesh,Bahraich,legal_aid,"District Legal Services Authority, Bahraich",9415111027,,,https://uttarpradesh.nalsa.gov.in/,,,"Free legal aid and advice, including for women facing violence. Number is the official mobile of the DLSA Secretary as published by UPSLSA. National legal aid helpline 15100.",https://uttarpradesh.nalsa.gov.in/dlsa-directory/,2026-09-29
district,Uttar Pradesh,Ballia,legal_aid,"District Legal Services Authority, Ballia",7838079824,,,https://uttarpradesh.nalsa.gov.in/,,,"Free legal aid and advice, including for women facing violence. Number is the official mobile of the DLSA Secretary as published by UPSLSA. National legal aid helpline 15100.",https://uttarpradesh.nalsa.gov.in/dlsa-directory/,2026-09-29
district,Uttar Pradesh,Balrampur,legal_aid,"District Legal Services Authority, Balrampur",9839336060,,,https://uttarpradesh.nalsa.gov.in/,,,"Free legal aid and advice, including for women facing violence. Number is the official mobile of the DLSA Secretary as published by UPSLSA. National legal aid helpline 15100.",https://uttarpradesh.nalsa.gov.in/dlsa-directory/,2026-09-29
district,Uttar Pradesh,Banda,legal_aid,"District Legal Services Authority, Banda",9532946541,,,https://uttarpradesh.nalsa.gov.in/,,,"Free legal aid and advice, including for women facing violence. Number is the official mobile of the DLSA Secretary as published by UPSLSA. National legal aid helpline 15100.",https://uttarpradesh.nalsa.gov.in/dlsa-directory/,2026-09-29
district,Uttar Pradesh,Barabanki,legal_aid,"District Legal Services Authority, Barabanki",9532779165,,,https://uttarpradesh.nalsa.gov.in/,,,"Free legal aid and advice, including for women facing violence. Number is the official mobile of the DLSA Secretary as published by UPSLSA. National legal aid helpline 15100.",https://uttarpradesh.nalsa.gov.in/dlsa-directory/,2026-09-29
district,Uttar Pradesh,Bareilly,legal_aid,"District Legal Services Authority, Bareilly",9454098458,,,https://uttarpradesh.nalsa.gov.in/,,,"Free legal aid and advice, including for women facing violence. Number is the official mobile of the DLSA Secretary as published by UPSLSA. National legal aid helpline 15100.",https://uttarpradesh.nalsa.gov.in/dlsa-directory/,2026-09-29
district,Uttar Pradesh,Basti,legal_aid,"District Legal Services Authority, Basti",9450474651,,,https://uttarpradesh.nalsa.gov.in/,,,"Free legal aid and advice, including for women facing violence. Number is the official mobile of the DLSA Secretary as published by UPSLSA. National legal aid helpline 15100.",https://uttarpradesh.nalsa.gov.in/dlsa-directory/,2026-09-29
district,Uttar Pradesh,Bhadohi,legal_aid,"District Legal Services Authority, Bhadohi",,,,https://uttarpradesh.nalsa.gov.in/,,,No phone listed for this DLSA in the UPSLSA directory; use UPSLSA toll-free 1800-419-0234 or national legal aid helpline 15100.,https://uttarpradesh.nalsa.gov.in/dlsa-directory/,2026-09-29
district,Uttar Pradesh,Bijnor,legal_aid,"District Legal Services Authority, Bijnor",,,,https://uttarpradesh.nalsa.gov.in/,,,No phone listed for this DLSA in the UPSLSA directory; use UPSLSA toll-free 1800-419-0234 or national legal aid helpline 15100.,https://uttarpradesh.nalsa.gov.in/dlsa-directory/,2026-09-29
district,Uttar Pradesh,Bulandshahr,legal_aid,"District Legal Services Authority, Bulandshahr",9560069879,,,https://uttarpradesh.nalsa.gov.in/,,,"Free legal aid and advice, including for women facing violence. Number is the official mobile of the DLSA Secretary as published by UPSLSA. National legal aid helpline 15100.",https://uttarpradesh.nalsa.gov.in/dlsa-directory/,2026-09-29
district,Uttar Pradesh,Chandauli,legal_aid,"District Legal Services Authority, Chandauli",9453002586,,,https://uttarpradesh.nalsa.gov.in/,,,"Free legal aid and advice, including for women facing violence. Number is the official mobile of the DLSA Secretary as published by UPSLSA. National legal aid helpline 15100.",https://uttarpradesh.nalsa.gov.in/dlsa-directory/,2026-09-29
district,Uttar Pradesh,Chitrakoot,legal_aid,"District Legal Services Authority, Chitrakoot",9452075264,,,https://uttarpradesh.nalsa.gov.in/,,,"Free legal aid and advice, including for women facing violence. Number is the official mobile of the DLSA Secretary as published by UPSLSA. National legal aid helpline 15100.",https://uttarpradesh.nalsa.gov.in/dlsa-directory/,2026-09-29
district,Uttar Pradesh,Deoria,legal_aid,"District Legal Services Authority, Deoria",6392918835,,,https://uttarpradesh.nalsa.gov.in/,,,"Free legal aid and advice, including for women facing violence. Number is the official mobile of the DLSA Secretary as published by UPSLSA. National legal aid helpline 15100.",https://uttarpradesh.nalsa.gov.in/dlsa-directory/,2026-09-29
district,Uttar Pradesh,Etah,legal_aid,"District Legal Services Authority, Etah",8439970992,,,https://uttarpradesh.nalsa.gov.in/,,,"Free legal aid and advice, including for women facing violence. Number is the official mobile of the DLSA Secretary as published by UPSLSA. National legal aid helpline 15100.",https://uttarpradesh.nalsa.gov.in/dlsa-directory/,2026-09-29
district,Uttar Pradesh,Etawah,legal_aid,"District Legal Services Authority, Etawah",9648906956,,,https://uttarpradesh.nalsa.gov.in/,,,"Free legal aid and advice, including for women facing violence. Number is the official mobile of the DLSA Secretary as published by UPSLSA. National legal aid helpline 15100.",https://uttarpradesh.nalsa.gov.in/dlsa-directory/,2026-09-29
district,Uttar Pradesh,Farrukhabad,legal_aid,"District Legal Services Authority, Farrukhabad",8004461923,,,https://uttarpradesh.nalsa.gov.in/,,,"Free legal aid and advice, including for women facing violence. Number is the official mobile of the DLSA Secretary as published by UPSLSA. National legal aid helpline 15100.",https://uttarpradesh.nalsa.gov.in/dlsa-directory/,2026-09-29
district,Uttar Pradesh,Fatehpur,legal_aid,"District Legal Services Authority, Fatehpur",8004989301,,,https://uttarpradesh.nalsa.gov.in/,,,"Free legal aid and advice, including for women facing violence. Number is the official mobile of the DLSA Secretary as published by UPSLSA. National legal aid helpline 15100.",https://uttarpradesh.nalsa.gov.in/dlsa-directory/,2026-09-29
district,Uttar Pradesh,Firozabad,legal_aid,"District Legal Services Authority, Firozabad",,,,https://uttarpradesh.nalsa.gov.in/,,,No phone listed for this DLSA in the UPSLSA directory; use UPSLSA toll-free 1800-419-0234 or national legal aid helpline 15100.,https://uttarpradesh.nalsa.gov.in/dlsa-directory/,2026-09-29
district,Uttar Pradesh,Gautam Buddha Nagar,legal_aid,"District Legal Services Authority, Gautam Buddha Nagar",,,,https://uttarpradesh.nalsa.gov.in/,,,No phone listed for this DLSA in the UPSLSA directory; use UPSLSA toll-free 1800-419-0234 or national legal aid helpline 15100.,https://uttarpradesh.nalsa.gov.in/dlsa-directory/,2026-09-29
district,Uttar Pradesh,Ghaziabad,legal_aid,"District Legal Services Authority, Ghaziabad",,,,https://uttarpradesh.nalsa.gov.in/,,,No phone listed for this DLSA in the UPSLSA directory; use UPSLSA toll-free 1800-419-0234 or national legal aid helpline 15100.,https://uttarpradesh.nalsa.gov.in/dlsa-directory/,2026-09-29
district,Uttar Pradesh,Ghazipur,legal_aid,"District Legal Services Authority, Ghazipur",8542066916,,,https://uttarpradesh.nalsa.gov.in/,,,"Free legal aid and advice, including for women facing violence. Number is the official mobile of the DLSA Secretary as published by UPSLSA. National legal aid helpline 15100.",https://uttarpradesh.nalsa.gov.in/dlsa-directory/,2026-09-29
district,Uttar Pradesh,Gonda,legal_aid,"District Legal Services Authority, Gonda",7007387344,,,https://uttarpradesh.nalsa.gov.in/,,,"Free legal aid and advice, including for women facing violence. Number is the official mobile of the DLSA Secretary as published by UPSLSA. National legal aid helpline 15100.",https://uttarpradesh.nalsa.gov.in/dlsa-directory/,2026-09-29
district,Uttar Pradesh,Gorakhpur,legal_aid,"District Legal Services Authority, Gorakhpur",,,,https://uttarpradesh.nalsa.gov.in/,,,No phone listed for this DLSA in the UPSLSA directory; use UPSLSA toll-free 1800-419-0234 or national legal aid helpline 15100.,https://uttarpradesh.nalsa.gov.in/dlsa-directory/,2026-09-29
district,Uttar Pradesh,Hamirpur,legal_aid,"District Legal Services Authority, Hamirpur",9453023751,,,https://uttarpradesh.nalsa.gov.in/,,,"Free legal aid and advice, including for women facing violence. Number is the official mobile of the DLSA Secretary as published by UPSLSA. National legal aid helpline 15100.",https://uttarpradesh.nalsa.gov.in/dlsa-directory/,2026-09-29
district,Uttar Pradesh,Hapur,legal_aid,"District Legal Services Authority, Hapur",,,,https://uttarpradesh.nalsa.gov.in/,,,No phone listed for this DLSA in the UPSLSA directory; use UPSLSA toll-free 1800-419-0234 or national legal aid helpline 15100.,https://uttarpradesh.nalsa.gov.in/dlsa-directory/,2026-09-29
district,Uttar Pradesh,Hardoi,legal_aid,"District Legal Services Authority, Hardoi",9452774110,,,https://uttarpradesh.nalsa.gov.in/,,,"Free legal aid and advice, including for women facing violence. Number is the official mobile of the DLSA Secretary as published by UPSLSA. National legal aid helpline 15100.",https://uttarpradesh.nalsa.gov.in/dlsa-directory/,2026-09-29
district,Uttar Pradesh,Hathras,legal_aid,"District Legal Services Authority, Hathras",9412757724,,,https://uttarpradesh.nalsa.gov.in/,,,"Free legal aid and advice, including for women facing violence. Number is the official mobile of the DLSA Secretary as published by UPSLSA. National legal aid helpline 15100.",https://uttarpradesh.nalsa.gov.in/dlsa-directory/,2026-09-29
district,Uttar Pradesh,Jalaun,legal_aid,"District Legal Services Authority, Jalaun",7985541831,,,https://uttarpradesh.nalsa.gov.in/,,,"Free legal aid and advice, including for women facing violence. Number is the official mobile of the DLSA Secretary as published by UPSLSA. National legal aid helpline 15100.",https://uttarpradesh.nalsa.gov.in/dlsa-directory/,2026-09-29
district,Uttar Pradesh,Jaunpur,legal_aid,"District Legal Services Authority, Jaunpur",7307374242,,,https://uttarpradesh.nalsa.gov.in/,,,"Free legal aid and advice, including for women facing violence. Number is the official mobile of the DLSA Secretary as published by UPSLSA. National legal aid helpline 15100.",https://uttarpradesh.nalsa.gov.in/dlsa-directory/,2026-09-29
district,Uttar Pradesh,Jhansi,legal_aid,"District Legal Services Authority, Jhansi",9451855134,,,https://uttarpradesh.nalsa.gov.in/,,,"Free legal aid and advice, including for women facing violence. Number is the official mobile of the DLSA Secretary as published by UPSLSA. National legal aid helpline 15100.",https://uttarpradesh.nalsa.gov.in/dlsa-directory/,2026-09-29
district,Uttar Pradesh,Kannauj,legal_aid,"District Legal Services Authority, Kannauj",9453241011,,,https://uttarpradesh.nalsa.gov.in/,,,"Free legal aid and advice, including for women facing violence. Number is the official mobile of the DLSA Secretary as published by UPSLSA. National legal aid helpline 15100.",https://uttarpradesh.nalsa.gov.in/dlsa-directory/,2026-09-29
district,Uttar Pradesh,Kanpur Dehat,legal_aid,"District Legal Services Authority, Kanpur Dehat",7618843101,,,https://uttarpradesh.nalsa.gov.in/,,,"Free legal aid and advice, including for women facing violence. Number is the official mobile of the DLSA Secretary as published by UPSLSA. National legal aid helpline 15100.",https://uttarpradesh.nalsa.gov.in/dlsa-directory/,2026-09-29
district,Uttar Pradesh,Kanpur Nagar,legal_aid,"District Legal Services Authority, Kanpur Nagar",9450933051,,,https://uttarpradesh.nalsa.gov.in/,,,"Free legal aid and advice, including for women facing violence. Number is the official mobile of the DLSA Secretary as published by UPSLSA. National legal aid helpline 15100.",https://uttarpradesh.nalsa.gov.in/dlsa-directory/,2026-09-29
district,Uttar Pradesh,Kasganj,legal_aid,"District Legal Services Authority, Kasganj",8171815980,,,https://uttarpradesh.nalsa.gov.in/,,,"Free legal aid and advice, including for women facing violence. Number is the official mobile of the DLSA Secretary as published by UPSLSA. National legal aid helpline 15100.",https://uttarpradesh.nalsa.gov.in/dlsa-directory/,2026-09-29
district,Uttar Pradesh,Kaushambi,legal_aid,"District Legal Services Authority, Kaushambi",,,,https://uttarpradesh.nalsa.gov.in/,,,No phone listed for this DLSA in the UPSLSA directory; use UPSLSA toll-free 1800-419-0234 or national legal aid helpline 15100.,https://uttarpradesh.nalsa.gov.in/dlsa-directory/,2026-09-29
district,Uttar Pradesh,Kushinagar,legal_aid,"District Legal Services Authority, Kushinagar",,,,https://uttarpradesh.nalsa.gov.in/,,,No phone listed for this DLSA in the UPSLSA directory; use UPSLSA toll-free 1800-419-0234 or national legal aid helpline 15100.,https://uttarpradesh.nalsa.gov.in/dlsa-directory/,2026-09-29
district,Uttar Pradesh,Lakhimpur Kheri,legal_aid,"District Legal Services Authority, Lakhimpur Kheri",9721888123,,,https://uttarpradesh.nalsa.gov.in/,,,"Free legal aid and advice, including for women facing violence. Number is the official mobile of the DLSA Secretary as published by UPSLSA. National legal aid helpline 15100.",https://uttarpradesh.nalsa.gov.in/dlsa-directory/,2026-09-29
district,Uttar Pradesh,Lalitpur,legal_aid,"District Legal Services Authority, Lalitpur",9415227617,,,https://uttarpradesh.nalsa.gov.in/,,,"Free legal aid and advice, including for women facing violence. Number is the official mobile of the DLSA Secretary as published by UPSLSA. National legal aid helpline 15100.",https://uttarpradesh.nalsa.gov.in/dlsa-directory/,2026-09-29
district,Uttar Pradesh,Lucknow,legal_aid,"District Legal Services Authority, Lucknow",9451760600,,,https://uttarpradesh.nalsa.gov.in/,,,"Free legal aid and advice, including for women facing violence. Number is the official mobile of the DLSA Secretary as published by UPSLSA. National legal aid helpline 15100.",https://uttarpradesh.nalsa.gov.in/dlsa-directory/,2026-09-29
district,Uttar Pradesh,Maharajganj,legal_aid,"District Legal Services Authority, Maharajganj",8004026914,,,https://uttarpradesh.nalsa.gov.in/,,,"Free legal aid and advice, including for women facing violence. Number is the official mobile of the DLSA Secretary as published by UPSLSA. National legal aid helpline 15100.",https://uttarpradesh.nalsa.gov.in/dlsa-directory/,2026-09-29
district,Uttar Pradesh,Mahoba,legal_aid,"District Legal Services Authority, Mahoba",9358995171,,,https://uttarpradesh.nalsa.gov.in/,,,"Free legal aid and advice, including for women facing violence. Number is the official mobile of the DLSA Secretary as published by UPSLSA. National legal aid helpline 15100.",https://uttarpradesh.nalsa.gov.in/dlsa-directory/,2026-09-29
district,Uttar Pradesh,Mainpuri,legal_aid,"District Legal Services Authority, Mainpuri",,,,https://uttarpradesh.nalsa.gov.in/,,,No phone listed for this DLSA in the UPSLSA directory; use UPSLSA toll-free 1800-419-0234 or national legal aid helpline 15100.,https://uttarpradesh.nalsa.gov.in/dlsa-directory/,2026-09-29
district,Uttar Pradesh,Mathura,legal_aid,"District Legal Services Authority, Mathura",9412777477,,,https://uttarpradesh.nalsa.gov.in/,,,"Free legal aid and advice, including for women facing violence. Number is the official mobile of the DLSA Secretary as published by UPSLSA. National legal aid helpline 15100.",https://uttarpradesh.nalsa.gov.in/dlsa-directory/,2026-09-29
district,Uttar Pradesh,Mau,legal_aid,"District Legal Services Authority, Mau",9415235212,,,https://uttarpradesh.nalsa.gov.in/,,,"Free legal aid and advice, including for women facing violence. Number is the official mobile of the DLSA Secretary as published by UPSLSA. National legal aid helpline 15100.",https://uttarpradesh.nalsa.gov.in/dlsa-directory/,2026-09-29
district,Uttar Pradesh,Meerut,legal_aid,"District Legal Services Authority, Meerut",9412783870,,,https://uttarpradesh.nalsa.gov.in/,,,"Free legal aid and advice, including for women facing violence. Number is the official mobile of the DLSA Secretary as published by UPSLSA. National legal aid helpline 15100.",https://uttarpradesh.nalsa.gov.in/dlsa-directory/,2026-09-29
district,Uttar Pradesh,Mirzapur,legal_aid,"District Legal Services Authority, Mirzapur",8765711300,,,https://uttarpradesh.nalsa.gov.in/,,,"Free legal aid and advice, including for women facing violence. Number is the official mobile of the DLSA Secretary as published by UPSLSA. National legal aid helpline 15100.",https://uttarpradesh.nalsa.gov.in/dlsa-directory/,2026-09-29
district,Uttar Pradesh,Moradabad,legal_aid,"District Legal Services Authority, Moradabad",9412237971,,,https://uttarpradesh.nalsa.gov.in/,,,"Free legal aid and advice, including for women facing violence. Number is the official mobile of the DLSA Secretary as published by UPSLSA. National legal aid helpline 15100.",https://uttarpradesh.nalsa.gov.in/dlsa-directory/,2026-09-29
district,Uttar Pradesh,Muzaffarnagar,legal_aid,"District Legal Services Authority, Muzaffarnagar",9450726151,,,https://uttarpradesh.nalsa.gov.in/,,,"Free legal aid and advice, including for women facing violence. Number is the official mobile of the DLSA Secretary as published by UPSLSA. National legal aid helpline 15100.",https://uttarpradesh.nalsa.gov.in/dlsa-directory/,2026-09-29
district,Uttar Pradesh,Pilibhit,legal_aid,"District Legal Services Authority, Pilibhit",9412297873,,,https://uttarpradesh.nalsa.gov.in/,,,"Free legal aid and advice, including for women facing violence. Number is the official mobile of the DLSA Secretary as published by UPSLSA. National legal aid helpline 15100.",https://uttarpradesh.nalsa.gov.in/dlsa-directory/,2026-09-29
district,Uttar Pradesh,Pratapgarh,legal_aid,"District Legal Services Authority, Pratapgarh",9717246787,,,https://uttarpradesh.nalsa.gov.in/,,,"Free legal aid and advice, including for women facing violence. Number is the official mobile of the DLSA Secretary as published by UPSLSA. National legal aid helpline 15100.",https://uttarpradesh.nalsa.gov.in/dlsa-directory/,2026-09-29
district,Uttar Pradesh,Prayagraj,legal_aid,"District Legal Services Authority, Prayagraj",,,,https://uttarpradesh.nalsa.gov.in/,,,No phone listed for this DLSA in the UPSLSA directory; use UPSLSA toll-free 1800-419-0234 or national legal aid helpline 15100.,https://uttarpradesh.nalsa.gov.in/dlsa-directory/,2026-09-29
district,Uttar Pradesh,Raebareli,legal_aid,"District Legal Services Authority, Raebareli",,,,https://uttarpradesh.nalsa.gov.in/,,,No phone listed for this DLSA in the UPSLSA directory; use UPSLSA toll-free 1800-419-0234 or national legal aid helpline 15100.,https://uttarpradesh.nalsa.gov.in/dlsa-directory/,2026-09-29
district,Uttar Pradesh,Rampur,legal_aid,"District Legal Services Authority, Rampur",9412718496,,,https://uttarpradesh.nalsa.gov.in/,,,"Free legal aid and advice, including for women facing violence. Number is the official mobile of the DLSA Secretary as published by UPSLSA. National legal aid helpline 15100.",https://uttarpradesh.nalsa.gov.in/dlsa-directory/,2026-09-29
district,Uttar Pradesh,Saharanpur,legal_aid,"District Legal Services Authority, Saharanpur",7754071133,,,https://uttarpradesh.nalsa.gov.in/,,,"Free legal aid and advice, including for women facing violence. Number is the official mobile of the DLSA Secretary as published by UPSLSA. National legal aid helpline 15100.",https://uttarpradesh.nalsa.gov.in/dlsa-directory/,2026-09-29
district,Uttar Pradesh,Sambhal,legal_aid,"District Legal Services Authority, Sambhal",9554547930,,,https://uttarpradesh.nalsa.gov.in/,,,"Free legal aid and advice, including for women facing violence. Number is the official mobile of the DLSA Secretary as published by UPSLSA. National legal aid helpline 15100.",https://uttarpradesh.nalsa.gov.in/dlsa-directory/,2026-09-29
district,Uttar Pradesh,Sant Kabir Nagar,legal_aid,"District Legal Services Authority, Sant Kabir Nagar",7800321690,,,https://uttarpradesh.nalsa.gov.in/,,,"Free legal aid and advice, including for women facing violence. Number is the official mobile of the DLSA Secretary as published by UPSLSA. National legal aid helpline 15100.",https://uttarpradesh.nalsa.gov.in/dlsa-directory/,2026-09-29
district,Uttar Pradesh,Shahjahanpur,legal_aid,"District Legal Services Authority, Shahjahanpur",9455558392,,,https://uttarpradesh.nalsa.gov.in/,,,"Free legal aid and advice, including for women facing violence. Number is the official mobile of the DLSA Secretary as published by UPSLSA. National legal aid helpline 15100.",https://uttarpradesh.nalsa.gov.in/dlsa-directory/,2026-09-29
district,Uttar Pradesh,Shamli,legal_aid,"District Legal Services Authority, Shamli",,,,https://uttarpradesh.nalsa.gov.in/,,,No phone listed for this DLSA in the UPSLSA directory; use UPSLSA toll-free 1800-419-0234 or national legal aid helpline 15100.,https://uttarpradesh.nalsa.gov.in/dlsa-directory/,2026-09-29
district,Uttar Pradesh,Shravasti,legal_aid,"District Legal Services Authority, Shravasti",7983272095,,,https://uttarpradesh.nalsa.gov.in/,,,"Free legal aid and advice, including for women facing violence. Number is the official mobile of the DLSA Secretary as published by UPSLSA. National legal aid helpline 15100.",https://uttarpradesh.nalsa.gov.in/dlsa-directory/,2026-09-29
district,Uttar Pradesh,Siddharthnagar,legal_aid,"District Legal Services Authority, Siddharthnagar",8726270583,,,https://uttarpradesh.nalsa.gov.in/,,,"Free legal aid and advice, including for women facing violence. Number is the official mobile of the DLSA Secretary as published by UPSLSA. National legal aid helpline 15100.",https://uttarpradesh.nalsa.gov.in/dlsa-directory/,2026-09-29
district,Uttar Pradesh,Sitapur,legal_aid,"District Legal Services Authority, Sitapur",,,,https://uttarpradesh.nalsa.gov.in/,,,No phone listed for this DLSA in the UPSLSA directory; use UPSLSA toll-free 1800-419-0234 or national legal aid helpline 15100.,https://uttarpradesh.nalsa.gov.in/dlsa-directory/,2026-09-29
district,Uttar Pradesh,Sonbhadra,legal_aid,"District Legal Services Authority, Sonbhadra",9415249489,,,https://uttarpradesh.nalsa.gov.in/,,,"Free legal aid and advice, including for women facing violence. Number is the official mobile of the DLSA Secretary as published by UPSLSA. National legal aid helpline 15100.",https://uttarpradesh.nalsa.gov.in/dlsa-directory/,2026-09-29
district,Uttar Pradesh,Sultanpur,legal_aid,"District Legal Services Authority, Sultanpur",7906218244,,,https://uttarpradesh.nalsa.gov.in/,,,"Free legal aid and advice, including for women facing violence. Number is the official mobile of the DLSA Secretary as published by UPSLSA. National legal aid helpline 15100.",https://uttarpradesh.nalsa.gov.in/dlsa-directory/,2026-09-29
district,Uttar Pradesh,Unnao,legal_aid,"District Legal Services Authority, Unnao",9450943466,,,https://uttarpradesh.nalsa.gov.in/,,,"Free legal aid and advice, including for women facing violence. Number is the official mobile of the DLSA Secretary as published by UPSLSA. National legal aid helpline 15100.",https://uttarpradesh.nalsa.gov.in/dlsa-directory/,2026-09-29
district,Uttar Pradesh,Varanasi,legal_aid,"District Legal Services Authority, Varanasi",7007737631,,,https://uttarpradesh.nalsa.gov.in/,,,"Free legal aid and advice, including for women facing violence. Number is the official mobile of the DLSA Secretary as published by UPSLSA. National legal aid helpline 15100.",https://uttarpradesh.nalsa.gov.in/dlsa-directory/,2026-09-29
district,Uttar Pradesh,Lucknow,cyber,"Cyber Crime Police Station, Lucknow",7839876640,,sho-cybercrime.lu@up.gov.in,,,,"Cyber Crime Police Station (CUG mobile of the station in-charge, UP Police list dated July 2025). For online harassment, sextortion, morphed images, stalking and fraud. National cyber helpline 1930 / cybercrime.gov.in. Listed in source as ""Commissionerate Lucknow"".",https://uppolice.gov.in/site/writereaddata/siteContent/Cyber_Crime/202507011053200617CyberPoliceStationsEmailMobileNo.pdf,2026-09-29
district,Uttar Pradesh,Gautam Buddha Nagar,cyber,"Cyber Crime Police Station, Gautam Buddha Nagar",7839876650,,ccpsstf.gb-uo@gov.in,,,,"Cyber Crime Police Station (CUG mobile of the station in-charge, UP Police list dated July 2025). For online harassment, sextortion, morphed images, stalking and fraud. National cyber helpline 1930 / cybercrime.gov.in. Listed in source as ""Commissionerate Gautam Buddha Nagar"".",https://uppolice.gov.in/site/writereaddata/siteContent/Cyber_Crime/202507011053200617CyberPoliceStationsEmailMobileNo.pdf,2026-09-29
district,Uttar Pradesh,Varanasi,cyber,"Cyber Crime Police Station, Varanasi",7839876647,,sho-cybercrime.va@up.gov.in,,,,"Cyber Crime Police Station (CUG mobile of the station in-charge, UP Police list dated July 2025). For online harassment, sextortion, morphed images, stalking and fraud. National cyber helpline 1930 / cybercrime.gov.in. Listed in source as ""Commissionerate Varanasi"".",https://uppolice.gov.in/site/writereaddata/siteContent/Cyber_Crime/202507011053200617CyberPoliceStationsEmailMobileNo.pdf,2026-09-29
district,Uttar Pradesh,Kanpur Nagar,cyber,"Cyber Crime Police Station, Kanpur Nagar",9454458318,,sho-cyberthana.kn@up.gov.in,,,,"Cyber Crime Police Station (CUG mobile of the station in-charge, UP Police list dated July 2025). For online harassment, sextortion, morphed images, stalking and fraud. National cyber helpline 1930 / cybercrime.gov.in. Listed in source as ""Commissionerate Kanpur"".",https://uppolice.gov.in/site/writereaddata/siteContent/Cyber_Crime/202507011053200617CyberPoliceStationsEmailMobileNo.pdf,2026-09-29
district,Uttar Pradesh,Agra,cyber,"Cyber Crime Police Station, Agra",7839876645,,ps-cybercrime.ag@up.gov.in,,,,"Cyber Crime Police Station (CUG mobile of the station in-charge, UP Police list dated July 2025). For online harassment, sextortion, morphed images, stalking and fraud. National cyber helpline 1930 / cybercrime.gov.in. Listed in source as ""Commissionerate Agra"".",https://uppolice.gov.in/site/writereaddata/siteContent/Cyber_Crime/202507011053200617CyberPoliceStationsEmailMobileNo.pdf,2026-09-29
district,Uttar Pradesh,Ghaziabad,cyber,"Cyber Crime Police Station, Ghaziabad",9643322892,,cybercrimegz-up@nic.in,,,,"Cyber Crime Police Station (CUG mobile of the station in-charge, UP Police list dated July 2025). For online harassment, sextortion, morphed images, stalking and fraud. National cyber helpline 1930 / cybercrime.gov.in. Listed in source as ""Commissionerate Ghaziabad"".",https://uppolice.gov.in/site/writereaddata/siteContent/Cyber_Crime/202507011053200617CyberPoliceStationsEmailMobileNo.pdf,2026-09-29
district,Uttar Pradesh,Prayagraj,cyber,"Cyber Crime Police Station, Prayagraj",7839876652,,,,,,"Cyber Crime Police Station (CUG mobile of the station in-charge, UP Police list dated July 2025). For online harassment, sextortion, morphed images, stalking and fraud. National cyber helpline 1930 / cybercrime.gov.in. Listed in source as ""Commissionerate Prayagraj"". Email in source omitted (malformed or a personal address).",https://uppolice.gov.in/site/writereaddata/siteContent/Cyber_Crime/202507011053200617CyberPoliceStationsEmailMobileNo.pdf,2026-09-29
district,Uttar Pradesh,Aligarh,cyber,"Cyber Crime Police Station, Aligarh",7839876641,,sho-cybercrime.al@up.gov.in,,,,"Cyber Crime Police Station (CUG mobile of the station in-charge, UP Police list dated July 2025). For online harassment, sextortion, morphed images, stalking and fraud. National cyber helpline 1930 / cybercrime.gov.in.",https://uppolice.gov.in/site/writereaddata/siteContent/Cyber_Crime/202507011053200617CyberPoliceStationsEmailMobileNo.pdf,2026-09-29
district,Uttar Pradesh,Ambedkar Nagar,cyber,"Cyber Crime Police Station, Ambedkar Nagar",7839858590,,sp-cybercell.an@up.gov.in,,,,"Cyber Crime Police Station (CUG mobile of the station in-charge, UP Police list dated July 2025). For online harassment, sextortion, morphed images, stalking and fraud. National cyber helpline 1930 / cybercrime.gov.in.",https://uppolice.gov.in/site/writereaddata/siteContent/Cyber_Crime/202507011053200617CyberPoliceStationsEmailMobileNo.pdf,2026-09-29
district,Uttar Pradesh,Amethi,cyber,"Cyber Crime Police Station, Amethi",7839856465,,so-cybercrime.am@up.gov.in,,,,"Cyber Crime Police Station (CUG mobile of the station in-charge, UP Police list dated July 2025). For online harassment, sextortion, morphed images, stalking and fraud. National cyber helpline 1930 / cybercrime.gov.in.",https://uppolice.gov.in/site/writereaddata/siteContent/Cyber_Crime/202507011053200617CyberPoliceStationsEmailMobileNo.pdf,2026-09-29
district,Uttar Pradesh,Amroha,cyber,"Cyber Crime Police Station, Amroha",7839863980,,cybercrimejp-up@nic.in,,,,"Cyber Crime Police Station (CUG mobile of the station in-charge, UP Police list dated July 2025). For online harassment, sextortion, morphed images, stalking and fraud. National cyber helpline 1930 / cybercrime.gov.in.",https://uppolice.gov.in/site/writereaddata/siteContent/Cyber_Crime/202507011053200617CyberPoliceStationsEmailMobileNo.pdf,2026-09-29
district,Uttar Pradesh,Auraiya,cyber,"Cyber Crime Police Station, Auraiya",9454405529,,ic-cybercrime.au@up.gov.in,,,,"Cyber Crime Police Station (CUG mobile of the station in-charge, UP Police list dated July 2025). For online harassment, sextortion, morphed images, stalking and fraud. National cyber helpline 1930 / cybercrime.gov.in.",https://uppolice.gov.in/site/writereaddata/siteContent/Cyber_Crime/202507011053200617CyberPoliceStationsEmailMobileNo.pdf,2026-09-29
district,Uttar Pradesh,Ayodhya,cyber,"Cyber Crime Police Station, Ayodhya",7839876653,,sho-cybercrime.ay@up.gov.in,,,,"Cyber Crime Police Station (CUG mobile of the station in-charge, UP Police list dated July 2025). For online harassment, sextortion, morphed images, stalking and fraud. National cyber helpline 1930 / cybercrime.gov.in.",https://uppolice.gov.in/site/writereaddata/siteContent/Cyber_Crime/202507011053200617CyberPoliceStationsEmailMobileNo.pdf,2026-09-29
district,Uttar Pradesh,Azamgarh,cyber,"Cyber Crime Police Station, Azamgarh",7839876629,,so-cyberps.az@up.gov.in,,,,"Cyber Crime Police Station (CUG mobile of the station in-charge, UP Police list dated July 2025). For online harassment, sextortion, morphed images, stalking and fraud. National cyber helpline 1930 / cybercrime.gov.in.",https://uppolice.gov.in/site/writereaddata/siteContent/Cyber_Crime/202507011053200617CyberPoliceStationsEmailMobileNo.pdf,2026-09-29
district,Uttar Pradesh,Baghpat,cyber,"Cyber Crime Police Station, Baghpat",7839864324,,cybercell-police.bg@up.gov.in,,,,"Cyber Crime Police Station (CUG mobile of the station in-charge, UP Police list dated July 2025). For online harassment, sextortion, morphed images, stalking and fraud. National cyber helpline 1930 / cybercrime.gov.in.",https://uppolice.gov.in/site/writereaddata/siteContent/Cyber_Crime/202507011053200617CyberPoliceStationsEmailMobileNo.pdf,2026-09-29
district,Uttar Pradesh,Bahraich,cyber,"Cyber Crime Police Station, Bahraich",9044154973,,sho-cybercrime.bh@up.gov.in,,,,"Cyber Crime Police Station (CUG mobile of the station in-charge, UP Police list dated July 2025). For online harassment, sextortion, morphed images, stalking and fraud. National cyber helpline 1930 / cybercrime.gov.in.",https://uppolice.gov.in/site/writereaddata/siteContent/Cyber_Crime/202507011053200617CyberPoliceStationsEmailMobileNo.pdf,2026-09-29
district,Uttar Pradesh,Ballia,cyber,"Cyber Crime Police Station, Ballia",7839697463,,cybercell-police.bl@up.gov.in,,,,"Cyber Crime Police Station (CUG mobile of the station in-charge, UP Police list dated July 2025). For online harassment, sextortion, morphed images, stalking and fraud. National cyber helpline 1930 / cybercrime.gov.in. Listed in source as ""Baliya"".",https://uppolice.gov.in/site/writereaddata/siteContent/Cyber_Crime/202507011053200617CyberPoliceStationsEmailMobileNo.pdf,2026-09-29
district,Uttar Pradesh,Balrampur,cyber,"Cyber Crime Police Station, Balrampur",7839855004,,sho-cybercrime.bp@up.gov.in,,,,"Cyber Crime Police Station (CUG mobile of the station in-charge, UP Police list dated July 2025). For online harassment, sextortion, morphed images, stalking and fraud. National cyber helpline 1930 / cybercrime.gov.in.",https://uppolice.gov.in/site/writereaddata/siteContent/Cyber_Crime/202507011053200617CyberPoliceStationsEmailMobileNo.pdf,2026-09-29
district,Uttar Pradesh,Banda,cyber,"Cyber Crime Police Station, Banda",7839876642,,so-pscyber.bn@up.gov.in,,,,"Cyber Crime Police Station (CUG mobile of the station in-charge, UP Police list dated July 2025). For online harassment, sextortion, morphed images, stalking and fraud. National cyber helpline 1930 / cybercrime.gov.in.",https://uppolice.gov.in/site/writereaddata/siteContent/Cyber_Crime/202507011053200617CyberPoliceStationsEmailMobileNo.pdf,2026-09-29
district,Uttar Pradesh,Barabanki,cyber,"Cyber Crime Police Station, Barabanki",7839862650,,dspcrimebb-up@nic.in,,,,"Cyber Crime Police Station (CUG mobile of the station in-charge, UP Police list dated July 2025). For online harassment, sextortion, morphed images, stalking and fraud. National cyber helpline 1930 / cybercrime.gov.in.",https://uppolice.gov.in/site/writereaddata/siteContent/Cyber_Crime/202507011053200617CyberPoliceStationsEmailMobileNo.pdf,2026-09-29
district,Uttar Pradesh,Bareilly,cyber,"Cyber Crime Police Station, Bareilly",7839876671,,sho-cybercrime.br@up.gov.in,,,,"Cyber Crime Police Station (CUG mobile of the station in-charge, UP Police list dated July 2025). For online harassment, sextortion, morphed images, stalking and fraud. National cyber helpline 1930 / cybercrime.gov.in.",https://uppolice.gov.in/site/writereaddata/siteContent/Cyber_Crime/202507011053200617CyberPoliceStationsEmailMobileNo.pdf,2026-09-29
district,Uttar Pradesh,Basti,cyber,"Cyber Crime Police Station, Basti",7839876672,,sho-cybercrime.bs@up.gov.in,,,,"Cyber Crime Police Station (CUG mobile of the station in-charge, UP Police list dated July 2025). For online harassment, sextortion, morphed images, stalking and fraud. National cyber helpline 1930 / cybercrime.gov.in.",https://uppolice.gov.in/site/writereaddata/siteContent/Cyber_Crime/202507011053200617CyberPoliceStationsEmailMobileNo.pdf,2026-09-29
district,Uttar Pradesh,Bhadohi,cyber,"Cyber Crime Police Station, Bhadohi",9454457686,,cybercrimesr-up@nic.in,,,,"Cyber Crime Police Station (CUG mobile of the station in-charge, UP Police list dated July 2025). For online harassment, sextortion, morphed images, stalking and fraud. National cyber helpline 1930 / cybercrime.gov.in.",https://uppolice.gov.in/site/writereaddata/siteContent/Cyber_Crime/202507011053200617CyberPoliceStationsEmailMobileNo.pdf,2026-09-29
district,Uttar Pradesh,Bijnor,cyber,"Cyber Crime Police Station, Bijnor",7839873487,,sho-cybercrimebi@up.gov.in,,,,"Cyber Crime Police Station (CUG mobile of the station in-charge, UP Police list dated July 2025). For online harassment, sextortion, morphed images, stalking and fraud. National cyber helpline 1930 / cybercrime.gov.in.",https://uppolice.gov.in/site/writereaddata/siteContent/Cyber_Crime/202507011053200617CyberPoliceStationsEmailMobileNo.pdf,2026-09-29
district,Uttar Pradesh,Budaun,cyber,"Cyber Crime Police Station, Budaun",7839866685,,cyber-cell.bd@nic.in,,,,"Cyber Crime Police Station (CUG mobile of the station in-charge, UP Police list dated July 2025). For online harassment, sextortion, morphed images, stalking and fraud. National cyber helpline 1930 / cybercrime.gov.in.",https://uppolice.gov.in/site/writereaddata/siteContent/Cyber_Crime/202507011053200617CyberPoliceStationsEmailMobileNo.pdf,2026-09-29
district,Uttar Pradesh,Bulandshahr,cyber,"Cyber Crime Police Station, Bulandshahr",7839854892,,cybercrimebu-up@nic.in,,,,"Cyber Crime Police Station (CUG mobile of the station in-charge, UP Police list dated July 2025). For online harassment, sextortion, morphed images, stalking and fraud. National cyber helpline 1930 / cybercrime.gov.in.",https://uppolice.gov.in/site/writereaddata/siteContent/Cyber_Crime/202507011053200617CyberPoliceStationsEmailMobileNo.pdf,2026-09-29
district,Uttar Pradesh,Chandauli,cyber,"Cyber Crime Police Station, Chandauli",7839873018,,dspcrimecd-up@nic.in,,,,"Cyber Crime Police Station (CUG mobile of the station in-charge, UP Police list dated July 2025). For online harassment, sextortion, morphed images, stalking and fraud. National cyber helpline 1930 / cybercrime.gov.in.",https://uppolice.gov.in/site/writereaddata/siteContent/Cyber_Crime/202507011053200617CyberPoliceStationsEmailMobileNo.pdf,2026-09-29
district,Uttar Pradesh,Chitrakoot,cyber,"Cyber Crime Police Station, Chitrakoot",6306762857,,cybercell-police.ct@up.gov.in,,,,"Cyber Crime Police Station (CUG mobile of the station in-charge, UP Police list dated July 2025). For online harassment, sextortion, morphed images, stalking and fraud. National cyber helpline 1930 / cybercrime.gov.in.",https://uppolice.gov.in/site/writereaddata/siteContent/Cyber_Crime/202507011053200617CyberPoliceStationsEmailMobileNo.pdf,2026-09-29
district,Uttar Pradesh,Deoria,cyber,"Cyber Crime Police Station, Deoria",7839861965,,cybercrimede-up@nic.in,,,,"Cyber Crime Police Station (CUG mobile of the station in-charge, UP Police list dated July 2025). For online harassment, sextortion, morphed images, stalking and fraud. National cyber helpline 1930 / cybercrime.gov.in.",https://uppolice.gov.in/site/writereaddata/siteContent/Cyber_Crime/202507011053200617CyberPoliceStationsEmailMobileNo.pdf,2026-09-29
district,Uttar Pradesh,Etah,cyber,"Cyber Crime Police Station, Etah",7839854305,,cybercell.et@up.gov.in,,,,"Cyber Crime Police Station (CUG mobile of the station in-charge, UP Police list dated July 2025). For online harassment, sextortion, morphed images, stalking and fraud. National cyber helpline 1930 / cybercrime.gov.in.",https://uppolice.gov.in/site/writereaddata/siteContent/Cyber_Crime/202507011053200617CyberPoliceStationsEmailMobileNo.pdf,2026-09-29
district,Uttar Pradesh,Etawah,cyber,"Cyber Crime Police Station, Etawah",7839858713,,scpoletw-up@nic.in,,,,"Cyber Crime Police Station (CUG mobile of the station in-charge, UP Police list dated July 2025). For online harassment, sextortion, morphed images, stalking and fraud. National cyber helpline 1930 / cybercrime.gov.in.",https://uppolice.gov.in/site/writereaddata/siteContent/Cyber_Crime/202507011053200617CyberPoliceStationsEmailMobileNo.pdf,2026-09-29
district,Uttar Pradesh,Farrukhabad,cyber,"Cyber Crime Police Station, Farrukhabad",7839856820,,sho-cybercrime.fr@up.gov.in,,,,"Cyber Crime Police Station (CUG mobile of the station in-charge, UP Police list dated July 2025). For online harassment, sextortion, morphed images, stalking and fraud. National cyber helpline 1930 / cybercrime.gov.in. Listed in source as ""Fatehgarh"".",https://uppolice.gov.in/site/writereaddata/siteContent/Cyber_Crime/202507011053200617CyberPoliceStationsEmailMobileNo.pdf,2026-09-29
district,Uttar Pradesh,Fatehpur,cyber,"Cyber Crime Police Station, Fatehpur",9454457955,,cybercrime.ft-up@gov.in,,,,"Cyber Crime Police Station (CUG mobile of the station in-charge, UP Police list dated July 2025). For online harassment, sextortion, morphed images, stalking and fraud. National cyber helpline 1930 / cybercrime.gov.in.",https://uppolice.gov.in/site/writereaddata/siteContent/Cyber_Crime/202507011053200617CyberPoliceStationsEmailMobileNo.pdf,2026-09-29
district,Uttar Pradesh,Firozabad,cyber,"Cyber Crime Police Station, Firozabad",9454457860,,cybercrimefi-up@nic.in,,,,"Cyber Crime Police Station (CUG mobile of the station in-charge, UP Police list dated July 2025). For online harassment, sextortion, morphed images, stalking and fraud. National cyber helpline 1930 / cybercrime.gov.in.",https://uppolice.gov.in/site/writereaddata/siteContent/Cyber_Crime/202507011053200617CyberPoliceStationsEmailMobileNo.pdf,2026-09-29
district,Uttar Pradesh,Ghazipur,cyber,"Cyber Crime Police Station, Ghazipur",7839864020,,cybercell-police.gp@up.gov.in,,,,"Cyber Crime Police Station (CUG mobile of the station in-charge, UP Police list dated July 2025). For online harassment, sextortion, morphed images, stalking and fraud. National cyber helpline 1930 / cybercrime.gov.in.",https://uppolice.gov.in/site/writereaddata/siteContent/Cyber_Crime/202507011053200617CyberPoliceStationsEmailMobileNo.pdf,2026-09-29
district,Uttar Pradesh,Gonda,cyber,"Cyber Crime Police Station, Gonda",7839876628,,sho-cybercrime.gn@up.gov.in,,,,"Cyber Crime Police Station (CUG mobile of the station in-charge, UP Police list dated July 2025). For online harassment, sextortion, morphed images, stalking and fraud. National cyber helpline 1930 / cybercrime.gov.in.",https://uppolice.gov.in/site/writereaddata/siteContent/Cyber_Crime/202507011053200617CyberPoliceStationsEmailMobileNo.pdf,2026-09-29
district,Uttar Pradesh,Gorakhpur,cyber,"Cyber Crime Police Station, Gorakhpur",7839876674,,so-cyberthana.gr@up.gov.in,,,,"Cyber Crime Police Station (CUG mobile of the station in-charge, UP Police list dated July 2025). For online harassment, sextortion, morphed images, stalking and fraud. National cyber helpline 1930 / cybercrime.gov.in.",https://uppolice.gov.in/site/writereaddata/siteContent/Cyber_Crime/202507011053200617CyberPoliceStationsEmailMobileNo.pdf,2026-09-29
district,Uttar Pradesh,Hamirpur,cyber,"Cyber Crime Police Station, Hamirpur",7839854611,,aspcrimehm-up@nic.in,,,,"Cyber Crime Police Station (CUG mobile of the station in-charge, UP Police list dated July 2025). For online harassment, sextortion, morphed images, stalking and fraud. National cyber helpline 1930 / cybercrime.gov.in.",https://uppolice.gov.in/site/writereaddata/siteContent/Cyber_Crime/202507011053200617CyberPoliceStationsEmailMobileNo.pdf,2026-09-29
district,Uttar Pradesh,Hapur,cyber,"Cyber Crime Police Station, Hapur",7839869743,,cybercell-police.hp@up.gov.in,,,,"Cyber Crime Police Station (CUG mobile of the station in-charge, UP Police list dated July 2025). For online harassment, sextortion, morphed images, stalking and fraud. National cyber helpline 1930 / cybercrime.gov.in.",https://uppolice.gov.in/site/writereaddata/siteContent/Cyber_Crime/202507011053200617CyberPoliceStationsEmailMobileNo.pdf,2026-09-29
district,Uttar Pradesh,Hardoi,cyber,"Cyber Crime Police Station, Hardoi",7839001315,,sho-cyberthana.hr@up.gov.in,,,,"Cyber Crime Police Station (CUG mobile of the station in-charge, UP Police list dated July 2025). For online harassment, sextortion, morphed images, stalking and fraud. National cyber helpline 1930 / cybercrime.gov.in.",https://uppolice.gov.in/site/writereaddata/siteContent/Cyber_Crime/202507011053200617CyberPoliceStationsEmailMobileNo.pdf,2026-09-29
district,Uttar Pradesh,Hathras,cyber,"Cyber Crime Police Station, Hathras",7839867371,,cybercrimeht-up@nic.in,,,,"Cyber Crime Police Station (CUG mobile of the station in-charge, UP Police list dated July 2025). For online harassment, sextortion, morphed images, stalking and fraud. National cyber helpline 1930 / cybercrime.gov.in.",https://uppolice.gov.in/site/writereaddata/siteContent/Cyber_Crime/202507011053200617CyberPoliceStationsEmailMobileNo.pdf,2026-09-29
district,Uttar Pradesh,Jalaun,cyber,"Cyber Crime Police Station, Jalaun",7839860021,,cybercrime.jl-up@gov.in,,,,"Cyber Crime Police Station (CUG mobile of the station in-charge, UP Police list dated July 2025). For online harassment, sextortion, morphed images, stalking and fraud. National cyber helpline 1930 / cybercrime.gov.in.",https://uppolice.gov.in/site/writereaddata/siteContent/Cyber_Crime/202507011053200617CyberPoliceStationsEmailMobileNo.pdf,2026-09-29
district,Uttar Pradesh,Jaunpur,cyber,"Cyber Crime Police Station, Jaunpur",9454405534,,sogpoljau-up@nic.in,,,,"Cyber Crime Police Station (CUG mobile of the station in-charge, UP Police list dated July 2025). For online harassment, sextortion, morphed images, stalking and fraud. National cyber helpline 1930 / cybercrime.gov.in.",https://uppolice.gov.in/site/writereaddata/siteContent/Cyber_Crime/202507011053200617CyberPoliceStationsEmailMobileNo.pdf,2026-09-29
district,Uttar Pradesh,Jhansi,cyber,"Cyber Crime Police Station, Jhansi",7839876648,,sho-cybercrime.jh@up.gov.in,,,,"Cyber Crime Police Station (CUG mobile of the station in-charge, UP Police list dated July 2025). For online harassment, sextortion, morphed images, stalking and fraud. National cyber helpline 1930 / cybercrime.gov.in.",https://uppolice.gov.in/site/writereaddata/siteContent/Cyber_Crime/202507011053200617CyberPoliceStationsEmailMobileNo.pdf,2026-09-29
district,Uttar Pradesh,Kannauj,cyber,"Cyber Crime Police Station, Kannauj",7839865400,,,,,,"Cyber Crime Police Station (CUG mobile of the station in-charge, UP Police list dated July 2025). For online harassment, sextortion, morphed images, stalking and fraud. National cyber helpline 1930 / cybercrime.gov.in. Email in source omitted (malformed or a personal address).",https://uppolice.gov.in/site/writereaddata/siteContent/Cyber_Crime/202507011053200617CyberPoliceStationsEmailMobileNo.pdf,2026-09-29
district,Uttar Pradesh,Kanpur Dehat,cyber,"Cyber Crime Police Station, Kanpur Dehat",7839864600,,,,,,"Cyber Crime Police Station (CUG mobile of the station in-charge, UP Police list dated July 2025). For online harassment, sextortion, morphed images, stalking and fraud. National cyber helpline 1930 / cybercrime.gov.in. Email in source omitted (malformed or a personal address).",https://uppolice.gov.in/site/writereaddata/siteContent/Cyber_Crime/202507011053200617CyberPoliceStationsEmailMobileNo.pdf,2026-09-29
district,Uttar Pradesh,Kasganj,cyber,"Cyber Crime Police Station, Kasganj",7839866975,,cybercell-police.kg@up.gov.in,,,,"Cyber Crime Police Station (CUG mobile of the station in-charge, UP Police list dated July 2025). For online harassment, sextortion, morphed images, stalking and fraud. National cyber helpline 1930 / cybercrime.gov.in.",https://uppolice.gov.in/site/writereaddata/siteContent/Cyber_Crime/202507011053200617CyberPoliceStationsEmailMobileNo.pdf,2026-09-29
district,Uttar Pradesh,Kaushambi,cyber,"Cyber Crime Police Station, Kaushambi",9454457706,,cybercrime.ks-up@gov.in,,,,"Cyber Crime Police Station (CUG mobile of the station in-charge, UP Police list dated July 2025). For online harassment, sextortion, morphed images, stalking and fraud. National cyber helpline 1930 / cybercrime.gov.in.",https://uppolice.gov.in/site/writereaddata/siteContent/Cyber_Crime/202507011053200617CyberPoliceStationsEmailMobileNo.pdf,2026-09-29
district,Uttar Pradesh,Kushinagar,cyber,"Cyber Crime Police Station, Kushinagar",7839862269,,cybercrimeku-up@nic.in,,,,"Cyber Crime Police Station (CUG mobile of the station in-charge, UP Police list dated July 2025). For online harassment, sextortion, morphed images, stalking and fraud. National cyber helpline 1930 / cybercrime.gov.in.",https://uppolice.gov.in/site/writereaddata/siteContent/Cyber_Crime/202507011053200617CyberPoliceStationsEmailMobileNo.pdf,2026-09-29
district,Uttar Pradesh,Lakhimpur Kheri,cyber,"Cyber Crime Police Station, Lakhimpur Kheri",9454405575,,shocybercrime.lk@up.gov.in,,,,"Cyber Crime Police Station (CUG mobile of the station in-charge, UP Police list dated July 2025). For online harassment, sextortion, morphed images, stalking and fraud. National cyber helpline 1930 / cybercrime.gov.in.",https://uppolice.gov.in/site/writereaddata/siteContent/Cyber_Crime/202507011053200617CyberPoliceStationsEmailMobileNo.pdf,2026-09-29
district,Uttar Pradesh,Lalitpur,cyber,"Cyber Crime Police Station, Lalitpur",7839862971,,cybercrime.la-up@gov.in,,,,"Cyber Crime Police Station (CUG mobile of the station in-charge, UP Police list dated July 2025). For online harassment, sextortion, morphed images, stalking and fraud. National cyber helpline 1930 / cybercrime.gov.in.",https://uppolice.gov.in/site/writereaddata/siteContent/Cyber_Crime/202507011053200617CyberPoliceStationsEmailMobileNo.pdf,2026-09-29
district,Uttar Pradesh,Maharajganj,cyber,"Cyber Crime Police Station, Maharajganj",7839862468,,cybercrime.mg-up@gov.in,,,,"Cyber Crime Police Station (CUG mobile of the station in-charge, UP Police list dated July 2025). For online harassment, sextortion, morphed images, stalking and fraud. National cyber helpline 1930 / cybercrime.gov.in.",https://uppolice.gov.in/site/writereaddata/siteContent/Cyber_Crime/202507011053200617CyberPoliceStationsEmailMobileNo.pdf,2026-09-29
district,Uttar Pradesh,Mahoba,cyber,"Cyber Crime Police Station, Mahoba",7839697249,,cybercrime.mh-up@gov.in,,,,"Cyber Crime Police Station (CUG mobile of the station in-charge, UP Police list dated July 2025). For online harassment, sextortion, morphed images, stalking and fraud. National cyber helpline 1930 / cybercrime.gov.in.",https://uppolice.gov.in/site/writereaddata/siteContent/Cyber_Crime/202507011053200617CyberPoliceStationsEmailMobileNo.pdf,2026-09-29
district,Uttar Pradesh,Mainpuri,cyber,"Cyber Crime Police Station, Mainpuri",9454403927,,sho-cybercrime.mp@up.gov.in,,,,"Cyber Crime Police Station (CUG mobile of the station in-charge, UP Police list dated July 2025). For online harassment, sextortion, morphed images, stalking and fraud. National cyber helpline 1930 / cybercrime.gov.in.",https://uppolice.gov.in/site/writereaddata/siteContent/Cyber_Crime/202507011053200617CyberPoliceStationsEmailMobileNo.pdf,2026-09-29
district,Uttar Pradesh,Mathura,cyber,"Cyber Crime Police Station, Mathura",7839003576,,cybercrimemt-up@nic.in,,,,"Cyber Crime Police Station (CUG mobile of the station in-charge, UP Police list dated July 2025). For online harassment, sextortion, morphed images, stalking and fraud. National cyber helpline 1930 / cybercrime.gov.in.",https://uppolice.gov.in/site/writereaddata/siteContent/Cyber_Crime/202507011053200617CyberPoliceStationsEmailMobileNo.pdf,2026-09-29
district,Uttar Pradesh,Mau,cyber,"Cyber Crime Police Station, Mau",7839858208,,sho-cybercrime.mb@up.gov.in,,,,"Cyber Crime Police Station (CUG mobile of the station in-charge, UP Police list dated July 2025). For online harassment, sextortion, morphed images, stalking and fraud. National cyber helpline 1930 / cybercrime.gov.in.",https://uppolice.gov.in/site/writereaddata/siteContent/Cyber_Crime/202507011053200617CyberPoliceStationsEmailMobileNo.pdf,2026-09-29
district,Uttar Pradesh,Meerut,cyber,"Cyber Crime Police Station, Meerut",7839855538,,cybercrimeme-up@nic.in,,,,"Cyber Crime Police Station (CUG mobile of the station in-charge, UP Police list dated July 2025). For online harassment, sextortion, morphed images, stalking and fraud. National cyber helpline 1930 / cybercrime.gov.in.",https://uppolice.gov.in/site/writereaddata/siteContent/Cyber_Crime/202507011053200617CyberPoliceStationsEmailMobileNo.pdf,2026-09-29
district,Uttar Pradesh,Mirzapur,cyber,"Cyber Crime Police Station, Mirzapur",7839876627,,ps-cybercrime.mi@nic.in,,,,"Cyber Crime Police Station (CUG mobile of the station in-charge, UP Police list dated July 2025). For online harassment, sextortion, morphed images, stalking and fraud. National cyber helpline 1930 / cybercrime.gov.in.",https://uppolice.gov.in/site/writereaddata/siteContent/Cyber_Crime/202507011053200617CyberPoliceStationsEmailMobileNo.pdf,2026-09-29
district,Uttar Pradesh,Moradabad,cyber,"Cyber Crime Police Station, Moradabad",7839876646,,sho-cybercrime.mo@up.gov.in,,,,"Cyber Crime Police Station (CUG mobile of the station in-charge, UP Police list dated July 2025). For online harassment, sextortion, morphed images, stalking and fraud. National cyber helpline 1930 / cybercrime.gov.in.",https://uppolice.gov.in/site/writereaddata/siteContent/Cyber_Crime/202507011053200617CyberPoliceStationsEmailMobileNo.pdf,2026-09-29
district,Uttar Pradesh,Muzaffarnagar,cyber,"Cyber Crime Police Station, Muzaffarnagar",9454401617,,,,,,"Cyber Crime Police Station (CUG mobile of the station in-charge, UP Police list dated July 2025). For online harassment, sextortion, morphed images, stalking and fraud. National cyber helpline 1930 / cybercrime.gov.in. Email in source omitted (malformed or a personal address).",https://uppolice.gov.in/site/writereaddata/siteContent/Cyber_Crime/202507011053200617CyberPoliceStationsEmailMobileNo.pdf,2026-09-29
district,Uttar Pradesh,Pilibhit,cyber,"Cyber Crime Police Station, Pilibhit",7839857205,,cyberpspilibhit@gmail.com,,,,"Cyber Crime Police Station (CUG mobile of the station in-charge, UP Police list dated July 2025). For online harassment, sextortion, morphed images, stalking and fraud. National cyber helpline 1930 / cybercrime.gov.in.",https://uppolice.gov.in/site/writereaddata/siteContent/Cyber_Crime/202507011053200617CyberPoliceStationsEmailMobileNo.pdf,2026-09-29
district,Uttar Pradesh,Pratapgarh,cyber,"Cyber Crime Police Station, Pratapgarh",9454405392,,sho-cybercrime.pr@up.gov.in,,,,"Cyber Crime Police Station (CUG mobile of the station in-charge, UP Police list dated July 2025). For online harassment, sextortion, morphed images, stalking and fraud. National cyber helpline 1930 / cybercrime.gov.in.",https://uppolice.gov.in/site/writereaddata/siteContent/Cyber_Crime/202507011053200617CyberPoliceStationsEmailMobileNo.pdf,2026-09-29
district,Uttar Pradesh,Rae Bareli,cyber,"Cyber Crime Police Station, Rae Bareli",7839862060,,dspcrimerb-up@nic.in,,,,"Cyber Crime Police Station (CUG mobile of the station in-charge, UP Police list dated July 2025). For online harassment, sextortion, morphed images, stalking and fraud. National cyber helpline 1930 / cybercrime.gov.in.",https://uppolice.gov.in/site/writereaddata/siteContent/Cyber_Crime/202507011053200617CyberPoliceStationsEmailMobileNo.pdf,2026-09-29
district,Uttar Pradesh,Rampur,cyber,"Cyber Crime Police Station, Rampur",7839001087,,cybercrime.ra-up@gov.in,,,,"Cyber Crime Police Station (CUG mobile of the station in-charge, UP Police list dated July 2025). For online harassment, sextortion, morphed images, stalking and fraud. National cyber helpline 1930 / cybercrime.gov.in.",https://uppolice.gov.in/site/writereaddata/siteContent/Cyber_Crime/202507011053200617CyberPoliceStationsEmailMobileNo.pdf,2026-09-29
district,Uttar Pradesh,Saharanpur,cyber,"Cyber Crime Police Station, Saharanpur",7839876635,,sho-cybercrime.sa@up.gov.in,,,,"Cyber Crime Police Station (CUG mobile of the station in-charge, UP Police list dated July 2025). For online harassment, sextortion, morphed images, stalking and fraud. National cyber helpline 1930 / cybercrime.gov.in.",https://uppolice.gov.in/site/writereaddata/siteContent/Cyber_Crime/202507011053200617CyberPoliceStationsEmailMobileNo.pdf,2026-09-29
district,Uttar Pradesh,Sambhal,cyber,"Cyber Crime Police Station, Sambhal",7839875646,,cybercrime-police.sb@up.gov.in,,,,"Cyber Crime Police Station (CUG mobile of the station in-charge, UP Police list dated July 2025). For online harassment, sextortion, morphed images, stalking and fraud. National cyber helpline 1930 / cybercrime.gov.in.",https://uppolice.gov.in/site/writereaddata/siteContent/Cyber_Crime/202507011053200617CyberPoliceStationsEmailMobileNo.pdf,2026-09-29
district,Uttar Pradesh,Sant Kabir Nagar,cyber,"Cyber Crime Police Station, Sant Kabir Nagar",7839873039,,so-cybercrime.sk@nic.in,,,,"Cyber Crime Police Station (CUG mobile of the station in-charge, UP Police list dated July 2025). For online harassment, sextortion, morphed images, stalking and fraud. National cyber helpline 1930 / cybercrime.gov.in.",https://uppolice.gov.in/site/writereaddata/siteContent/Cyber_Crime/202507011053200617CyberPoliceStationsEmailMobileNo.pdf,2026-09-29
district,Uttar Pradesh,Shahjahanpur,cyber,"Cyber Crime Police Station, Shahjahanpur",7839863503,,cybercrimesj-up@nic.in,,,,"Cyber Crime Police Station (CUG mobile of the station in-charge, UP Police list dated July 2025). For online harassment, sextortion, morphed images, stalking and fraud. National cyber helpline 1930 / cybercrime.gov.in.",https://uppolice.gov.in/site/writereaddata/siteContent/Cyber_Crime/202507011053200617CyberPoliceStationsEmailMobileNo.pdf,2026-09-29
district,Uttar Pradesh,Shamli,cyber,"Cyber Crime Police Station, Shamli",7351228100,,sho-cybercrime.sm@up.gov.in,,,,"Cyber Crime Police Station (CUG mobile of the station in-charge, UP Police list dated July 2025). For online harassment, sextortion, morphed images, stalking and fraud. National cyber helpline 1930 / cybercrime.gov.in.",https://uppolice.gov.in/site/writereaddata/siteContent/Cyber_Crime/202507011053200617CyberPoliceStationsEmailMobileNo.pdf,2026-09-29
district,Uttar Pradesh,Shravasti,cyber,"Cyber Crime Police Station, Shravasti",6389983097,,sho-cybercrime.sv@up.gov.in,,,,"Cyber Crime Police Station (CUG mobile of the station in-charge, UP Police list dated July 2025). For online harassment, sextortion, morphed images, stalking and fraud. National cyber helpline 1930 / cybercrime.gov.in.",https://uppolice.gov.in/site/writereaddata/siteContent/Cyber_Crime/202507011053200617CyberPoliceStationsEmailMobileNo.pdf,2026-09-29
district,Uttar Pradesh,Siddharthnagar,cyber,"Cyber Crime Police Station, Siddharthnagar",7839697399,,cybercell.sn-up@gov.in,,,,"Cyber Crime Police Station (CUG mobile of the station in-charge, UP Police list dated July 2025). For online harassment, sextortion, morphed images, stalking and fraud. National cyber helpline 1930 / cybercrime.gov.in.",https://uppolice.gov.in/site/writereaddata/siteContent/Cyber_Crime/202507011053200617CyberPoliceStationsEmailMobileNo.pdf,2026-09-29
district,Uttar Pradesh,Sitapur,cyber,"Cyber Crime Police Station, Sitapur",7839860391,,cybercrimesi-up@nic.in,,,,"Cyber Crime Police Station (CUG mobile of the station in-charge, UP Police list dated July 2025). For online harassment, sextortion, morphed images, stalking and fraud. National cyber helpline 1930 / cybercrime.gov.in.",https://uppolice.gov.in/site/writereaddata/siteContent/Cyber_Crime/202507011053200617CyberPoliceStationsEmailMobileNo.pdf,2026-09-29
district,Uttar Pradesh,Sonbhadra,cyber,"Cyber Crime Police Station, Sonbhadra",7839857622,,cybercell-police.so@up.gov.in,,,,"Cyber Crime Police Station (CUG mobile of the station in-charge, UP Police list dated July 2025). For online harassment, sextortion, morphed images, stalking and fraud. National cyber helpline 1930 / cybercrime.gov.in.",https://uppolice.gov.in/site/writereaddata/siteContent/Cyber_Crime/202507011053200617CyberPoliceStationsEmailMobileNo.pdf,2026-09-29
district,Uttar Pradesh,Sultanpur,cyber,"Cyber Crime Police Station, Sultanpur",7839863768,,,,,,"Cyber Crime Police Station (CUG mobile of the station in-charge, UP Police list dated July 2025). For online harassment, sextortion, morphed images, stalking and fraud. National cyber helpline 1930 / cybercrime.gov.in. Email in source omitted (malformed or a personal address).",https://uppolice.gov.in/site/writereaddata/siteContent/Cyber_Crime/202507011053200617CyberPoliceStationsEmailMobileNo.pdf,2026-09-29
district,Uttar Pradesh,Unnao,cyber,"Cyber Crime Police Station, Unnao",9454404973,,so-cyber.un@up.gov.in,,,,"Cyber Crime Police Station (CUG mobile of the station in-charge, UP Police list dated July 2025). For online harassment, sextortion, morphed images, stalking and fraud. National cyber helpline 1930 / cybercrime.gov.in.",https://uppolice.gov.in/site/writereaddata/siteContent/Cyber_Crime/202507011053200617CyberPoliceStationsEmailMobileNo.pdf,2026-09-29
