year,section,title,url
2024,Summary (34 Metropolitan Cities),1B.1 IPC Crimes (City-wise) - 2022-2024,https://www.ncrb.gov.in/uploads/files/TABLE1B16.xlsx
2024,Summary (34 Metropolitan Cities),1B.2 SLL Crimes (City-wise) - 2022-2024,https://www.ncrb.gov.in/uploads/files/TABLE1B23.xlsx
2024,Summary (34 Metropolitan Cities),1B.3 IPC & SLL Crimes (City-wise) - 2022-2024,https://www.ncrb.gov.in/uploads/files/TABLE1B33.xlsx
2024,Summary (34 Metropolitan Cities),1B.4 IPC Crimes (Crime Head-wise & City-wise) - 2024,https://www.ncrb.gov.in/uploads/files/TABLE1B44.xlsx
2024,Summary (34 Metropolitan Cities),1B.5 SLL Crimes (Crime Head-wise & City-wise) - 2024,https://www.ncrb.gov.in/uploads/files/TABLE1B54.xlsx
2024,Summary (34 Violent Crimes),1C..3 City-wise Violent Crimes (Incidence & Crime Rate) - 2024,https://www.ncrb.gov.in/uploads/files/TABLE1C34.xlsx
2024,Summary (34 Violent Crimes),1C.4 Violent Crimes (Crime Head-wise & City-wise) - 2024,https://www.ncrb.gov.in/uploads/files/TABLE1C44.xlsx
2024,Murder (34 Metropolitan Cities),2B.1 Murder Cases (City-wise) - 2022-2024,https://www.ncrb.gov.in/uploads/files/TABLE2B14.xlsx
2024,Murder (34 Metropolitan Cities),2B.2 Motives of Murder - 2024,https://www.ncrb.gov.in/uploads/files/TABLE2B24.xlsx
2024,Murder (34 Metropolitan Cities),2B.3 Victims of Murder (Gender & Age Group-wise) - 2024,https://www.ncrb.gov.in/uploads/files/TABLE2B33.xlsx
2024,Kidnapping & Abduction (34 Metropolitan Cities),2D.1 Kidnapping & Abduction (City-wise) - 2022-2024,https://www.ncrb.gov.in/uploads/files/TABLE2D16.xlsx
2024,Kidnapping & Abduction (34 Metropolitan Cities),2D.2 Purpose of Kidnapping & Abduction - 2024,https://www.ncrb.gov.in/uploads/files/TABLE2D29.xlsx
2024,Kidnapping & Abduction (34 Metropolitan Cities),2D.3 Purpose of Kidnapping & Abduction (Alive Victims) - 2024,https://www.ncrb.gov.in/uploads/files/TABLE2D33.xlsx
2024,Kidnapping & Abduction (34 Metropolitan Cities),2D.4 Recovery of Kidnapped & Abducted Persons (City-wise) - 2024,https://www.ncrb.gov.in/uploads/files/TABLE2D43.xlsx
2024,Kidnapping & Abduction (34 Metropolitan Cities),2D.5 Recovery of Kidnapped & Abducted Persons (Gender & Age Group-wise) - 2024,https://www.ncrb.gov.in/uploads/files/TABLE2D55.xlsx
2024,Crime Against Women (34 Metropolitan Cities),3B.1 Crime Against Women (City-wise) - 2022-2024,https://www.ncrb.gov.in/uploads/files/TABLE3B13.xlsx
2024,Crime Against Women (34 Metropolitan Cities),3B.2 Crime Against Women (Crime Head-wise & City-wise) - 2024,https://www.ncrb.gov.in/uploads/files/TABLE3B23.xlsx
2024,Crime Against Women (34 Metropolitan Cities),3B.3 Police Disposal of Crime Against Women Cases (Crime Head-wise) - 2024,https://www.ncrb.gov.in/uploads/files/TABLE3B33.xlsx
2024,Crime Against Women (34 Metropolitan Cities),3B.4 Police Disposal of Crime Against Women Cases (City-wise) - 2024,https://www.ncrb.gov.in/uploads/files/TABLE3B43.xlsx
2024,Crime Against Women (34 Metropolitan Cities),3B.5 Court Disposal of Crime Against Women Cases (Crime Head-wise) - 2024,https://www.ncrb.gov.in/uploads/files/TABLE3B53.xlsx
2024,Crime Against Women (34 Metropolitan Cities),3B.6 Court Disposal of Crime Against Women Cases (City-wise) - 2024,https://www.ncrb.gov.in/uploads/files/TABLE3B63.xlsx
2024,Crime Against Women (34 Metropolitan Cities),3B.7 Disposal of Persons Arrested for Crime Against Women (Crime Head-wise) - 2024,https://www.ncrb.gov.in/uploads/files/TABLE3B74.xlsx
2024,Crime Against Women (34 Metropolitan Cities),3B.8 Disposal of Persons Arrested for Crime Against Women (City-wise) - 2024,https://www.ncrb.gov.in/uploads/files/TABLE3B83.xlsx
2024,Crime Against Children (34 Metropolitan Cities),4B.1 Crime Against Children (City-wise) - 2022-2024,https://www.ncrb.gov.in/uploads/files/TABLE4B13.xlsx
2024,Crime Against Children (34 Metropolitan Cities),4B.2 Crime Against Children (Crime Head-wise & City-wise) - 2024,https://www.ncrb.gov.in/uploads/files/TABLE4B23.xlsx
2024,Crime Against Children (34 Metropolitan Cities),4B.3 Police Disposal of Crime Against Children Cases (Crime Head-wise) - 2024,https://www.ncrb.gov.in/uploads/files/TABLE4B33.xlsx
2024,Crime Against Children (34 Metropolitan Cities),4B.4 Police Disposal of Crime Against Children Cases (City-wise) - 2024,https://www.ncrb.gov.in/uploads/files/TABLE4B43.xlsx
2024,Crime Against Children (34 Metropolitan Cities),4B.5 Court Disposal of Crime Against Children Cases (Crime Head-wise) - 2024,https://www.ncrb.gov.in/uploads/files/TABLE4B53.xlsx
2024,Crime Against Children (34 Metropolitan Cities),4B.6 Court Disposal of Crime Against Children Cases (City-wise) - 2024,https://www.ncrb.gov.in/uploads/files/TABLE4B63.xlsx
2024,Crime Against Children (34 Metropolitan Cities),4B.7 Disposal of Persons Arrested for Crime Against Children (Crime Head-wise) - 2024,https://www.ncrb.gov.in/uploads/files/TABLE4B73.xlsx
2024,Crime Against Children (34 Metropolitan Cities),4B.8 Disposal of Persons Arrested for Crime Against Children(City-wise) - 2024,https://www.ncrb.gov.in/uploads/files/TABLE4B84.xlsx
2024,Juveniles In Conflict With Law (34 Metropolitan Cities),5B.1 Crime Committed by Juveniles (City-wise) - 2022-2024,https://www.ncrb.gov.in/uploads/files/TABLE5B13.xlsx
2024,Juveniles In Conflict With Law (34 Metropolitan Cities),5B.2 IPC Crimes committed by Juveniles (City-wise) - 2024,https://www.ncrb.gov.in/uploads/files/TABLE5B23.xlsx
2024,Juveniles In Conflict With Law (34 Metropolitan Cities),5B.3 SLL Crimes committed by Juveniles (City-wise) - 2024,https://www.ncrb.gov.in/uploads/files/TABLE5B33.xlsx
2024,Juveniles In Conflict With Law (34 Metropolitan Cities),"5B.4 Juveniles Apprehended (Crime Head, Age Groups & Gender-wise) – 2024 (Merge Both Excel and PDF Tables (Table 5B.4A & 5B.4B))",https://www.ncrb.gov.in/uploads/files/TABLE5B41.xlsx
2024,Juveniles In Conflict With Law (34 Metropolitan Cities),5B.5 Disposal of Juveniles Apprehended (City-wise) - 2024,https://www.ncrb.gov.in/uploads/files/TABLE4B54.xlsx
2024,Juveniles In Conflict With Law (34 Metropolitan Cities),5B.6 Education & Family Background of Juveniles Arrested - 2024,https://www.ncrb.gov.in/uploads/files/TABLE5B63.xlsx
2024,Crime Against Senior Citizen (34 Metropolitan Cities),6B.1 Crime Against Senior Citizens (City-wise) -2022-2024,https://www.ncrb.gov.in/uploads/files/TABLE6B15.xlsx
2024,Crime Against Senior Citizen (34 Metropolitan Cities),6B.2 Crime Against Senior Citizens (Crime Head-wise & City-wise) -2024,https://www.ncrb.gov.in/uploads/files/TABLE6B24.xlsx
2024,Crime Against Senior Citizen (34 Metropolitan Cities),6B.3 Police Disposal of Crime Against Senior Citizen Cases (City-wise) -2024,https://www.ncrb.gov.in/uploads/files/TABLE6B33.xlsx
2024,Crime Against Senior Citizen (34 Metropolitan Cities),6B.4 Police Disposal of Crime Against Senior Citizen Cases (Crime Head-wise) -2024,https://www.ncrb.gov.in/uploads/files/TABLE6B44.xlsx
2024,Crime Against Senior Citizen (34 Metropolitan Cities),6B.5 Court Disposal of Crime Against Senior Citizen Cases (Crime Head-wise) -2024,https://www.ncrb.gov.in/uploads/files/TABLE6B53.xlsx
2024,Crime Against Senior Citizen (34 Metropolitan Cities),6B.6 Court Disposal of Crime Against Senior Citizen (City-wise) -2024,https://www.ncrb.gov.in/uploads/files/TABLE6B63.xlsx
2024,Crime Against Senior Citizen (34 Metropolitan Cities),6B.7 Disposal of Persons for Crime Against Senior Citizen (City-wise) -2024,https://www.ncrb.gov.in/uploads/files/TABLE6B73.xlsx
2024,Crime Against Senior Citizen (34 Metropolitan Cities),6B.8 Disposal of Persons for Crime Against Senior Citizen (Crime Head-wise) -2024,https://www.ncrb.gov.in/uploads/files/TABLE6B83.xlsx
2024,Crime/atrocities Against Scheduled Castes (34 Metropolitan Cities),7B.1 Crime/Atrocities against Scheduled Castes (City-wise) -2022-2024,https://www.ncrb.gov.in/uploads/files/TABLE7B14.xlsx
2024,Crime/atrocities Against Scheduled Castes (34 Metropolitan Cities),7B.2 Crime/Atrocities against Scheduled Castes (Crime Head-wise & City-wise) -2024,https://www.ncrb.gov.in/uploads/files/TABLE7B23.xlsx
2024,Crime/atrocities Against Scheduled Castes (34 Metropolitan Cities),7B.3 Police Disposal of Crime/Atrocities against SCs Cases (Crime Head-wise) -2024,https://www.ncrb.gov.in/uploads/files/TABLE7B33.xlsx
2024,Crime/atrocities Against Scheduled Castes (34 Metropolitan Cities),7B.4 Police Disposal of Crime/Atrocities against SCs Cases (City-wise) -2024,https://www.ncrb.gov.in/uploads/files/TABLE7B43.xlsx
2024,Crime/atrocities Against Scheduled Castes (34 Metropolitan Cities),7B.5 Court Disposal of Crime/Atrocities against SCs Cases (Crime Head-wise) -2024,https://www.ncrb.gov.in/uploads/files/TABLE7B54.xlsx
2024,Crime/atrocities Against Scheduled Castes (34 Metropolitan Cities),7B.6 Court Disposal of Crime/Atrocities against SCs Cases (City-wise) -2024,https://www.ncrb.gov.in/uploads/files/TABLE7B64.xlsx
2024,Crime/atrocities Against Scheduled Castes (34 Metropolitan Cities),7B.7 Disposal of Persons Arrested for Crime/Atrocities against SCs (Crime Head-wise) -2024,https://www.ncrb.gov.in/uploads/files/TABLE7B72.xlsx
2024,Crime/atrocities Against Scheduled Castes (34 Metropolitan Cities),7B.8 Disposal of Persons Arrested for Crime/Atrocities against SCs (City-wise) -2024,https://www.ncrb.gov.in/uploads/files/TABLE7B83.xlsx
2024,Crime/atrocities Against Scheduled Tribes (34 Metropolitan Cities),7D.1 Crime/Atrocities against Scheduled Tribes (City-wise) -2022-2024,https://www.ncrb.gov.in/uploads/files/TABLE7D13.xlsx
2024,Crime/atrocities Against Scheduled Tribes (34 Metropolitan Cities),7D.2 Crime/Atrocities against Scheduled Tribes (Crime Head-wise & City-wise) -2024,https://www.ncrb.gov.in/uploads/files/TABLE7D23.pdf
2024,Crime/atrocities Against Scheduled Tribes (34 Metropolitan Cities),7D.3 Police Disposal of Crime/Atrocities against STs Cases (Crime Head-wise) -2024,https://www.ncrb.gov.in/uploads/files/TABLE7D33.xlsx
2024,Crime/atrocities Against Scheduled Tribes (34 Metropolitan Cities),7D.4 Police Disposal of Crime/Atrocities against STs Cases (City-wise) -2024,https://www.ncrb.gov.in/uploads/files/TABLE7D44.xlsx
2024,Crime/atrocities Against Scheduled Tribes (34 Metropolitan Cities),7D.5 Court Disposal of Crime/Atrocities against STs Cases (Crime Head-wise) -2024,https://www.ncrb.gov.in/uploads/files/TABLE7D53.xlsx
2024,Crime/atrocities Against Scheduled Tribes (34 Metropolitan Cities),7D.6 Court Disposal of Crime/Atrocities against STs Cases (City-wise) -2024,https://www.ncrb.gov.in/uploads/files/TABLE7D63.xlsx
2024,Crime/atrocities Against Scheduled Tribes (34 Metropolitan Cities),7D.7 Disposal of Persons Arrested for Crime/Atrocities against STs (Crime Head-wise) -2024,https://www.ncrb.gov.in/uploads/files/TABLE7D74.xlsx
2024,Crime/atrocities Against Scheduled Tribes (34 Metropolitan Cities),7D.8 Disposal of Persons Arrested for Crime/Atrocities against STs (City-wise) -2024,https://www.ncrb.gov.in/uploads/files/TABLE7D84.xlsx
2024,Economic Offences (34 Metropolitan Cities),8B.1 Economic Offenses (City-wise) -2022-2024,https://www.ncrb.gov.in/uploads/files/TABLE8B13.xlsx
2024,Economic Offences (34 Metropolitan Cities),8B.2 Economic Crimes (City wise & Crime Head-wise) -2024,https://www.ncrb.gov.in/uploads/files/TABLE8B23.pdf
2024,Economic Offences (34 Metropolitan Cities),8B.3 Economic Offenses - Loss of Property -2024,https://www.ncrb.gov.in/uploads/files/TABLE8B33.pdf
2024,Economic Offences (34 Metropolitan Cities),8B.4 Police Disposal of Economic Offenses (City wise) -2024,https://www.ncrb.gov.in/uploads/files/TABLE8B44.xlsx
2024,Economic Offences (34 Metropolitan Cities),8B.5 Police Disposal of Economic Offenses (Crime Head-wise) -2024,https://www.ncrb.gov.in/uploads/files/TABLE8B53.xlsx
2024,Economic Offences (34 Metropolitan Cities),8B.6 Court Disposal of Economic Offenses (Crime Head-wise) -2024,https://www.ncrb.gov.in/uploads/files/TABLE8B63.xlsx
2024,Economic Offences (34 Metropolitan Cities),8B.7 Court Disposal of Economic Offenses (City wise) -2024,https://www.ncrb.gov.in/uploads/files/TABLE8B74.xlsx
2024,Economic Offences (34 Metropolitan Cities),8B.8 Disposal of Persons Arrested under Economic Offenses (Crime Head-wise) -2024,https://www.ncrb.gov.in/uploads/files/TABLE8B84.xlsx
2024,Economic Offences (34 Metropolitan Cities),8B.9 Disposal of Persons Arrested under Economic Offenses (City wise) -2024,https://www.ncrb.gov.in/uploads/files/TABLE8B94.xlsx
2024,Cyber Crimes (34 Metropolitan Cities),9B.1 Cyber ​​Crime (City-wise) -2022-2024,https://www.ncrb.gov.in/uploads/files/TABLE9B14.xlsx
2024,Cyber Crimes (34 Metropolitan Cities),9B.2 Cyber ​​Crimes (Crime Head-wise & City-wise) -2024,https://www.ncrb.gov.in/uploads/files/TABLE9B23.xlsx
2024,Cyber Crimes (34 Metropolitan Cities),9B.3 Cyber ​​Crime Motives -2024,https://www.ncrb.gov.in/uploads/files/TABLE9B33.xlsx
2024,Cyber Crimes (34 Metropolitan Cities),9B.4 Police Disposal of Cyber ​​Crime Cases (Crime Head-wise) -2024,https://www.ncrb.gov.in/uploads/files/TABLE9B43.xlsx
2024,Cyber Crimes (34 Metropolitan Cities),9B.5 Police Disposal of Cyber ​​Crime Cases (City wise) -2024,https://www.ncrb.gov.in/uploads/files/TABLE9B53.xlsx
2024,Cyber Crimes (34 Metropolitan Cities),9B.6 Court Disposal of Cyber ​​Crime Cases (Crime Head-wise) -2024,https://www.ncrb.gov.in/uploads/files/TABLE9B64.xlsx
2024,Cyber Crimes (34 Metropolitan Cities),9B.7 Court Disposal of Cyber ​​Crime Cases (City wise) -2024,https://www.ncrb.gov.in/uploads/files/TABLE9B73.xlsx
2024,Cyber Crimes (34 Metropolitan Cities),9B.8 Disposal of Persons Arrested under Cyber ​​Crime (Crime Head-wise) -2024,https://www.ncrb.gov.in/uploads/files/TABLE8B85.xlsx
2024,Cyber Crimes (34 Metropolitan Cities),9B.9 Disposal of Persons Arrested under Cyber ​​Crime (City wise) -2024,https://www.ncrb.gov.in/uploads/files/TABLE9B93.xlsx
2024,Disposal Of Cases By Police (34 Metropolitan Cities),17B.1 Police Disposal of IPC Crime Cases (Crime Head-wise) - 2024,https://www.ncrb.gov.in/uploads/files/TABLE17B13.xlsx
2024,Disposal Of Cases By Police (34 Metropolitan Cities),17B.2 Police Disposal of IPC Crime Cases (City-wise) - 2024,https://www.ncrb.gov.in/uploads/files/TABLE17B23.xlsx
2024,Disposal Of Cases By Police (34 Metropolitan Cities),17B.3 Police Disposal of SLL Crime Cases (Crime Head-wise) - 2024,https://www.ncrb.gov.in/uploads/files/TABLE17B33.xlsx
2024,Disposal Of Cases By Police (34 Metropolitan Cities),17B.4 Police Disposal of SLL Crime Cases (City-wise) - 2024,https://www.ncrb.gov.in/uploads/files/TABLE17B43.xlsx
2024,Disposal Of Cases By Courts (34 Metropolitan Cities),18B.1 Court Disposal of IPC Crime Cases (Crime Head-wise) - 2024,https://www.ncrb.gov.in/uploads/files/TABLE18B13.pdf
2024,Disposal Of Cases By Courts (34 Metropolitan Cities),18B.2 Court Disposal of IPC Crime Cases (City-wise) - 2024,https://www.ncrb.gov.in/uploads/files/TABLE18B23.xlsx
2024,Disposal Of Cases By Courts (34 Metropolitan Cities),18B.3 Court Disposal of SLL Crime Cases (Crime Head-wise) - 2024,https://www.ncrb.gov.in/uploads/files/TABLE18B33.xlsx
2024,Disposal Of Cases By Courts (34 Metropolitan Cities),18B.4 Court Disposal of SLL Crime Cases (City-wise) - 2024,https://www.ncrb.gov.in/uploads/files/TABLE18B43.xlsx
2024,"Arrests, Convictions & Acquittals Of Persons (34 Metropolitan Cities)",19B.1 Arrests under IPC Crimes (Crime Head-wise) - 2024,https://www.ncrb.gov.in/uploads/files/TABLE19B13.xlsx
2024,"Arrests, Convictions & Acquittals Of Persons (34 Metropolitan Cities)",19B.2 Arrests under IPC Crimes (City-wise) - 2024,https://www.ncrb.gov.in/uploads/files/TABLE19B23.xlsx
2024,"Arrests, Convictions & Acquittals Of Persons (34 Metropolitan Cities)",19B.3 Arrests under SLL Crimes (Crime Head-wise) - 2024,https://www.ncrb.gov.in/uploads/files/TABLE19B33.xlsx
2024,"Arrests, Convictions & Acquittals Of Persons (34 Metropolitan Cities)",19B.4 Arrests under SLL Crimes (City-wise) - 2024,https://www.ncrb.gov.in/uploads/files/TABLE19B43.xlsx
2024,"Arrests, Convictions & Acquittals Of Persons (34 Metropolitan Cities)",19B.5 Disposal of Persons Arrested under IPC Crimes (Crime Head-wise) - 2024,https://www.ncrb.gov.in/uploads/files/TABLE19B53.pdf
2024,"Arrests, Convictions & Acquittals Of Persons (34 Metropolitan Cities)",19B.6 Disposal of Persons Arrested under IPC Crimes (City-wise) - 2024,https://www.ncrb.gov.in/uploads/files/TABLE19B62.xlsx
2024,"Arrests, Convictions & Acquittals Of Persons (34 Metropolitan Cities)",19B.7 Disposal of Persons Arrested under SLL Crimes (Crime Head-wise) - 2024,https://www.ncrb.gov.in/uploads/files/TABLE19B73.xlsx
2024,"Arrests, Convictions & Acquittals Of Persons (34 Metropolitan Cities)",19B.8 Disposal of Persons Arrested under SLL Crimes (City-wise) - 2024,https://www.ncrb.gov.in/uploads/files/TABLE19B83.xlsx
2024,"Arrests, Convictions & Acquittals Of Persons (34 Metropolitan Cities)",19B.9 Disposal of Total Persons Arrested under All IPC+SLL Crimes (City-wise) - 2024,https://www.ncrb.gov.in/uploads/files/TABLE19B93.xlsx
2024,District Wise Reports,Districtwise IPC Crimes_2024,https://www.ncrb.gov.in/uploads/files/1DistrictwiseIPCCrimes2024.xlsx
2024,District Wise Reports,Districtwise SLL Crimes_2024,https://www.ncrb.gov.in/uploads/files/2DistrictwiseSLLCrimes2024.xlsx
2024,District Wise Reports,Districtwise Crime against Women_2024,https://www.ncrb.gov.in/uploads/files/3DistrictwiseCrimeagainstWomen2024.xlsx
2024,District Wise Reports,Districtwise Crime against Children_2024,https://www.ncrb.gov.in/uploads/files/4DistrictwiseCrimeagainstChildren2024.xlsx
2024,District Wise Reports,Districtwise Crime against SCs_2024,https://www.ncrb.gov.in/uploads/files/5DistrictwiseCrimeagainstSCs2024.xlsx
2024,District Wise Reports,Districtwise Crime against STs_2024,https://www.ncrb.gov.in/uploads/files/6DistrictwiseCrimeagainstSTs2024.xlsx
2024,District Wise Reports,Districtwise IPC Crime by Juveniles_2024,https://www.ncrb.gov.in/uploads/files/7DistrictwiseIPCCrimebyJuveniles2024.xlsx
2024,District Wise Reports,Districtwise SLL Crime by Juveniles_2024,https://www.ncrb.gov.in/uploads/files/8DistrictwiseSLLCrimebyJuveniles2024.xlsx
2024,District Wise Reports,Districtwise Cyber ​​Crimes_2024,https://www.ncrb.gov.in/uploads/files/9DistrictwiseCyberCrimes2024.xlsx
2024,District Wise Reports,Districtwise Missing Persons_2024,https://www.ncrb.gov.in/uploads/files/10DistrictwiseMissingPersons2024.xlsx
2024,States/UTs,StateUT-wise Cases Registered through Courts under IPC and BNS during 2024,https://www.ncrb.gov.in/uploads/files/001StateUT-wiseCasesRegisteredthroughCourtsunderIPCandBNSduring2024.xlsx
2024,States/UTs,State/UT-wise Cases Registered In Police Stations and Cr.PC (156_3) under SLL Crimes During 2023,https://www.ncrb.gov.in/uploads/files/002StateUT-wiseCasesRegisteredthroughCourtsunderSLLduring2024.xlsx
2024,States/UTs,State-UT -wise Cases Registered 156_3 under Crimes against Women during 2024,https://www.ncrb.gov.in/uploads/files/003StateUT-wiseCasesRegisteredthroughCourtsunderCrimesagainstWomenduring2024.xlsx
2024,States/UTs,State-UT -wise Cases Registered 156_3 under Crimes against Children during 2023,https://www.ncrb.gov.in/uploads/files/004StateUT-wiseCasesRegisteredthroughCourtsunderCrimesagainstChildrenduring2024.xlsx
2024,States/UTs,State-UT -wise Cases Registered 156_3 under Crimes against STs during 2024,https://www.ncrb.gov.in/uploads/files/007StateUT-wiseCasesRegisteredthroughCourtsunderCrimesagainstSrCitizenduring2024.xlsx
2024,States/UTs,State-UT -wise Cases Registered 156_3 under Crimes against SCs during 2024,https://www.ncrb.gov.in/uploads/files/005StateUT-wiseCasesRegisteredthroughCourtsunderCrimesagainstSCsduring2024.xlsx
2024,States/UTs,State-UT -wise Cases Registered 156_3 under Crimes against STs during 2024,https://www.ncrb.gov.in/uploads/files/006StateUT-wiseCasesRegisteredthroughCourtsunderCrimesagainstSTsduring2024.xlsx
2024,States/UTs,Crimehead-wise Cases Registered through Courts under IPC-BNS and SLL during 2024,https://www.ncrb.gov.in/uploads/files/008Crimehead-wiseCasesRegisteredthroughCourtsunderIPC-BNSandSLLduring2024.xlsx
2024,States/UTs,Crimehead-wise Cases Registered 156_3 under Crime against Women during 2024,https://www.ncrb.gov.in/uploads/files/009Crimehead-wiseCasesRegisteredthroughCourtsunderCrimeagainstWomenduring2024.xlsx
2024,States/UTs,Crimehead-wise Cases Registered 156_3 under Crime against Children during 2024,https://www.ncrb.gov.in/uploads/files/010Crimehead-wiseCasesRegisteredthroughCourtsunderCrimeagainstChildrenduring2024.xlsx
2024,States/UTs,Crimehead-wise Cases Registered 156_3 under Crime against SCs during 2024,https://www.ncrb.gov.in/uploads/files/011Crimehead-wiseCasesRegisteredthroughCourtsunderCrimeagainstSCsduring2024.xlsx
2024,States/UTs,Crimehead-wise Cases Registered 156_3 under Crime against STs during 2024,https://www.ncrb.gov.in/uploads/files/012Crimehead-wiseCasesRegisteredthroughCourtsunderCrimeagainstSTsduring2024.xlsx
2024,States/UTs,Crimehead-wise Cases Registered 156_3 under Crime against SrCitizen during 2024,https://www.ncrb.gov.in/uploads/files/013Crimehead-wiseCasesRegisteredthroughCourtsunderCrimeagainstSrCitizenduring2024.xlsx
2024,States/UTs,Crimehead-wise Gender-wise details of Victims under IPC-BNS and SLL Crimes during 2024,https://www.ncrb.gov.in/uploads/files/014Crimehead-wiseGender-wisedetailsofVictimsunderIPC-BNSandSLLCrimesduring2024.xlsx
2024,States/UTs,Crimehead-wise Victims under Crimes against Women during 2024,https://www.ncrb.gov.in/uploads/files/015Crimehead-wiseVictimsunderCrimesagainstWomenduring2024.xlsx
2024,States/UTs,Crimehead-wise Gender-wise Victims under Crimes against Children during 2024,https://www.ncrb.gov.in/uploads/files/016Crimehead-wiseGender-wiseVictimsunderCrimesagaisntChildrenduring2024.xlsx
2024,States/UTs,Crimehead-wise Gender-wise Victims under Crimes against SCs during 2024,https://www.ncrb.gov.in/uploads/files/017Crimehead-wiseGender-wiseVictimsunderCrimesagasintSCsduring2024.xlsx
2024,States/UTs,Crimehead-wise Gender-wise Victims under Crimes against STs during 2024,https://www.ncrb.gov.in/uploads/files/018Crimehead-wiseGender-wiseVictimsunderCrimesagasintSTsduring2024.xlsx
2024,States/UTs,Crimehead-wise Gender-wise Victims under Crimes against Senior Citizen during 2024,https://www.ncrb.gov.in/uploads/files/019Crimehead-wiseGender-wiseVictimsunderCrimesagasintSeniorCitizenduring2024.xlsx
2024,States/UTs,Crimehead-wise Persons Disposal under IPC-BNS and SLL Crimes during 2024,https://www.ncrb.gov.in/uploads/files/020Crimehead-wisePersonsDisposalunderIPC-BNSandSLLCrimesduring2024.xlsx
2024,States/UTs,Crimehead-wise Persons Disposal under Crimes against Women during 2024,https://www.ncrb.gov.in/uploads/files/021Crimehead-wisePersonsDisposalunderCrimesagainstWomenduring2024.xlsx
2024,States/UTs,Crimehead-wise Persons Disposal under Crimes against Children during 2024,https://www.ncrb.gov.in/uploads/files/022Crimehead-wisePersonsDisposalunderCrimesagainstChildrenduring2024.xlsx
2024,States/UTs,Crimehead-wise Persons Disposal under Crimes against STs during 2024,https://www.ncrb.gov.in/uploads/files/024Crimehead-wisePersonsDisposalunderCrimesagainstSTsduring2024.xlsx
2024,States/UTs,Crimehead-wise Persons Disposal under Crimes against SCs during 2024,https://www.ncrb.gov.in/uploads/files/023Crimehead-wisePersonsDisposalunderCrimesagainstSCsduring2024.xlsx
2024,States/UTs,Crimehead-wise Persons Disposal under Crimes against Senior Citizen during 2024,https://www.ncrb.gov.in/uploads/files/025Crimehead-wisePersonsDisposalunderCrimesagainstSeniorCitizenduring2024.xlsx
2024,States/UTs,Crimehead-wise Persons Disposal under Crimes against Foreigners during 2024,https://www.ncrb.gov.in/uploads/files/026Crimehead-wisePersonsDisposalunderCrimesagainstForeignersduring2024.xlsx
2024,States/UTs,Crimehead-wise Persons Disposal under Crimes Committed by Foreigners during 2024,https://www.ncrb.gov.in/uploads/files/027Crimehead-wisePersonsDisposalunderCrimesCommittedbyForeignersduring2024.xlsx
2024,States/UTs,StateUT-wise Persons Disposal under IPC-BNS Crimes during 2024,https://www.ncrb.gov.in/uploads/files/028StateUT-wisePersonsDisposalunderIPC-BNSCrimesduring2024.xlsx
2024,States/UTs,StateUT-wise Persons Disposal under SLL Crimes during 2024,https://www.ncrb.gov.in/uploads/files/029StateUT-wisePersonsDisposalunderSLLCrimesduring20241.xlsx
2024,States/UTs,StateUT-wise Persons Disposal under Crimes against Women during 2024,https://www.ncrb.gov.in/uploads/files/030StateUT-wisePersonsDisposalunderCrimesagainstWomenduring2024.xlsx
2024,States/UTs,StateUT-wise Persons Disposal under Crimes against Children during 2024,https://www.ncrb.gov.in/uploads/files/031StateUT-wisePersonsDisposalunderCrimesagainstChildrenduring2024.xlsx
2024,States/UTs,StateUT-wise Persons Disposal under Crimes against SCs during 2024,https://www.ncrb.gov.in/uploads/files/032StateUT-wisePersonsDisposalunderCrimesagainstSCsduring2024.xlsx
2024,States/UTs,StateUT-wise Persons Disposal under Crimes against STs during 2024,https://www.ncrb.gov.in/uploads/files/033StateUT-wisePersonsDisposalunderCrimesagainstSTsduring2024.xlsx
2024,States/UTs,StateUT-wise Persons Disposal under Crimes against Senior Citizen during 2024,https://www.ncrb.gov.in/uploads/files/034StateUT-wisePersonsDisposalunderCrimesagainstSeniorCitizenduring2024.xlsx
2024,States/UTs,StateUT-wise Cases and Persons Disposal under Crimes against Foreigners during 2024,https://www.ncrb.gov.in/uploads/files/035StateUT-wiseCasesandPersonsDisposalunderCrimesagainstForeignersduring2024.xlsx
2024,States/UTs,StateUT-wise Cases and Persons Disposal under Crimes by Foreigners during 2024,https://www.ncrb.gov.in/uploads/files/036StateUT-wiseCasesandPersonsDisposalunderCrimesbyForeignersduring2024.xlsx
2024,States/UTs,StateUT-wise Foreign Victims under IPC-BNS & SLL during 2024,https://www.ncrb.gov.in/uploads/files/037StateUT-wiseForeignVictimsunderIPC-BNSSLLduring2024.xlsx
2024,States/UTs,StateUT-wise Foreigners Arrested under IPC-BNS & SLL during 2024,https://www.ncrb.gov.in/uploads/files/038StateUT-wiseForeignersArrestedunderIPC-BNSSLLduring2024.xlsx
2024,States/UTs,Crimehead-wise Section-wise Cases and Persons Disposal under Rape during 2024,https://www.ncrb.gov.in/uploads/files/039Crimehead-wiseSection-wiseCasesandPersonsDisposalunderRapeduring2024.xlsx
2024,States/UTs,Crimehead-wise Cases and Persons Disposal under Crimes by NEI_LWE_Jihadi & Other Terrorists during 2024,https://www.ncrb.gov.in/uploads/files/040Crimehead-wiseCasesandPersonsDisposalunderCrimesbyNEILWEJihadiOtherTerroristsduring2024.xlsx
2024,States/UTs,StateUT-wise Persons Disposal under Cyber ​​Crimes during 2024,https://www.ncrb.gov.in/uploads/files/041StateUT-wisePersonsDisposalunderCyberCrimesduring2024.xlsx
2024,States/UTs,StateUT-wise Cases and Persons Disposal under Cyber ​​Crimes against Women during 2024,https://www.ncrb.gov.in/uploads/files/042StateUT-wiseCasesandPersonsDisposalunderCyberCrimesagainstWomenduring2024.xlsx
2024,States/UTs,StateUT-wise Cases and Persons Disposal under Cyber ​​Crimes against Children during 2024,https://www.ncrb.gov.in/uploads/files/043StateUT-wiseCasesandPersonsDisposalunderCyberCrimesagainstChildrenduring2024.xlsx
2024,States/UTs,Crimehead-wise Persons Arrested under Cyber ​​Crimes during 2024,https://www.ncrb.gov.in/uploads/files/044Crimehead-wisePersonsArrestedunderCyberCrimesduring2024.xlsx
2024,States/UTs,StateUT-wise Persons Arrested under Cyber ​​Crimes during 2024,https://www.ncrb.gov.in/uploads/files/045StateUT-wisePersonsArrestedunderCyberCrimesduring2024.xlsx
2024,States/UTs,StateUT-wise Property Stolen and Recovered during 2024,https://www.ncrb.gov.in/uploads/files/046StateUT-wisePropertyStolenandRecoveredduring2024.xlsx
2024,States/UTs,StateUT-wise Nature-wise Property Stolen and Recovered during 2024,https://www.ncrb.gov.in/uploads/files/047StateUT-wiseNature-wisePropertyStolenandRecoveredduring2024.xlsx
2024,States/UTs,StateUT-wise Place of Occurrence-wise Property Stolen and Recovered during 2024,https://www.ncrb.gov.in/uploads/files/048StateUT-wisePlaceofOccurance-wisePropertyStolenandRecoveredduring2024.xlsx
2024,States/UTs,StateUT-wise Seizures under NDPS Act during 2024,https://www.ncrb.gov.in/uploads/files/049StateUT-wiseSeizuresunderNDPSActduring2024.xlsx
2024,States/UTs,StateUT-wise Rank-wise Police Personnel Killed on Duty during 2024,https://www.ncrb.gov.in/uploads/files/050StateUT-wiseRank-wisePolicePersonnelKilledonDutyduring2024.xlsx
2024,States/UTs,StateUT-wise Rank-wise Police Personnel Injured on Duty during 2024,https://www.ncrb.gov.in/uploads/files/051StateUT-wiseRank-wisePolicePersonnelInjuredonDutyduring2024.xlsx
2024,States/UTs,StateUT-wise WeaponType-wise Seizure of Arms during 2024,https://www.ncrb.gov.in/uploads/files/052StateUT-wiseWeaponType-wiseSeizureofArmsduring2024.xlsx
2024,States/UTs,StateUT-wise WeaponType-wise Seizure of Ammunition during 2024,https://www.ncrb.gov.in/uploads/files/053StateUT-wiseWeaponType-wiseSeizureofAmmunitionduring2024.xlsx
2024,States/UTs,StateUT-wise Complaints against Police Personnel during 2024,https://www.ncrb.gov.in/uploads/files/054StateUT-wiseComplaintsagainstPolicePersonnelduring2024.xlsx
2024,Mega City,City-wise Cases Registered through Courts under IPC during 2024,https://www.ncrb.gov.in/uploads/files/001City-wiseCasesRegisteredthroughCourtsunderIPCduring2024.xlsx
2024,Mega City,City-wise Cases Registered through Courts under Crimes against Sr Citizen during 2024,https://www.ncrb.gov.in/uploads/files/007City-wiseCasesRegisteredthroughCourtsunderCrimesagainstSrCitizenduring2024.xlsx
2024,Mega City,City-wise Cases Registered through Courts under SLL during 2024,https://www.ncrb.gov.in/uploads/files/002City-wiseCasesRegisteredthroughCourtsunderSLLduring2024.xlsx
2024,Mega City,City-wise Cases Registered through Courts under Crimes against Women during 2024,https://www.ncrb.gov.in/uploads/files/003City-wiseCasesRegisteredthroughCourtsunderCrimesagainstWomenduring2024.xlsx
2024,Mega City,City-wise Cases Registered through Courts under Crimes against Children during 2024,https://www.ncrb.gov.in/uploads/files/004City-wiseCasesRegisteredthroughCourtsunderCrimesagainstChildrenduring2024.xlsx
2024,Mega City,City-wise Cases Registered through Courts under Crimes against SCs during 2024,https://www.ncrb.gov.in/uploads/files/005City-wiseCasesRegisteredthroughCourtsunderCrimesagainstSCsduring2024.xlsx
2024,Mega City,City-wise Cases Registered through Courts under Crimes against STs during 2024,https://www.ncrb.gov.in/uploads/files/006City-wiseCasesRegisteredthroughCourtsunderCrimesagainstSTsduring2024.xlsx
2024,Mega City,City-wise Persons Disposal under IPC-BNS Crimes during 2024,https://www.ncrb.gov.in/uploads/files/008City-wisePersonsDisposalunderIPC-BNSCrimesduring2024.xlsx
2024,Mega City,City-wise Persons Disposal under SLL Crimes during 2024,https://www.ncrb.gov.in/uploads/files/009City-wisePersonsDisposalunderSLLCrimesduring2024.xlsx
2024,Mega City,City-wise Persons Disposal under Crimes against Women during 2024,https://www.ncrb.gov.in/uploads/files/010City-wisePersonsDisposalunderCrimesagainstWomenduring2024.xlsx
2024,Mega City,City-wise Persons Disposal under Crimes against Children during 2024,https://www.ncrb.gov.in/uploads/files/011City-wisePersonsDisposalunderCrimesagainstChildrenduring2024.xlsx
2024,Mega City,City-wise Persons Disposal under Crimes against SCs during 2024,https://www.ncrb.gov.in/uploads/files/012City-wisePersonsDisposalunderCrimesagainstSCsduring2024.xlsx
2024,Mega City,City-wise Persons Disposal under Crimes against STs during 2024,https://www.ncrb.gov.in/uploads/files/013City-wisePersonsDisposalunderCrimesagainstSTsduring2024.xlsx
2024,Mega City,City-wise Persons Disposal under Crimes against Senior Citizen during 2024,https://www.ncrb.gov.in/uploads/files/014City-wisePersonsDisposalunderCrimesagainstSeniorCitizenduring2024.xlsx
2024,Mega City,City-wise Cases and Persons Disposal under Crimes against Foreigners during 2024,https://www.ncrb.gov.in/uploads/files/015City-wiseCasesandPersonsDisposalunderCrimesagainstForeignersduring2024.xlsx
2024,Mega City,City-wise Cases and Persons Disposal under Crimes by Foreigners during 2024,https://www.ncrb.gov.in/uploads/files/016City-wiseCasesandPersonsDisposalunderCrimesbyForeignersduring2024.xlsx
2024,Mega City,City-wise Foreign Victims under IPC-BNS and SLL Crimes during 2024,https://www.ncrb.gov.in/uploads/files/017City-wiseForeignVictimsunderIPC-BNSandSLLCrimesduring2024.xlsx
2024,Mega City,City-wise Foreigners Arrested under IPC-BNS and SLL Crimes during 2024,https://www.ncrb.gov.in/uploads/files/018City-wiseForeignersArrestedunderIPC-BNSandSLLCrimesduring2024.xlsx
2024,Mega City,City-wise Persons Disposal under Cyber ​​Crimes during 2024,https://www.ncrb.gov.in/uploads/files/019City-wisePersonsDisposalunderCyberCrimesduring2024.xlsx
2024,Mega City,City-wise Cases and Persons Disposal under Cyber ​​Crimes against Women during 2024,https://www.ncrb.gov.in/uploads/files/020City-wiseCasesandPersonsDisposalunderCyberCrimesagainstWomenduring2024.xlsx
2024,Mega City,City-wise Cases and Persons Disposal under Cyber ​​Crimes against Children during 2024,https://www.ncrb.gov.in/uploads/files/021City-wiseCasesandPersonsDisposalunderCyberCrimesagainstChildrenduring2024.xlsx
2024,Mega City,City-wise Persons Arrested under Cyber ​​Crimes during 2024,https://www.ncrb.gov.in/uploads/files/022City-wisePersonsArrestedunderCyberCrimesduring2024.xlsx
2024,Mega City,City-wise Property Stolen and Recovered during 2024,https://www.ncrb.gov.in/uploads/files/023City-wisePropertyStolenandRecoveredduring2024.xlsx
2024,Mega City,City-wise Nature-wise Property Stolen and Recovered during 2024,https://www.ncrb.gov.in/uploads/files/024City-wiseNature-wisePropertyStolenandRecoveredduring2024.xlsx
2024,Mega City,City-wise Place of Occurrence-wise Property Stolen and Recovered during 2024,https://www.ncrb.gov.in/uploads/files/025City-wisePlaceofOccurance-wisePropertyStolenandRecoveredduring2024.xlsx
2024,Mega City,City-wise Seizures under NDPS Act during 2024,https://www.ncrb.gov.in/uploads/files/026City-wiseSeizuresunderNDPSActduring2024.xlsx
2024,Mega City,City-wise Rank-wise Police Personnel Killed on Duty during 2024,https://www.ncrb.gov.in/uploads/files/027City-wiseRank-wisePolicePersonnelKilledonDutyduring2024.xlsx
2024,Mega City,City-wise Rank-wise Police Personnel Injured on Duty during 2024,https://www.ncrb.gov.in/uploads/files/028City-wiseRank-wisePolicePersonnelInjuredonDutyduring2024.xlsx
2024,Mega City,City-wise WeaponType-wise Seizure of Arms during 2024,https://www.ncrb.gov.in/uploads/files/029City-wiseWeaponType-wiseSeizureofArmsduring2024.xlsx
2024,Mega City,City-wise WeaponType-wise Seizure of Ammunition during 2024,https://www.ncrb.gov.in/uploads/files/030City-wiseWeaponType-wiseSeizureofAmmunitionduring2024.xlsx
2024,Mega City,City-wise Complaints against Police Personnel during 2024,https://www.ncrb.gov.in/uploads/files/031City-wiseComplaintsagainstPolicePersonnelduring2024.xlsx
2023,Summary (34 Metropolitan Cities),1B.1 IPC Crimes (City-wise) - 2021-2023,https://www.ncrb.gov.in/uploads/files/TABLE1B14.pdf
2023,Summary (34 Metropolitan Cities),1B.2 SLL Crimes (City-wise) - 2021-2023,https://www.ncrb.gov.in/uploads/files/TABLE1B22.pdf
2023,Summary (34 Metropolitan Cities),1B.3 IPC & SLL Crimes (City-wise) - 2021-2023,https://www.ncrb.gov.in/uploads/files/TABLE1B32.pdf
2023,Summary (34 Metropolitan Cities),1B.4 IPC Crimes (Crime Head-wise & City-wise) - 2023,https://www.ncrb.gov.in/uploads/files/TABLE1B42.pdf
2023,Summary (34 Metropolitan Cities),1B.5 SLL Crimes (Crime Head-wise & City-wise) - 2023,https://www.ncrb.gov.in/uploads/files/TABLE1B53.pdf
2023,Summary (34 Violent Crimes),1C.3 City-wise Violent Crimes (Incidence & Crime Rate) - 2023,https://www.ncrb.gov.in/uploads/files/TABLE1C33.pdf
2023,Summary (34 Violent Crimes),1C.4 Violent Crimes (Crime Head-wise & City-wise) - 2023,https://www.ncrb.gov.in/uploads/files/TABLE1C43.pdf
2023,Murder (34 Metropolitan Cities),2B.1 Murder Cases (City-wise) - 2021-2023,https://www.ncrb.gov.in/uploads/files/TABLE2B13.pdf
2023,Murder (34 Metropolitan Cities),2B.2 Motives of Murder - 2023,https://www.ncrb.gov.in/uploads/files/TABLE2B23.pdf
2023,Murder (34 Metropolitan Cities),2B.3 Victims of Murder (Gender & Age Group-wise) - 2023,https://www.ncrb.gov.in/uploads/files/TABLE2B32.pdf
2023,Kidnapping & Abduction (34 Metropolitan Cities),2D.2 Purpose of Kidnapping & Abduction - 2023,https://www.ncrb.gov.in/uploads/files/TABLE2D28.pdf
2023,Kidnapping & Abduction (34 Metropolitan Cities),2D.1 Kidnapping & Abduction (City-wise) - 2021-2023,https://www.ncrb.gov.in/uploads/files/TABLE2D14.pdf
2023,Kidnapping & Abduction (34 Metropolitan Cities),2D.3 Purpose of Kidnapping & Abduction (Alive Victims) - 2023,https://www.ncrb.gov.in/uploads/files/TABLE2D31.pdf
2023,Kidnapping & Abduction (34 Metropolitan Cities),2D.4 Recovery of Kidnapped & Abducted Persons (City-wise) - 2023,https://www.ncrb.gov.in/uploads/files/TABLE2D41.pdf
2023,Kidnapping & Abduction (34 Metropolitan Cities),2D.5 Recovery of Kidnapped & Abducted Persons (Gender & Age Group-wise) - 2023,https://www.ncrb.gov.in/uploads/files/TABLE2D54.pdf
2023,Crime Against Women (34 Metropolitan Cities),3B.1 Crime Against Women (City-wise) - 2021-2023,https://www.ncrb.gov.in/uploads/files/TABLE3B11.pdf
2023,Crime Against Women (34 Metropolitan Cities),3B.2 Crime Against Women (Crime Head-wise & City-wise) - 2023,https://www.ncrb.gov.in/uploads/files/TABLE3B21.pdf
2023,Crime Against Women (34 Metropolitan Cities),3B.3 Police Disposal of Crime Against Women Cases (Crime Head-wise) - 2023,https://www.ncrb.gov.in/uploads/files/TABLE3B31.pdf
2023,Crime Against Women (34 Metropolitan Cities),3B.4 Police Disposal of Crime Against Women Cases (City-wise) - 2023,https://www.ncrb.gov.in/uploads/files/TABLE3B41.pdf
2023,Crime Against Women (34 Metropolitan Cities),3B.5 Court Disposal of Crime Against Women Cases (Crime Head-wise) - 2023,https://www.ncrb.gov.in/uploads/files/TABLE3B51.pdf
2023,Crime Against Women (34 Metropolitan Cities),3B.6 Court Disposal of Crime Against Women Cases (City-wise) - 2023,https://www.ncrb.gov.in/uploads/files/TABLE3B61.pdf
2023,Crime Against Women (34 Metropolitan Cities),3B.7 Disposal of Persons Arrested for Crime Against Women (Crime Head-wise) - 2023,https://www.ncrb.gov.in/uploads/files/TABLE3B71.pdf
2023,Crime Against Women (34 Metropolitan Cities),3B.8 Disposal of Persons Arrested for Crime Against Women (City-wise) - 2023,https://www.ncrb.gov.in/uploads/files/TABLE3B81.pdf
2023,Crime Against Children (34 Metropolitan Cities),4B.1 Crime Against Children (City-wise) - 2021-2023,https://www.ncrb.gov.in/uploads/files/TABLE4B11.pdf
2023,Crime Against Children (34 Metropolitan Cities),4B.2 Crime Against Children (Crime Head-wise & City-wise) - 2023,https://www.ncrb.gov.in/uploads/files/TABLE4B21.pdf
2023,Crime Against Children (34 Metropolitan Cities),4B.3 Police Disposal of Crime Against Children Cases (Crime Head-wise) - 2023,https://www.ncrb.gov.in/uploads/files/TABLE4B31.pdf
2023,Crime Against Children (34 Metropolitan Cities),4B.4 Police Disposal of Crime Against Children Cases (City-wise) - 2023,https://www.ncrb.gov.in/uploads/files/TABLE4B41.pdf
2023,Crime Against Children (34 Metropolitan Cities),4B.5 Court Disposal of Crime Against Children Cases (Crime Head-wise) - 2023,https://www.ncrb.gov.in/uploads/files/TABLE4B51.pdf
2023,Crime Against Children (34 Metropolitan Cities),4B.6 Court Disposal of Crime Against Children Cases (City-wise) - 2023,https://www.ncrb.gov.in/uploads/files/TABLE4B61.pdf
2023,Crime Against Children (34 Metropolitan Cities),4B.7 Disposal of Persons Arrested for Crime Against Children (Crime Head-wise) - 2023,https://www.ncrb.gov.in/uploads/files/TABLE4B71.pdf
2023,Crime Against Children (34 Metropolitan Cities),4B.8 Disposal of Persons Arrested for Crime Against Children(City-wise) - 2023,https://www.ncrb.gov.in/uploads/files/TABLE4B82.pdf
2023,Juveniles In Conflict With Law (34 Metropolitan Cities),5B.1 Crime Committed by Juveniles (City-wise) - 2021-2023,https://www.ncrb.gov.in/uploads/files/TABLE5B11.pdf
2023,Juveniles In Conflict With Law (34 Metropolitan Cities),5B.2 IPC Crimes committed by Juveniles (City-wise) - 2023,https://www.ncrb.gov.in/uploads/files/TABLE5B21.pdf
2023,Juveniles In Conflict With Law (34 Metropolitan Cities),5B.3 SLL Crimes committed by Juveniles (City-wise) - 2023,https://www.ncrb.gov.in/uploads/files/TABLE5B31.pdf
2023,Juveniles In Conflict With Law (34 Metropolitan Cities),"5B.4 Juveniles Apprehended (Crime Head, Age Groups & Gender-wise) - 2023",https://www.ncrb.gov.in/uploads/files/TABLE5B4.pdf
2023,Juveniles In Conflict With Law (34 Metropolitan Cities),5B.5 Disposal of Juveniles Apprehended (City-wise) - 2023,https://www.ncrb.gov.in/uploads/files/TABLE5B51.pdf
2023,Juveniles In Conflict With Law (34 Metropolitan Cities),5B.6 Education & Family Background of Juveniles Arrested - 2023,https://www.ncrb.gov.in/uploads/files/TABLE5B61.pdf
2023,Crime Against Senior Citizen (34 Metropolitan Cities),6B.1 Crime Against Senior Citizens (City-wise) -2021-2023,https://www.ncrb.gov.in/uploads/files/TABLE6B11.pdf
2023,Crime Against Senior Citizen (34 Metropolitan Cities),6B.2 Crime Against Senior Citizens (Crime Head-wise & City-wise) -2023,https://www.ncrb.gov.in/uploads/files/TABLE6B21.pdf
2023,Crime Against Senior Citizen (34 Metropolitan Cities),6B.3 Police Disposal of Crime Against Senior Citizen Cases (City-wise) -2023,https://www.ncrb.gov.in/uploads/files/TABLE6B31.pdf
2023,Crime Against Senior Citizen (34 Metropolitan Cities),6B.4 Police Disposal of Crime Against Senior Citizen Cases (Crime Head-wise) -2023,https://www.ncrb.gov.in/uploads/files/TABLE6B41.pdf
2023,Crime Against Senior Citizen (34 Metropolitan Cities),6B.5 Court Disposal of Crime Against Senior Citizen Cases (Crime Head-wise) -2023,https://www.ncrb.gov.in/uploads/files/TABLE6B51.pdf
2023,Crime Against Senior Citizen (34 Metropolitan Cities),6B.6 Court Disposal of Crime Against Senior Citizen (City-wise) -2023,https://www.ncrb.gov.in/uploads/files/TABLE5B62.pdf
2023,Crime Against Senior Citizen (34 Metropolitan Cities),6B.7 Disposal of Persons for Crime Against Senior Citizen (City-wise) -2023,https://www.ncrb.gov.in/uploads/files/TABLE6B71.pdf
2023,Crime Against Senior Citizen (34 Metropolitan Cities),6B.8 Disposal of Persons for Crime Against Senior Citizen (Crime Head-wise) -2023,https://www.ncrb.gov.in/uploads/files/TABLE6B81.pdf
2023,Crime/atrocities Against Scheduled Castes (34 Metropolitan Cities),7B.1 Crime/Atrocities against Scheduled Castes (City-wise) -2021-2023,https://www.ncrb.gov.in/uploads/files/TABLE7B11.pdf
2023,Crime/atrocities Against Scheduled Castes (34 Metropolitan Cities),7B.2 Crime/Atrocities against Scheduled Castes (Crime Head-wise & City-wise) -2023,https://www.ncrb.gov.in/uploads/files/TABLE7B21.pdf
2023,Crime/atrocities Against Scheduled Castes (34 Metropolitan Cities),7B.3 Police Disposal of Crime/Atrocities against SCs Cases (Crime Head-wise) -2023,https://www.ncrb.gov.in/uploads/files/TABLE7B31.pdf
2023,Crime/atrocities Against Scheduled Castes (34 Metropolitan Cities),7B.4 Police Disposal of Crime/Atrocities against SCs Cases (City-wise) -2023,https://www.ncrb.gov.in/uploads/files/TABLE7B41.pdf
2023,Crime/atrocities Against Scheduled Castes (34 Metropolitan Cities),7B.5 Court Disposal of Crime/Atrocities against SCs Cases (Crime Head-wise) -2023,https://www.ncrb.gov.in/uploads/files/TABLE7B52.pdf
2023,Crime/atrocities Against Scheduled Castes (34 Metropolitan Cities),7B.6 Court Disposal of Crime/Atrocities against SCs Cases (City-wise) -2023,https://www.ncrb.gov.in/uploads/files/TABLE7B61.pdf
2023,Crime/atrocities Against Scheduled Castes (34 Metropolitan Cities),7B.7 Disposal of Persons Arrested for Crime/Atrocities against SCs (Crime Head-wise) -2023,https://www.ncrb.gov.in/uploads/files/TABLE7B7.pdf
2023,Crime/atrocities Against Scheduled Castes (34 Metropolitan Cities),7B.8 Disposal of Persons Arrested for Crime/Atrocities against SCs (City-wise) -2023,https://www.ncrb.gov.in/uploads/files/TABLE7B81.pdf
2023,Crime/atrocities Against Scheduled Tribes (34 Metropolitan Cities),7D.1 Crime/Atrocities against Scheduled Tribes (City-wise) -2021-2023,https://www.ncrb.gov.in/uploads/files/TABLE7D11.pdf
2023,Crime/atrocities Against Scheduled Tribes (34 Metropolitan Cities),7D.2 Crime/Atrocities against Scheduled Tribes (Crime Head-wise & City-wise) -2023,https://www.ncrb.gov.in/uploads/files/TABLE7D21.pdf
2023,Crime/atrocities Against Scheduled Tribes (34 Metropolitan Cities),7D.3 Police Disposal of Crime/Atrocities against STs Cases (Crime Head-wise) -2023,https://www.ncrb.gov.in/uploads/files/TABLE7D31.pdf
2023,Crime/atrocities Against Scheduled Tribes (34 Metropolitan Cities),7D.4 Police Disposal of Crime/Atrocities against STs Cases (City-wise) -2023,https://www.ncrb.gov.in/uploads/files/TABLE7D41.pdf
2023,Crime/atrocities Against Scheduled Tribes (34 Metropolitan Cities),7D.5 Court Disposal of Crime/Atrocities against STs Cases (Crime Head-wise) -2023,https://www.ncrb.gov.in/uploads/files/TABLE7D51.pdf
2023,Crime/atrocities Against Scheduled Tribes (34 Metropolitan Cities),7D.6 Court Disposal of Crime/Atrocities against STs Cases (City-wise) -2023,https://www.ncrb.gov.in/uploads/files/TABLE7D61.pdf
2023,Crime/atrocities Against Scheduled Tribes (34 Metropolitan Cities),7D.7 Disposal of Persons Arrested for Crime/Atrocities against STs (Crime Head-wise) -2023,https://www.ncrb.gov.in/uploads/files/TABLE7D72.pdf
2023,Crime/atrocities Against Scheduled Tribes (34 Metropolitan Cities),7D.8 Disposal of Persons Arrested for Crime/Atrocities against STs (City-wise) -2023,https://www.ncrb.gov.in/uploads/files/TABLE7D81.pdf
2023,Economic Offences (34 Metropolitan Cities),8B.1 Economic Offences (City-wise) -2021-2023,https://www.ncrb.gov.in/uploads/files/TABLE8B11.pdf
2023,Economic Offences (34 Metropolitan Cities),8B.2 Economic Crimes (City wise & Crime Head-wise) -2023,https://www.ncrb.gov.in/uploads/files/TABLE8B21.pdf
2023,Economic Offences (34 Metropolitan Cities),8B.3 Economic Offences - Loss of Property -2023,https://www.ncrb.gov.in/uploads/files/TABLE8B31.pdf
2023,Economic Offences (34 Metropolitan Cities),8B.4 Police Disposal of Economic Offences (City wise) -2023,https://www.ncrb.gov.in/uploads/files/TABLE8B42.pdf
2023,Economic Offences (34 Metropolitan Cities),8B.5 Police Disposal of Economic Offences (Crime Head-wise) -2023,https://www.ncrb.gov.in/uploads/files/TABLE8B51.pdf
2023,Economic Offences (34 Metropolitan Cities),8B.6 Court Disposal of Economic Offences (Crime Head-wise) -2023,https://www.ncrb.gov.in/uploads/files/TABLE8B61.pdf
2023,Economic Offences (34 Metropolitan Cities),8B.7 Court Disposal of Economic Offences (City wise) -2023,https://www.ncrb.gov.in/uploads/files/TABLE8B72.pdf
2023,Economic Offences (34 Metropolitan Cities),8B.8 Disposal of Persons Arrested under Economic Offences (Crime Head-wise) -2023,https://www.ncrb.gov.in/uploads/files/TABLE8B81.pdf
2023,Economic Offences (34 Metropolitan Cities),8B.9 Disposal of Persons Arrested under Economic Offences (City wise) -2023,https://www.ncrb.gov.in/uploads/files/TABLE8B91.pdf
2023,Cyber Crimes (34 Metropolitan Cities),9B.1 Cyber Crime (City-wise) -2021-2023,https://www.ncrb.gov.in/uploads/files/TABLE9B12.pdf
2023,Cyber Crimes (34 Metropolitan Cities),9B.2 Cyber Crimes (Crime Head-wise &amp; City-wise) -2023,https://www.ncrb.gov.in/uploads/files/TABLE9B21.pdf
2023,Cyber Crimes (34 Metropolitan Cities),9B.3 Cyber Crime Motives -2023,https://www.ncrb.gov.in/uploads/files/TABLE9B31.pdf
2023,Cyber Crimes (34 Metropolitan Cities),9B.4 Police Disposal of Cyber Crime Cases (Crime Head-wise) -2023,https://www.ncrb.gov.in/uploads/files/TABLE9B41.pdf
2023,Cyber Crimes (34 Metropolitan Cities),9B.5 Police Disposal of Cyber Crime Cases (City wise) -2023,https://www.ncrb.gov.in/uploads/files/TABLE9B51.pdf
2023,Cyber Crimes (34 Metropolitan Cities),9B.6 Court Disposal of Cyber Crime Cases (Crime Head-wise) -2023,https://www.ncrb.gov.in/uploads/files/TABLE9B61.pdf
2023,Cyber Crimes (34 Metropolitan Cities),9B.7 Court Disposal of Cyber Crime Cases (City wise) -2023,https://www.ncrb.gov.in/uploads/files/TABLE9B71.pdf
2023,Cyber Crimes (34 Metropolitan Cities),9B.8 Disposal of Persons Arrested under Cyber Crime (Crime Head-wise) -2023,https://www.ncrb.gov.in/uploads/files/TABLE9B81.pdf
2023,Cyber Crimes (34 Metropolitan Cities),9B.9 Disposal of Persons Arrested under Cyber Crime (City wise) -2023,https://www.ncrb.gov.in/uploads/files/TABLE9B91.pdf
2023,Disposal Of Cases By Police (34 Metropolitan Cities),17B.1 Police Disposal of IPC Crime Cases (Crime Head-wise) - 2023,https://www.ncrb.gov.in/uploads/files/TABLE17B11.pdf
2023,Disposal Of Cases By Police (34 Metropolitan Cities),17B.2 Police Disposal of IPC Crime Cases (City-wise) - 2023,https://www.ncrb.gov.in/uploads/files/TABLE17B21.pdf
2023,Disposal Of Cases By Police (34 Metropolitan Cities),17B.3 Police Disposal of SLL Crime Cases (Crime Head-wise) - 2023,https://www.ncrb.gov.in/uploads/files/TABLE17B31.pdf
2023,Disposal Of Cases By Police (34 Metropolitan Cities),17B.4 Police Disposal of SLL Crime Cases (City-wise) - 2023,https://www.ncrb.gov.in/uploads/files/TABLE17B41.pdf
2023,Disposal Of Cases By Courts (34 Metropolitan Cities),18B.1 Court Disposal of IPC Crime Cases (Crime Head-wise) - 2023,https://www.ncrb.gov.in/uploads/files/TABLE18B11.pdf
2023,Disposal Of Cases By Courts (34 Metropolitan Cities),18B.2 Court Disposal of IPC Crime Cases (City-wise) - 2023,https://www.ncrb.gov.in/uploads/files/TABLE18B21.pdf
2023,Disposal Of Cases By Courts (34 Metropolitan Cities),18B.3 Court Disposal of SLL Crime Cases (Crime Head-wise) - 2023,https://www.ncrb.gov.in/uploads/files/TABLE18B31.pdf
2023,Disposal Of Cases By Courts (34 Metropolitan Cities),18B.4 Court Disposal of SLL Crime Cases (City-wise) - 2023,https://www.ncrb.gov.in/uploads/files/TABLE18B41.pdf
2023,"Arrests, Convictions & Acquittals Of Persons (34 Metropolitan Cities)",19B.1 Arrests under IPC Crimes (Crime Head-wise) - 2023,https://www.ncrb.gov.in/uploads/files/TABLE19B11.pdf
2023,"Arrests, Convictions & Acquittals Of Persons (34 Metropolitan Cities)",19B.2 Arrests under IPC Crimes (City-wise) - 2023,https://www.ncrb.gov.in/uploads/files/TABLE19B21.pdf
2023,"Arrests, Convictions & Acquittals Of Persons (34 Metropolitan Cities)",19B.3 Arrests under SLL Crimes (Crime Head-wise) - 2023,https://www.ncrb.gov.in/uploads/files/TABLE19B31.pdf
2023,"Arrests, Convictions & Acquittals Of Persons (34 Metropolitan Cities)",19B.4 Arrests under SLL Crimes (City-wise) - 2023,https://www.ncrb.gov.in/uploads/files/TABLE19B41.pdf
2023,"Arrests, Convictions & Acquittals Of Persons (34 Metropolitan Cities)",19B.5 Disposal of Persons Arrested under IPC Crimes (Crime Head-wise) - 2023,https://www.ncrb.gov.in/uploads/files/TABLE19B51.pdf
2023,"Arrests, Convictions & Acquittals Of Persons (34 Metropolitan Cities)",19B.6 Disposal of Persons Arrested under IPC Crimes (City-wise) - 2023,https://www.ncrb.gov.in/uploads/files/TABLE19B61.pdf
2023,"Arrests, Convictions & Acquittals Of Persons (34 Metropolitan Cities)",19B.7 Disposal of Persons Arrested under SLL Crimes (Crime Head-wise) - 2023,https://www.ncrb.gov.in/uploads/files/TABLE19B71.pdf
2023,"Arrests, Convictions & Acquittals Of Persons (34 Metropolitan Cities)",19B.8 Disposal of Persons Arrested under SLL Crimes (City-wise) - 2023,https://www.ncrb.gov.in/uploads/files/TABLE19B81.pdf
2023,"Arrests, Convictions & Acquittals Of Persons (34 Metropolitan Cities)",19B.9 Disposal of Total Persons Arrested under All IPC+SLL Crimes (City-wise) - 2023,https://www.ncrb.gov.in/uploads/files/TABLE19B91.pdf
2023,District Wise Reports,Districtwise IPC Crimes_2023,https://www.ncrb.gov.in/uploads/files/1DistrictwiseIPCCrimes20231.xlsx
2023,District Wise Reports,Districtwise SLL Crimes_2023,https://www.ncrb.gov.in/uploads/files/2DistrictwiseSLLCrimes2023.xlsx
2023,District Wise Reports,Districtwise Crime against Women_2023,https://www.ncrb.gov.in/uploads/files/3DistrictwiseCrimeagainstWomen2023.xlsx
2023,District Wise Reports,Districtwise Crime against Children_2023,https://www.ncrb.gov.in/uploads/files/4DistrictwiseCrimeagainstChildren2023.xlsx
2023,District Wise Reports,Districtwise Crime against SCs_2023,https://www.ncrb.gov.in/uploads/files/5DistrictwiseCrimeagainstSCs2023.xlsx
2023,District Wise Reports,Districtwise Crime against STs_2023,https://www.ncrb.gov.in/uploads/files/6DistrictwiseCrimeagainstSTs2023.xlsx
2023,District Wise Reports,Districtwise IPC Crime by Juveniles_2023,https://www.ncrb.gov.in/uploads/files/7DistrictwiseIPCCrimebyJuveniles2023.xlsx
2023,District Wise Reports,Districtwise SLL Crime by Juveniles_2023,https://www.ncrb.gov.in/uploads/files/8DistrictwiseSLLCrimebyJuveniles2023.xlsx
2023,District Wise Reports,Districtwise Cyber Crimes_2023,https://www.ncrb.gov.in/uploads/files/9DistrictwiseCyberCrimes2023.xlsx
2023,District Wise Reports,Districtwise Missing Persons_2023,https://www.ncrb.gov.in/uploads/files/10DistrictwiseMissingPersons2023.xlsx
2023,States/UTs,State/UT-wise Cases Registered in Police Stations and Cr.PC (156_3) under IPC Crimes During 2023,https://www.ncrb.gov.in/uploads/files/001StateUT-wiseCasesRegistered1563underIPCduring20231.xlsx
2023,States/UTs,State/UT-wise Cases Registered In Police Stations and Cr.PC (156_3) under SLL Crimes During 2023,https://www.ncrb.gov.in/uploads/files/002StateUT-wiseCasesRegistered1563underSLLduring2023.xlsx
2023,States/UTs,State-UT -wise Cases Registered 156_3 under Crimes against Women during 2023,https://www.ncrb.gov.in/uploads/files/003StateUT-wiseCasesRegistered1563underCrimesagainstWomenduring202311.xlsx
2023,States/UTs,State-UT -wise Cases Registered 156_3 under Crimes against Children during 2023,https://www.ncrb.gov.in/uploads/files/004StateUT-wiseCasesRegistered1563underCrimesagainstChildrenduring2023.xlsx
2023,States/UTs,State-UT -wise Cases Registered 156_3 under Crimes against SCs during 2023,https://www.ncrb.gov.in/uploads/files/005StateUT-wiseCasesRegistered1563underCrimesagainstSCsduring2023.xlsx
2023,States/UTs,State-UT -wise Cases Registered 156_3 under Crimes against STs during 2023,https://www.ncrb.gov.in/uploads/files/006StateUT-wiseCasesRegistered1563underCrimesagainstSTsduring2023.xlsx
2023,States/UTs,State-UT -wise Cases Registered 156_3 under Crimes against STs during 2023,https://www.ncrb.gov.in/uploads/files/007StateUT-wiseCasesRegistered1563underCrimesagainstSrCitizenduring2023.xlsx
2023,States/UTs,Crimehead-wise Cases Registered 156_3 under IPC and SLL during 2023,https://www.ncrb.gov.in/uploads/files/008Crimehead-wiseCasesRegistered1563underIPCandSLLduring20231.xlsx
2023,States/UTs,Crimehead-wise Cases Registered 156_3 under Crime against Women during 2023,https://www.ncrb.gov.in/uploads/files/009Crimehead-wiseCasesRegistered1563underCrimeagainstWomenduring2023.xlsx
2023,States/UTs,Crimehead-wise Cases Registered 156_3 under Crime against Children during 2023,https://www.ncrb.gov.in/uploads/files/010Crimehead-wiseCasesRegistered1563underCrimeagainstChildrenduring2023.xlsx
2023,States/UTs,Crimehead-wise Cases Registered 156_3 under Crime against SCs during 2023,https://www.ncrb.gov.in/uploads/files/011Crimehead-wiseCasesRegistered1563underCrimeagainstSCsduring2023.xlsx
2023,States/UTs,Crimehead-wise Cases Registered 156_3 under Crime against STs during 2023,https://www.ncrb.gov.in/uploads/files/012Crimehead-wiseCasesRegistered1563underCrimeagainstSTsduring20231.xlsx
2023,States/UTs,Crimehead-wise Cases Registered 156_3 under Crime against SrCitizen during 2023,https://www.ncrb.gov.in/uploads/files/013Crimehead-wiseCasesRegistered1563underCrimeagainstSrCitizenduring2023.xlsx
2023,States/UTs,Crimehead-wise Gender-wise details of Victims under IPC and SLL Crimes during 2023,https://www.ncrb.gov.in/uploads/files/014Crimehead-wiseGender-wisedetailsofVictimsunderIPCandSLLCrimesduring2023.xlsx
2023,States/UTs,Crimehead-wise Victims under Crimes against Women during 2023,https://www.ncrb.gov.in/uploads/files/015Crimehead-wiseVictimsunderCrimesagainstWomenduring2023.xlsx
2023,States/UTs,Crimehead-wise Gender-wise Victims under Crimes against Children during 2023,https://www.ncrb.gov.in/uploads/files/016Crimehead-wiseGender-wiseVictimsunderCrimesagaisntChildrenduring2023.xlsx
2023,States/UTs,Crimehead-wise Gender-wise Victims under Crimes against SCs during 2023,https://www.ncrb.gov.in/uploads/files/017Crimehead-wiseGender-wiseVictimsunderCrimesagasintSCsduring2023.xlsx
2023,States/UTs,Crimehead-wise Gender-wise Victims under Crimes against Senior Citizen during 2023,https://www.ncrb.gov.in/uploads/files/019Crimehead-wiseGender-wiseVictimsunderCrimesagasintSeniorCitizenduring2023.xlsx
2023,States/UTs,Crimehead-wise Persons Disposal under IPC and SLL Crimes during 2023,https://www.ncrb.gov.in/uploads/files/020Crimehead-wisePersonsDisposalunderIPCandSLLCrimesduring2023.xlsx
2023,States/UTs,Crimehead-wise Persons Disposal under Crimes against Women during 2023,https://www.ncrb.gov.in/uploads/files/021Crimehead-wisePersonsDisposalunderCrimesagainstWomenduring2023.xlsx
2023,States/UTs,Crimehead-wise Persons Disposal under Crimes against Children during 2023,https://www.ncrb.gov.in/uploads/files/022Crimehead-wisePersonsDisposalunderCrimesagainstChildrenduring2023.xlsx
2023,States/UTs,Crimehead-wise Persons Disposal under Crimes against SCs during 2023,https://www.ncrb.gov.in/uploads/files/023Crimehead-wisePersonsDisposalunderCrimesagainstSCsduring2023.xlsx
2023,States/UTs,Crimehead-wise Persons Disposal under Crimes against SCs during 2023,https://www.ncrb.gov.in/uploads/files/023Crimehead-wisePersonsDisposalunderCrimesagainstSCsduring20231.xlsx
2023,States/UTs,Crimehead-wise Persons Disposal under Crimes against STs during 2023,https://www.ncrb.gov.in/uploads/files/024Crimehead-wisePersonsDisposalunderCrimesagainstSTsduring2023.xlsx
2023,States/UTs,Crimehead-wise Persons Disposal under Crimes against Senior Citizen during 2023,https://www.ncrb.gov.in/uploads/files/025Crimehead-wisePersonsDisposalunderCrimesagainstSeniorCitizenduring2023.xlsx
2023,States/UTs,Crimehead-wise Persons Disposal under Crimes against Foreigners during 2023,https://www.ncrb.gov.in/uploads/files/026Crimehead-wisePersonsDisposalunderCrimesagainstForeignersduring2023.xlsx
2023,States/UTs,Crimehead-wise Persons Disposal under Crimes Committed by Foreigners during 2023,https://www.ncrb.gov.in/uploads/files/027Crimehead-wisePersonsDisposalunderCrimesCommittedbyForeignersduring2023.xlsx
2023,States/UTs,State-UT -wise Persons Disposal under IPC Crimes during 2023,https://www.ncrb.gov.in/uploads/files/028StateUT-wisePersonsDisposalunderIPCCrimesduring2023.xlsx
2023,States/UTs,State-UT -wise Persons Disposal under SLL Crimes during 2023,https://www.ncrb.gov.in/uploads/files/029StateUT-wisePersonsDisposalunderSLLCrimesduring2023.xlsx
2023,States/UTs,State-UT -wise Persons Disposal under Crimes against Women during 2023,https://www.ncrb.gov.in/uploads/files/030StateUT-wisePersonsDisposalunderCrimesagainstWomenduring2023.xlsx
2023,States/UTs,State-UT -wise Persons Disposal under Crimes against Children during 2023,https://www.ncrb.gov.in/uploads/files/031StateUT-wisePersonsDisposalunderCrimesagainstChildrenduring2023.xlsx
2023,States/UTs,State-UT -wise Persons Disposal under Crimes against SCs during 2023,https://www.ncrb.gov.in/uploads/files/032StateUT-wisePersonsDisposalunderCrimesagainstSCsduring20231.xlsx
2023,States/UTs,State-UT -wise Persons Disposal under Crimes against STs during 2023,https://www.ncrb.gov.in/uploads/files/033StateUT-wisePersonsDisposalunderCrimesagainstSTsduring20231.xlsx
2023,States/UTs,State-UT -wise Persons Disposal under Crimes against Senior Citizen during 2023,https://www.ncrb.gov.in/uploads/files/034StateUT-wisePersonsDisposalunderCrimesagainstSeniorCitizenduring2023.xlsx
2023,States/UTs,State-UT -wise Cases and Persons Disposal under Crimes against Foreigners during 2023,https://www.ncrb.gov.in/uploads/files/035StateUT-wiseCasesandPersonsDisposalunderCrimesagainstForeignersduring2023.xlsx
2023,States/UTs,State-UT -wise Cases and Persons Disposal under Crimes by Foreigners during 2023,https://www.ncrb.gov.in/uploads/files/036StateUT-wiseCasesandPersonsDisposalunderCrimesbyForeignersduring2023.xlsx
2023,States/UTs,State-UT -wise Foreign Victims under IPC &amp; SLL during 2023,https://www.ncrb.gov.in/uploads/files/037StateUT-wiseForeignVictimsunderIPCSLLduring20231.xlsx
2023,States/UTs,State-UT -wise Foreigners Arrested under IPC &amp; SLL during 2023,https://www.ncrb.gov.in/uploads/files/038StateUT-wiseForeignersArrestedunderIPCSLLduring2023.xlsx
2023,States/UTs,Crimehead-wise Section-wise Cases and Persons Disposal under Rape during 2023,https://www.ncrb.gov.in/uploads/files/039Crimehead-wiseSection-wiseCasesandPersonsDisposalunderRapeduring20232.xlsx
2023,States/UTs,Crimehead-wise Cases and Persons Disposal under Crimes by NEI_LWE_Terrorists during 2023,https://www.ncrb.gov.in/uploads/files/040Crimehead-wiseCasesandPersonsDisposalunderCrimesbyNEILWEJihadiOtherTerroristsduring2023.xlsx
2023,States/UTs,State-UT -wise Persons Disposal under Cyber Crimes during 2023,https://www.ncrb.gov.in/uploads/files/041StateUT-wisePersonsDisposalunderCyberCrimesduring2023.xlsx
2023,States/UTs,State-UT -wise Cases and Persons Disposal under Cyber Crimes against Women during 2023,https://www.ncrb.gov.in/uploads/files/042StateUT-wiseCasesandPersonsDisposalunderCyberCrimesagainstWomenduring2023.xlsx
2023,States/UTs,State-UT -wise Cases and Persons Disposal under Cyber Crimes against Children during 2023,https://www.ncrb.gov.in/uploads/files/043StateUT-wiseCasesandPersonsDisposalunderCyberCrimesagainstChildrenduring2023.xlsx
2023,States/UTs,Crimehead-wise Persons Arrested under Cyber Crimes during 2023,https://www.ncrb.gov.in/uploads/files/044Crimehead-wisePersonsArrestedunderCyberCrimesduring2023.xlsx
2023,States/UTs,StateUT-wise Persons Arrested under Cyber Crimes during 2023,https://www.ncrb.gov.in/uploads/files/045StateUT-wisePersonsArrestedunderCyberCrimesduring2023.xlsx
2023,States/UTs,State-UT -wise Property Stolen and Recovered during 2023,https://www.ncrb.gov.in/uploads/files/046StateUT-wisePropertyStolenandRecoveredduring20231.xlsx
2023,States/UTs,State-UT -wise Nature-wise Property Stolen and Recovered during 2023,https://www.ncrb.gov.in/uploads/files/047StateUT-wiseNature-wisePropertyStolenandRecoveredduring2023.xlsx
2023,States/UTs,State-UT -wise Place of Occurrence-wise Property Stolen and Recovered during 2023,https://www.ncrb.gov.in/uploads/files/048StateUT-wisePlaceofOccurance-wisePropertyStolenandRecoveredduring2023.xlsx
2023,States/UTs,State-UT -wise Seizures under NDPS Act during 2023,https://www.ncrb.gov.in/uploads/files/049StateUT-wiseSeizuresunderNDPSActduring20232.xlsx
2023,States/UTs,State-UT -wise Rank-wise Police Personnel Killed on Duty during 2023,https://www.ncrb.gov.in/uploads/files/050StateUT-wiseRank-wisePolicePersonnelKilledonDutyduring2023.xlsx
2023,States/UTs,State-UT -wise Rank-wise Police Personnel Injured on Duty during 2023,https://www.ncrb.gov.in/uploads/files/051StateUT-wiseRank-wisePolicePersonnelInjuredonDutyduring2023.xlsx
2023,States/UTs,State-UT -wise WeaponType-wise Seizure of Arms during 2023,https://www.ncrb.gov.in/uploads/files/052StateUT-wiseWeaponType-wiseSeizureofArmsduring2023.xlsx
2023,States/UTs,State-UT -wise WeaponType-wise Seizure of Ammunition during 2023,https://www.ncrb.gov.in/uploads/files/053StateUT-wiseWeaponType-wiseSeizureofAmmunitionduring2023.xlsx
2023,States/UTs,State-UT -wise Complaints against Police Personnel during 2023,https://www.ncrb.gov.in/uploads/files/054StateUT-wiseComplaintsagainstPolicePersonnelduring2023.xlsx
2023,Mega City,City-wise Cases Registered 156_3 under IPC during 2023,https://www.ncrb.gov.in/uploads/files/001City-wiseCasesRegistered1563underIPCduring2023.xlsx
2023,Mega City,City-wise Cases Registered 156_3 under SLL during 2023,https://www.ncrb.gov.in/uploads/files/002City-wiseCasesRegistered1563underSLLduring2023.xlsx
2023,Mega City,City-wise Cases Registered 156_3 under Crimes against Women during 2023,https://www.ncrb.gov.in/uploads/files/003City-wiseCasesRegistered1563underCrimesagainstWomenduring2023.xlsx
2023,Mega City,City-wise Cases Registered 156_3 under Crimes against Children during 2023,https://www.ncrb.gov.in/uploads/files/004City-wiseCasesRegistered1563underCrimesagainstChildrenduring2023.xlsx
2023,Mega City,City-wise Cases Registered 156_3 under Crimes against SCs during 2023,https://www.ncrb.gov.in/uploads/files/005City-wiseCasesRegistered1563underCrimesagainstSCsduring20231.xlsx
2023,Mega City,City-wise Cases Registered 156_3 under Crimes against STs during 2023,https://www.ncrb.gov.in/uploads/files/006City-wiseCasesRegistered1563underCrimesagainstSTsduring2023.xlsx
2023,Mega City,City-wise Cases Registered 156_3 under Crimes against Sr Citizen during 2023,https://www.ncrb.gov.in/uploads/files/007City-wiseCasesRegistered1563underCrimesagainstSrCitizenduring2023.xlsx
2023,Mega City,City-wise Persons Disposal under IPC Crimes during 2023,https://www.ncrb.gov.in/uploads/files/008City-wisePersonsDisposalunderIPCCrimesduring2023.xlsx
2023,Mega City,City-wise Persons Disposal under SLL Crimes during 2023,https://www.ncrb.gov.in/uploads/files/009City-wisePersonsDisposalunderSLLCrimesduring2023.xlsx
2023,Mega City,City-wise Persons Disposal under Crimes against Women during 2023,https://www.ncrb.gov.in/uploads/files/010City-wisePersonsDisposalunderCrimesagainstWomenduring2023.xlsx
2023,Mega City,City-wise Persons Disposal under Crimes against Children during 2023,https://www.ncrb.gov.in/uploads/files/011City-wisePersonsDisposalunderCrimesagainstChildrenduring2023.xlsx
2023,Mega City,City-wise Persons Disposal under Crimes against SCs during 2023,https://www.ncrb.gov.in/uploads/files/012City-wisePersonsDisposalunderCrimesagainstSCsduring2023.xlsx
2023,Mega City,City-wise Persons Disposal under Crimes against STs during 2023,https://www.ncrb.gov.in/uploads/files/013City-wisePersonsDisposalunderCrimesagainstSTsduring2023.xlsx
2023,Mega City,City-wise Persons Disposal under Crimes against Senior Citizen during 2023,https://www.ncrb.gov.in/uploads/files/014City-wisePersonsDisposalunderCrimesagainstSeniorCitizenduring2023.xlsx
2023,Mega City,City-wise Cases and Persons Disposal under Crimes against Foreigners during 2023,https://www.ncrb.gov.in/uploads/files/015City-wiseCasesandPersonsDisposalunderCrimesagainstForeignersduring2023.xlsx
2023,Mega City,City-wise Cases and Persons Disposal under Crimes by Foreigners during 2023,https://www.ncrb.gov.in/uploads/files/016City-wiseCasesandPersonsDisposalunderCrimesbyForeignersduring2023.xlsx
2023,Mega City,City-wise Foreign Victims under IPC &amp; SLL during 2023,https://www.ncrb.gov.in/uploads/files/017City-wiseForeignVictimsunderIPCSLLduring2023.xlsx
2023,Mega City,City-wise Foreigners Arrested under IPC &amp; SLL during 2023,https://www.ncrb.gov.in/uploads/files/018City-wiseForeignersArrestedunderIPCSLLduring2023.xlsx
2023,Mega City,City-wise Persons Disposal under Cyber Crimes during 2023,https://www.ncrb.gov.in/uploads/files/019City-wisePersonsDisposalunderCyberCrimesduring2023.xlsx
2023,Mega City,City-wise Cases and Persons Disposal under Cyber Crimes against Women during 2023,https://www.ncrb.gov.in/uploads/files/020City-wiseCasesandPersonsDisposalunderCyberCrimesagainstWomenduring2023.xlsx
2023,Mega City,City-wise Cases and Persons Disposal under Cyber Crimes against Children during 2023,https://www.ncrb.gov.in/uploads/files/021City-wiseCasesandPersonsDisposalunderCyberCrimesagainstChildrenduring2023.xlsx
2023,Mega City,City-wise Persons Arrested under Cyber Crimes during 2023,https://www.ncrb.gov.in/uploads/files/022City-wisePersonsArrestedunderCyberCrimesduring2023.xlsx
2023,Mega City,City-wise Property Stolen and Recovered during 2023,https://www.ncrb.gov.in/uploads/files/023City-wisePropertyStolenandRecoveredduring2023.xlsx
2023,Mega City,City-wise Nature-wise Property Stolen and Recovered during 2023,https://www.ncrb.gov.in/uploads/files/024City-wiseNature-wisePropertyStolenandRecoveredduring2023.xlsx
2023,Mega City,City-wise Place of Occurrence-wise Property Stolen and Recovered during 2023,https://www.ncrb.gov.in/uploads/files/025City-wisePlaceofOccurance-wisePropertyStolenandRecoveredduring2023.xlsx
2023,Mega City,City-wise Seizures under NDPS Act during 2023,https://www.ncrb.gov.in/uploads/files/026City-wiseSeizuresunderNDPSActduring2023.xlsx
2023,Mega City,City-wise Rank-wise Police Personnel Killed on Duty during 2023,https://www.ncrb.gov.in/uploads/files/027City-wiseRank-wisePolicePersonnelKilledonDutyduring2023.xlsx
2023,Mega City,City-wise Rank-wise Police Personnel Injured on Duty during 2023,https://www.ncrb.gov.in/uploads/files/028City-wiseRank-wisePolicePersonnelInjuredonDutyduring2023.xlsx
2023,Mega City,City-wise WeaponType-wise Seizure of Arms during 2023,https://www.ncrb.gov.in/uploads/files/029City-wiseWeaponType-wiseSeizureofArmsduring2023.xlsx
2023,Mega City,City-wise WeaponType-wise Seizure of Ammunition during 2023,https://www.ncrb.gov.in/uploads/files/030City-wiseWeaponType-wiseSeizureofAmmunitionduring2023.xlsx
2023,Mega City,City-wise Complaints against Police Personnel during 2023,https://www.ncrb.gov.in/uploads/files/031City-wiseComplaintsagainstPolicePersonnelduring2023.xlsx
2022,Summary (34 Metropolitan Cities),IPC Crimes (City-wise) - 2020-2022,https://www.ncrb.gov.in/uploads/files/TABLE1B1.pdf
2022,Summary (34 Metropolitan Cities),SLL Crimes (City-wise) - 2020-2022,https://www.ncrb.gov.in/uploads/files/TABLE1B2.pdf
2022,Summary (34 Metropolitan Cities),IPC & SLL Crimes (City-wise) - 2020-2022,https://www.ncrb.gov.in/uploads/files/TABLE1B3.pdf
2022,Summary (34 Metropolitan Cities),IPC Crimes (Crime Head-wise & City-wise) - 2022,https://www.ncrb.gov.in/uploads/files/TABLE1B4.pdf
2022,Summary (34 Metropolitan Cities),SLL Crimes (Crime Head-wise & City-wise) - 2022,https://www.ncrb.gov.in/uploads/files/TABLE1B5.pdf
2022,Summary (34 Violent Crimes),3. City-wise Violent Crimes (Incidence & Crime Rate) - 2022,https://www.ncrb.gov.in/uploads/files/TABLE1C3.pdf
2022,Summary (34 Violent Crimes),4.Violent Crimes (Crime Head-wise & City-wise) - 2022,https://www.ncrb.gov.in/uploads/files/TABLE1C4.pdf
2022,Murder (34 Metropolitan Cities),Murder Cases (City-wise) - 2020-2022,https://www.ncrb.gov.in/uploads/files/TABLE2B1.pdf
2022,Murder (34 Metropolitan Cities),Motives of Murder - 2022,https://www.ncrb.gov.in/uploads/files/TABLE2B2.pdf
2022,Murder (34 Metropolitan Cities),Victims of Murder (Gender & Age Group-wise) - 2022,https://www.ncrb.gov.in/uploads/files/TABLE2B3.pdf
2022,Kidnapping & Abduction (34 Metropolitan Cities),Kidnapping & Abduction (City-wise) - 2020-2022,https://www.ncrb.gov.in/uploads/files/TABLE2D1.pdf
2022,Kidnapping & Abduction (34 Metropolitan Cities),Purpose of kidnapping and Abduction 2022 (Child victim & Adult Victim),https://www.ncrb.gov.in/uploads/files/TABLE2D2.pdf
2022,Kidnapping & Abduction (34 Metropolitan Cities),Purpose of Kidnapping & Abduction (Alive Victims) - 2022,https://www.ncrb.gov.in/uploads/files/TABLE2D3.pdf
2022,Kidnapping & Abduction (34 Metropolitan Cities),Recovery of Kidnapped & Abducted Persons (City-wise) - 2022,https://www.ncrb.gov.in/uploads/files/TABLE2D4.pdf
2022,Kidnapping & Abduction (34 Metropolitan Cities),Recovery of Kidnapped & Abducted Persons Child Victims & Adult Victims (Gender & Age Group-wise) - 2022,https://www.ncrb.gov.in/uploads/files/TABLE2D5.pdf
2022,Crime Against Women (34 Metropolitan Cities),Crime Against Women (City-wise) - 2020-2022,https://www.ncrb.gov.in/uploads/files/TABLE3B1.pdf
2022,Crime Against Women (34 Metropolitan Cities),Crime Against Women (Crime Head-wise & City-wise) - 2022 including IPC & SLL,https://www.ncrb.gov.in/uploads/files/TABLE3B2.pdf
2022,Crime Against Women (34 Metropolitan Cities),Police Disposal of Crime Against Women Cases (Crime Head-wise) - 2022,https://www.ncrb.gov.in/uploads/files/TABLE3B3.pdf
2022,Crime Against Women (34 Metropolitan Cities),Police Disposal of Crime Against Women Cases (City-wise) - 2022,https://www.ncrb.gov.in/uploads/files/TABLE3B4.pdf
2022,Crime Against Women (34 Metropolitan Cities),Court Disposal of Crime Against Women Cases (Crime Head-wise) - 2022,https://www.ncrb.gov.in/uploads/files/TABLE3B5.pdf
2022,Crime Against Women (34 Metropolitan Cities),Court Disposal of Crime Against Women Cases (City-wise) - 2022,https://www.ncrb.gov.in/uploads/files/TABLE3B6.pdf
2022,Crime Against Women (34 Metropolitan Cities),Disposal of Persons Arrested for Crime Against Women (Crime Head-wise) - 2022,https://www.ncrb.gov.in/uploads/files/TABLE3B7.pdf
2022,Crime Against Women (34 Metropolitan Cities),Disposal of Persons Arrested for Crime Against Women (City-wise) - 2022,https://www.ncrb.gov.in/uploads/files/TABLE3B8.pdf
2022,Crime Against Children (34 Metropolitan Cities),Crime Against Children (City-wise) - 2020-2022,https://www.ncrb.gov.in/uploads/files/TABLE4B1.pdf
2022,Crime Against Children (34 Metropolitan Cities),Crime Against Children IPC & SLL (Crime Head-wise & City-wise) - 2022,https://www.ncrb.gov.in/uploads/files/TABLE4B2.pdf
2022,Crime Against Children (34 Metropolitan Cities),Police Disposal of Crime Against Children Cases (Crime Head-wise) - 2022,https://www.ncrb.gov.in/uploads/files/TABLE4B3.pdf
2022,Crime Against Children (34 Metropolitan Cities),Police Disposal of Crime Against Children Cases (City-wise) - 2022,https://www.ncrb.gov.in/uploads/files/TABLE4B4.pdf
2022,Crime Against Children (34 Metropolitan Cities),Court Disposal of Crime Against Children Cases (Crime Head-wise) - 2022,https://www.ncrb.gov.in/uploads/files/TABLE4B5.pdf
2022,Crime Against Children (34 Metropolitan Cities),Court Disposal of Crime Against Children Cases (City-wise) - 2022,https://www.ncrb.gov.in/uploads/files/TABLE4B6.pdf
2022,Crime Against Children (34 Metropolitan Cities),Disposal of Persons Arrested for Crime Against Children (Crime Head-wise) - 2022,https://www.ncrb.gov.in/uploads/files/TABLE4B7.pdf
2022,Crime Against Children (34 Metropolitan Cities),Disposal of Persons Arrested for Crime Against Children(City-wise) - 2022,https://www.ncrb.gov.in/uploads/files/TABLE4B81.pdf
2022,Juveniles In Conflict With Law (34 Metropolitan Cities),Crime Committed by Juveniles (City-wise) - 2020-2022,https://www.ncrb.gov.in/uploads/files/TABLE5B1.pdf
2022,Juveniles In Conflict With Law (34 Metropolitan Cities),IPC Crimes committed by Juveniles (City-wise) - 2022,https://www.ncrb.gov.in/uploads/files/TABLE5B2.pdf
2022,Juveniles In Conflict With Law (34 Metropolitan Cities),SLL Crimes committed by Juveniles (City-wise) - 2022,https://www.ncrb.gov.in/uploads/files/TABLE5B3.pdf
2022,Juveniles In Conflict With Law (34 Metropolitan Cities),"Juveniles Apprehended (Crime Head, Age Groups & Gender-wise) - 2022",https://www.ncrb.gov.in/uploads/files/TABLE5B4A.pdf
2022,Juveniles In Conflict With Law (34 Metropolitan Cities),Disposal of Juveniles Apprehended (City-wise) - 2022,https://www.ncrb.gov.in/uploads/files/TABLE5B5.pdf
2022,Juveniles In Conflict With Law (34 Metropolitan Cities),Education & Family Background of Juveniles Arrested - 2022,https://www.ncrb.gov.in/uploads/files/TABLE5B6.pdf
2022,Crime Against Senior Citizen (34 Metropolitan Cities),Crime Against Senior Citizens (City-wise) -2020-2022,https://www.ncrb.gov.in/uploads/files/TABLE6B1.pdf
2022,Crime Against Senior Citizen (34 Metropolitan Cities),Crime Against Senior Citizens (Crime Head-wise & City-wise) -2022,https://www.ncrb.gov.in/uploads/files/TABLE6B2.pdf
2022,Crime Against Senior Citizen (34 Metropolitan Cities),Police Disposal of Crime Against Senior Citizen Cases (Crime Head-wise) -2022,https://www.ncrb.gov.in/uploads/files/TABLE6B3.pdf
2022,Crime Against Senior Citizen (34 Metropolitan Cities),Police Disposal of Crime Against Senior Citizen Cases (City-wise) -2022,https://www.ncrb.gov.in/uploads/files/TABLE6B4.pdf
2022,Crime Against Senior Citizen (34 Metropolitan Cities),Court Disposal of Crime Against Senior Citizen Cases (Crime Head-wise) -2022,https://www.ncrb.gov.in/uploads/files/TABLE6B5.pdf
2022,Crime Against Senior Citizen (34 Metropolitan Cities),Court Disposal of Crime Against Senior Citizen (City-wise) -2022,https://www.ncrb.gov.in/uploads/files/TABLE6B6.pdf
2022,Crime Against Senior Citizen (34 Metropolitan Cities),Disposal of Persons for Crime Against Senior Citizen (Crime Head-wise) -2022,https://www.ncrb.gov.in/uploads/files/TABLE6B7.pdf
2022,Crime Against Senior Citizen (34 Metropolitan Cities),Disposal of Persons for Crime Against Senior Citizen (City-wise) -2022,https://www.ncrb.gov.in/uploads/files/TABLE6B8.pdf
2022,Crime/atrocities Against Scheduled Castes (34 Metropolitan Cities),Crime/Atrocities against Scheduled Castes (City-wise) -2020-2022,https://www.ncrb.gov.in/uploads/files/TABLE7B1.pdf
2022,Crime/atrocities Against Scheduled Castes (34 Metropolitan Cities),Crime/Atrocities against Scheduled Castes (Crime Head-wise & City-wise) -2022,https://www.ncrb.gov.in/uploads/files/TABLE7B2.pdf
2022,Crime/atrocities Against Scheduled Castes (34 Metropolitan Cities),Police Disposal of Crime/Atrocities against SCs Cases (Crime Head-wise) -2022,https://www.ncrb.gov.in/uploads/files/TABLE7B3.pdf
2022,Crime/atrocities Against Scheduled Castes (34 Metropolitan Cities),Police Disposal of Crime/Atrocities against SCs Cases (City-wise) -2022,https://www.ncrb.gov.in/uploads/files/TABLE7B4.pdf
2022,Crime/atrocities Against Scheduled Castes (34 Metropolitan Cities),Court Disposal of Crime/Atrocities against SCs Cases (Crime Head-wise) -2022,https://www.ncrb.gov.in/uploads/files/TABLE7B5.pdf
2022,Crime/atrocities Against Scheduled Castes (34 Metropolitan Cities),Court Disposal of Crime/Atrocities against SCs Cases (City-wise) -2022,https://www.ncrb.gov.in/uploads/files/TABLE7B6.pdf
2022,Crime/atrocities Against Scheduled Castes (34 Metropolitan Cities),Disposal of Persons Arrested for Crime/Atrocities against SCs (Crime Head-wise) -2022,https://www.ncrb.gov.in/uploads/files/TABLE7D7.pdf
2022,Crime/atrocities Against Scheduled Castes (34 Metropolitan Cities),Disposal of Persons Arrested for Crime/Atrocities against SCs (City-wise) -2022,https://www.ncrb.gov.in/uploads/files/TABLE7B8.pdf
2022,Crime/atrocities Against Scheduled Tribes (34 Metropolitan Cities),Crime/Atrocities against Scheduled Tribes (City-wise) -2020-2022,https://www.ncrb.gov.in/uploads/files/TABLE7D1.pdf
2022,Crime/atrocities Against Scheduled Tribes (34 Metropolitan Cities),Crime/Atrocities against Scheduled Tribes (Crime Head-wise & City-wise) -2022,https://www.ncrb.gov.in/uploads/files/TABLE7D2.pdf
2022,Crime/atrocities Against Scheduled Tribes (34 Metropolitan Cities),Police Disposal of Crime/Atrocities against STs Cases (Crime Head-wise) -2022,https://www.ncrb.gov.in/uploads/files/TABLE7D3.pdf
2022,Crime/atrocities Against Scheduled Tribes (34 Metropolitan Cities),Police Disposal of Crime/Atrocities against STs Cases (City-wise) -2022,https://www.ncrb.gov.in/uploads/files/TABLE7D4.pdf
2022,Crime/atrocities Against Scheduled Tribes (34 Metropolitan Cities),Court Disposal of Crime/Atrocities against STs Cases (Crime Head-wise) -2022,https://www.ncrb.gov.in/uploads/files/TABLE7D5.pdf
2022,Crime/atrocities Against Scheduled Tribes (34 Metropolitan Cities),Court Disposal of Crime/Atrocities against STs Cases (City-wise) -2022,https://www.ncrb.gov.in/uploads/files/TABLE7D6.pdf
2022,Crime/atrocities Against Scheduled Tribes (34 Metropolitan Cities),Disposal of Persons Arrested for Crime/Atrocities against STs (Crime Head-wise) -2022,https://www.ncrb.gov.in/uploads/files/TABLE7D71.pdf
2022,Crime/atrocities Against Scheduled Tribes (34 Metropolitan Cities),Disposal of Persons Arrested for Crime/Atrocities against STs (City-wise) -2022,https://www.ncrb.gov.in/uploads/files/TABLE7D8.pdf
2022,Economic Offences (34 Metropolitan Cities),Economic Offences (City-wise) -2020-2022,https://www.ncrb.gov.in/uploads/files/TABLE8B1.pdf
2022,Economic Offences (34 Metropolitan Cities),Economic Crimes (City wise & Crime Head-wise) -2022,https://www.ncrb.gov.in/uploads/files/TABLE8B2.pdf
2022,Economic Offences (34 Metropolitan Cities),Economic Offences - Loss of Property -2022,https://www.ncrb.gov.in/uploads/files/TABLE8B3.pdf
2022,Economic Offences (34 Metropolitan Cities),Police Disposal of Economic Offences (Crime Head-wise) -2022,https://www.ncrb.gov.in/uploads/files/TABLE8B4.pdf
2022,Economic Offences (34 Metropolitan Cities),Police Disposal of Economic Offences (City-wise) -2022,https://www.ncrb.gov.in/uploads/files/TABLE8B5.pdf
2022,Economic Offences (34 Metropolitan Cities),Court Disposal of Economic Offences (Crime Head-wise) -2022,https://www.ncrb.gov.in/uploads/files/TABLE8B6.pdf
2022,Economic Offences (34 Metropolitan Cities),Court Disposal of Economic Offences (City wise) -2022,https://www.ncrb.gov.in/uploads/files/TABLE8B7.pdf
2022,Economic Offences (34 Metropolitan Cities),Disposal of Persons Arrested under Economic Offences (Crime Head-wise) -2022,https://www.ncrb.gov.in/uploads/files/TABLE8B8.xlsx
2022,Economic Offences (34 Metropolitan Cities),Disposal of Persons Arrested under Economic Offences (City wise) -2022,https://www.ncrb.gov.in/uploads/files/TABLE8B9.pdf
2022,Cyber Crimes (34 Metropolitan Cities),Cyber Crime (City-wise) -2020-2022,https://www.ncrb.gov.in/uploads/files/TABLE9B1.pdf
2022,Cyber Crimes (34 Metropolitan Cities),"Cyber Crimes IT Act Cases , IPC & SLL (Crime Head-wise & City-wise) -2022",https://www.ncrb.gov.in/uploads/files/TABLE9B2.pdf
2022,Cyber Crimes (34 Metropolitan Cities),Cyber Crime Motives -2022,https://www.ncrb.gov.in/uploads/files/TABLE9B3.pdf
2022,Cyber Crimes (34 Metropolitan Cities),Police Disposal of Cyber Crime Cases (Crime Head-wise) -2022,https://www.ncrb.gov.in/uploads/files/TABLE9B4.pdf
2022,Cyber Crimes (34 Metropolitan Cities),Police Disposal of Cyber Crime Cases (City wise) -2022,https://www.ncrb.gov.in/uploads/files/TABLE9B5.pdf
2022,Cyber Crimes (34 Metropolitan Cities),Court Disposal of Cyber Crime Cases (Crime Head-wise) -2022,https://www.ncrb.gov.in/uploads/files/TABLE9B6.pdf
2022,Cyber Crimes (34 Metropolitan Cities),Court Disposal of Cyber Crime Cases (City wise) -2022,https://www.ncrb.gov.in/uploads/files/TABLE9B7.pdf
2022,Cyber Crimes (34 Metropolitan Cities),Disposal of Persons Arrested under Cyber Crime (Crime Head-wise) -2022,https://www.ncrb.gov.in/uploads/files/TABLE9B8.pdf
2022,Cyber Crimes (34 Metropolitan Cities),Disposal of Persons Arrested under Cyber Crime (City wise) -2022,https://www.ncrb.gov.in/uploads/files/TABLE9B9.pdf
2022,Disposal Of Cases By Police (34 Metropolitan Cities),Police Disposal of IPC Crime Cases (Crime Head-wise) - 2022,https://www.ncrb.gov.in/uploads/files/TABLE17B1.pdf
2022,Disposal Of Cases By Police (34 Metropolitan Cities),Police Disposal of IPC Crime Cases (City-wise) - 2022,https://www.ncrb.gov.in/uploads/files/TABLE17B2.pdf
2022,Disposal Of Cases By Police (34 Metropolitan Cities),Police Disposal of SLL Crime Cases (Crime Head-wise) - 2022,https://www.ncrb.gov.in/uploads/files/TABLE17B3.pdf
2022,Disposal Of Cases By Police (34 Metropolitan Cities),Police Disposal of SLL Crime Cases (City-wise) - 2022,https://www.ncrb.gov.in/uploads/files/TABLE17B4.pdf
2022,Disposal Of Cases By Courts (34 Metropolitan Cities),Court Disposal of IPC Crime Cases (Crime Head-wise) - 2022,https://www.ncrb.gov.in/uploads/files/TABLE18B1.pdf
2022,Disposal Of Cases By Courts (34 Metropolitan Cities),Court Disposal of IPC Crime Cases (City-wise) - 2022,https://www.ncrb.gov.in/uploads/files/TABLE18B2.pdf
2022,Disposal Of Cases By Courts (34 Metropolitan Cities),Court Disposal of SLL Crime Cases (Crime Head-wise) - 2022,https://www.ncrb.gov.in/uploads/files/TABLE18B3.pdf
2022,Disposal Of Cases By Courts (34 Metropolitan Cities),Court Disposal of SLL Crime Cases (City-wise) - 2022,https://www.ncrb.gov.in/uploads/files/TABLE18B4.pdf
2022,"Arrests, Convictions & Acquittals Of Persons (34 Metropolitan Cities)",Arrests under IPC Crimes (Crime Head-wise) - 2022,https://www.ncrb.gov.in/uploads/files/TABLE19B1.pdf
2022,"Arrests, Convictions & Acquittals Of Persons (34 Metropolitan Cities)",Arrests under IPC Crimes (City-wise) - 2022,https://www.ncrb.gov.in/uploads/files/TABLE19B2.pdf
2022,"Arrests, Convictions & Acquittals Of Persons (34 Metropolitan Cities)",Arrests under SLL Crimes (Crime Head-wise) - 2022,https://www.ncrb.gov.in/uploads/files/TABLE19B3.pdf
2022,"Arrests, Convictions & Acquittals Of Persons (34 Metropolitan Cities)",Arrests under SLL Crimes (City-wise) - 2022,https://www.ncrb.gov.in/uploads/files/TABLE19B4.pdf
2022,"Arrests, Convictions & Acquittals Of Persons (34 Metropolitan Cities)",Disposal of Persons Arrested under IPC Crimes (Crime Head-wise) - 2022,https://www.ncrb.gov.in/uploads/files/TABLE19B5.pdf
2022,"Arrests, Convictions & Acquittals Of Persons (34 Metropolitan Cities)",Disposal of Persons Arrested under IPC Crimes (City-wise) - 2022,https://www.ncrb.gov.in/uploads/files/TABLE19B6.pdf
2022,"Arrests, Convictions & Acquittals Of Persons (34 Metropolitan Cities)",Disposal of Persons Arrested under SLL Crimes (Crime Head-wise) - 2022,https://www.ncrb.gov.in/uploads/files/TABLE19B7.pdf
2022,"Arrests, Convictions & Acquittals Of Persons (34 Metropolitan Cities)",Disposal of Persons Arrested under SLL Crimes (City-wise) - 2022,https://www.ncrb.gov.in/uploads/files/TABLE19B8.pdf
2022,"Arrests, Convictions & Acquittals Of Persons (34 Metropolitan Cities)",Disposal of Total Persons Arrested under All IPC+SLL Crimes (City-wise) - 2022,https://www.ncrb.gov.in/uploads/files/TABLE19B9.pdf
2022,District Wise Reports,Districtwise IPC Crimes 2022,https://www.ncrb.gov.in/uploads/nationalcrimerecordsbureau/custom/17016833111DistrictwiseIPCCrimes2022.xlsx
2022,District Wise Reports,Districtwise SLL Crimes 2022,https://www.ncrb.gov.in/uploads/nationalcrimerecordsbureau/custom/17016838002DistrictwiseSLLCrimes2022.xlsx
2022,District Wise Reports,Districtwise Crime against Women 2022,https://www.ncrb.gov.in/uploads/nationalcrimerecordsbureau/custom/17016840143DistrictwiseCrimeagainstWomen2022.xlsx
2022,District Wise Reports,Districtwise Crime against Children 2022,https://www.ncrb.gov.in/uploads/nationalcrimerecordsbureau/custom/17016840774DistrictwiseCrimeagainstChildren2022.xlsx
2022,District Wise Reports,Districtwise Crime against SCs 2022,https://www.ncrb.gov.in/uploads/nationalcrimerecordsbureau/custom/17016843315DistrictwiseCrimeagainstSCs2022.xlsx
2022,District Wise Reports,Districtwise Crime against STs 2022,https://www.ncrb.gov.in/uploads/nationalcrimerecordsbureau/custom/17016845106DistrictwiseCrimeagainstSTs2022.xlsx
2022,District Wise Reports,Districtwise IPC Crime by Juveniles 2022,https://www.ncrb.gov.in/uploads/nationalcrimerecordsbureau/custom/17016845957DistrictwiseIPCCrimebyJuveniles2022.xlsx
2022,District Wise Reports,Districtwise SLL Crime by Juveniles 2022,https://www.ncrb.gov.in/uploads/nationalcrimerecordsbureau/custom/17016847258DistrictwiseSLLCrimebyJuveniles2022.xlsx
2022,District Wise Reports,Districtwise Cyber Crimes 2022,https://www.ncrb.gov.in/uploads/nationalcrimerecordsbureau/custom/17016864879DistrictwiseCyberCrimes2022.xlsx
2022,District Wise Reports,Districtwise Missing Persons 2022,https://www.ncrb.gov.in/uploads/nationalcrimerecordsbureau/custom/170168657310DistrictwiseMissingPersons2022.xlsx
2022,States/UTs,1.State-UT-wise Cases Registered 156_3 under IPC during 2022,https://www.ncrb.gov.in/uploads/files/001StateUT-wiseCasesRegistered1563underIPCduring2022.xlsx
2022,States/UTs,State-UT -wise Cases Registered 156_3 under SLL during 2022,https://www.ncrb.gov.in/uploads/files/002StateUT-wiseCasesRegistered1563underSLLduring2022.xlsx
2022,States/UTs,State-UT -wise Cases Registered 156_3 under Crimes against Women during 2022,https://www.ncrb.gov.in/uploads/files/003StateUT-wiseCasesRegistered1563underCrimesagainstWomenduring2022.xlsx
2022,States/UTs,State-UT -wise Cases Registered 156_3 under Crimes against Children during 2022,https://www.ncrb.gov.in/uploads/files/004StateUT-wiseCasesRegistered1563underCrimesagainstChildrenduring2022.xlsx
2022,States/UTs,State-UT -wise Cases Registered 156_3 under Crimes against SCs during 2022,https://www.ncrb.gov.in/uploads/files/005StateUT-wiseCasesRegistered1563underCrimesagainstSCsduring2022.xlsx
2022,States/UTs,State-UT -wise Cases Registered 156_3 under Crimes against STs during 2022,https://www.ncrb.gov.in/uploads/files/006StateUT-wiseCasesRegistered1563underCrimesagainstSTsduring2022.xlsx
2022,States/UTs,State-UT -wise Cases Registered 156_3 under Crimes against Sr Citizen during 2022,https://www.ncrb.gov.in/uploads/files/007StateUT-wiseCasesRegistered1563underCrimesagainstSrCitizenduring2022.xlsx
2022,States/UTs,Crimehead-wise Cases Registered 156_3 under IPC and SLL during 2022,https://www.ncrb.gov.in/uploads/files/008Crimehead-wiseCasesRegistered1563underIPCandSLLduring2022.xlsx
2022,States/UTs,Crimehead-wise Cases Registered 156_3 under Crime against Women during 2022,https://www.ncrb.gov.in/uploads/files/009Crimehead-wiseCasesRegistered1563underCrimeagainstWomenduring2022.xlsx
2022,States/UTs,Crimehead-wise Cases Registered 156_3 under Crime against Children during 2022,https://www.ncrb.gov.in/uploads/files/010Crimehead-wiseCasesRegistered1563underCrimeagainstChildrenduring2022.xlsx
2022,States/UTs,Crimehead-wise Cases Registered 156_3 under Crime against SCs during 2022,https://www.ncrb.gov.in/uploads/files/011Crimehead-wiseCasesRegistered1563underCrimeagainstSCsduring2022.xlsx
2022,States/UTs,Crimehead-wise Cases Registered 156_3 under Crime against STs during 2022,https://www.ncrb.gov.in/uploads/files/012Crimehead-wiseCasesRegistered1563underCrimeagainstSTsduring2022.xlsx
2022,States/UTs,Crimehead-wise Cases Registered 156_3 under Crime against SrCitizen during 2022,https://www.ncrb.gov.in/uploads/files/013Crimehead-wiseCasesRegistered1563underCrimeagainstSrCitizenduring2022.xlsx
2022,States/UTs,Gender-wise details of Victims under IPC and SLL Crimes during 2022,https://www.ncrb.gov.in/uploads/files/014Crimehead-wiseGender-wisedetailsofVictimsunderIPCandSLLCrimesduring2022.xlsx
2022,States/UTs,Victims under Crimes against Women during 2022,https://www.ncrb.gov.in/uploads/files/015Crimehead-wiseVictimsunderCrimesagainstWomenduring2022.xlsx
2022,States/UTs,Gender-wise Victims under Crimes against Children during 2022,https://www.ncrb.gov.in/uploads/files/016Crimehead-wiseGender-wiseVictimsunderCrimesagaisntChildrenduring2022.xlsx
2022,States/UTs,Gender-wise Victims under Crimes against SCs during 2022,https://www.ncrb.gov.in/uploads/files/017Crimehead-wiseGender-wiseVictimsunderCrimesagasintSCsduring2022.xlsx
2022,States/UTs,Gender-wise Victims under Crimes against STs during 2022,https://www.ncrb.gov.in/uploads/files/018Crimehead-wiseGender-wiseVictimsunderCrimesagasintSTsduring2022.xlsx
2022,States/UTs,Gender-wise Victims under Crimes against Senior Citizen during 2022,https://www.ncrb.gov.in/uploads/files/019Crimehead-wiseGender-wiseVictimsunderCrimesagasintSeniorCitizenduring2022.xlsx
2022,States/UTs,Persons Disposal under IPC and SLL Crimes during 2022,https://www.ncrb.gov.in/uploads/files/020Crimehead-wisePersonsDisposalunderIPCandSLLCrimesduring2022.xlsx
2022,States/UTs,Persons Disposal under Crimes against Women during 2022,https://www.ncrb.gov.in/uploads/files/021Crimehead-wisePersonsDisposalunderCrimesagainstWomenduring2022.xlsx
2022,States/UTs,Persons Disposal under Crimes against Children during 2022,https://www.ncrb.gov.in/uploads/files/022Crimehead-wisePersonsDisposalunderCrimesagainstChildrenduring2022.xlsx
2022,States/UTs,Persons Disposal under Crimes against SCs during 2022,https://www.ncrb.gov.in/uploads/files/023Crimehead-wisePersonsDisposalunderCrimesagainstSCsduring2022.xlsx
2022,States/UTs,Persons Disposal under Crimes against STs during 2022,https://www.ncrb.gov.in/uploads/files/024Crimehead-wisePersonsDisposalunderCrimesagainstSTsduring2022.xlsx
2022,States/UTs,Persons Disposal under Crimes against Senior Citizen during 2022,https://www.ncrb.gov.in/uploads/files/025Crimehead-wisePersonsDisposalunderCrimesagainstSeniorCitizenduring2022.xlsx
2022,States/UTs,Persons Disposal under Crimes against Foreigners during 2022,https://www.ncrb.gov.in/uploads/files/026Crimehead-wisePersonsDisposalunderCrimesagainstForeignersduring2022.xlsx
2022,States/UTs,Persons Disposal under Crimes Committed by Foreigners during 2022,https://www.ncrb.gov.in/uploads/files/027Crimehead-wisePersonsDisposalunderCrimesCommittedbyForeignersduring2022.xlsx
2022,States/UTs,State-UT -wise Persons Disposal under IPC Crimes during 2022,https://www.ncrb.gov.in/uploads/files/028StateUT-wisePersonsDisposalunderIPCCrimesduring2022.xlsx
2022,States/UTs,State-UT -wise Persons Disposal under SLL Crimes during 2022,https://www.ncrb.gov.in/uploads/files/029StateUT-wisePersonsDisposalunderSLLCrimesduring2022.xlsx
2022,States/UTs,State-UT -wise Persons Disposal under Crimes against Women during 2022,https://www.ncrb.gov.in/uploads/files/030StateUT-wisePersonsDisposalunderCrimesagainstWomenduring2022.xlsx
2022,States/UTs,State-UT -wise Persons Disposal under Crimes against Children during 2022,https://www.ncrb.gov.in/uploads/files/031StateUT-wisePersonsDisposalunderCrimesagainstChildrenduring2022.xlsx
2022,States/UTs,State-UT -wise Persons Disposal under Crimes against SCs during 2022,https://www.ncrb.gov.in/uploads/files/032StateUT-wisePersonsDisposalunderCrimesagainstSCsduring2022.xlsx
2022,States/UTs,State-UT -wise Persons Disposal under Crimes against STs during 2022,https://www.ncrb.gov.in/uploads/files/033StateUT-wisePersonsDisposalunderCrimesagainstSTsduring2022.xlsx
2022,States/UTs,State-UT -wise Persons Disposal under Crimes against Senior Citizen during 2022,https://www.ncrb.gov.in/uploads/files/034StateUT-wisePersonsDisposalunderCrimesagainstSeniorCitizenduring2022.xlsx
2022,States/UTs,State-UT -wise Cases and Persons Disposal under Crimes against Foreigners during 2022,https://www.ncrb.gov.in/uploads/files/035StateUT-wiseCasesandPersonsDisposalunderCrimesagainstForeignersduring2022.xlsx
2022,States/UTs,State-UT -wise Cases and Persons Disposal under Crimes by Foreigners during 2022,https://www.ncrb.gov.in/uploads/files/036StateUT-wiseCasesandPersonsDisposalunderCrimesbyForeignersduring2022.xlsx
2022,States/UTs,State-UT -wise Foreign Victims under IPC & SLL during 2022,https://www.ncrb.gov.in/uploads/files/037StateUT-wiseForeignVictimsunderIPCSLLduring2022.xlsx
2022,States/UTs,State-UT -wise Foreigners Arrested under IPC & SLL during 2022,https://www.ncrb.gov.in/uploads/files/038StateUT-wiseForeignersArrestedunderIPCSLLduring2022.xlsx
2022,States/UTs,Section-wise Cases and Persons Disposal under Rape during 2022,https://www.ncrb.gov.in/uploads/files/039Crimehead-wiseSection-wiseCasesandPersonsDisposalunderRapeduring2022.xlsx
2022,States/UTs,Cases and Persons Disposal under Crimes by Anti National Elements during 2022,https://www.ncrb.gov.in/uploads/files/040Crimehead-wiseCasesandPersonsDisposalunderCrimesbyNEILWEJihadiOtherTerroristsduring2022.xlsx
2022,States/UTs,State-UT -wise Persons Disposal under Cyber Crimes during 2022,https://www.ncrb.gov.in/uploads/files/041StateUT-wisePersonsDisposalunderCyberCrimesduring2022.xlsx
2022,States/UTs,State-UT -wise Cases and Persons Disposal under Cyber Crimes against Women during 2022,https://www.ncrb.gov.in/uploads/files/042StateUT-wiseCasesandPersonsDisposalunderCyberCrimesagainstWomenduring2022.xlsx
2022,States/UTs,State-UT -wise Cases and Persons Disposal under Cyber Crimes against Children during 2022,https://www.ncrb.gov.in/uploads/files/043StateUT-wiseCasesandPersonsDisposalunderCyberCrimesagainstChildrenduring2022.xlsx
2022,States/UTs,Crimehead-wise Persons Arrested under Cyber Crimes during 2022,https://www.ncrb.gov.in/uploads/files/044Crimehead-wisePersonsArrestedunderCyberCrimesduring2022.xlsx
2022,States/UTs,StateUT-wise Persons Arrested under Cyber Crimes during 2022,https://www.ncrb.gov.in/uploads/files/045StateUT-wisePersonsArrestedunderCyberCrimesduring2022.xlsx
2022,States/UTs,State-UT -wise Property Stolen and Recovered during 2022,https://www.ncrb.gov.in/uploads/files/046StateUT-wisePropertyStolenandRecoveredduring2022.xlsx
2022,States/UTs,State-UT -wise Nature-wise Property Stolen and Recovered during 2022,https://www.ncrb.gov.in/uploads/files/047StateUT-wiseNature-wisePropertyStolenandRecoveredduring2022.xlsx
2022,States/UTs,State-UT -wise Place of Occurrence-wise Property Stolen and Recovered during 2022,https://www.ncrb.gov.in/uploads/files/048StateUT-wisePlaceofOccurance-wisePropertyStolenandRecoveredduring2022.xlsx
2022,States/UTs,State-UT -wise Seizures under NDPS Act during 2022,https://www.ncrb.gov.in/uploads/files/049StateUT-wiseSeizuresunderNDPSActduring2022.xlsx
2022,States/UTs,State-UT -wise Rank-wise Police Personnel Killed on Duty during 2022,https://www.ncrb.gov.in/uploads/files/050StateUT-wiseRank-wisePolicePersonnelKilledonDutyduring2022.xlsx
2022,States/UTs,State-UT -wise Rank-wise Police Personnel Injured on Duty during 2022,https://www.ncrb.gov.in/uploads/files/051StateUT-wiseRank-wisePolicePersonnelInjuredonDutyduring2022.xlsx
2022,States/UTs,State-UT -wise WeaponType-wise Seizure of Arms during 2022,https://www.ncrb.gov.in/uploads/files/052StateUT-wiseWeaponType-wiseSeizureofArmsduring2022.xlsx
2022,States/UTs,State-UT -wise WeaponType-wise Seizure of Ammunition during 2022,https://www.ncrb.gov.in/uploads/files/053StateUT-wiseWeaponType-wiseSeizureofAmmunitionduring2022.xlsx
2022,States/UTs,State-UT -wise Complaints against Police Personnel during 2022,https://www.ncrb.gov.in/uploads/files/054StateUT-wiseComplaintsagainstPolicePersonnelduring2022.xlsx
2022,Mega City,City-wise Cases Registered 156_3 under IPC during 2022,https://www.ncrb.gov.in/uploads/files/001City-wiseCasesRegistered1563underIPCduring2022.xlsx
2022,Mega City,City-wise Cases Registered 156_3 under SLL during 2022,https://www.ncrb.gov.in/uploads/files/002City-wiseCasesRegistered1563underSLLduring2022.xlsx
2022,Mega City,City-wise Cases Registered 156_3 under Crimes against Women during 2022,https://www.ncrb.gov.in/uploads/files/003City-wiseCasesRegistered1563underCrimesagainstWomenduring2022.xlsx
2022,Mega City,City-wise Cases Registered 156_3 under Crimes against Children during 2022,https://www.ncrb.gov.in/uploads/files/004City-wiseCasesRegistered1563underCrimesagainstChildrenduring2022.xlsx
2022,Mega City,City-wise Cases Registered 156_3 under Crimes against SCs during 2022,https://www.ncrb.gov.in/uploads/files/005City-wiseCasesRegistered1563underCrimesagainstSCsduring2022.xlsx
2022,Mega City,City-wise Cases Registered 156_3 under Crimes against STs during 2022,https://www.ncrb.gov.in/uploads/files/006City-wiseCasesRegistered1563underCrimesagainstSTsduring2022.xlsx
2022,Mega City,City-wise Cases Registered 156_3 under Crimes against Sr Citizen during 2022,https://www.ncrb.gov.in/uploads/files/007City-wiseCasesRegistered1563underCrimesagainstSrCitizenduring2022.xlsx
2022,Mega City,City-wise Persons Disposal under IPC Crimes during 2022,https://www.ncrb.gov.in/uploads/files/008City-wisePersonsDisposalunderIPCCrimesduring2022.xlsx
2022,Mega City,City-wise Persons Disposal under SLL Crimes during 2022,https://www.ncrb.gov.in/uploads/files/009City-wisePersonsDisposalunderSLLCrimesduring2022.xlsx
2022,Mega City,City-wise Persons Disposal under Crimes against Women during 2022,https://www.ncrb.gov.in/uploads/files/010City-wisePersonsDisposalunderCrimesagainstWomenduring2022.xlsx
2022,Mega City,City-wise Persons Disposal under Crimes against Children during 2022,https://www.ncrb.gov.in/uploads/files/011City-wisePersonsDisposalunderCrimesagainstChildrenduring2022.xlsx
2022,Mega City,City-wise Persons Disposal under Crimes against SCs during 2022,https://www.ncrb.gov.in/uploads/files/012City-wisePersonsDisposalunderCrimesagainstSCsduring2022.xlsx
2022,Mega City,City-wise Persons Disposal under Crimes against STs during 2022,https://www.ncrb.gov.in/uploads/files/013City-wisePersonsDisposalunderCrimesagainstSTsduring2022.xlsx
2022,Mega City,City-wise Persons Disposal under Crimes against Senior Citizen during 2022,https://www.ncrb.gov.in/uploads/files/014City-wisePersonsDisposalunderCrimesagainstSeniorCitizenduring2022.xlsx
2022,Mega City,City-wise Cases and Persons Disposal under Crimes against Foreigners during 2022,https://www.ncrb.gov.in/uploads/files/015City-wiseCasesandPersonsDisposalunderCrimesagainstForeignersduring2022.xlsx
2022,Mega City,City-wise Cases and Persons Disposal under Crimes by Foreigners during 2022,https://www.ncrb.gov.in/uploads/files/016City-wiseCasesandPersonsDisposalunderCrimesbyForeignersduring2022.xlsx
2022,Mega City,City-wise Foreign Victims under IPC & SLL during 2022,https://www.ncrb.gov.in/uploads/files/017City-wiseForeignVictimsunderIPCSLLduring2022.xlsx
2022,Mega City,City-wise Foreigners Arrested under IPC & SLL during 2022,https://www.ncrb.gov.in/uploads/files/018City-wiseForeignersArrestedunderIPCSLLduring2022.xlsx
2022,Mega City,City-wise Persons Disposal under Cyber Crimes during 2022,https://www.ncrb.gov.in/uploads/files/019City-wisePersonsDisposalunderCyberCrimesduring2022.xlsx
2022,Mega City,City-wise Cases and Persons Disposal under Cyber Crimes against Women during 2022,https://www.ncrb.gov.in/uploads/files/020City-wiseCasesandPersonsDisposalunderCyberCrimesagainstWomenduring2022.xlsx
2022,Mega City,City-wise Cases and Persons Disposal under Cyber Crimes against Children during 2022,https://www.ncrb.gov.in/uploads/files/021City-wiseCasesandPersonsDisposalunderCyberCrimesagainstChildrenduring2022.xlsx
2022,Mega City,City-wise Persons Arrested under Cyber Crimes during 2022,https://www.ncrb.gov.in/uploads/files/022City-wisePersonsArrestedunderCyberCrimesduring2022.xlsx
2022,Mega City,City-wise Property Stolen and Recovered during 2022,https://www.ncrb.gov.in/uploads/files/023City-wisePropertyStolenandRecoveredduring2022.xlsx
2022,Mega City,City-wise Nature-wise Property Stolen and Recovered during 2022,https://www.ncrb.gov.in/uploads/files/024City-wiseNature-wisePropertyStolenandRecoveredduring2022.xlsx
2022,Mega City,City-wise Place of Occurrence-wise Property Stolen and Recovered during 2022,https://www.ncrb.gov.in/uploads/files/025City-wisePlaceofOccurance-wisePropertyStolenandRecoveredduring2022.xlsx
2022,Mega City,City-wise Seizures under NDPS Act during 2022,https://www.ncrb.gov.in/uploads/files/026City-wiseSeizuresunderNDPSActduring2022.xlsx
2022,Mega City,City-wise Rank-wise Police Personnel Killed on Duty during 2022,https://www.ncrb.gov.in/uploads/files/027City-wiseRank-wisePolicePersonnelKilledonDutyduring2022.xlsx
2022,Mega City,City-wise Rank-wise Police Personnel Injured on Duty during 2022,https://www.ncrb.gov.in/uploads/files/028City-wiseRank-wisePolicePersonnelInjuredonDutyduring2022.xlsx
2022,Mega City,City-wise WeaponType-wise Seizure of Arms during 2022,https://www.ncrb.gov.in/uploads/files/029City-wiseWeaponType-wiseSeizureofArmsduring2022.xlsx
2022,Mega City,City-wise WeaponType-wise Seizure of Ammunition during 2022,https://www.ncrb.gov.in/uploads/files/030City-wiseWeaponType-wiseSeizureofAmmunitionduring2022.xlsx
2022,Mega City,City-wise Complaints against Police Personnel during 2022,https://www.ncrb.gov.in/uploads/files/031City-wiseComplaintsagainstPolicePersonnelduring2022.xlsx
2021,Chapter - 1B -- Summary (34 Metropolitan Cities),IPC Crimes (City-wise) - 2019-2021,https://www.ncrb.gov.in/uploads/nationalcrimerecordsbureau/custom/1670573027_TABLE 1B.1 (1).xlsx
2021,Chapter - 1B -- Summary (34 Metropolitan Cities),SLL Crimes (City-wise) - 2019-2021,https://www.ncrb.gov.in/uploads/nationalcrimerecordsbureau/custom/1670573058_TABLE 1B.1 (1).xlsx
2021,Chapter - 1B -- Summary (34 Metropolitan Cities),IPC & SLL Crimes (City-wise) - 2019-2021,https://www.ncrb.gov.in/uploads/nationalcrimerecordsbureau/custom/1670573093_TABLE 1B.3.xlsx
2021,Chapter - 1B -- Summary (34 Metropolitan Cities),IPC Crimes (Crime Head-wise & City-wise) - 2021,https://www.ncrb.gov.in/uploads/nationalcrimerecordsbureau/custom/1670573176_TABLE 1B.4.xlsx
2021,Chapter - 1B -- Summary (34 Metropolitan Cities),SLL Crimes (Crime Head-wise & City-wise) - 2021,https://www.ncrb.gov.in/uploads/nationalcrimerecordsbureau/custom/1670573212_TABLE 1B.5.xlsx
2021,Chapter - 1C -- Summary (34 Violent Crimes),State/UT-wise Violent Crimes (Incidence & Crime Rate) - 2021,javascript;
2021,Chapter - 1C -- Summary (34 Violent Crimes),Violent Crimes (Crime Head-wise & State/UT-wise) - 2021,javascript;
2021,Chapter - 1C -- Summary (34 Violent Crimes),City-wise Violent Crimes (Incidence & Crime Rate) - 2021,https://www.ncrb.gov.in/uploads/nationalcrimerecordsbureau/post/1673002372TABLE1C3.xlsx
2021,Chapter - 1C -- Summary (34 Violent Crimes),Violent Crimes (Crime Head-wise & City-wise) - 2021,https://www.ncrb.gov.in/uploads/nationalcrimerecordsbureau/post/1673002407TABLE1C4.xlsx
2021,Chapter - 2B -- Murder (34 Metropolitan Cities),Murder Cases (City-wise) - 2019-2021,https://www.ncrb.gov.in/uploads/nationalcrimerecordsbureau/post/1672998454TABLE2B1.xlsx
2021,Chapter - 2B -- Murder (34 Metropolitan Cities),Motives of Murder - 2021,https://www.ncrb.gov.in/uploads/nationalcrimerecordsbureau/post/1672998483TABLE2B3.xlsx
2021,Chapter - 2B -- Murder (34 Metropolitan Cities),Victims of Murder (Gender & Age Group-wise) - 2021,https://www.ncrb.gov.in/uploads/nationalcrimerecordsbureau/post/1672998512TABLE2B3.xlsx
2021,Chapter - 2D -- Kidnapping & Abduction (34 Metropolitan Cities),Kidnapping & Abduction (City-wise) - 2019-2021,https://www.ncrb.gov.in/uploads/nationalcrimerecordsbureau/custom/1680776209TABLE2D1.xlsx
2021,Chapter - 2D -- Kidnapping & Abduction (34 Metropolitan Cities),Purpose of Kidnapping & Abduction - 2021,https://www.ncrb.gov.in/uploads/nationalcrimerecordsbureau/custom/1679299677TABLE2D2.xlsx
2021,Chapter - 2D -- Kidnapping & Abduction (34 Metropolitan Cities),Purpose of Kidnapping & Abduction (Alive Victims) - 2021,https://www.ncrb.gov.in/uploads/nationalcrimerecordsbureau/post/1678975222TABLE2D3.xlsx
2021,Chapter - 2D -- Kidnapping & Abduction (34 Metropolitan Cities),Recovery of Kidnapped & Abducted Persons (City-wise) - 2021,https://www.ncrb.gov.in/uploads/nationalcrimerecordsbureau/custom/1670562603_TABLE 2D.4 (1).xlsx
2021,Chapter - 2D -- Kidnapping & Abduction (34 Metropolitan Cities),Recovery of Kidnapped & Abducted Persons (Gender & Age Group-wise) - 2021,https://www.ncrb.gov.in/uploads/nationalcrimerecordsbureau/custom/1670562648_TABLE 2D.5 (1).xlsx
2021,Chapter - 3B -- Crime Against Women (34 Metropolitan Cities),Crime Against Women (City-wise) - 2019-2021,https://www.ncrb.gov.in/uploads/nationalcrimerecordsbureau/post/1672823356TABLE3B1.xlsx
2021,Chapter - 3B -- Crime Against Women (34 Metropolitan Cities),Crime Against Women (Crime Head-wise & City-wise) - 2021,https://www.ncrb.gov.in/uploads/nationalcrimerecordsbureau/post/16729945251670561837TABLE3B2.xlsx
2021,Chapter - 3B -- Crime Against Women (34 Metropolitan Cities),Police Disposal of Crime Against Women Cases (Crime Head-wise) - 2021,https://www.ncrb.gov.in/uploads/nationalcrimerecordsbureau/post/1672997001TABLE3B3.xlsx
2021,Chapter - 3B -- Crime Against Women (34 Metropolitan Cities),Police Disposal of Crime Against Women Cases (City-wise) - 2021,https://www.ncrb.gov.in/uploads/nationalcrimerecordsbureau/post/1672997052TABLE3B4.xlsx
2021,Chapter - 3B -- Crime Against Women (34 Metropolitan Cities),Court Disposal of Crime Against Women Cases (Crime Head-wise) - 2021,https://www.ncrb.gov.in/uploads/nationalcrimerecordsbureau/post/1672997085TABLE3B5.xlsx
2021,Chapter - 3B -- Crime Against Women (34 Metropolitan Cities),Court Disposal of Crime Against Women Cases (City-wise) - 2021,https://www.ncrb.gov.in/uploads/nationalcrimerecordsbureau/post/1672997138TABLE3B6.xlsx
2021,Chapter - 3B -- Crime Against Women (34 Metropolitan Cities),Disposal of Persons Arrested for Crime Against Women (Crime Head-wise) - 2021,https://www.ncrb.gov.in/uploads/nationalcrimerecordsbureau/post/1672997172TABLE3B7.xlsx
2021,Chapter - 3B -- Crime Against Women (34 Metropolitan Cities),Disposal of Persons Arrested for Crime Against Women (City-wise) - 2021,https://www.ncrb.gov.in/uploads/nationalcrimerecordsbureau/post/1672997202TABLE3B8.xlsx
2021,Chapter - 4B -- Crime Against Children (34 Metropolitan Cities),Crime Against Children (City-wise) - 2019-2021,https://www.ncrb.gov.in/uploads/nationalcrimerecordsbureau/post/1672997322TABLE4B1.xlsx
2021,Chapter - 4B -- Crime Against Children (34 Metropolitan Cities),Crime Against Children (Crime Head-wise & City-wise) - 2021,https://www.ncrb.gov.in/uploads/nationalcrimerecordsbureau/post/1672997381TABLE4B2.xlsx
2021,Chapter - 4B -- Crime Against Children (34 Metropolitan Cities),Police Disposal of Crime Against Children Cases (Crime Head-wise) - 2021,https://www.ncrb.gov.in/uploads/nationalcrimerecordsbureau/post/1672997424TABLE4B3.xlsx
2021,Chapter - 4B -- Crime Against Children (34 Metropolitan Cities),Police Disposal of Crime Against Children Cases (City-wise) - 2021,https://www.ncrb.gov.in/uploads/nationalcrimerecordsbureau/post/1672997473TABLE4B4.xlsx
2021,Chapter - 4B -- Crime Against Children (34 Metropolitan Cities),Court Disposal of Crime Against Children Cases (Crime Head-wise) - 2021,https://www.ncrb.gov.in/uploads/nationalcrimerecordsbureau/post/1672997654TABLE4B5.xlsx
2021,Chapter - 4B -- Crime Against Children (34 Metropolitan Cities),Court Disposal of Crime Against Children Cases (City-wise) - 2021,https://www.ncrb.gov.in/uploads/nationalcrimerecordsbureau/post/1672997680TABLE4B6.xlsx
2021,Chapter - 4B -- Crime Against Children (34 Metropolitan Cities),Disposal of Persons Arrested for Crime Against Children (Crime Head-wise) - 2021,https://www.ncrb.gov.in/uploads/nationalcrimerecordsbureau/post/1672997813TABLE4B71.xlsx
2021,Chapter - 4B -- Crime Against Children (34 Metropolitan Cities),Disposal of Persons Arrested for Crime Against Children(City-wise) - 2021,https://www.ncrb.gov.in/uploads/nationalcrimerecordsbureau/post/1672997845TABLE4B81.xlsx
2021,Chapter - 5B -- Juveniles In Conflict With Law (34 Metropolitan Cities),Crime Committed by Juveniles (City-wise) - 2019-2021,https://www.ncrb.gov.in/uploads/nationalcrimerecordsbureau/post/1672998547TABLE5B1.xlsx
2021,Chapter - 5B -- Juveniles In Conflict With Law (34 Metropolitan Cities),IPC Crimes committed by Juveniles (City-wise) - 2021,https://www.ncrb.gov.in/uploads/nationalcrimerecordsbureau/post/1672999345TABLE5B21.xlsx
2021,Chapter - 5B -- Juveniles In Conflict With Law (34 Metropolitan Cities),SLL Crimes committed by Juveniles (City-wise) - 2021,https://www.ncrb.gov.in/uploads/nationalcrimerecordsbureau/post/1672999371TABLE5B31.xlsx
2021,Chapter - 5B -- Juveniles In Conflict With Law (34 Metropolitan Cities),"Juveniles Apprehended (Crime Head, Age Groups & Gender-wise) - 20215B.4b",https://www.ncrb.gov.in/uploads/nationalcrimerecordsbureau/post/1672999446TABLE5B4A1.xlsx
2021,Chapter - 5B -- Juveniles In Conflict With Law (34 Metropolitan Cities),Disposal of Juveniles Apprehended (City-wise) - 2021,https://www.ncrb.gov.in/uploads/nationalcrimerecordsbureau/post/1672999509TABLE5B51.xlsx
2021,Chapter - 5B -- Juveniles In Conflict With Law (34 Metropolitan Cities),Education & Family Background of Juveniles Arrested - 2021,https://www.ncrb.gov.in/uploads/nationalcrimerecordsbureau/post/1672999533TABLE5B6.xlsx
2021,Chapter - 6B -- Crime Against Senior Citizen (34 Metropolitan Cities),Police Disposal of Crime Against Senior Citizen Cases (Crime Head-wise) - 2021,https://www.ncrb.gov.in/uploads/nationalcrimerecordsbureau/post/1672999602TABLE6B1.xlsx
2021,Chapter - 6B -- Crime Against Senior Citizen (34 Metropolitan Cities),Crime Against Senior Citizens (City-wise) - 2019-2021,https://www.ncrb.gov.in/uploads/nationalcrimerecordsbureau/post/1672999625TABLE6B2.xlsx
2021,Chapter - 6B -- Crime Against Senior Citizen (34 Metropolitan Cities),Crime Against Senior Citizens (Crime Head-wise & City-wise) - 2021,https://www.ncrb.gov.in/uploads/nationalcrimerecordsbureau/post/1672999650TABLE6B3.xlsx
2021,Chapter - 6B -- Crime Against Senior Citizen (34 Metropolitan Cities),Police Disposal of Crime Against Senior Citizen Cases (City-wise) - 2021,https://www.ncrb.gov.in/uploads/nationalcrimerecordsbureau/custom/1672999860TABLE6B4.xlsx
2021,Chapter - 6B -- Crime Against Senior Citizen (34 Metropolitan Cities),Court Disposal of Crime Against Senior Citizen Cases (Crime Head-wise) - 2021,https://www.ncrb.gov.in/uploads/nationalcrimerecordsbureau/post/1673000223TABLE6B5.xlsx
2021,Chapter - 6B -- Crime Against Senior Citizen (34 Metropolitan Cities),Court Disposal of Crime Against Senior Citizen (City-wise) - 2021,https://www.ncrb.gov.in/uploads/nationalcrimerecordsbureau/post/1673000193TABLE6B6.xlsx
2021,Chapter - 6B -- Crime Against Senior Citizen (34 Metropolitan Cities),Disposal of Persons for Crime Against Senior Citizen (City-wise) - 2021,https://www.ncrb.gov.in/uploads/nationalcrimerecordsbureau/custom/1699513160TABLE6B7.xlsx
2021,Chapter - 6B -- Crime Against Senior Citizen (34 Metropolitan Cities),Disposal of Persons for Crime Against Senior Citizen 2021,https://www.ncrb.gov.in/uploads/nationalcrimerecordsbureau/custom/1670383890_TABLE 6B.8.xlsx
2021,Chapter - 7B -- Crime/atrocities Against Scheduled Castes (34 Metropolitan Cities),Crime/Atrocities against Scheduled Castes (City-wise) - 2019-2021,https://www.ncrb.gov.in/uploads/nationalcrimerecordsbureau/post/1673000276TABLE7B1.xlsx
2021,Chapter - 7B -- Crime/atrocities Against Scheduled Castes (34 Metropolitan Cities),Crime/Atrocities against Scheduled Castes (Crime Head-wise & City-wise) - 2021,https://www.ncrb.gov.in/uploads/nationalcrimerecordsbureau/post/1673000307TABLE7B2.xlsx
2021,Chapter - 7B -- Crime/atrocities Against Scheduled Castes (34 Metropolitan Cities),Police Disposal of Crime/Atrocities against SCs Cases (Crime Head-wise) - 2021,https://www.ncrb.gov.in/uploads/nationalcrimerecordsbureau/post/1673000340TABLE7B3.xlsx
2021,Chapter - 7B -- Crime/atrocities Against Scheduled Castes (34 Metropolitan Cities),Police Disposal of Crime/Atrocities against SCs Cases (City-wise) - 2021,https://www.ncrb.gov.in/uploads/nationalcrimerecordsbureau/post/1673000377TABLE7B4.xlsx
2021,Chapter - 7B -- Crime/atrocities Against Scheduled Castes (34 Metropolitan Cities),Court Disposal of Crime/Atrocities against SCs Cases (Crime Head-wise) - 2021,https://www.ncrb.gov.in/uploads/nationalcrimerecordsbureau/post/1673000401TABLE7B5.xlsx
2021,Chapter - 7B -- Crime/atrocities Against Scheduled Castes (34 Metropolitan Cities),Court Disposal of Crime/Atrocities against SCs Cases (City-wise) - 2021,https://www.ncrb.gov.in/uploads/nationalcrimerecordsbureau/post/1673000424TABLE7B6.xlsx
2021,Chapter - 7B -- Crime/atrocities Against Scheduled Castes (34 Metropolitan Cities),Disposal of Persons Arrested for Crime/Atrocities against SCs (Crime Head-wise) - 2021,https://www.ncrb.gov.in/uploads/nationalcrimerecordsbureau/post/1673000447TABLE7B7.xlsx
2021,Chapter - 7B -- Crime/atrocities Against Scheduled Castes (34 Metropolitan Cities),Disposal of Persons Arrested for Crime/Atrocities against SCs (City-wise) - 2021,https://www.ncrb.gov.in/uploads/nationalcrimerecordsbureau/post/1673000469TABLE7B8.xlsx
2021,Chapter - 7D -- Crime/atrocities Against Scheduled Tribes (34 Metropolitan Cities),Crime/Atrocities against Scheduled Tribes (City-wise) - 2019-2021,https://www.ncrb.gov.in/uploads/nationalcrimerecordsbureau/post/1673002033TABLE7D11.xlsx
2021,Chapter - 7D -- Crime/atrocities Against Scheduled Tribes (34 Metropolitan Cities),Crime/Atrocities against Scheduled Tribes (Crime Head-wise & City-wise) - 2021,https://www.ncrb.gov.in/uploads/nationalcrimerecordsbureau/post/1673002059TABLE7D2.xlsx
2021,Chapter - 7D -- Crime/atrocities Against Scheduled Tribes (34 Metropolitan Cities),Police Disposal of Crime/Atrocities against STs Cases (Crime Head-wise) - 2021,https://www.ncrb.gov.in/uploads/nationalcrimerecordsbureau/post/1673002111TABLE7D3.xlsx
2021,Chapter - 7D -- Crime/atrocities Against Scheduled Tribes (34 Metropolitan Cities),Police Disposal of Crime/Atrocities against STs Cases (City-wise) - 2021,https://www.ncrb.gov.in/uploads/nationalcrimerecordsbureau/post/1673002155TABLE7D4.xlsx
2021,Chapter - 7D -- Crime/atrocities Against Scheduled Tribes (34 Metropolitan Cities),Court Disposal of Crime/Atrocities against STs Cases (Crime Head-wise) - 2021,https://www.ncrb.gov.in/uploads/nationalcrimerecordsbureau/post/1673002180TABLE7D5.xlsx
2021,Chapter - 7D -- Crime/atrocities Against Scheduled Tribes (34 Metropolitan Cities),Court Disposal of Crime/Atrocities against STs Cases (City-wise) - 2021,https://www.ncrb.gov.in/uploads/nationalcrimerecordsbureau/post/1673002201TABLE7D6.xlsx
2021,Chapter - 7D -- Crime/atrocities Against Scheduled Tribes (34 Metropolitan Cities),Disposal of Persons Arrested for Crime/Atrocities against STs (Crime Head-wise) - 2021,https://www.ncrb.gov.in/uploads/nationalcrimerecordsbureau/post/1673002223TABLE7D7.xlsx
2021,Chapter - 7D -- Crime/atrocities Against Scheduled Tribes (34 Metropolitan Cities),Disposal of Persons Arrested for Crime/Atrocities against STs (City-wise) - 2021,https://www.ncrb.gov.in/uploads/nationalcrimerecordsbureau/post/1673002267TABLE7D8.xlsx
2021,Chapter - 8B -- Economic Offences (34 Metropolitan Cities),Economic Offences (City-wise) - 2019-2021,https://www.ncrb.gov.in/uploads/nationalcrimerecordsbureau/post/1673000527TABLE8B1.xlsx
2021,Chapter - 8B -- Economic Offences (34 Metropolitan Cities),Economic Crimes (City wise & Crime Head-wise) - 2021,https://www.ncrb.gov.in/uploads/nationalcrimerecordsbureau/post/1673000549TABLE8B2.xlsx
2021,Chapter - 8B -- Economic Offences (34 Metropolitan Cities),Economic Offences - Loss of Property More than 1 Crore - 2021,https://www.ncrb.gov.in/uploads/nationalcrimerecordsbureau/post/1673000572TABLE8B3.xlsx
2021,Chapter - 8B -- Economic Offences (34 Metropolitan Cities),Police Disposal of Economic Offences (City wise) - 2021,https://www.ncrb.gov.in/uploads/nationalcrimerecordsbureau/post/1673000598TABLE8B4.xlsx
2021,Chapter - 8B -- Economic Offences (34 Metropolitan Cities),Police Disposal of Economic Offences (Crime Head-wise) - 2021,https://www.ncrb.gov.in/uploads/nationalcrimerecordsbureau/post/1673000623TABLE8B5.xlsx
2021,Chapter - 8B -- Economic Offences (34 Metropolitan Cities),Court Disposal of Economic Offences (Crime Head-wise) - 2021,https://www.ncrb.gov.in/uploads/nationalcrimerecordsbureau/post/1673000649TABLE8B6.xlsx
2021,Chapter - 8B -- Economic Offences (34 Metropolitan Cities),Court Disposal of Economic Offences (City wise) - 2021,https://www.ncrb.gov.in/uploads/nationalcrimerecordsbureau/post/1673000693TABLE8B7.xlsx
2021,Chapter - 8B -- Economic Offences (34 Metropolitan Cities),Disposal of Persons Arrested under Economic Offences (Crime Head-wise) - 2021,https://www.ncrb.gov.in/uploads/nationalcrimerecordsbureau/post/1673000719TABLE8B8.xlsx
2021,Chapter - 8B -- Economic Offences (34 Metropolitan Cities),Disposal of Persons Arrested under Economic Offences (City wise) - 2021,https://www.ncrb.gov.in/uploads/nationalcrimerecordsbureau/post/1673000743TABLE8B9.xlsx
2021,Chapter - 9B -- Cyber Crimes (34 Metropolitan Cities),Cyber Crime (City-wise) - 2019-2021,https://www.ncrb.gov.in/uploads/nationalcrimerecordsbureau/post/1673000802TABLE9B1.xlsx
2021,Chapter - 9B -- Cyber Crimes (34 Metropolitan Cities),Cyber Crimes (Crime Head-wise & City-wise) - 2021,https://www.ncrb.gov.in/uploads/nationalcrimerecordsbureau/post/1673000846TABLE9B2.xlsx
2021,Chapter - 9B -- Cyber Crimes (34 Metropolitan Cities),Cyber Crime Motives - 2021,https://www.ncrb.gov.in/uploads/nationalcrimerecordsbureau/post/1673000874TABLE9B3.xlsx
2021,Chapter - 9B -- Cyber Crimes (34 Metropolitan Cities),Police Disposal of Cyber Crime Cases (Crime Head-wise) - 2021,https://www.ncrb.gov.in/uploads/nationalcrimerecordsbureau/post/1673000936TABLE9B4.xlsx
2021,Chapter - 9B -- Cyber Crimes (34 Metropolitan Cities),Police Disposal of Cyber Crime Cases (City wise) - 2021,https://www.ncrb.gov.in/uploads/nationalcrimerecordsbureau/post/1673000959TABLE9B5.xlsx
2021,Chapter - 9B -- Cyber Crimes (34 Metropolitan Cities),Court Disposal of Cyber Crime Cases (Crime Head-wise) - 2021,https://www.ncrb.gov.in/uploads/nationalcrimerecordsbureau/post/1673001003TABLE9B6.xlsx
2021,Chapter - 9B -- Cyber Crimes (34 Metropolitan Cities),Court Disposal of Cyber Crime Cases (City wise) - 2021,https://www.ncrb.gov.in/uploads/nationalcrimerecordsbureau/post/1673001033TABLE9B7.xlsx
2021,Chapter - 9B -- Cyber Crimes (34 Metropolitan Cities),Disposal of Persons Arrested under Cyber Crime (Crime Head-wise) - 2021,https://www.ncrb.gov.in/uploads/nationalcrimerecordsbureau/post/1673001089TABLE9B8.xlsx
2021,Chapter - 9B -- Cyber Crimes (34 Metropolitan Cities),Disposal of Persons Arrested under Cyber Crime (City wise) - 2021,https://www.ncrb.gov.in/uploads/nationalcrimerecordsbureau/custom/1673001150TABLE9B9.xlsx
2021,Chapter - 17B -- Disposal Of Cases By Police (34 Metropolitan Cities),Police Disposal of IPC Crime Cases (Crime Head-wise) - 2021,https://www.ncrb.gov.in/uploads/nationalcrimerecordsbureau/post/1673001183TABLE17B1.xlsx
2021,Chapter - 17B -- Disposal Of Cases By Police (34 Metropolitan Cities),Police Disposal of IPC Crime Cases (City-wise) - 2021,https://www.ncrb.gov.in/uploads/nationalcrimerecordsbureau/post/1673001284TABLE17B2.xlsx
2021,Chapter - 17B -- Disposal Of Cases By Police (34 Metropolitan Cities),Police Disposal of SLL Crime Cases (Crime Head-wise) - 2021,https://www.ncrb.gov.in/uploads/nationalcrimerecordsbureau/post/1673001315TABLE17B3.xlsx
2021,Chapter - 17B -- Disposal Of Cases By Police (34 Metropolitan Cities),Police Disposal of SLL Crime Cases (City-wise) - 2021,https://www.ncrb.gov.in/uploads/nationalcrimerecordsbureau/post/1673001342TABLE17B4.xlsx
2021,Chapter - 18B -- Disposal Of Cases By Courts (34 Metropolitan Cities),Court Disposal of IPC Crime Cases (Crime Head-wise) - 2021,https://www.ncrb.gov.in/uploads/nationalcrimerecordsbureau/post/1673001567TABLE18B1.xlsx
2021,Chapter - 18B -- Disposal Of Cases By Courts (34 Metropolitan Cities),Court Disposal of IPC Crime Cases (City-wise) - 2021,https://www.ncrb.gov.in/uploads/nationalcrimerecordsbureau/post/1673001706TABLE18B2.xlsx
2021,Chapter - 18B -- Disposal Of Cases By Courts (34 Metropolitan Cities),Court Disposal of SLL Crime Cases (Crime Head-wise) - 2021,https://www.ncrb.gov.in/uploads/nationalcrimerecordsbureau/post/1673001730TABLE18B3.xlsx
2021,Chapter - 18B -- Disposal Of Cases By Courts (34 Metropolitan Cities),Court Disposal of SLL Crime Cases (City-wise) - 2021,https://www.ncrb.gov.in/uploads/nationalcrimerecordsbureau/post/1673001755TABLE18B4.xlsx
2021,"Chapter - 19B -- Arrests, Convictions & Acquittals Of Persons (34 Metropolitan Cities)",Arrests under IPC Crimes (Crime Head-wise) - 2021,https://www.ncrb.gov.in/uploads/nationalcrimerecordsbureau/custom/1670315264_TABLE 19B.1.xlsx
2021,"Chapter - 19B -- Arrests, Convictions & Acquittals Of Persons (34 Metropolitan Cities)",Arrests under IPC Crimes (City-wise) - 2021,https://www.ncrb.gov.in/uploads/nationalcrimerecordsbureau/custom/1670315437_TABLE 19B.2.xlsx
2021,"Chapter - 19B -- Arrests, Convictions & Acquittals Of Persons (34 Metropolitan Cities)",Arrests under SLL Crimes (Crime Head-wise) - 2021,https://www.ncrb.gov.in/uploads/nationalcrimerecordsbureau/custom/1699513819TABLE19B3.xlsx
2021,"Chapter - 19B -- Arrests, Convictions & Acquittals Of Persons (34 Metropolitan Cities)",Arrests under SLL Crimes (City-wise) - 2021,https://www.ncrb.gov.in/uploads/nationalcrimerecordsbureau/custom/1670315590_TABLE 19B.4.xlsx
2021,"Chapter - 19B -- Arrests, Convictions & Acquittals Of Persons (34 Metropolitan Cities)",Disposal of Persons Arrested under IPC Crimes (Crime Head-wise) - 2021,https://www.ncrb.gov.in/uploads/nationalcrimerecordsbureau/custom/1670315622_TABLE 19B.5.xlsx
2021,"Chapter - 19B -- Arrests, Convictions & Acquittals Of Persons (34 Metropolitan Cities)",Disposal of Persons Arrested under IPC Crimes (City-wise) - 2021,https://www.ncrb.gov.in/uploads/nationalcrimerecordsbureau/custom/1670315661_TABLE 19B.6.xlsx
2021,"Chapter - 19B -- Arrests, Convictions & Acquittals Of Persons (34 Metropolitan Cities)",Disposal of Persons Arrested under SLL Crimes (Crime Head-wise) - 2021,https://www.ncrb.gov.in/uploads/nationalcrimerecordsbureau/custom/1679731862TABLE19B7.xlsx
2021,"Chapter - 19B -- Arrests, Convictions & Acquittals Of Persons (34 Metropolitan Cities)",Disposal of Persons Arrested under SLL Crimes (City-wise) - 2021,https://www.ncrb.gov.in/uploads/nationalcrimerecordsbureau/custom/1670315883_TABLE 19B.8.xlsx
2021,"Chapter - 19B -- Arrests, Convictions & Acquittals Of Persons (34 Metropolitan Cities)",Disposal of Total Persons Arrested under All IPC/SLL Crimes (City-wise) - 2021,https://www.ncrb.gov.in/uploads/nationalcrimerecordsbureau/custom/1679731914TABLE19B9.xlsx
2021,District Wise Reports,Districtwise IPC Crimes_2021,https://www.ncrb.gov.in/uploads/nationalcrimerecordsbureau/post/16730065601DistrictwiseIPCCrimes2021.xlsx
2021,District Wise Reports,Districtwise SLL Crimes_2021,https://www.ncrb.gov.in/uploads/nationalcrimerecordsbureau/post/16730066142DistrictwiseSLLCrimes2021.xlsx
2021,District Wise Reports,Districtwise Crime against Women_2021,https://www.ncrb.gov.in/uploads/nationalcrimerecordsbureau/post/16730066503DistrictwiseCrimeagainstWomen2021.xlsx
2021,District Wise Reports,Districtwise Crime against Children_2021,https://www.ncrb.gov.in/uploads/nationalcrimerecordsbureau/post/16730066824DistrictwiseCrimeagainstChildren2021.xlsx
2021,District Wise Reports,Districtwise Crime against SCs_2021,https://www.ncrb.gov.in/uploads/nationalcrimerecordsbureau/post/16730067275DistrictwiseCrimeagainstSCs2021.xlsx
2021,District Wise Reports,Districtwise Crime against STs_2021,https://www.ncrb.gov.in/uploads/nationalcrimerecordsbureau/post/16730067526DistrictwiseCrimeagainstSTs2021.xlsx
2021,District Wise Reports,Districtwise IPC Crime by Juveniles_2021,https://www.ncrb.gov.in/uploads/nationalcrimerecordsbureau/post/16730067777DistrictwiseIPCCrimebyJuveniles2021.xlsx
2021,District Wise Reports,Districtwise SLL Crime by Juveniles_2021,https://www.ncrb.gov.in/uploads/nationalcrimerecordsbureau/post/16730068068DistrictwiseSLLCrimebyJuveniles2021.xlsx
2021,District Wise Reports,Districtwise Cyber Crimes_2021,https://www.ncrb.gov.in/uploads/nationalcrimerecordsbureau/post/16730068309DistrictwiseCyberCrimes2021.xlsx
2021,District Wise Reports,Districtwise Missing Persons_2021,https://www.ncrb.gov.in/uploads/nationalcrimerecordsbureau/post/167300685210DistrictwiseMissingPersons2021.xlsx
2021,States/UTs,State-UT-wise Cases Registered 156_3 under IPC during 2021,https://www.ncrb.gov.in/uploads/nationalcrimerecordsbureau/post/1673006901001StateUT-wiseCasesRegistered1563underIPCduring2021.xlsx
2021,States/UTs,State-UT -wise Cases Registered 156_3 under SLL during 2021,https://www.ncrb.gov.in/uploads/nationalcrimerecordsbureau/post/1673006929002StateUT-wiseCasesRegistered1563underSLLduring2021.xlsx
2021,States/UTs,State-UT -wise Cases Registered 156_3 under Crimes against Women during 2021,https://www.ncrb.gov.in/uploads/nationalcrimerecordsbureau/post/1673006953003StateUT-wiseCasesRegistered1563underCrimesagainstWomenduring2021.xlsx
2021,States/UTs,State-UT -wise Cases Registered 156_3 under Crimes against Children during 2021,https://www.ncrb.gov.in/uploads/nationalcrimerecordsbureau/post/1673006982004StateUT-wiseCasesRegistered1563underCrimesagainstChildrenduring2021.xlsx
2021,States/UTs,State-UT -wise Cases Registered 156_3 under Crimes against SCs during 2021,https://www.ncrb.gov.in/uploads/nationalcrimerecordsbureau/post/1673007012005StateUT-wiseCasesRegistered1563underCrimesagainstSCsduring2021.xlsx
2021,States/UTs,State-UT -wise Cases Registered 156_3 under Crimes against STs during 2021,https://www.ncrb.gov.in/uploads/nationalcrimerecordsbureau/post/1673007035006StateUT-wiseCasesRegistered1563underCrimesagainstSTsduring2021.xlsx
2021,States/UTs,State-UT -wise Cases Registered 156_3 under Crimes against Sr Citizen during 2021,https://www.ncrb.gov.in/uploads/nationalcrimerecordsbureau/post/1673007100007StateUT-wiseCasesRegistered1563underCrimesagainstSrCitizenduring2021.xlsx
2021,States/UTs,Crimehead-wise Cases Registered 156_3 under IPC and SLL during 2021,https://www.ncrb.gov.in/uploads/nationalcrimerecordsbureau/post/1673007125008Crimehead-wiseCasesRegistered1563underIPCandSLLduring2021.xlsx
2021,States/UTs,Crimehead-wise Cases Registered 156_3 under Crime against Women during 2021,https://www.ncrb.gov.in/uploads/nationalcrimerecordsbureau/post/1673007163009Crimehead-wiseCasesRegistered1563underCrimeagainstWomenduring2021.xlsx
2021,States/UTs,Crimehead-wise Cases Registered 156_3 under Crime against Children during 2021,https://www.ncrb.gov.in/uploads/nationalcrimerecordsbureau/post/1673007189010Crimehead-wiseCasesRegistered1563underCrimeagainstChildrenduring2021.xlsx
2021,States/UTs,. Crimehead-wise Cases Registered 156_3 under Crime against SCs during 2021,https://www.ncrb.gov.in/uploads/nationalcrimerecordsbureau/post/1673007250011Crimehead-wiseCasesRegistered1563underCrimeagainstSCsduring2021.xlsx
2021,States/UTs,Crimehead-wise Cases Registered 156_3 under Crime against STs during 2021,https://www.ncrb.gov.in/uploads/nationalcrimerecordsbureau/post/1673007286012Crimehead-wiseCasesRegistered1563underCrimeagainstSTsduring2021.xlsx
2021,States/UTs,Crimehead-wise Cases Registered 156_3 under Crime against SrCitizen during 2021,https://www.ncrb.gov.in/uploads/nationalcrimerecordsbureau/post/1673007311013Crimehead-wiseCasesRegistered1563underCrimeagainstSrCitizenduring2021.xlsx
2021,States/UTs,Gender-wise details of Victims under IPC and SLL Crimes during 2021,https://www.ncrb.gov.in/uploads/nationalcrimerecordsbureau/post/1673007339014Crimehead-wiseGender-wisedetailsofVictimsunderIPCandSLLCrimesduring2021.xlsx
2021,States/UTs,Victims under Crimes against Women during 2021,https://www.ncrb.gov.in/uploads/nationalcrimerecordsbureau/post/1673007369015Crimehead-wiseVictimsunderCrimesagainstWomenduring2021.xlsx
2021,States/UTs,Gender-wise Victims under Crimes against Children during 2021,https://www.ncrb.gov.in/uploads/nationalcrimerecordsbureau/post/1673007395016Crimehead-wiseGender-wiseVictimsunderCrimesagasintChildrenduring2021.xlsx
2021,States/UTs,Gender-wise Victims under Crimes against SCs during 2021,https://www.ncrb.gov.in/uploads/nationalcrimerecordsbureau/post/1673007450017Crimehead-wiseGender-wiseVictimsunderCrimesagasintSCsduring2021.xlsx
2021,States/UTs,Gender-wise Victims under Crimes against STs during 2021,https://www.ncrb.gov.in/uploads/nationalcrimerecordsbureau/post/1673007469018Crimehead-wiseGender-wiseVictimsunderCrimesagasintSTsduring2021.xlsx
2021,States/UTs,Gender-wise Victims under Crimes against Senior Citizen during 2021,https://www.ncrb.gov.in/uploads/nationalcrimerecordsbureau/post/1673007492019Crimehead-wiseGender-wiseVictimsunderCrimesagasintSeniorCitizenduring2021.xlsx
2021,States/UTs,Persons Disposal under IPC and SLL Crimes during 2021,https://www.ncrb.gov.in/uploads/nationalcrimerecordsbureau/post/1673007544020Crimehead-wisePersonsDisposalunderIPCandSLLCrimesduring2021.xlsx
2021,States/UTs,Persons Disposal under Crimes against Women during 2021,https://www.ncrb.gov.in/uploads/nationalcrimerecordsbureau/post/1673007591021Crimehead-wisePersonsDisposalunderCrimesagainstWomenduring2021.xlsx
2021,States/UTs,Persons Disposal under Crimes against Children during 2021,https://www.ncrb.gov.in/uploads/nationalcrimerecordsbureau/post/1673007633022Crimehead-wisePersonsDisposalunderCrimesagainstChildrenduring2021.xlsx
2021,States/UTs,Persons Disposal under Crimes against SCs during 2021,https://www.ncrb.gov.in/uploads/nationalcrimerecordsbureau/post/1673007659023Crimehead-wisePersonsDisposalunderCrimesagainstSCsduring2021.xlsx
2021,States/UTs,Persons Disposal under Crimes against STs during 2021,https://www.ncrb.gov.in/uploads/nationalcrimerecordsbureau/post/1673007694024Crimehead-wisePersonsDisposalunderCrimesagainstSTsduring2021.xlsx
2021,States/UTs,Persons Disposal under Crimes against Senior Citizen during 2021,https://www.ncrb.gov.in/uploads/nationalcrimerecordsbureau/post/1673007730025Crimehead-wisePersonsDisposalunderCrimesagainstSeniorCitizenduring2021.xlsx
2021,States/UTs,Persons Disposal under Crimes against Foreigners during 2021,https://www.ncrb.gov.in/uploads/nationalcrimerecordsbureau/post/1673007776026Crimehead-wisePersonsDisposalunderCrimesagainstForeignersduring2021.xlsx
2021,States/UTs,Persons Disposal under Crimes Committed by Foreigners during 2021,https://www.ncrb.gov.in/uploads/nationalcrimerecordsbureau/post/1673007839027Crimehead-wisePersonsDisposalunderCrimesCommittedbyForeignersduring2021.xlsx
2021,States/UTs,State/UT-wise Persons Disposal under IPC Crimes during 2021,https://www.ncrb.gov.in/uploads/nationalcrimerecordsbureau/custom/1670477366_028 StateUT-wise Persons Disposal under IPC Crimes during 2021.xlsx
2021,States/UTs,State-UT -wise Persons Disposal under SLL Crimes during 2021,https://www.ncrb.gov.in/uploads/nationalcrimerecordsbureau/post/1673007878029StateUT-wisePersonsDisposalunderSLLCrimesduring2021.xlsx
2021,States/UTs,State-UT -wise Persons Disposal under Crimes against Women during 2021,https://www.ncrb.gov.in/uploads/nationalcrimerecordsbureau/post/1673007902030StateUT-wisePersonsDisposalunderCrimesagainstWomenduring2021.xlsx
2021,States/UTs,State-UT -wise Persons Disposal under Crimes against Children during 2021,https://www.ncrb.gov.in/uploads/nationalcrimerecordsbureau/post/1673242108031StateUT-wisePersonsDisposalunderCrimesagainstChildrenduring20211.xlsx
2021,States/UTs,State-UT -wise Persons Disposal under Crimes against SCs during 2021,https://www.ncrb.gov.in/uploads/nationalcrimerecordsbureau/post/1673242173032StateUT-wisePersonsDisposalunderCrimesagainstSCsduring2021.xlsx
2021,States/UTs,State-UT -wise Persons Disposal under Crimes against STs during 2021,https://www.ncrb.gov.in/uploads/nationalcrimerecordsbureau/post/1673242746033StateUT-wisePersonsDisposalunderCrimesagainstSTsduring2021.xlsx
2021,States/UTs,State-UT -wise Persons Disposal under Crimes against Senior Citizen during 2021,https://www.ncrb.gov.in/uploads/nationalcrimerecordsbureau/post/1673242887034StateUT-wisePersonsDisposalunderCrimesagainstSeniorCitizenduring2021.xlsx
2021,States/UTs,State-UT -wise Cases and Persons Disposal under Crimes against Foreigners during 2021,https://www.ncrb.gov.in/uploads/nationalcrimerecordsbureau/post/1673243079035StateUT-wiseCasesandPersonsDisposalunderCrimesagainstForeignersduring2021.xlsx
2021,States/UTs,State-UT -wise Cases and Persons Disposal under Crimes by Foreigners during 2021,https://www.ncrb.gov.in/uploads/nationalcrimerecordsbureau/post/1673243304036StateUT-wiseCasesandPersonsDisposalunderCrimesbyForeignersduring2021.xlsx
2021,States/UTs,State-UT -wise Foreign Victims under IPC & SLL during 2021,https://www.ncrb.gov.in/uploads/nationalcrimerecordsbureau/post/1673243382037StateUT-wiseForeignVictimsunderIPCSLLduring2021.xlsx
2021,States/UTs,State-UT -wise Foreigners Arrested under IPC & SLL during 2021,https://www.ncrb.gov.in/uploads/nationalcrimerecordsbureau/post/1673243917038StateUT-wiseForeignersArrestedunderIPCSLLduring2021.xlsx
2021,States/UTs,Cases and Persons Disposal under Crimes by Anti National Elements during 2021,https://www.ncrb.gov.in/uploads/nationalcrimerecordsbureau/post/1673243787040Crimehead-wiseCasesandPersonsDisposalunderCrimesbyAntiNationalElementsduring2021.xlsx
2021,States/UTs,State-UT -wise Persons Disposal under Cyber Crimes during 2021,https://www.ncrb.gov.in/uploads/nationalcrimerecordsbureau/post/1673244001041StateUT-wisePersonsDisposalunderCyberCrimesduring2021.xlsx
2021,States/UTs,State-UT -wise Cases and Persons Disposal under Cyber Crimes against Women during 2021,https://www.ncrb.gov.in/uploads/nationalcrimerecordsbureau/post/1673244171042StateUT-wiseCasesandPersonsDisposalunderCyberCrimesagainstWomenduring2021.xlsx
2021,States/UTs,State-UT -wise Cases and Persons Disposal under Cyber Crimes against Children during 2021,https://www.ncrb.gov.in/uploads/nationalcrimerecordsbureau/post/1673244324043StateUT-wiseCasesandPersonsDisposalunderCyberCrimesagainstChildrenduring2021.xlsx
2021,States/UTs,State-UT -wise Property Stolen and Recovered during 2021,https://www.ncrb.gov.in/uploads/nationalcrimerecordsbureau/custom/1699514544044StateUT-wisePropertyStolenandRecoveredduring20211.xlsx
2021,States/UTs,State-UT -wise Nature-wise Property Stolen and Recovered during 2021,https://www.ncrb.gov.in/uploads/nationalcrimerecordsbureau/post/1695465634045StateUT-wiseNature-wisePropertyStolenandRecoveredduring2021.xlsx
2021,States/UTs,State-UT -wise Place of Occurance-wise Property Stolen and Recovered during 2021,https://www.ncrb.gov.in/uploads/nationalcrimerecordsbureau/post/1695465791046StateUT-wisePlaceofOccurance-wisePropertyStolenandRecoveredduring2021.xlsx
2021,States/UTs,State-UT -wise Seizures under NDPS Act during 2021,https://www.ncrb.gov.in/uploads/files/046StateUT-wiseSeizuresunderNDPSActduring2021.xlsx
2021,States/UTs,State-UT -wise Rank-wise Police Personnel Killed on Duty during 2021,https://www.ncrb.gov.in/uploads/nationalcrimerecordsbureau/post/1695465898048StateUT-wiseRank-wisePolicePersonnelKilledonDutyduring2021.xlsx
2021,States/UTs,State-UT -wise Rank-wise Police Personnel Injured on Duty during 2021,https://www.ncrb.gov.in/uploads/nationalcrimerecordsbureau/post/1695465925049StateUT-wiseRank-wisePolicePersonnelInjuredonDutyduring2021.xlsx
2021,States/UTs,. State-UT -wise WeaponType-wise Seizure of Arms during 2021,https://www.ncrb.gov.in/uploads/nationalcrimerecordsbureau/post/1695465963050StateUT-wiseWeaponType-wiseSeizureofArmsduring2021.xlsx
2021,States/UTs,State-UT -wise Complaints against Police Personnel during 2021,https://www.ncrb.gov.in/uploads/nationalcrimerecordsbureau/post/1695466080052StateUT-wiseComplaintsagainstPolicePersonnelduring2021.xlsx
2021,States/UTs,State-UT -wise WeaponType-wise Seizure of Ammunition during 2021,https://www.ncrb.gov.in/uploads/nationalcrimerecordsbureau/post/1695465993051StateUT-wiseWeaponType-wiseSeizureofAmmunitionduring2021.xlsx
2021,States/UTs,State-UT -wise Complaints against Police Personnel during 2021,https://www.ncrb.gov.in/uploads/nationalcrimerecordsbureau/custom/1699522307052StateUT-wiseComplaintsagainstPolicePersonnelduring20211.xlsx
2021,States/UTs,Crimehead-wise Persons Arrested under Cyber Crimes during 2021,https://www.ncrb.gov.in/uploads/nationalcrimerecordsbureau/post/1695466112053Crimehead-wisePersonsArrestedunderCyberCrimesduring2021.xlsx
2021,States/UTs,StateUT-wise Persons Arrested under Cyber Crimes during 2021,https://www.ncrb.gov.in/uploads/nationalcrimerecordsbureau/post/1695466138054StateUT-wisePersonsArrestedunderCyberCrimesduring2021.xlsx
2021,Mega City,City-wise Cases Registered 156_3 under IPC during 2021,https://www.ncrb.gov.in/uploads/nationalcrimerecordsbureau/post/1673246372001City-wiseCasesRegistered1563underIPCduring2021.xlsx
2021,Mega City,City-wise Cases Registered 156_3 under SLL during 2021,https://www.ncrb.gov.in/uploads/nationalcrimerecordsbureau/post/1673246410002City-wiseCasesRegistered1563underSLLduring2021.xlsx
2021,Mega City,City-wise Cases Registered 156_3 under Crimes against Women during 2021,https://www.ncrb.gov.in/uploads/nationalcrimerecordsbureau/post/1673246434003City-wiseCasesRegistered1563underCrimesagainstWomenduring2021.xlsx
2021,Mega City,City-wise Cases Registered 156_3 under Crimes against Children during 2021,https://www.ncrb.gov.in/uploads/nationalcrimerecordsbureau/post/1673246470004City-wiseCasesRegistered1563underCrimesagainstChildrenduring2021.xlsx
2021,Mega City,City-wise Cases Registered 156_3 under Crimes against SCs during 2021,https://www.ncrb.gov.in/uploads/nationalcrimerecordsbureau/post/1673246734005City-wiseCasesRegistered1563underCrimesagainstSCsduring2021.xlsx
2021,Mega City,City-wise Cases Registered 156_3 under Crimes against STs during 2021,https://www.ncrb.gov.in/uploads/nationalcrimerecordsbureau/post/1673246762006City-wiseCasesRegistered1563underCrimesagainstSTsduring2021.xlsx
2021,Mega City,City-wise Cases Registered 156_3 under Crimes against Sr Citizen during 2021,https://www.ncrb.gov.in/uploads/nationalcrimerecordsbureau/post/1673246792007City-wiseCasesRegistered1563underCrimesagainstSrCitizenduring2021.xlsx
2021,Mega City,City-wise Persons Disposal under IPC Crimes during 2021,https://www.ncrb.gov.in/uploads/nationalcrimerecordsbureau/post/1673246816008City-wisePersonsDisposalunderIPCCrimesduring2021.xlsx
2021,Mega City,City-wise Persons Disposal under SLL Crimes during 2021,https://www.ncrb.gov.in/uploads/nationalcrimerecordsbureau/post/1673246854009City-wisePersonsDisposalunderSLLCrimesduring2021.xlsx
2021,Mega City,City-wise Persons Disposal under Crimes against Women during 2021,https://www.ncrb.gov.in/uploads/nationalcrimerecordsbureau/post/1673246882010City-wisePersonsDisposalunderCrimesagainstWomenduring2021.xlsx
2021,Mega City,City-wise Persons Disposal under Crimes against Children during 2021,https://www.ncrb.gov.in/uploads/nationalcrimerecordsbureau/post/1673246914011City-wisePersonsDisposalunderCrimesagainstChildrenduring2021.xlsx
2021,Mega City,City-wise Persons Disposal under Crimes against SCs during 2021,https://www.ncrb.gov.in/uploads/nationalcrimerecordsbureau/post/1673246955012City-wisePersonsDisposalunderCrimesagainstSCsduring2021.xlsx
2021,Mega City,City-wise Persons Disposal under Crimes against STs during 2021,https://www.ncrb.gov.in/uploads/nationalcrimerecordsbureau/post/1673246994013City-wisePersonsDisposalunderCrimesagainstSTsduring2021.xlsx
2021,Mega City,City-wise Persons Disposal under Crimes against Senior Citizen during 2021,https://www.ncrb.gov.in/uploads/nationalcrimerecordsbureau/post/1673247024014City-wisePersonsDisposalunderCrimesagainstSeniorCitizenduring2021.xlsx
2021,Mega City,City-wise Cases and Persons Disposal under Crimes against Foreigners during 2021,https://www.ncrb.gov.in/uploads/nationalcrimerecordsbureau/post/1673247054015City-wiseCasesandPersonsDisposalunderCrimesagainstForeignersduring2021.xlsx
2021,Mega City,City-wise Cases and Persons Disposal under Crimes by Foreigners during 2021,https://www.ncrb.gov.in/uploads/nationalcrimerecordsbureau/post/1673247086016City-wiseCasesandPersonsDisposalunderCrimesbyForeignersduring2021.xlsx
2021,Mega City,City-wise Foreign Victims under IPC & SLL during 2021,https://www.ncrb.gov.in/uploads/nationalcrimerecordsbureau/post/1673247179017City-wiseForeignVictimsunderIPCSLLduring2021.xlsx
2021,Mega City,City-wise Foreigners Arrested under IPC & SLL during 2021,https://www.ncrb.gov.in/uploads/nationalcrimerecordsbureau/post/1673247315018City-wiseForeignersArrestedunderIPCSLLduring2021.xlsx
2021,Mega City,City-wise Persons Disposal under Cyber Crimes during 2021,https://www.ncrb.gov.in/uploads/nationalcrimerecordsbureau/post/1673247349019City-wisePersonsDisposalunderCyberCrimesduring2021.xlsx
2021,Mega City,City-wise Cases and Persons Disposal under Cyber Crimes against Women during 2021,https://www.ncrb.gov.in/uploads/nationalcrimerecordsbureau/post/1673247376020City-wiseCasesandPersonsDisposalunderCyberCrimesagainstWomenduring2021.xlsx
2021,Mega City,City-wise Cases and Persons Disposal under Cyber Crimes against Children during 2021,https://www.ncrb.gov.in/uploads/nationalcrimerecordsbureau/post/1673247422021City-wiseCasesandPersonsDisposalunderCyberCrimesagainstChildrenduring2021.xlsx
2021,Mega City,City-wise Property Stolen and Recovered during 2021,https://www.ncrb.gov.in/uploads/nationalcrimerecordsbureau/post/1695466992022City-wisePropertyStolenandRecoveredduring20211.xlsx
2021,Mega City,City-wise Nature-wise Property Stolen and Recovered during 2021,https://www.ncrb.gov.in/uploads/nationalcrimerecordsbureau/post/1695467022023City-wiseNature-wisePropertyStolenandRecoveredduring2021.xlsx
2021,Mega City,City-wise Place of Occurance-wise Property Stolen and Recovered during 2021,https://www.ncrb.gov.in/uploads/nationalcrimerecordsbureau/post/1695467236024City-wisePlaceofOccurance-wisePropertyStolenandRecoveredduring2021.xlsx
2021,Mega City,City-wise Seizures under NDPS Act during 2021,https://www.ncrb.gov.in/uploads/nationalcrimerecordsbureau/post/1695467259025City-wiseSeizuresunderNDPSActduring2021.xlsx
2021,Mega City,City-wise Rank-wise Police Personnel Killed on Duty during 2021,https://www.ncrb.gov.in/uploads/nationalcrimerecordsbureau/post/1695467715026City-wiseRank-wisePolicePersonnelKilledonDutyduring2021.xlsx
2021,Mega City,. City-wise Rank-wise Police Personnel Injured on Duty during 2021,https://www.ncrb.gov.in/uploads/nationalcrimerecordsbureau/post/1695467801027City-wiseRank-wisePolicePersonnelInjuredonDutyduring2021.xlsx
2021,Mega City,City-wise WeaponType-wise Seizure of Arms during 2021,https://www.ncrb.gov.in/uploads/nationalcrimerecordsbureau/post/1695467831028City-wiseWeaponType-wiseSeizureofArmsduring2021.xlsx
2021,Mega City,City-wise WeaponType-wise Seizure of Ammunition during 2021,https://www.ncrb.gov.in/uploads/nationalcrimerecordsbureau/post/1695467936029City-wiseWeaponType-wiseSeizureofAmmunitionduring2021.xlsx
2021,Mega City,City-wise Persons Arrested under Cyber Crimes during 2021,https://www.ncrb.gov.in/uploads/nationalcrimerecordsbureau/post/1695468105031City-wisePersonsArrestedunderCyberCrimesduring2021.xlsx
2021,Mega City,City-wise Complaints against Police Personnel during 2021,https://www.ncrb.gov.in/uploads/nationalcrimerecordsbureau/post/1695467963030City-wiseComplaintsagainstPolicePersonnelduring2021.xlsx
2020,Chapter - 1B -- Summary (34 Metropolitan Cities),IPC Crimes (City-wise) - 2018-2020,https://www.ncrb.gov.in/uploads/2022/July/11/custom/crime-in-india/TABLE1B.1.xlsx
2020,Chapter - 1B -- Summary (34 Metropolitan Cities),SLL Crimes (City-wise) - 2018-2020,https://www.ncrb.gov.in/uploads/2022/July/11/custom/crime-in-india/TABLE1B.2.xlsx
2020,Chapter - 1B -- Summary (34 Metropolitan Cities),IPC & SLL Crimes (City-wise) - 2018-2020,https://www.ncrb.gov.in/uploads/2022/July/11/custom/crime-in-india/TABLE1B.3.xlsx
2020,Chapter - 1B -- Summary (34 Metropolitan Cities),IPC Crimes (Crime Head-wise & City-wise) - 2020,https://www.ncrb.gov.in/uploads/2022/July/11/custom/crime-in-india/TABLE1B.4.xlsx
2020,Chapter - 1B -- Summary (34 Metropolitan Cities),SLL Crimes (Crime Head-wise & City-wise) - 2020,https://www.ncrb.gov.in/uploads/2022/July/11/custom/crime-in-india/TABLE1B.5.xlsx
2020,Chapter - 1C -- Summary (34 Violent Crimes),City-wise Violent Crimes (Incidence & Crime Rate) - 2020,https://www.ncrb.gov.in/uploads/2022/July/11/custom/crime-in-india/TABLE1C.3.xlsx
2020,Chapter - 1C -- Summary (34 Violent Crimes),Violent Crimes (Crime Head-wise & City-wise) - 2020,https://www.ncrb.gov.in/uploads/2022/July/11/custom/crime-in-india/TABLE1C.4.xlsx
2020,Chapter - 2B -- Murder (34 Metropolitan Cities),Murder Cases (City-wise) - 2018-2020,https://www.ncrb.gov.in/uploads/2022/July/11/custom/crime-in-india/TABLE2B.1.xlsx
2020,Chapter - 2B -- Murder (34 Metropolitan Cities),Motives of Murder - 2020,https://www.ncrb.gov.in/uploads/2022/July/11/custom/crime-in-india/TABLE2B.2.xlsx
2020,Chapter - 2B -- Murder (34 Metropolitan Cities),Victims of Murder (Gender & Age Group-wise) - 2020,https://www.ncrb.gov.in/uploads/2022/July/11/custom/crime-in-india/TABLE2B.3.xlsx
2020,Chapter - 2D -- Kidnapping & Abduction (34 Metropolitan Cities),Kidnapping & Abduction (City-wise) - 2018-2020,https://www.ncrb.gov.in/uploads/2022/July/11/custom/crime-in-india/TABLE-2D.1.xlsx
2020,Chapter - 2D -- Kidnapping & Abduction (34 Metropolitan Cities),Purpose of Kidnapping & Abduction - 2020,https://www.ncrb.gov.in/uploads/2022/July/11/custom/crime-in-india/TABLE-2D.2.xlsx
2020,Chapter - 2D -- Kidnapping & Abduction (34 Metropolitan Cities),Purpose of Kidnapping & Abduction (Alive Victims) - 2020,https://www.ncrb.gov.in/uploads/2022/July/11/custom/crime-in-india/TABLE-2D.3.xlsx
2020,Chapter - 2D -- Kidnapping & Abduction (34 Metropolitan Cities),Recovery of Kidnapped & Abducted Persons (City-wise) - 2020,https://www.ncrb.gov.in/uploads/2022/July/11/custom/crime-in-india/TABLE-2D.4.xlsx
2020,Chapter - 2D -- Kidnapping & Abduction (34 Metropolitan Cities),Recovery of Kidnapped & Abducted Persons (Gender & Age Group-wise) - 2020,https://www.ncrb.gov.in/uploads/2022/July/11/custom/crime-in-india/TABLE-2D.5.xlsx
2020,Chapter - 3B -- Crime Against Women (34 Metropolitan Cities),Crime Against Women (City-wise) - 2018-2020,https://www.ncrb.gov.in/uploads/nationalcrimerecordsbureau/post/1679732502TABLE3B1.xlsx
2020,Chapter - 3B -- Crime Against Women (34 Metropolitan Cities),Crime Against Women (Crime Head-wise & City-wise) - 2020,https://www.ncrb.gov.in/uploads/nationalcrimerecordsbureau/post/1679732568TABLE3B2.xlsx
2020,Chapter - 3B -- Crime Against Women (34 Metropolitan Cities),Police Disposal of Crime Against Women Cases (Crime Head-wise) - 2020,https://www.ncrb.gov.in/uploads/nationalcrimerecordsbureau/post/1679732598TABLE3B3.xlsx
2020,Chapter - 3B -- Crime Against Women (34 Metropolitan Cities),Police Disposal of Crime Against Women Cases (City-wise) - 2020,https://www.ncrb.gov.in/uploads/nationalcrimerecordsbureau/post/1679732625TABLE3B4.xlsx
2020,Chapter - 3B -- Crime Against Women (34 Metropolitan Cities),Court Disposal of Crime Against Women Cases (Crime Head-wise) - 2020,https://www.ncrb.gov.in/uploads/nationalcrimerecordsbureau/post/1679732651TABLE3B5.xlsx
2020,Chapter - 3B -- Crime Against Women (34 Metropolitan Cities),Court Disposal of Crime Against Women Cases (City-wise) - 2020,https://www.ncrb.gov.in/uploads/nationalcrimerecordsbureau/post/1679732723TABLE3B6.xlsx
2020,Chapter - 3B -- Crime Against Women (34 Metropolitan Cities),Disposal of Persons Arrested for Crime Against Women (Crime Head-wise) - 2020,https://www.ncrb.gov.in/uploads/nationalcrimerecordsbureau/post/1679732758TABLE3B7.xlsx
2020,Chapter - 3B -- Crime Against Women (34 Metropolitan Cities),Disposal of Persons Arrested for Crime Against Women (City-wise) - 2020,https://www.ncrb.gov.in/uploads/nationalcrimerecordsbureau/post/1679732784TABLE3B8.xlsx
2020,Chapter - 4B -- Crime Against Children (34 Metropolitan Cities),Crime Against Children (City-wise) - 2018-2020,https://www.ncrb.gov.in/uploads/nationalcrimerecordsbureau/post/1679733382TABLE4B1.xlsx
2020,Chapter - 4B -- Crime Against Children (34 Metropolitan Cities),Crime Against Children (Crime Head-wise & City-wise) - 2020,https://www.ncrb.gov.in/uploads/nationalcrimerecordsbureau/post/1679733693TABLE4B2.xlsx
2020,Chapter - 4B -- Crime Against Children (34 Metropolitan Cities),Police Disposal of Crime Against Children Cases (Crime Head-wise) - 2020,https://www.ncrb.gov.in/uploads/nationalcrimerecordsbureau/post/1679733711TABLE4B3.xlsx
2020,Chapter - 4B -- Crime Against Children (34 Metropolitan Cities),Police Disposal of Crime Against Children Cases (City-wise) - 2020,https://www.ncrb.gov.in/uploads/nationalcrimerecordsbureau/post/1679733730TABLE4B4.xlsx
2020,Chapter - 4B -- Crime Against Children (34 Metropolitan Cities),Court Disposal of Crime Against Children Cases (Crime Head-wise) - 2020,https://www.ncrb.gov.in/uploads/nationalcrimerecordsbureau/post/1679733749TABLE4B5.xlsx
2020,Chapter - 4B -- Crime Against Children (34 Metropolitan Cities),Court Disposal of Crime Against Children Cases (City-wise) - 2020,https://www.ncrb.gov.in/uploads/nationalcrimerecordsbureau/post/1679733772TABLE4B6.xlsx
2020,Chapter - 4B -- Crime Against Children (34 Metropolitan Cities),Disposal of Persons Arrested for Crime Against Children (Crime Head-wise) - 2020,https://www.ncrb.gov.in/uploads/nationalcrimerecordsbureau/post/1679733790TABLE4B7.xlsx
2020,Chapter - 4B -- Crime Against Children (34 Metropolitan Cities),Disposal of Persons Arrested for Crime Against Children(City-wise) - 2020,https://www.ncrb.gov.in/uploads/nationalcrimerecordsbureau/post/1679733809TABLE4B8.xlsx
2020,Chapter - 5B -- Juveniles In Conflict With Law (34 Metropolitan Cities),Crime Committed by Juveniles (City-wise) - 2018-2020,https://www.ncrb.gov.in/uploads/2022/July/11/custom/crime-in-india/TABLE5B.1.xlsx
2020,Chapter - 5B -- Juveniles In Conflict With Law (34 Metropolitan Cities),IPC Crimes committed by Juveniles (City-wise) - 2020,https://www.ncrb.gov.in/uploads/2022/July/11/custom/crime-in-india/TABLE5B.2.xlsx
2020,Chapter - 5B -- Juveniles In Conflict With Law (34 Metropolitan Cities),SLL Crimes committed by Juveniles (City-wise) - 2020,https://www.ncrb.gov.in/uploads/2022/July/11/custom/crime-in-india/TABLE5B.3.xlsx
2020,Chapter - 5B -- Juveniles In Conflict With Law (34 Metropolitan Cities),"Juveniles Apprehended (Crime Head, Age Groups & Gender-wise) - 2020",https://www.ncrb.gov.in/uploads/2022/July/11/custom/crime-in-india/TABLE5B.4A.xlsx
2020,Chapter - 5B -- Juveniles In Conflict With Law (34 Metropolitan Cities),Disposal of Juveniles Arrested (City-wise) - 2020,https://www.ncrb.gov.in/uploads/2022/July/11/custom/crime-in-india/TABLE5B.5.xlsx
2020,Chapter - 5B -- Juveniles In Conflict With Law (34 Metropolitan Cities),Education & Family Background of Juveniles Arrested - 2020,https://www.ncrb.gov.in/uploads/2022/July/11/custom/crime-in-india/TABLE5B.6.xlsx
2020,Chapter - 6B -- Crime Against Senior Citizen (34 Metropolitan Cities),Crime Against Senior Citizens (City-wise) - 2018-2020,https://www.ncrb.gov.in/uploads/2022/July/11/custom/crime-in-india/TABLE6B.1.xlsx
2020,Chapter - 6B -- Crime Against Senior Citizen (34 Metropolitan Cities),Crime Against Senior Citizens (Crime Head-wise & City-wise) - 2020,https://www.ncrb.gov.in/uploads/2022/July/11/custom/crime-in-india/TABLE6B.2.xlsx
2020,Chapter - 6B -- Crime Against Senior Citizen (34 Metropolitan Cities),Police Disposal of Crime Against Senior Citizen Cases (City-wise) - 2020,https://www.ncrb.gov.in/uploads/2022/July/11/custom/crime-in-india/TABLE6B.2.xlsx
2020,Chapter - 6B -- Crime Against Senior Citizen (34 Metropolitan Cities),Police Disposal of Crime Against Senior Citizen Cases (Crime Head-wise) - 2020,https://www.ncrb.gov.in/uploads/2022/July/11/custom/crime-in-india/TABLE6B.4.xlsx
2020,Chapter - 6B -- Crime Against Senior Citizen (34 Metropolitan Cities),Court Disposal of Crime Against Senior Citizen Cases (Crime Head-wise) - 2020,https://www.ncrb.gov.in/uploads/2022/July/11/custom/crime-in-india/TABLE6B.5.xlsx
2020,Chapter - 6B -- Crime Against Senior Citizen (34 Metropolitan Cities),Court Disposal of Crime Against Senior Citizen (City-wise) - 2020,https://www.ncrb.gov.in/uploads/2022/July/11/custom/crime-in-india/TABLE6B.6.xlsx
2020,Chapter - 6B -- Crime Against Senior Citizen (34 Metropolitan Cities),Disposal of Persons for Crime Against Senior Citizen (City-wise) - 2020,https://www.ncrb.gov.in/uploads/nationalcrimerecordsbureau/post/1679737538TABLE6B7.xlsx
2020,Chapter - 6B -- Crime Against Senior Citizen (34 Metropolitan Cities),Disposal of Persons for Crime Against Senior Citizen (Crime Head-wise) - 2020,https://www.ncrb.gov.in/uploads/2022/July/11/custom/crime-in-india/TABLE6B.8.xlsx
2020,Chapter - 7B -- Crime/atrocities Against Scheduled Castes (34 Metropolitan Cities),Crime/Atrocities against Scheduled Castes (City-wise) - 2018-2020,https://www.ncrb.gov.in/uploads/2022/July/11/custom/crime-in-india/TABLE7B.1.xlsx
2020,Chapter - 7B -- Crime/atrocities Against Scheduled Castes (34 Metropolitan Cities),Crime/Atrocities against Scheduled Castes (Crime Head-wise & City-wise) - 2020,https://www.ncrb.gov.in/uploads/2022/July/11/custom/crime-in-india/TABLE7B.2.xlsx
2020,Chapter - 7B -- Crime/atrocities Against Scheduled Castes (34 Metropolitan Cities),Police Disposal of Crime/Atrocities against SCs Cases (Crime Head-wise) - 2020,https://www.ncrb.gov.in/uploads/2022/July/11/custom/crime-in-india/TABLE7B.3.xlsx
2020,Chapter - 7B -- Crime/atrocities Against Scheduled Castes (34 Metropolitan Cities),Police Disposal of Crime/Atrocities against SCs Cases (City-wise) - 2020,https://www.ncrb.gov.in/uploads/2022/July/11/custom/crime-in-india/TABLE7B.4.xlsx
2020,Chapter - 7B -- Crime/atrocities Against Scheduled Castes (34 Metropolitan Cities),Court Disposal of Crime/Atrocities against SCs Cases (Crime Head-wise) - 2020,https://www.ncrb.gov.in/uploads/2022/July/11/custom/crime-in-india/TABLE7B.5.xlsx
2020,Chapter - 7B -- Crime/atrocities Against Scheduled Castes (34 Metropolitan Cities),Court Disposal of Crime/Atrocities against SCs Cases (City-wise) - 2020,https://www.ncrb.gov.in/uploads/2022/July/11/custom/crime-in-india/TABLE7B.6.xlsx
2020,Chapter - 7B -- Crime/atrocities Against Scheduled Castes (34 Metropolitan Cities),Disposal of Persons Arrested for Crime/Atrocities against SCs (Crime Head-wise) - 2020,https://www.ncrb.gov.in/uploads/2022/July/11/custom/crime-in-india/TABLE7B.7.xlsx
2020,Chapter - 7B -- Crime/atrocities Against Scheduled Castes (34 Metropolitan Cities),Disposal of Persons Arrested for Crime/Atrocities against SCs (City-wise) - 2020,https://www.ncrb.gov.in/uploads/2022/July/11/custom/crime-in-india/TABLE7B.8.xlsx
2020,Chapter - 7D -- Crime/atrocities Against Scheduled Tribes (34 Metropolitan Cities),Crime/Atrocities against Scheduled Tribes (City-wise) - 2018-2020,https://www.ncrb.gov.in/uploads/2022/July/11/custom/crime-in-india/TABLE7D.1.xlsx
2020,Chapter - 7D -- Crime/atrocities Against Scheduled Tribes (34 Metropolitan Cities),Crime/Atrocities against Scheduled Tribes (Crime Head-wise & City-wise) - 2020,https://www.ncrb.gov.in/uploads/2022/July/11/custom/crime-in-india/TABLE7D.2.xlsx
2020,Chapter - 7D -- Crime/atrocities Against Scheduled Tribes (34 Metropolitan Cities),Police Disposal of Crime/Atrocities against STs Cases (Crime Head-wise) - 2020,https://www.ncrb.gov.in/uploads/2022/July/11/custom/crime-in-india/TABLE7D.3.xlsx
2020,Chapter - 7D -- Crime/atrocities Against Scheduled Tribes (34 Metropolitan Cities),Police Disposal of Crime/Atrocities against STs Cases (City-wise) - 2020,https://www.ncrb.gov.in/uploads/2022/July/11/custom/crime-in-india/TABLE7D.4.xlsx
2020,Chapter - 7D -- Crime/atrocities Against Scheduled Tribes (34 Metropolitan Cities),Court Disposal of Crime/Atrocities against STs Cases (Crime Head-wise) - 2020,https://www.ncrb.gov.in/uploads/2022/July/11/custom/crime-in-india/TABLE7D.5.xlsx
2020,Chapter - 7D -- Crime/atrocities Against Scheduled Tribes (34 Metropolitan Cities),Court Disposal of Crime/Atrocities against STs Cases (City-wise) - 2020,https://www.ncrb.gov.in/uploads/2022/July/11/custom/crime-in-india/TABLE7D.6.xlsx
2020,Chapter - 7D -- Crime/atrocities Against Scheduled Tribes (34 Metropolitan Cities),Disposal of Persons Arrested for Crime/Atrocities against STs (Crime Head-wise) - 2020,https://www.ncrb.gov.in/uploads/2022/July/11/custom/crime-in-india/TABLE7D.7.xlsx
2020,Chapter - 7D -- Crime/atrocities Against Scheduled Tribes (34 Metropolitan Cities),Disposal of Persons Arrested for Crime/Atrocities against STs (City-wise) - 2020,https://www.ncrb.gov.in/uploads/2022/July/11/custom/crime-in-india/TABLE7D.8.xlsx
2020,Chapter - 8B -- Economic Offences (34 Metropolitan Cities),Disposal of Persons Arrested under Economic Offences (City wise) - 2020,https://www.ncrb.gov.in/uploads/2022/July/11/custom/crime-in-india/TABLE8B.9.xlsx
2020,Chapter - 8B -- Economic Offences (34 Metropolitan Cities),Economic Offences (City-wise) - 2018-2020,https://www.ncrb.gov.in/uploads/2022/July/11/custom/crime-in-india/TABLE8B.1.xlsx
2020,Chapter - 8B -- Economic Offences (34 Metropolitan Cities),Economic Crimes (City wise & Crime Head-wise) - 2020,https://www.ncrb.gov.in/uploads/2022/July/11/custom/crime-in-india/TABLE8B.2.xlsx
2020,Chapter - 8B -- Economic Offences (34 Metropolitan Cities),Economic Offences - Loss of Property More than 1 Crore - 2020,https://www.ncrb.gov.in/uploads/2022/July/11/custom/crime-in-india/TABLE8B.3.xlsx
2020,Chapter - 8B -- Economic Offences (34 Metropolitan Cities),Police Disposal of Economic Offences (City wise) - 2020,https://www.ncrb.gov.in/uploads/2022/July/11/custom/crime-in-india/TABLE8B.4.xlsx
2020,Chapter - 8B -- Economic Offences (34 Metropolitan Cities),Police Disposal of Economic Offences (Crime Head-wise) - 2020,https://www.ncrb.gov.in/uploads/2022/July/11/custom/crime-in-india/TABLE8B.5.xlsx
2020,Chapter - 8B -- Economic Offences (34 Metropolitan Cities),Court Disposal of Economic Offences (Crime Head-wise) - 2020,https://www.ncrb.gov.in/uploads/2022/July/11/custom/crime-in-india/TABLE8B.6.xlsx
2020,Chapter - 8B -- Economic Offences (34 Metropolitan Cities),Court Disposal of Economic Offences (City wise) - 2020,https://www.ncrb.gov.in/uploads/2022/July/11/custom/crime-in-india/TABLE8B.7.xlsx
2020,Chapter - 8B -- Economic Offences (34 Metropolitan Cities),Disposal of Persons Arrested under Economic Offences (Crime Head-wise) - 2020,https://www.ncrb.gov.in/uploads/2022/July/11/custom/crime-in-india/TABLE8B.8.xlsx
2020,Chapter - 9B -- Cyber Crimes (34 Metropolitan Cities),Cyber Crime (City-wise) - 2018-2020,https://www.ncrb.gov.in/uploads/2022/July/11/custom/crime-in-india/TABLE9B.1.xlsx
2020,Chapter - 9B -- Cyber Crimes (34 Metropolitan Cities),Cyber Crimes (Crime Head-wise & City-wise) - 2020,https://www.ncrb.gov.in/uploads/2022/July/11/custom/crime-in-india/TABLE9B.2.xlsx
2020,Chapter - 9B -- Cyber Crimes (34 Metropolitan Cities),Cyber Crime Motives - 2020,https://www.ncrb.gov.in/uploads/2022/July/11/custom/crime-in-india/TABLE9B.3.xlsx
2020,Chapter - 9B -- Cyber Crimes (34 Metropolitan Cities),Police Disposal of Cyber Crime Cases (Crime Head-wise) - 2020,https://www.ncrb.gov.in/uploads/2022/July/11/custom/crime-in-india/TABLE9B.4.xlsx
2020,Chapter - 9B -- Cyber Crimes (34 Metropolitan Cities),Police Disposal of Cyber Crime Cases (City wise) - 2020,https://www.ncrb.gov.in/uploads/2022/July/11/custom/crime-in-india/TABLE9B.5.xlsx
2020,Chapter - 9B -- Cyber Crimes (34 Metropolitan Cities),Court Disposal of Cyber Crime Cases (Crime Head-wise) - 2020,https://www.ncrb.gov.in/uploads/2022/July/11/custom/crime-in-india/TABLE9B.6.xlsx
2020,Chapter - 9B -- Cyber Crimes (34 Metropolitan Cities),Court Disposal of Cyber Crime Cases (City wise) - 2020,https://www.ncrb.gov.in/uploads/2022/July/11/custom/crime-in-india/TABLE9B.7.xlsx
2020,Chapter - 9B -- Cyber Crimes (34 Metropolitan Cities),Disposal of Persons Arrested under Cyber Crime (Crime Head-wise) - 2020,https://www.ncrb.gov.in/uploads/2022/July/11/custom/crime-in-india/TABLE9B.8.xlsx
2020,Chapter - 9B -- Cyber Crimes (34 Metropolitan Cities),Disposal of Persons Arrested under Cyber Crime (City wise) - 2020,https://www.ncrb.gov.in/uploads/2022/July/11/custom/crime-in-india/TABLE9B.9.xlsx
2020,Chapter - 17B -- Disposal Of Cases By Police (34 Metropolitan Cities),Police Disposal of IPC Crime Cases (Crime Head-wise) - 2020,https://www.ncrb.gov.in/uploads/2022/July/11/custom/crime-in-india/TABLE17B.1.xlsx
2020,Chapter - 17B -- Disposal Of Cases By Police (34 Metropolitan Cities),Police Disposal of IPC Crime Cases (City-wise) - 2020,https://www.ncrb.gov.in/uploads/2022/July/11/custom/crime-in-india/TABLE17B.2.xlsx
2020,Chapter - 17B -- Disposal Of Cases By Police (34 Metropolitan Cities),Police Disposal of SLL Crime Cases (Crime Head-wise) - 2020,https://www.ncrb.gov.in/uploads/2022/July/11/custom/crime-in-india/TABLE17B.3.xlsx
2020,Chapter - 17B -- Disposal Of Cases By Police (34 Metropolitan Cities),Police Disposal of SLL Crime Cases (City-wise) - 2020,https://www.ncrb.gov.in/uploads/2022/July/11/custom/crime-in-india/TABLE17B.4.xlsx
2020,Chapter - 18B -- Disposal Of Cases By Courts (34 Metropolitan Cities),Court Disposal of IPC Crime Cases (Crime Head-wise) - 2020,https://www.ncrb.gov.in/uploads/2022/July/11/custom/crime-in-india/TABLE18B.1.xlsx
2020,Chapter - 18B -- Disposal Of Cases By Courts (34 Metropolitan Cities),Court Disposal of IPC Crime Cases (City-wise) - 2020,https://www.ncrb.gov.in/uploads/2022/July/11/custom/crime-in-india/TABLE18B.2.xlsx
2020,Chapter - 18B -- Disposal Of Cases By Courts (34 Metropolitan Cities),Court Disposal of SLL Crime Cases (Crime Head-wise) - 2020,https://www.ncrb.gov.in/uploads/2022/July/11/custom/crime-in-india/TABLE18B.3.xlsx
2020,Chapter - 18B -- Disposal Of Cases By Courts (34 Metropolitan Cities),Court Disposal of SLL Crime Cases (City-wise) - 2020,https://www.ncrb.gov.in/uploads/2022/July/11/custom/crime-in-india/TABLE18B.4.xlsx
2020,"Chapter - 19B -- Arrests, Convictions & Acquittals Of Persons (34 Metropolitan Cities)",Arrests under IPC Crimes (Crime Head-wise) - 2020,https://www.ncrb.gov.in/uploads/2022/July/11/custom/crime-in-india/TABLE19B.1.xlsx
2020,"Chapter - 19B -- Arrests, Convictions & Acquittals Of Persons (34 Metropolitan Cities)",Arrests under IPC Crimes (City-wise) - 2020,https://www.ncrb.gov.in/uploads/2022/July/11/custom/crime-in-india/TABLE19B.2.xlsx
2020,"Chapter - 19B -- Arrests, Convictions & Acquittals Of Persons (34 Metropolitan Cities)",Arrests under SLL Crimes (Crime Head-wise) - 2020,https://www.ncrb.gov.in/uploads/2022/July/11/custom/crime-in-india/TABLE19B.3.xlsx
2020,"Chapter - 19B -- Arrests, Convictions & Acquittals Of Persons (34 Metropolitan Cities)",Arrests under SLL Crimes (City-wise) - 2020,https://www.ncrb.gov.in/uploads/2022/July/11/custom/crime-in-india/TABLE19B.4.xlsx
2020,"Chapter - 19B -- Arrests, Convictions & Acquittals Of Persons (34 Metropolitan Cities)",Disposal of Persons Arrested under IPC Crimes (Crime Head-wise) - 2020,https://www.ncrb.gov.in/uploads/2022/July/11/custom/crime-in-india/TABLE19B.5.xlsx
2020,"Chapter - 19B -- Arrests, Convictions & Acquittals Of Persons (34 Metropolitan Cities)",Disposal of Persons Arrested under IPC Crimes (City-wise) - 2020,https://www.ncrb.gov.in/uploads/2022/July/11/custom/crime-in-india/TABLE19B.6.xlsx
2020,"Chapter - 19B -- Arrests, Convictions & Acquittals Of Persons (34 Metropolitan Cities)",Disposal of Persons Arrested under SLL Crimes (Crime Head-wise) - 2020,https://www.ncrb.gov.in/uploads/2022/July/11/custom/crime-in-india/TABLE19B.7.xlsx
2020,"Chapter - 19B -- Arrests, Convictions & Acquittals Of Persons (34 Metropolitan Cities)",Disposal of Persons Arrested under SLL Crimes (City-wise) - 2020,https://www.ncrb.gov.in/uploads/2022/July/11/custom/crime-in-india/TABLE19B.8.xlsx
2020,"Chapter - 19B -- Arrests, Convictions & Acquittals Of Persons (34 Metropolitan Cities)",Disposal of Total Persons Arrested under All IPC+SLL Crimes (City-wise) - 2020,https://www.ncrb.gov.in/uploads/2022/July/11/custom/crime-in-india/TABLE19B.9.xlsx
2020,District Wise Reports,Districtwise Crime against Children 2020,https://www.ncrb.gov.in/uploads/2022/July/11/custom/crime-in-india/Districtwise-Crime-against-Children_2020.xlsx
2020,District Wise Reports,Districtwise Crime against SCs 2020,https://www.ncrb.gov.in/uploads/2022/July/11/custom/crime-in-india/Districtwise-Crime-against-SCs_2020.xlsx
2020,District Wise Reports,Districtwise Crime against STs 2020,https://www.ncrb.gov.in/uploads/2022/July/11/custom/crime-in-india/Districtwise-Crime-against-STs_2020.xlsx
2020,District Wise Reports,Districtwise Crime against Women 2020,https://www.ncrb.gov.in/uploads/2022/July/11/custom/crime-in-india/Districtwise-Crime-against-Women_2020.xlsx
2020,District Wise Reports,Districtwise Cyber Crimes 2020,https://www.ncrb.gov.in/uploads/2022/July/11/custom/crime-in-india/Districtwise-Cyber-Crimes_2020.xlsx
2020,District Wise Reports,Districtwise IPC Crime by Juveniles 2020,https://www.ncrb.gov.in/uploads/2022/July/11/custom/crime-in-india/Districtwise-IPC-Crime-by-Juveniles_2020.xlsx
2020,District Wise Reports,Districtwise IPC Crimes 2020,https://www.ncrb.gov.in/uploads/2022/July/11/custom/crime-in-india/Districtwise-IPC-Crimes_2020.xlsx
2020,District Wise Reports,Districtwise Missing Persons 2020,https://www.ncrb.gov.in/uploads/2022/July/11/custom/crime-in-india/Districtwise-Missing-Persons_2020.xlsx
2020,District Wise Reports,Districtwise SLL Crime by Juveniles 2020,https://www.ncrb.gov.in/uploads/2022/July/11/custom/crime-in-india/Districtwise-SLL-Crime-by-Juveniles_2020.xlsx
2020,District Wise Reports,Districtwise SLL Crimes 2020,https://www.ncrb.gov.in/uploads/2022/July/11/custom/crime-in-india/Districtwise_SLL-Crimes_2020.xlsx
2020,States/UTs,StateUT-wise Cases Registered 156_3 under IPC during 2020,https://www.ncrb.gov.in/uploads/nationalcrimerecordsbureau/post/1679733965adi-1563.xlsx
2020,States/UTs,StateUT-wise Cases Registered 156_3 under SLL during 2020,https://www.ncrb.gov.in/uploads/nationalcrimerecordsbureau/post/1679736235002.xlsx
2020,States/UTs,StateUT-wise Cases Registered 156_3 under Crimes against Women during 2020,https://www.ncrb.gov.in/uploads/nationalcrimerecordsbureau/post/1679736261003.xlsx
2020,States/UTs,StateUT-wise Cases Registered 156_3 under Crimes against Children during 2020,https://www.ncrb.gov.in/uploads/nationalcrimerecordsbureau/post/1679736293004.xlsx
2020,States/UTs,StateUT-wise Cases Registered 156_3 under Crimes against SCs during 2020,https://www.ncrb.gov.in/uploads/nationalcrimerecordsbureau/post/1679736316005.xlsx
2020,States/UTs,StateUT-wise Cases Registered 156_3 under Crimes against STs during 2020,https://www.ncrb.gov.in/uploads/nationalcrimerecordsbureau/post/1679736347006.xlsx
2020,States/UTs,StateUT-wise Cases Registered 156_3 under Crimes against Sr Citizen during 2020,https://www.ncrb.gov.in/uploads/nationalcrimerecordsbureau/post/1679736372007StateUT-wiseCasesRegistered1563underCrimesagainstSrCitizenduring2020.xlsx
2020,States/UTs,Crimehead-wise Cases Registered 156_3 under IPC and SLL during 2020,https://www.ncrb.gov.in/uploads/nationalcrimerecordsbureau/post/1679736438008.xlsx
2020,States/UTs,Crimehead-wise Cases Registered 156_3 under Crime against Women during 2020,https://www.ncrb.gov.in/uploads/nationalcrimerecordsbureau/post/1679736459009Crimehead-wiseCasesRegistered1563underCrimeagainstWomenduring2020.xlsx
2020,States/UTs,Crimehead-wise Cases Registered 156_3 under Crime against Children during 2020,https://www.ncrb.gov.in/uploads/nationalcrimerecordsbureau/post/1679736479010Crimehead-wiseCasesRegistered1563underCrimeagainstChildrenduring2020.xlsx
2020,States/UTs,Crimehead-wise Cases Registered 156_3 under Crime against SCs during 2020,https://www.ncrb.gov.in/uploads/nationalcrimerecordsbureau/post/1679736500011Crimehead-wiseCasesRegistered1563underCrimeagainstSCsduring2020.xlsx
2020,States/UTs,Crimehead-wise Cases Registered 156_3 under Crime against STs during 2020,https://www.ncrb.gov.in/uploads/nationalcrimerecordsbureau/post/1679736521012Crimehead-wiseCasesRegistered1563underCrimeagainstSTsduring2020.xlsx
2020,States/UTs,Crimehead-wise Cases Registered 156_3 under Crime against SrCitizen during 2020,https://www.ncrb.gov.in/uploads/nationalcrimerecordsbureau/post/1679736541013Crimehead-wiseCasesRegistered1563underCrimeagainstSrCitizenduring2020.xlsx
2020,States/UTs,Crimehead-wise Gender-wise details of Victims under IPC and SLL Crimes during 2020,https://www.ncrb.gov.in/uploads/nationalcrimerecordsbureau/post/1679736561014Crimehead-wiseGender-wisedetailsofVictimsunderIPCandSLLCrimesduring2020.xlsx
2020,States/UTs,Crimehead-wise Victims under Crimes against Women during 2020,https://www.ncrb.gov.in/uploads/nationalcrimerecordsbureau/post/1679736584015Crimehead-wiseVictimsunderCrimesagainstWomenduring2020.xlsx
2020,States/UTs,Crimehead-wise Gender-wise Victims under Crimes against Children during 2020,https://www.ncrb.gov.in/uploads/nationalcrimerecordsbureau/post/1679736606016Crimehead-wiseGender-wiseVictimsunderCrimesagasintChildrenduring2020.xlsx
2020,States/UTs,Crimehead-wise Gender-wise Victims under Crimes against SCs during 2020,https://www.ncrb.gov.in/uploads/nationalcrimerecordsbureau/post/1679736626017Crimehead-wiseGender-wiseVictimsunderCrimesagasintSCsduring2020.xlsx
2020,States/UTs,Crimehead-wise Gender-wise Victims under Crimes against STs during 2020,https://www.ncrb.gov.in/uploads/nationalcrimerecordsbureau/post/1679736645018Crimehead-wiseGender-wiseVictimsunderCrimesagasintSTsduring2020.xlsx
2020,States/UTs,Crimehead-wise Gender-wise Victims under Crimes against Senior Citizen during 2020,https://www.ncrb.gov.in/uploads/nationalcrimerecordsbureau/post/1679736671019Crimehead-wiseGender-wiseVictimsunderCrimesagasintSeniorCitizenduring2020.xlsx
2020,States/UTs,Crimehead-wise Persons Disposal under IPC and SLL Crimes during 2020,https://www.ncrb.gov.in/uploads/nationalcrimerecordsbureau/post/1679736693020Crimehead-wisePersonsDisposalunderIPCandSLLCrimesduring2020.xlsx
2020,States/UTs,Crimehead-wise Persons Disposal under Crimes against Women during 2020,https://www.ncrb.gov.in/uploads/nationalcrimerecordsbureau/post/1679736712021Crimehead-wisePersonsDisposalunderCrimesagainstWomenduring2020.xlsx
2020,States/UTs,Crimehead-wise Persons Disposal under Crimes against Children during 2020,https://www.ncrb.gov.in/uploads/nationalcrimerecordsbureau/post/1679736731022Crimehead-wisePersonsDisposalunderCrimesagainstChildrenduring2020.xlsx
2020,States/UTs,Crimehead-wise Persons Disposal under Crimes against SCs during 2020,https://www.ncrb.gov.in/uploads/nationalcrimerecordsbureau/post/1679736752023Crimehead-wisePersonsDisposalunderCrimesagainstSCsduring2020.xlsx
2020,States/UTs,Crimehead-wise Persons Disposal under Crimes against STs during 2020,https://www.ncrb.gov.in/uploads/nationalcrimerecordsbureau/post/1679736772024Crimehead-wisePersonsDisposalunderCrimesagainstSTsduring2020.xlsx
2020,States/UTs,Crimehead-wise Persons Disposal under Crimes against Senior Citizen during 2020,https://www.ncrb.gov.in/uploads/nationalcrimerecordsbureau/post/1679736791025Crimehead-wisePersonsDisposalunderCrimesagainstSeniorCitizenduring2020.xlsx
2020,States/UTs,Crimehead-wise Persons Disposal under Crimes against Foreigners during 2020,https://www.ncrb.gov.in/uploads/nationalcrimerecordsbureau/post/1679736812026Crimehead-wisePersonsDisposalunderCrimesagainstForeignersduring2020.xlsx
2020,States/UTs,Crimehead-wise Persons Disposal under Crimes Committed by Foreigners during 2020,https://www.ncrb.gov.in/uploads/nationalcrimerecordsbureau/post/1679736832027Crimehead-wisePersonsDisposalunderCrimesCommittedbyForeignersduring2020.xlsx
2020,States/UTs,StateUT-wise Persons Disposal under IPC Crimes during 2020,https://www.ncrb.gov.in/uploads/nationalcrimerecordsbureau/post/1679736852028StateUT-wisePersonsDisposalunderIPCCrimesduring2020.xlsx
2020,States/UTs,StateUT-wise Persons Disposal under SLL Crimes during 2020,https://www.ncrb.gov.in/uploads/nationalcrimerecordsbureau/post/1679736873029StateUT-wisePersonsDisposalunderSLLCrimesduring2020.xlsx
2020,States/UTs,StateUT-wise Persons Disposal under Crimes against Women during 2020,https://www.ncrb.gov.in/uploads/nationalcrimerecordsbureau/post/1679736896030StateUT-wisePersonsDisposalunderCrimesagainstWomenduring2020.xlsx
2020,States/UTs,StateUT-wise Persons Disposal under Crimes against Children during 2020,https://www.ncrb.gov.in/uploads/nationalcrimerecordsbureau/post/1679736917031StateUT-wisePersonsDisposalunderCrimesagainstChildrenduring2020.xlsx
2020,States/UTs,StateUT-wise Persons Disposal under Crimes against SCs during 2020,https://www.ncrb.gov.in/uploads/nationalcrimerecordsbureau/post/1679736937032StateUT-wisePersonsDisposalunderCrimesagainstSCsduring2020.xlsx
2020,States/UTs,StateUT-wise Persons Disposal under Crimes against STs during 2020,https://www.ncrb.gov.in/uploads/nationalcrimerecordsbureau/post/1679736958033StateUT-wisePersonsDisposalunderCrimesagainstSTsduring2020.xlsx
2020,States/UTs,StateUT-wise Persons Disposal under Crimes against Senior Citizen during 2020,https://www.ncrb.gov.in/uploads/nationalcrimerecordsbureau/post/1679736987034StateUT-wisePersonsDisposalunderCrimesagainstSeniorCitizenduring2020.xlsx
2020,States/UTs,StateUT-wise Cases and Persons Disposal under Crimes against Foreigners during 2020,https://www.ncrb.gov.in/uploads/nationalcrimerecordsbureau/post/1679737012035StateUT-wiseCasesandPersonsDisposalunderCrimesagainstForeignersduring2020.xlsx
2020,States/UTs,StateUT-wise Cases and Persons Disposal under Crimes by Foreigners during 2020,https://www.ncrb.gov.in/uploads/nationalcrimerecordsbureau/post/1679737032036StateUT-wiseCasesandPersonsDisposalunderCrimesbyForeignersduring2020.xlsx
2020,States/UTs,StateUT-wise Foreign Victims under IPC & SLL during 2020,https://www.ncrb.gov.in/uploads/nationalcrimerecordsbureau/post/1679737050037StateUT-wiseForeignVictimsunderIPCSLLduring2020.xlsx
2020,States/UTs,StateUT-wise Foreigners Arrested under IPC & SLL during 2020,https://www.ncrb.gov.in/uploads/nationalcrimerecordsbureau/post/1679737071038StateUT-wiseForeignersArrestedunderIPCSLLduring2020.xlsx
2020,States/UTs,Crimehead-wise Section-wise Cases and Persons Disposal under Rape during 2020,https://www.ncrb.gov.in/uploads/nationalcrimerecordsbureau/post/1679737091039Crimehead-wiseSection-wiseCasesandPersonsDisposalunderRapeduring2020.xlsx
2020,States/UTs,Crimehead-wise Cases and Persons Disposal under Crimes by Anti National Elements during 2020,https://www.ncrb.gov.in/uploads/nationalcrimerecordsbureau/post/1679737110040Crimehead-wiseCasesandPersonsDisposalunderCrimesbyAntiNationalElementsduring2020.xlsx
2020,States/UTs,StateUT-wise Persons Disposal under Cyber Crimes during 2020,https://www.ncrb.gov.in/uploads/nationalcrimerecordsbureau/post/1679737129041StateUT-wisePersonsDisposalunderCyberCrimesduring2020.xlsx
2020,States/UTs,StateUT-wise Cases and Persons Disposal under Cyber Crimes against Women during 2020,https://www.ncrb.gov.in/uploads/nationalcrimerecordsbureau/post/1679737148042StateUT-wiseCasesandPersonsDisposalunderCyberCrimesagainstWomenduring2020.xlsx
2020,States/UTs,StateUT-wise Cases and Persons Disposal under Cyber Crimes against Children during 2020,https://www.ncrb.gov.in/uploads/nationalcrimerecordsbureau/post/1679737168043StateUT-wiseCasesandPersonsDisposalunderCyberCrimesagainstChildrenduring2020.xlsx
2020,States/UTs,StateUT-wise Property Stolen and Recovered during 2020,https://www.ncrb.gov.in/uploads/nationalcrimerecordsbureau/post/1679737188044StateUT-wisePropertyStolenandRecoveredduring2020.xlsx
2020,States/UTs,StateUT-wise Nature-wise Property Stolen and Recovered during 2020,https://www.ncrb.gov.in/uploads/nationalcrimerecordsbureau/post/1679737206045StateUT-wiseNature-wisePropertyStolenandRecoveredduring2020.xlsx
2020,States/UTs,StateUT-wise Place of Occurrence-wise Property Stolen and Recovered during 2020,https://www.ncrb.gov.in/uploads/nationalcrimerecordsbureau/post/1679737227046StateUT-wisePlaceofOccurance-wisePropertyStolenandRecoveredduring2020.xlsx
2020,States/UTs,StateUT-wise Seizures under NDPS Act during 2020,https://www.ncrb.gov.in/uploads/files/046StateUT-wiseSeizuresunderNDPSActduring2020.xlsx
2020,States/UTs,StateUT-wise Rank-wise Police Personnel Killed on Duty during 2020,https://www.ncrb.gov.in/uploads/nationalcrimerecordsbureau/post/1679737263048StateUT-wiseRank-wisePolicePersonnelKilledonDutyduring2020.xlsx
2020,States/UTs,StateUT-wise Rank-wise Police Personnel Injured on Duty during 2020,https://www.ncrb.gov.in/uploads/nationalcrimerecordsbureau/post/1679737280049StateUT-wiseRank-wisePolicePersonnelInjuredonDutyduring2020.xlsx
2020,States/UTs,StateUT-wise WeaponType-wise Seizure of Arms during 2020,https://www.ncrb.gov.in/uploads/nationalcrimerecordsbureau/post/1679737299050StateUT-wiseWeaponType-wiseSeizureofArmsduring2020.xlsx
2020,States/UTs,StateUT-wise WeaponType-wise Seizure of Ammunition during 2020,https://www.ncrb.gov.in/uploads/nationalcrimerecordsbureau/post/1679737316051StateUT-wiseWeaponType-wiseSeizureofAmmunitionduring2020.xlsx
2020,States/UTs,StateUT-wise Complaints against Police Personnel during 2020,https://www.ncrb.gov.in/uploads/nationalcrimerecordsbureau/post/1679737339052StateUT-wiseComplaintsagainstPolicePersonnelduring2020.xlsx
2020,States/UTs,Crimehead-wise Persons Arrested under Cyber Crimes during 2020,https://www.ncrb.gov.in/uploads/nationalcrimerecordsbureau/post/1679737360053Crimehead-wisePersonsArrestedunderCyberCrimesduring2020.xlsx
2020,States/UTs,StateUT-wise Persons Arrested under Cyber Crimes during 2020,https://www.ncrb.gov.in/uploads/nationalcrimerecordsbureau/post/1679737380054StateUT-wisePersonsArrestedunderCyberCrimesduring2020.xlsx
2020,Mega City,City-wise Cases Registered 156_3 under IPC during 2020,https://www.ncrb.gov.in/uploads/2022/July/11/custom/crime-in-india/001-City-wise-Cases-Registered-156_3-under-IPC-during-2020.xlsx
2020,Mega City,City-wise Cases Registered 156_3 under SLL during 2020,https://www.ncrb.gov.in/uploads/nationalcrimerecordsbureau/post/1680930978002City-wiseCasesRegistered1563underSLLduring2020.xlsx
2020,Mega City,City-wise Cases Registered 156_3 under Crimes against Women during 2020,https://www.ncrb.gov.in/uploads/2022/July/11/custom/crime-in-india/003-City-wise-Cases-Registered-156_3-under-Crimes-against-Women-during-2020.xlsx
2020,Mega City,City-wise Cases Registered 156_3 under Crimes against Children during 2020,https://www.ncrb.gov.in/uploads/2022/July/11/custom/crime-in-india/004-City-wise-Cases-Registered-156_3-under-Crimes-against-Children-during-2020.xlsx
2020,Mega City,City-wise Cases Registered 156_3 under Crimes against SCs during 2020,https://www.ncrb.gov.in/uploads/2022/July/11/custom/crime-in-india/005-City-wise-Cases-Registered-156_3-under-Crimes-against-SCs-during-2020.xlsx
2020,Mega City,City-wise Cases Registered 156_3 under Crimes against STs during 2020,https://www.ncrb.gov.in/uploads/2022/July/11/custom/crime-in-india/006-City-wise-Cases-Registered-156_3-under-Crimes-against-STs-during-2020.xlsx
2020,Mega City,City-wise Cases Registered 156_3 under Crimes against Sr Citizen during 2020,https://www.ncrb.gov.in/uploads/2022/July/11/custom/crime-in-india/007-City-wise-Cases-Registered-156_3-under-Crimes-against-Sr-Citizen-during-2020.xlsx
2020,Mega City,City-wise Persons Disposal under IPC Crimes during 2020,https://www.ncrb.gov.in/uploads/2022/July/11/custom/crime-in-india/008-City-wise-Persons-Disposal-under-IPC-Crimes during-2020.xlsx
2020,Mega City,City-wise Persons Disposal under SLL Crimes during 2020,https://www.ncrb.gov.in/uploads/2022/July/11/custom/crime-in-india/009-City-wise-Persons-Disposal-under-SLL-Crimes-during-2020.xlsx
2020,Mega City,City-wise Persons Disposal under Crimes against Women during 2020,https://www.ncrb.gov.in/uploads/2022/July/11/custom/crime-in-india/010-City-wise-Persons-Disposal-under-Crimes-against-Women-during-2020.xlsx
2020,Mega City,City-wise Persons Disposal under Crimes against Children during 2020,https://www.ncrb.gov.in/uploads/2022/July/11/custom/crime-in-india/011-City-wise-Persons-Disposal-under-Crimes-against-Children-during-2020.xlsx
2020,Mega City,City-wise Persons Disposal under Crimes against SCs during 2020,https://www.ncrb.gov.in/uploads/nationalcrimerecordsbureau/post/1680931019012City-wisePersonsDisposalunderCrimesagainstSCsduring2020.xlsx
2020,Mega City,City-wise Persons Disposal under Crimes against STs during 2020,https://www.ncrb.gov.in/uploads/2022/July/11/custom/crime-in-india/013-City-wise-Persons-Disposal-under-Crimes-against-STs-during-2020.xlsx
2020,Mega City,City-wise Persons Disposal under Crimes against Senior Citizen during 2020,https://www.ncrb.gov.in/uploads/2022/July/11/custom/crime-in-india/014-City-wise-Persons-Disposal-under-Crimes-agains- Senior-Citizen-during-2020.xlsx
2020,Mega City,City-wise Cases and Persons Disposal under Crimes against Foreigners during 2020,https://www.ncrb.gov.in/uploads/2022/July/11/custom/crime-in-india/015-City-wise-Cases-and-Persons-Disposal-under-Crimes-against-Foreigners-during-2020.xlsx
2020,Mega City,City-wise Cases and Persons Disposal under Crimes by Foreigners during 2020,https://www.ncrb.gov.in/uploads/2022/July/11/custom/crime-in-india/016-City-wise-Cases-and-Persons-Disposal-under-Crimes-by-Foreigners-during-2020.xlsx
2020,Mega City,City-wise Foreign Victims under IPC & SLL during 2020,https://www.ncrb.gov.in/uploads/2022/July/11/custom/crime-in-india/017-City-wise-Foreign-Victims-under-IPC-&-SLL-during-2020.xlsx
2020,Mega City,City-wise Foreigners Arrested under IPC & SLL during 2020,https://www.ncrb.gov.in/uploads/2022/July/11/custom/crime-in-india/018-City-wise-Foreigners-Arrested-under-IPC-&-SLL-during-2020.xlsx
2020,Mega City,City-wise Persons Disposal under Cyber Crimes during 2020,https://www.ncrb.gov.in/uploads/2022/July/11/custom/crime-in-india/019-City-wise-Persons-Disposal-under-Cyber-Crimes-during-2020.xlsx
2020,Mega City,City-wise Cases and Persons Disposal under Cyber Crimes against Women during 2020,https://www.ncrb.gov.in/uploads/2022/July/11/custom/crime-in-india/020-City-wise-Cases-and-Persons-Disposal-under-Cyber-Crimes-against-Women-during-2020.xlsx
2020,Mega City,City-wise Cases and Persons Disposal under Cyber Crimes against Children during 2020,https://www.ncrb.gov.in/uploads/2022/July/11/custom/crime-in-india/021-City-wise-Cases-and-Persons-Disposal-under-Cyber-Crimes-against-Children-during-2020.xlsx
2020,Mega City,City-wise Property Stolen and Recovered during 2020,https://www.ncrb.gov.in/uploads/2022/July/11/custom/crime-in-india/022-City-wise-Property-Stolen-and-Recovered-during-2020.xlsx
2020,Mega City,City-wise Nature-wise Property Stolen and Recovered during 2020,https://www.ncrb.gov.in/uploads/2022/July/11/custom/crime-in-india/023-City-wise-Nature-wise-Property-Stolen-and-Recovered-during-2020.xlsx
2020,Mega City,City-wise Place of Occurance-wise Property Stolen and Recovered during 2020,https://www.ncrb.gov.in/uploads/2022/July/11/custom/crime-in-india/024-City-wise-Place-of-Occurance-wise-Property-Stolen-and-Recovered-during-2020.xlsx
2020,Mega City,City-wise Seizures under NDPS Act during 2020,https://www.ncrb.gov.in/uploads/2022/July/11/custom/crime-in-india/025-City-wise-Seizures-under-NDPS-Act-during-2020.xlsx
2020,Mega City,City-wise Rank-wise Police Personnel Killed on Duty during 2020,https://www.ncrb.gov.in/uploads/2022/July/11/custom/crime-in-india/026-City-wise-Rank-wise-Police-Personnel-Killed-on-Duty-during-2020.xlsx
2020,Mega City,City-wise Rank-wise Police Personnel Injured on Duty during 2020,https://www.ncrb.gov.in/uploads/nationalcrimerecordsbureau/post/1680931066027City-wiseRank-wisePolicePersonnelInjuredonDutyduring2020.xlsx
2020,Mega City,City-wise Weapon Type-wise Seizure of Arms during 2020,https://www.ncrb.gov.in/uploads/nationalcrimerecordsbureau/post/1679737593028.xlsx
2020,Mega City,City-wise Weapon Type-wise Seizure of Ammunition during 2020,https://www.ncrb.gov.in/uploads/2022/July/11/custom/crime-in-india/029-City-wise-WeaponType-wise-Seizure-of-Ammunition-during-2020.xlsx
2020,Mega City,City-wise Complaints against Police Personnel during 2020,https://www.ncrb.gov.in/uploads/2022/July/11/custom/crime-in-india/030-City-wise-Complaints-against-Police-Personnel-during-2020.xlsx
2020,Mega City,City-wise Persons Arrested under Cyber Crimes during 2020,https://www.ncrb.gov.in/uploads/2022/July/11/custom/crime-in-india/031-City-wise-Persons-Arrested-under-Cyber-Crimes-during-2020.xlsx
2019,Chapter - 1B -- Summary (34 Metropolitan Cities),IPC Crimes (City-wise) - 2017-2019,https://www.ncrb.gov.in/uploads/2022/July/11/custom/crime-in-india/Table1B.1_4.pdf
2019,Chapter - 1B -- Summary (34 Metropolitan Cities),SLL Crimes (City-wise) - 2017-2019,https://www.ncrb.gov.in/uploads/2022/July/11/custom/crime-in-india/Table1B.2_4.pdf
2019,Chapter - 1B -- Summary (34 Metropolitan Cities),IPC & SLL Crimes (City-wise) - 2017-2019,https://www.ncrb.gov.in/uploads/2022/July/11/custom/crime-in-india/Table1B.3_4.pdf
2019,Chapter - 1B -- Summary (34 Metropolitan Cities),IPC Crimes (Crime Head-wise & City-wise) - 2019,https://www.ncrb.gov.in/uploads/2022/July/11/custom/crime-in-india/Table1B.4_4.pdf
2019,Chapter - 1B -- Summary (34 Metropolitan Cities),SLL Crimes (Crime Head-wise & City-wise) - 2019,https://www.ncrb.gov.in/uploads/2022/July/11/custom/crime-in-india/Table1B.5_4.pdf
2019,Chapter - 2B -- Murder (34 Metropolitan Cities),Murder Cases (City-wise) – 2017-2019,https://www.ncrb.gov.in/uploads/2022/July/11/custom/crime-in-india/Table2B.1_4.pdf
2019,Chapter - 2B -- Murder (34 Metropolitan Cities),Motives of Murder – 2019,https://www.ncrb.gov.in/uploads/2022/July/11/custom/crime-in-india/Table2B.2_3.pdf
2019,Chapter - 2B -- Murder (34 Metropolitan Cities),Victims of Murder (Gender & Age Group-wise) – 2019,https://www.ncrb.gov.in/uploads/2022/July/11/custom/crime-in-india/Table2B.3_4.pdf
2019,Chapter - 2B -- Murder (34 Metropolitan Cities),Kidnapping & Abduction (City-wise) – 2017-2019,https://www.ncrb.gov.in/uploads/2022/July/11/custom/crime-in-india/Table2D.1_4.pdf
2019,Chapter - 2B -- Murder (34 Metropolitan Cities),Purpose of Kidnapping & Abduction – 2019,https://www.ncrb.gov.in/uploads/2022/July/11/custom/crime-in-india/Table2D.2_4.pdf
2019,Chapter - 2B -- Murder (34 Metropolitan Cities),Purpose of Kidnapping & Abduction (Alive Victims) – 2019,https://www.ncrb.gov.in/uploads/2022/July/11/custom/crime-in-india/Table2D.3_4.pdf
2019,Chapter - 2B -- Murder (34 Metropolitan Cities),Recovery of Kidnapped & Abducted Persons (City-wise) – 2019,https://www.ncrb.gov.in/uploads/2022/July/11/custom/crime-in-india/Table2D.4_4.pdf
2019,Chapter - 2B -- Murder (34 Metropolitan Cities),Recovery of Kidnapped & Abducted Persons (Gender & Age Group-wise) – 2019,https://www.ncrb.gov.in/uploads/2022/July/11/custom/crime-in-india/Tabl 2D.5_4.pdf
2019,Chapter - 3B -- Crime Against Women (34 Metropolitan Cities),Crime Against Women (City-wise) - 2017-2019,https://www.ncrb.gov.in/uploads/2022/July/11/custom/crime-in-india/Table-3B.1_4.pdf
2019,Chapter - 3B -- Crime Against Women (34 Metropolitan Cities),Crime Against Women (Crime Head-wise & City-wise) - 2019,https://www.ncrb.gov.in/uploads/nationalcrimerecordsbureau/post/1679738674Table3B24.pdf
2019,Chapter - 3B -- Crime Against Women (34 Metropolitan Cities),Police Disposal of Crime Against Women Cases (Crime Head-wise)- 2019,https://www.ncrb.gov.in/uploads/2022/July/11/custom/crime-in-india/Table-3B.3_4.pdf
2019,Chapter - 3B -- Crime Against Women (34 Metropolitan Cities),Police Disposal of Crime Against Women Cases (City-wise)-2019,https://www.ncrb.gov.in/uploads/2022/July/11/custom/crime-in-india/Table-3B.4_4.pdf
2019,Chapter - 3B -- Crime Against Women (34 Metropolitan Cities),Court Disposal of Crime Against Women Cases (Crime Head-wise)- 2019,https://www.ncrb.gov.in/uploads/2022/July/11/custom/crime-in-india/Table-3B.5_5.pdf
2019,Chapter - 3B -- Crime Against Women (34 Metropolitan Cities),Court Disposal of Crime Against Women Cases (City-wise)-2019,https://www.ncrb.gov.in/uploads/2022/July/11/custom/crime-in-india/Table-3B.6_5.pdf
2019,Chapter - 3B -- Crime Against Women (34 Metropolitan Cities),Disposal of Persons Arrested for Crime Against Women (Crime Head-wise) - 2019,https://www.ncrb.gov.in/uploads/2022/July/11/custom/crime-in-india/Table-3B.7_5.pdf
2019,Chapter - 3B -- Crime Against Women (34 Metropolitan Cities),Disposal of Persons Arrested for Crime Against Women (City-wise) - 2019,https://www.ncrb.gov.in/uploads/nationalcrimerecordsbureau/post/1679738709Table3B85.pdf
2019,Chapter - 4B -- Crime Against Children (34 Metropolitan Cities),Crime Against Children (City-wise) - 2017-2019,https://www.ncrb.gov.in/uploads/2022/July/11/custom/crime-in-india/Table-4B.1_4.pdf
2019,Chapter - 4B -- Crime Against Children (34 Metropolitan Cities),Crime Against Children (Crime Head-wise & City-wise) - 2019,https://www.ncrb.gov.in/uploads/2022/July/11/custom/crime-in-india/Table-4B.2_4.pdf
2019,Chapter - 4B -- Crime Against Children (34 Metropolitan Cities),Police Disposal of Crime Against Children Cases (Crime Head-wise) - 2019,https://www.ncrb.gov.in/uploads/2022/July/11/custom/crime-in-india/Table-4B.3_4.pdf
2019,Chapter - 4B -- Crime Against Children (34 Metropolitan Cities),Police Disposal of Crime Against Children Cases (City-wise)- 2019,https://www.ncrb.gov.in/uploads/2022/July/11/custom/crime-in-india/Table-4B.4_4.pdf
2019,Chapter - 4B -- Crime Against Children (34 Metropolitan Cities),Court Disposal of Crime Against Children Cases (Crime Head-wise)- 2019,https://www.ncrb.gov.in/uploads/2022/July/11/custom/crime-in-india/Table-4B.5_3.pdf
2019,Chapter - 4B -- Crime Against Children (34 Metropolitan Cities),Court Disposal of Crime Against Children Cases (City-wise)- 2019,https://www.ncrb.gov.in/uploads/2022/July/11/custom/crime-in-india/Table-4B.6_3.pdf
2019,Chapter - 4B -- Crime Against Children (34 Metropolitan Cities),Disposal of Persons Arrested for Crime Against Children (Crime Head-wise) - 2019,https://www.ncrb.gov.in/uploads/2022/July/11/custom/crime-in-india/Table-4B.7_3.pdf
2019,Chapter - 4B -- Crime Against Children (34 Metropolitan Cities),Disposal of Persons Arrested for Crime Against Children (City-wise) - 2019,https://www.ncrb.gov.in/uploads/2022/July/11/custom/crime-in-india/Table-4B.8_3.pdf
2019,Chapter - 5B -- Juveniles In Conflict With Law (34 Metropolitan Cities),Crime Committed by Juveniles (City-wise) -- 2017-2019,https://www.ncrb.gov.in/uploads/2022/July/11/custom/crime-in-india/Table 5B.1_4.pdf
2019,Chapter - 5B -- Juveniles In Conflict With Law (34 Metropolitan Cities),IPC Crimes committed by Juveniles (City-wise) – 2019,https://www.ncrb.gov.in/uploads/2022/July/11/custom/crime-in-india/Table5B.2_4.pdf
2019,Chapter - 5B -- Juveniles In Conflict With Law (34 Metropolitan Cities),SLL Crimes committed by Juveniles (City-wise) – 2019,https://www.ncrb.gov.in/uploads/2022/July/11/custom/crime-in-india/Table5B.3_4.pdf
2019,Chapter - 5B -- Juveniles In Conflict With Law (34 Metropolitan Cities),"Juveniles Apprehended (Crime Head, Age Groups & Gender-wise) – 2019",https://www.ncrb.gov.in/uploads/2022/July/11/custom/crime-in-india/Table5B.4_4.pdf
2019,Chapter - 5B -- Juveniles In Conflict With Law (34 Metropolitan Cities),Disposal of Juveniles Arrested (City-wise) – 2019,https://www.ncrb.gov.in/uploads/2022/July/11/custom/crime-in-india/Table5B.5_4.pdf
2019,Chapter - 5B -- Juveniles In Conflict With Law (34 Metropolitan Cities),Education & Family Background of Juveniles Arrested – 2019,https://www.ncrb.gov.in/uploads/2022/July/11/custom/crime-in-india/Table5B.6_4.pdf
2019,Chapter - 6B -- Crime Against Senior Citizen (34 Metropolitan Cities),Court Disposal of Crime Against Senior Citizen (City-wise) -- 2019,https://www.ncrb.gov.in/uploads/2022/July/11/custom/crime-in-india/Table6B.6_4.pdf
2019,Chapter - 6B -- Crime Against Senior Citizen (34 Metropolitan Cities),Disposal of Persons for Crime Against Senior Citizen (City-wise) -- 2019,https://www.ncrb.gov.in/uploads/2022/July/11/custom/crime-in-india/Table6B.7_4.pdf
2019,Chapter - 6B -- Crime Against Senior Citizen (34 Metropolitan Cities),Disposal of Persons for Crime Against Senior Citizen (Crime Head-wise) -- 2019,https://www.ncrb.gov.in/uploads/2022/July/11/custom/crime-in-india/Table6B.8_4.pdf
2019,Chapter - 6B -- Crime Against Senior Citizen (34 Metropolitan Cities),Crime Against Senior Citizens (City-wise) -- 2017-2019,https://www.ncrb.gov.in/uploads/2022/July/11/custom/crime-in-india/Table6B.1_4.pdf
2019,Chapter - 6B -- Crime Against Senior Citizen (34 Metropolitan Cities),Crime Against Senior Citizens (Crime Head-wise & City-wise) -- 2019,https://www.ncrb.gov.in/uploads/2022/July/11/custom/crime-in-india/Table6B.2_4.pdf
2019,Chapter - 6B -- Crime Against Senior Citizen (34 Metropolitan Cities),Police Disposal of Crime Against Senior Citizen Cases (City-wise) -- 2019,https://www.ncrb.gov.in/uploads/2022/July/11/custom/crime-in-india/Table6B.3_4.pdf
2019,Chapter - 6B -- Crime Against Senior Citizen (34 Metropolitan Cities),Police Disposal of Crime Against Senior Citizen Cases (Crime Head-wise) -- 2019,https://www.ncrb.gov.in/uploads/2022/July/11/custom/crime-in-india/Table6B.4_4.pdf
2019,Chapter - 6B -- Crime Against Senior Citizen (34 Metropolitan Cities),Court Disposal of Crime Against Senior Citizen Cases (Crime Head-wise) -- 2019,https://www.ncrb.gov.in/uploads/2022/July/11/custom/crime-in-india/Table6B.5_4.pdf
2019,Chapter - 7B -- Crime against Scheduled Castes,Crime/Atrocities against Scheduled Castes (City-wise) – 2017-2019,https://www.ncrb.gov.in/uploads/2022/July/11/custom/crime-in-india/Table7B.1_3.pdf
2019,Chapter - 7B -- Crime against Scheduled Castes,Crime/Atrocities against Scheduled Castes (Crime Head-wise & City-wise) – 2019,https://www.ncrb.gov.in/uploads/2022/July/11/custom/crime-in-india/Table7B.2_4.pdf
2019,Chapter - 7B -- Crime against Scheduled Castes,Police Disposal of Crime/Atrocities against SCs Cases (Crime Head-wise) – 2019,https://www.ncrb.gov.in/uploads/2022/July/11/custom/crime-in-india/Table7B.3_4.pdf
2019,Chapter - 7B -- Crime against Scheduled Castes,Police Disposal of Crime/Atrocities against SCs Cases (City-wise) – 2019,https://www.ncrb.gov.in/uploads/2022/July/11/custom/crime-in-india/Table7B.4_4.pdf
2019,Chapter - 7B -- Crime against Scheduled Castes,Court Disposal of Crime/Atrocities against SCs Cases (Crime Head-wise) – 2019,https://www.ncrb.gov.in/uploads/2022/July/11/custom/crime-in-india/Table7B.5_4.pdf
2019,Chapter - 7B -- Crime against Scheduled Castes,Court Disposal of Crime/Atrocities against SCs Cases (City-wise) – 2019,https://www.ncrb.gov.in/uploads/2022/July/11/custom/crime-in-india/Table7B.6_4.pdf
2019,Chapter - 7B -- Crime against Scheduled Castes,Disposal of Persons Arrested for Crime/Atrocities against SCs (Crime Head-wise) – 2019,https://www.ncrb.gov.in/uploads/2022/July/11/custom/crime-in-india/Table7B.7_4.pdf
2019,Chapter - 7B -- Crime against Scheduled Castes,Disposal of Persons Arrested for Crime/Atrocities against SCs (City-wise) – 2019,https://www.ncrb.gov.in/uploads/2022/July/11/custom/crime-in-india/Table7B.8_4.pdf
2019,Chapter - 7D -- Crime against Scheduled Tribes,Crime/Atrocities against Scheduled Tribes (City-wise) – 2017-2019,https://www.ncrb.gov.in/uploads/2022/July/11/custom/crime-in-india/Table7D.1_4.pdf
2019,Chapter - 7D -- Crime against Scheduled Tribes,Crime/Atrocities against Scheduled Tribes (Crime Head-wise & City-wise) – 2019,https://www.ncrb.gov.in/uploads/2022/July/11/custom/crime-in-india/Table7D.2_4.pdf
2019,Chapter - 7D -- Crime against Scheduled Tribes,Police Disposal of Crime/Atrocities against STs Cases (Crime Head-wise) – 2019,https://www.ncrb.gov.in/uploads/2022/July/11/custom/crime-in-india/Table7D.3_4.pdf
2019,Chapter - 7D -- Crime against Scheduled Tribes,Police Disposal of Crime/Atrocities against STs Cases (City-wise) – 2019,https://www.ncrb.gov.in/uploads/2022/July/11/custom/crime-in-india/Table7D.4_4.pdf
2019,Chapter - 7D -- Crime against Scheduled Tribes,Court Disposal of Crime/Atrocities against STs Cases (Crime Head-wise) – 2019,https://www.ncrb.gov.in/uploads/2022/July/11/custom/crime-in-india/Table7D.5_4.pdf
2019,Chapter - 7D -- Crime against Scheduled Tribes,Court Disposal of Crime/Atrocities against STs Cases (City-wise) – 2019,https://www.ncrb.gov.in/uploads/2022/July/11/custom/crime-in-india/Table7D.6_3.pdf
2019,Chapter - 7D -- Crime against Scheduled Tribes,Disposal of Persons Arrested for Crime/Atrocities against STs (Crime Head-wise) – 2019,https://www.ncrb.gov.in/uploads/2022/July/11/custom/crime-in-india/Table7D.7_4.pdf
2019,Chapter - 7D -- Crime against Scheduled Tribes,Disposal of Persons Arrested for Crime/Atrocities against STs (City-wise) – 2019,https://www.ncrb.gov.in/uploads/2022/July/11/custom/crime-in-india/Table7D.8_4.pdf
2019,Chapter - 8B -- Economic Offences (34 Metropolitan Cities),Economic Offences (City-wise) – 2017-2019,https://www.ncrb.gov.in/uploads/2022/July/11/custom/crime-in-india/Table8B.1_4.pdf
2019,Chapter - 8B -- Economic Offences (34 Metropolitan Cities),Economic Crimes (City wise & Crime Head-wise) – 2019,https://www.ncrb.gov.in/uploads/2022/July/11/custom/crime-in-india/Table8B.2_4.pdf
2019,Chapter - 8B -- Economic Offences (34 Metropolitan Cities),Economic Offences - Loss of Property More than 1 Crore – 2019,https://www.ncrb.gov.in/uploads/2022/July/11/custom/crime-in-india/Table8B.3_4.pdf
2019,Chapter - 8B -- Economic Offences (34 Metropolitan Cities),Police Disposal of Economic Offences (City wise) – 2019,https://www.ncrb.gov.in/uploads/2022/July/11/custom/crime-in-india/Table8B.4_5.pdf
2019,Chapter - 8B -- Economic Offences (34 Metropolitan Cities),Police Disposal of Economic Offences (Crime Head-wise) – 2019,https://www.ncrb.gov.in/uploads/2022/July/11/custom/crime-in-india/Table8B.5_5.pdf
2019,Chapter - 8B -- Economic Offences (34 Metropolitan Cities),Court Disposal of Economic Offences (Crime Head-wise) – 2019,https://www.ncrb.gov.in/uploads/2022/July/11/custom/crime-in-india/Table8B.6_4.pdf
2019,Chapter - 8B -- Economic Offences (34 Metropolitan Cities),Court Disposal of Economic Offences (City wise) – 2019,https://www.ncrb.gov.in/uploads/2022/July/11/custom/crime-in-india/Table8B.7_5.pdf
2019,Chapter - 8B -- Economic Offences (34 Metropolitan Cities),Disposal of Persons Arrested under Economic Offences (Crime Head-wise) – 2019,https://www.ncrb.gov.in/uploads/2022/July/11/custom/crime-in-india/Table8B.8_5.pdf
2019,Chapter - 8B -- Economic Offences (34 Metropolitan Cities),Disposal of Persons Arrested under Economic Offences (City wise) – 2019,https://www.ncrb.gov.in/uploads/2022/July/11/custom/crime-in-india/Table8B.9_5.pdf
2019,Chapter - 9B -- Cyber Crime,Cyber Crime (City-wise) – 2017-2019,https://www.ncrb.gov.in/uploads/2022/July/11/custom/crime-in-india/Table9B.1_3.pdf
2019,Chapter - 9B -- Cyber Crime,Cyber Crimes (Crime Head-wise & City-wise) – 2019,https://www.ncrb.gov.in/uploads/2022/July/11/custom/crime-in-india/Table9B.2_4.pdf
2019,Chapter - 9B -- Cyber Crime,Cyber Crime Motives – 2019,https://www.ncrb.gov.in/uploads/2022/July/11/custom/crime-in-india/Table9B.3_4.pdf
2019,Chapter - 9B -- Cyber Crime,Police Disposal of Cyber Crime Cases (Crime Head-wise) – 2019,https://www.ncrb.gov.in/uploads/2022/July/11/custom/crime-in-india/Table9B.4_4.pdf
2019,Chapter - 9B -- Cyber Crime,Police Disposal of Cyber Crime Cases (City wise) – 2019,https://www.ncrb.gov.in/uploads/2022/July/11/custom/crime-in-india/Table9B.5_4.pdf
2019,Chapter - 9B -- Cyber Crime,Court Disposal of Cyber Crime Cases (Crime Head-wise) – 2019,https://www.ncrb.gov.in/uploads/2022/July/11/custom/crime-in-india/Table9B.6_4.pdf
2019,Chapter - 9B -- Cyber Crime,Court Disposal of Cyber Crime Cases (City wise) – 2019,https://www.ncrb.gov.in/uploads/2022/July/11/custom/crime-in-india/Table9B.7_4.pdf
2019,Chapter - 9B -- Cyber Crime,Disposal of Persons Arrested under Cyber Crime (Crime Head-wise) – 2019,https://www.ncrb.gov.in/uploads/2022/July/11/custom/crime-in-india/Table9B.8_4.pdf
2019,Chapter - 9B -- Cyber Crime,Disposal of Persons Arrested under Cyber Crime (City wise) – 2019,https://www.ncrb.gov.in/uploads/2022/July/11/custom/crime-in-india/Table9B.9_4.pdf
2019,Chapter - 17B -- Disposal Of Cases By Police (34 Metropolitan Cities),Police Disposal of IPC Crime Cases (Crime Head-wise) – 2019,https://www.ncrb.gov.in/uploads/2022/July/11/custom/crime-in-india/Table17B.1_4.pdf
2019,Chapter - 17B -- Disposal Of Cases By Police (34 Metropolitan Cities),Police Disposal of IPC Crime Cases (City-wise)– 2019,https://www.ncrb.gov.in/uploads/2022/July/11/custom/crime-in-india/Table17B.2_4.pdf
2019,Chapter - 17B -- Disposal Of Cases By Police (34 Metropolitan Cities),Police Disposal of SLL Crime Cases (Crime Head-wise)– 2019,https://www.ncrb.gov.in/uploads/2022/July/11/custom/crime-in-india/Table17B.3_5.pdf
2019,Chapter - 17B -- Disposal Of Cases By Police (34 Metropolitan Cities),Police Disposal of SLL Crime Cases (City-wise)– 2019,https://www.ncrb.gov.in/uploads/2022/July/11/custom/crime-in-india/Table17B.4_4.pdf
2019,Chapter - 18B -- Disposal Of Cases By Courts (34 Metropolitan Cities),Court Disposal of IPC Crime Cases (Crime Head-wise)– 2019,https://www.ncrb.gov.in/uploads/2022/July/11/custom/crime-in-india/Table18B.1_4.pdf
2019,Chapter - 18B -- Disposal Of Cases By Courts (34 Metropolitan Cities),Court Disposal of IPC Crime Cases (City-wise) – 2019,https://www.ncrb.gov.in/uploads/2022/July/11/custom/crime-in-india/Table18B.2_4.pdf
2019,Chapter - 18B -- Disposal Of Cases By Courts (34 Metropolitan Cities),Court Disposal of SLL Crime Cases (Crime Head-wise)– 2019,https://www.ncrb.gov.in/uploads/2022/July/11/custom/crime-in-india/Table18B.3_3.pdf
2019,Chapter - 18B -- Disposal Of Cases By Courts (34 Metropolitan Cities),Court Disposal of SLL Crime Cases (City-wise) – 2019,https://www.ncrb.gov.in/uploads/2022/July/11/custom/crime-in-india/Table18B.4_4.pdf
2019,"Chapter - 19B -- Arrests, Convictions & Acquittals Of Persons (34 Metropolitan Cities)",Arrests under IPC Crimes (Crime Head-wise) – 2019,https://www.ncrb.gov.in/uploads/2022/July/11/custom/crime-in-india/Table19B.1_4.pdf
2019,"Chapter - 19B -- Arrests, Convictions & Acquittals Of Persons (34 Metropolitan Cities)",Arrests under IPC Crimes (City-wise) – 2019,https://www.ncrb.gov.in/uploads/2022/July/11/custom/crime-in-india/Table19B.2_4.pdf
2019,"Chapter - 19B -- Arrests, Convictions & Acquittals Of Persons (34 Metropolitan Cities)",Arrests under SLL Crimes (Crime Head-wise) – 2019,https://www.ncrb.gov.in/uploads/2022/July/11/custom/crime-in-india/Table19B.3_4.pdf
2019,"Chapter - 19B -- Arrests, Convictions & Acquittals Of Persons (34 Metropolitan Cities)",Arrests under SLL Crimes (City-wise) – 2019,https://www.ncrb.gov.in/uploads/2022/July/11/custom/crime-in-india/Table19B.4_4.pdf
2019,"Chapter - 19B -- Arrests, Convictions & Acquittals Of Persons (34 Metropolitan Cities)",Disposal of Persons Arrested under IPC Crimes (Crime Head-wise) – 2019,https://www.ncrb.gov.in/uploads/2022/July/11/custom/crime-in-india/Table19B.5_4.pdf
2019,"Chapter - 19B -- Arrests, Convictions & Acquittals Of Persons (34 Metropolitan Cities)",Disposal of Persons Arrested under IPC Crimes (City-wise) – 2019,https://www.ncrb.gov.in/uploads/2022/July/11/custom/crime-in-india/Table19B.6_4.pdf
2019,"Chapter - 19B -- Arrests, Convictions & Acquittals Of Persons (34 Metropolitan Cities)",Disposal of Persons Arrested under SLL Crimes (Crime Head-wise) – 2019,https://www.ncrb.gov.in/uploads/2022/July/11/custom/crime-in-india/Table19B.7_4.pdf
2019,"Chapter - 19B -- Arrests, Convictions & Acquittals Of Persons (34 Metropolitan Cities)",Disposal of Persons Arrested under SLL Crimes (City-wise) – 2019,https://www.ncrb.gov.in/uploads/2022/July/11/custom/crime-in-india/Table19B.8_4.pdf
2019,"Chapter - 19B -- Arrests, Convictions & Acquittals Of Persons (34 Metropolitan Cities)",Disposal of Total Persons Arrested under All IPC+SLL Crimes (City-wise) – 2019,https://www.ncrb.gov.in/uploads/2022/July/11/custom/crime-in-india/Table19B.9_4.pdf
2019,District Wise Reports,District-wise IPC Crimes - 2019.xlsx,https://www.ncrb.gov.in/uploads/2022/July/11/custom/crime-in-india/1 District-wise-IPC-Crimes - 2019.xlsx
2019,District Wise Reports,District-wise SLL Crimes - 2019.xlsx,https://www.ncrb.gov.in/uploads/2022/July/11/custom/crime-in-india/2-District-wise-SLL-Crimes - 2019 (2).xlsx
2019,District Wise Reports,District-wise Crime against Women - 2019,https://www.ncrb.gov.in/uploads/2022/July/11/custom/crime-in-india/3-District-wise-Crime-against-Women - 2019.xlsx
2019,District Wise Reports,District-wise Crime against Children - 2019,https://www.ncrb.gov.in/uploads/2022/July/11/custom/crime-in-india/4-District-wise-Crime-against-Children - 2019.xlsx
2019,District Wise Reports,District-wise Crime against SCs - 2019,https://www.ncrb.gov.in/uploads/2022/July/11/custom/crime-in-india/5-District-wise-Crime-against-SCs - 2019.xlsx
2019,District Wise Reports,District-wise Crime against STs - 2019,https://www.ncrb.gov.in/uploads/2022/July/11/custom/crime-in-india/6-District-wise-Crime-against-STs - 2019.xlsx
2019,District Wise Reports,District-wise Cyber Crime - 2019,https://www.ncrb.gov.in/uploads/2022/July/11/custom/crime-in-india/7-District-wise-Cyber-Crime - 2019.xlsx
2019,District Wise Reports,District-wise IPC Crime by Juveniles_2019,https://www.ncrb.gov.in/uploads/2022/July/11/custom/crime-in-india/8-District-wise-IPC-Crime-by-Juveniles_2019.xlsx
2019,District Wise Reports,District-wise SLL Crime by Juveniles_2019,https://www.ncrb.gov.in/uploads/2022/July/11/custom/crime-in-india/9-District-wise-SLL-Crime-by-Juveniles_2019.xlsx
2019,District Wise Reports,District-wise Missing Persons_2019,https://www.ncrb.gov.in/uploads/2022/July/11/custom/crime-in-india/10-District-wise-Missing-Persons_2019.xlsx
2019,States/UTs,Crime head-wise Cases Registered 156_3 under Crime against STs during 2014-2019,https://www.ncrb.gov.in/uploads/nationalcrimerecordsbureau/custom/1679740865013Crimehead-wiseCasesRegistered1563underCrimeagainstSTsduring2014-2019.xlsx
2019,States/UTs,StateUT-wise Cases Registered 156_3 under Crimes against Children during 2014-2019,https://www.ncrb.gov.in/uploads/nationalcrimerecordsbureau/post/1679740583004StateUT-wiseCasesRegistered1563underCrimesagainstChildrenduring2014-2019.xlsx
2019,States/UTs,StateUT-wise Cases Registered 156_3 under Crimes against SCs during 2014-2019,https://www.ncrb.gov.in/uploads/nationalcrimerecordsbureau/post/1679740606005StateUT-wiseCasesRegistered1563underCrimesagainstSCsduring2014-2019.xlsx
2019,States/UTs,StateUT-wise Cases Registered 156_3 under Crimes against STs during 2014-2019,https://www.ncrb.gov.in/uploads/nationalcrimerecordsbureau/post/1679740632006StateUT-wiseCasesRegistered1563underCrimesagainstSTsduring2014-2019.xlsx
2019,States/UTs,StateUT-wise Cases Registered 156_3 under Crimes against Sr Citizen during 2014-2019,https://www.ncrb.gov.in/uploads/nationalcrimerecordsbureau/post/1679740660007StateUT-wiseCasesRegistered1563underCrimesagainstSrCitizenduring2014-2019.xlsx
2019,States/UTs,Crime head-wise Cases Registered 156_3 under IPC and SLL during 2014-2019,https://www.ncrb.gov.in/uploads/nationalcrimerecordsbureau/post/1679740687008Crimehead-wiseCasesRegistered1563underIPCandSLLduring2014-2019.xlsx
2019,States/UTs,Crime head-wise Cases Registered 156_3 under Crime against Women during 2014-2019,https://www.ncrb.gov.in/uploads/nationalcrimerecordsbureau/post/1679740716009Crimehead-wiseCasesRegistered1563underCrimeagainstWomenduring2014-2019.xlsx
2019,States/UTs,Crime head-wise Cases Registered 156_3 under Crime against Children during 2014-2019,https://www.ncrb.gov.in/uploads/nationalcrimerecordsbureau/post/1679740741010Crimehead-wiseCasesRegistered1563underCrimeagainstChildrenduring2014-2019.xlsx
2019,States/UTs,Crime head-wise Cases Registered 156_3 under Crime against SCs during 2014-2019,https://www.ncrb.gov.in/uploads/nationalcrimerecordsbureau/post/1679740768011Crimehead-wiseCasesRegistered1563underCrimeagainstSCsduring2014-2019.xlsx
2019,States/UTs,Crime head-wise Cases Registered 156_3 under Crime against STs during 2014-2019,https://www.ncrb.gov.in/uploads/nationalcrimerecordsbureau/post/1679740832012Crimehead-wiseCasesRegistered1563underCrimeagainstSTsduring2014-2019.xlsx
2019,States/UTs,Gender-wise details of Victims under IPC and SLL Crimes during 2014-2019,https://www.ncrb.gov.in/uploads/nationalcrimerecordsbureau/post/1679740906014Gender-wisedetailsofVictimsunderIPCandSLLCrimesduring2014-2019.xlsx
2019,States/UTs,Victims under Crimes against Women during 2014-2019,https://www.ncrb.gov.in/uploads/nationalcrimerecordsbureau/post/1679740940015VictimsunderCrimesagainstWomenduring2014-2019.xlsx
2019,States/UTs,Gender-wise Victims under Crimes against Children during 2014-2019,https://www.ncrb.gov.in/uploads/nationalcrimerecordsbureau/post/1679740463016Gender-wiseVictimsunderCrimesagasintChildrenduring2014-2019.xlsx
2019,States/UTs,Gender-wise Victims under Crimes against SCs during 2014-2019,https://www.ncrb.gov.in/uploads/nationalcrimerecordsbureau/post/1679740995017Gender-wiseVictimsunderCrimesagasintSCsduring2014-2019.xlsx
2019,States/UTs,Gender-wise Victims under Crimes against STs during 2014-2019,https://www.ncrb.gov.in/uploads/nationalcrimerecordsbureau/post/1679741019018Gender-wiseVictimsunderCrimesagasintSTsduring2014-2019.xlsx
2019,States/UTs,Gender-wise Victims under Crimes against Senior Citizen during 2014-2019,https://www.ncrb.gov.in/uploads/nationalcrimerecordsbureau/post/1679741044019Gender-wiseVictimsunderCrimesagasintSeniorCitizenduring2014-2019.xlsx
2019,States/UTs,Persons Disposal under IPC and SLL Crimes during 2017-2019,https://www.ncrb.gov.in/uploads/nationalcrimerecordsbureau/post/1679741071020PersonsDisposalunderIPCandSLLCrimesduring2017-2019.xlsx
2019,States/UTs,Persons Disposal under Crimes against Women during 2017-2019,https://www.ncrb.gov.in/uploads/nationalcrimerecordsbureau/post/1679741103021PersonsDisposalunderCrimesagainstWomenduring2017-2019.xlsx
2019,States/UTs,Persons Disposal under Crimes against Children during 2017-2019,https://www.ncrb.gov.in/uploads/nationalcrimerecordsbureau/post/1679741129022PersonsDisposalunderCrimesagainstChildrenduring2017-2019.xlsx
2019,States/UTs,Persons Disposal under Crimes against SCs during 2017-2019,https://www.ncrb.gov.in/uploads/nationalcrimerecordsbureau/post/1679741197023PersonsDisposalunderCrimesagainstSCsduring2017-2019.xlsx
2019,States/UTs,Persons Disposal under Crimes against STs during 2017-2019,https://www.ncrb.gov.in/uploads/nationalcrimerecordsbureau/post/1679741222024PersonsDisposalunderCrimesagainstSTsduring2017-2019.xlsx
2019,States/UTs,Persons Disposal under Crimes against Senior Citizen during 2017-2019,https://www.ncrb.gov.in/uploads/nationalcrimerecordsbureau/post/1679741247025PersonsDisposalunderCrimesagainstSeniorCitizenduring2017-2019.xlsx
2019,States/UTs,Persons Disposal under Crimes against Foreigners during 2017-2019,https://www.ncrb.gov.in/uploads/nationalcrimerecordsbureau/post/1679741276026PersonsDisposalunderCrimesagainstForeignersduring2017-2019.xlsx
2019,States/UTs,Persons Disposal under Crimes Committed by Foreigners during 2017-2019,https://www.ncrb.gov.in/uploads/nationalcrimerecordsbureau/post/1679741304027PersonsDisposalunderCrimesCommittedbyForeignersduring2017-2019.xlsx
2019,States/UTs,StateUT-wise Persons Disposal under IPC Crimes during 2017-2019,https://www.ncrb.gov.in/uploads/nationalcrimerecordsbureau/post/1679741328028StateUT-wisePersonsDisposalunderIPCCrimesduring2017-2019.xlsx
2019,States/UTs,StateUT-wise Persons Disposal under SLL Crimes during 2017-2019,https://www.ncrb.gov.in/uploads/nationalcrimerecordsbureau/post/1679740388029StateUT-wisePersonsDisposalunderSLLCrimesduring2017-2019.xlsx
2019,States/UTs,StateUT-wise Persons Disposal under Crimes against Women during 2017-2019,https://www.ncrb.gov.in/uploads/nationalcrimerecordsbureau/post/1679739433030StateUT-wisePersonsDisposalunderCrimesagainstWomenduring2017-2019.xlsx
2019,States/UTs,StateUT-wise Persons Disposal under Crimes against Children during 2017-2019,https://www.ncrb.gov.in/uploads/nationalcrimerecordsbureau/post/1679739936031StateUT-wisePersonsDisposalunderCrimesagainstChildrenduring2017-2019.xlsx
2019,States/UTs,StateUT-wise Persons Disposal under Crimes against SCs during 2017-2019,https://www.ncrb.gov.in/uploads/nationalcrimerecordsbureau/post/1679740063032StateUT-wisePersonsDisposalunderCrimesagainstSCsduring2017-2019.xlsx
2019,States/UTs,StateUT-wise Persons Disposal under Crimes against STs during 2017-2019,https://www.ncrb.gov.in/uploads/nationalcrimerecordsbureau/post/1679740092033StateUT-wisePersonsDisposalunderCrimesagainstSTsduring2017-2019.xlsx
2019,States/UTs,StateUT-wise Persons Disposal under Crimes against Senior Citizen during 2017-2019,https://www.ncrb.gov.in/uploads/nationalcrimerecordsbureau/post/1679740124034StateUT-wisePersonsDisposalunderCrimesagainstSeniorCitizenduring2017-2019.xlsx
2019,States/UTs,StateUT-wise Cases and Persons Disposal under Crimes against Foreigners during 2017-2019,https://www.ncrb.gov.in/uploads/nationalcrimerecordsbureau/post/1679740171035StateUT-wiseCasesandPersonsDisposalunderCrimesagainstForeignersduring2017-2019.xlsx
2019,States/UTs,StateUT-wise Cases and Persons Disposal under Crimes by Foreigners during 2017-2019,https://www.ncrb.gov.in/uploads/nationalcrimerecordsbureau/post/1679740198036StateUT-wiseCasesandPersonsDisposalunderCrimesbyForeignersduring2017-2019.xlsx
2019,States/UTs,StateUT-wise Foreign Victims under IPC & SLL during 2017-2019,https://www.ncrb.gov.in/uploads/nationalcrimerecordsbureau/post/1679740233037StateUT-wiseForeignVictimsunderIPCSLLduring2017-2019.xlsx
2019,States/UTs,StateUT-wise Foreigners Arrested under IPC & SLL during 2017-2019,https://www.ncrb.gov.in/uploads/nationalcrimerecordsbureau/post/1679740262038StateUT-wiseForeignersArrestedunderIPCSLLduring2017-2019.xlsx
2019,States/UTs,Section-wise Cases and Persons Disposal under Rape during 2017-2019,https://www.ncrb.gov.in/uploads/nationalcrimerecordsbureau/post/1679740299039Section-wiseCasesandPersonsDisposalunderRapeduring2017-2019.xlsx
2019,States/UTs,Cases and Persons Disposal under Crimes by Anti National Elements during 2017-2019,https://www.ncrb.gov.in/uploads/nationalcrimerecordsbureau/post/1679740329040CasesandPersonsDisposalunderCrimesbyAntiNationalElementsduring2017-2019.xlsx
2019,States/UTs,StateUT-wise Persons Disposal under Cyber Crimes during 2017-2019,https://www.ncrb.gov.in/uploads/nationalcrimerecordsbureau/post/1679740357041StateUT-wisePersonsDisposalunderCyberCrimesduring2017-2019.xlsx
2019,States/UTs,StateUT-wise Cases and Persons Disposal under Cyber Crimes against Women during 2017-2019,https://www.ncrb.gov.in/uploads/2022/July/11/custom/crime-in-india/042-StateUT-wise-Cases-and-Persons-Disposal-under-Cyber-Crimes-against-Women-during-2017-2019.xlsx
2019,States/UTs,StateUT-wise Cases and Persons Disposal under Cyber Crimes against Children during 2017-2019,https://www.ncrb.gov.in/uploads/nationalcrimerecordsbureau/post/1679739401043StateUT-wiseCasesandPersonsDisposalunderCyberCrimesagainstChildrenduring2017-2019.xlsx
2019,States/UTs,StateUT-wise Property Stolen and Recovered during 2017-2019,https://www.ncrb.gov.in/uploads/2022/July/11/custom/crime-in-india/044-StateUT-wise-Property-Stolen-and-Recovered-during-2017-2019.xlsx
2019,States/UTs,StateUT-wise Nature-wise Property Stolen and Recovered during 2017-2019,https://www.ncrb.gov.in/uploads/nationalcrimerecordsbureau/post/1679740422045StateUT-wiseNature-wisePropertyStolenandRecoveredduring2017-2019.xlsx
2019,States/UTs,StateUT-wise Place of Occurrence-wise Property Stolen and Recovered during 2017-2019,https://www.ncrb.gov.in/uploads/2022/July/11/custom/crime-in-india/046-StateUT-wise-Place-of-Occurance-wise-Property-Stolen-and-Recovered-during-2017-2019.xlsx
2019,States/UTs,StateUT-wise Seizures under NDPS Act during 2017-2019,https://www.ncrb.gov.in/uploads/files/046StateUT-wiseSeizuresunderNDPSActduring2017-20191.xlsx
2019,States/UTs,StateUT-wise Rank-wise Police Personnel Killed on Duty during 2017-2019,https://www.ncrb.gov.in/uploads/2022/July/11/custom/crime-in-india/048-StateUT-wise-Rank-wise-Police-Personnel-Killed-on-Duty-during-2017-2019.xlsx
2019,States/UTs,StateUT-wise Rank-wise Police Personnel Injured on Duty during 2017-2019,https://www.ncrb.gov.in/uploads/2022/July/11/custom/crime-in-india/049-StateUT-wise-Rank-wise-Police-Personnel-Injured-on-Duty-during-2017-2019.xlsx
2019,States/UTs,StateUT-wise Weapon Type-wise Seizure of Arms during 2017-2019,https://www.ncrb.gov.in/uploads/2022/July/11/custom/crime-in-india/050-StateUT-wise-Weapo-Type-wise-Seizure-of-Arms-during-2017-2019.xlsx
2019,States/UTs,StateUT-wise Weapon Type-wise Seizure of Ammunition during 2017-2019,https://www.ncrb.gov.in/uploads/2022/July/11/custom/crime-in-india/051-StateUT-wise-WeaponType-wise-Seizure-of-Ammunition-during-2017-2019.xlsx
2019,States/UTs,StateUT-wise Complaints against Police Personnel during 2017-2019,https://www.ncrb.gov.in/uploads/2022/July/11/custom/crime-in-india/052-StateUT-wise-Complaints-against-Police-Personnel-during-2017-2019.xlsx
2019,States/UTs,City-wise Persons Arrested under cyber Crimes 2014-2019,https://www.ncrb.gov.in/uploads/2022/July/11/custom/crime-in-india/31-City-wise-Persons-Arrested-under-cyber-Crimes-2014-2019.xlsx
2019,States/UTs,StateUT-wise Persons Arrested under cyber Crimes 2014-2019,https://www.ncrb.gov.in/uploads/2022/July/11/custom/crime-in-india/53-StateUT-wise-Persons-Arrested-under-cyber-Crimes-2014-2019.xlsx
2019,States/UTs,Crimehead-wise Persons Arrested under cyber Crimes 2014-2019,https://www.ncrb.gov.in/uploads/2022/July/11/custom/crime-in-india/54-Crimehead-wise-Persons-Arrested-under-cyber-Crimes-2014-2019.xlsx
2019,States/UTs,StateUT-wise Cases Registered 156_3 under IPC during 2014-2019,https://www.ncrb.gov.in/uploads/nationalcrimerecordsbureau/post/1679740970001StateUT-wiseCasesRegistered1563underIPCduring2014-2019.xlsx
2019,States/UTs,StateUT-wise Cases Registered 156_3 under SLL during 2014-2019,https://www.ncrb.gov.in/uploads/nationalcrimerecordsbureau/post/1679740497002StateUT-wiseCasesRegistered1563underSLLduring2014-2019.xlsx
2019,States/UTs,StateUT-wise Cases Registered 156_3 under Crimes against Women during 2014-2019,https://www.ncrb.gov.in/uploads/nationalcrimerecordsbureau/post/1679740555003StateUT-wiseCasesRegistered1563underCrimesagainstWomenduring2014-2019.xlsx
2019,Mega City,City-wise Cases Registered 156_3 under IPC during 2014-2019,https://www.ncrb.gov.in/uploads/2022/July/11/custom/crime-in-india/001-City-wise-Cases-Registered-156_3-under-IPC-during-2014-2019.xlsx
2019,Mega City,City-wise Cases Registered 156_3 under SLL during 2014-2019,https://www.ncrb.gov.in/uploads/2022/July/11/custom/crime-in-india/002-City-wise-Cases-Registered-156_3-under-SLL-during-2014-2019.xlsx
2019,Mega City,City-wise Cases Registered 156_3 under Crimes against Women during 2014-2019,https://www.ncrb.gov.in/uploads/nationalcrimerecordsbureau/post/1679738257003City-wiseCasesRegistered1563underCrimesagainstWomenduring2014-2019.xlsx
2019,Mega City,City-wise Cases Registered 156_3 under Crimes against Children during 2014-2019,https://www.ncrb.gov.in/uploads/2022/July/11/custom/crime-in-india/004-City-wise-Cases-Registered-156_3-under-Crimes-against-Children-during-2014-2019.xlsx
2019,Mega City,City-wise Cases Registered 156_3 under Crimes against SCs during 2014-2019,https://www.ncrb.gov.in/uploads/2022/July/11/custom/crime-in-india/005-City-wise-Cases-Registered-156_3-under-Crimes-against-SCs-during-2014-2019.xlsx
2019,Mega City,City-wise Cases Registered 156_3 under Crimes against STs during 2014-2019,https://www.ncrb.gov.in/uploads/2022/July/11/custom/crime-in-india/006-City-wise-Cases-Registered-156_3-under-Crimes-against-STs-during-2014-2019.xlsx
2019,Mega City,City-wise Cases Registered 156_3 under Crimes against Sr Citizen during 2014-2019,https://www.ncrb.gov.in/uploads/2022/July/11/custom/crime-in-india/007-City-wise-Cases-Registered-156_3-under-Crimes-against-Sr-Citizen-during-2014-2019.xlsx
2019,Mega City,City-wise Persons Disposal under IPC Crimes during 2017-2019,https://www.ncrb.gov.in/uploads/2022/July/11/custom/crime-in-india/008-City-wise-Persons-Disposal-under-IPC-Crimes-during-2017-2019.xlsx
2019,Mega City,City-wise Persons Disposal under SLL Crimes during 2017-2019,https://www.ncrb.gov.in/uploads/2022/July/11/custom/crime-in-india/009-City-wise-Persons-Disposal-under-SLL-Crimes-during-2017-2019.xlsx
2019,Mega City,City-wise Persons Disposal under Crimes against Women during 2017-2019,https://www.ncrb.gov.in/uploads/2022/July/11/custom/crime-in-india/010-City-wise-Persons-Disposal-under-Crimes-against-Women-during-2017-2019.xlsx
2019,Mega City,City-wise Persons Disposal under Crimes against Children during 2017-2019,https://www.ncrb.gov.in/uploads/2022/July/11/custom/crime-in-india/011-City-wise-Persons-Disposal-under-Crimes-against-Children-during-2017-2019.xlsx
2019,Mega City,City-wise Persons Disposal under Crimes against SCs during 2017-2019,https://www.ncrb.gov.in/uploads/2022/July/11/custom/crime-in-india/012-City-wise-Persons-Disposal-under-Crimes-against-SCs-during-2017-2019.xlsx
2019,Mega City,City-wise Persons Disposal under Crimes against STs during 2017-2019,https://www.ncrb.gov.in/uploads/2022/July/11/custom/crime-in-india/013-City-wise-Persons-Disposal-under-Crimes-against-STs-during-2017-2019.xlsx
2019,Mega City,City-wise Persons Disposal under Crimes against Senior Citizen during 2017-2019,https://www.ncrb.gov.in/uploads/2022/July/11/custom/crime-in-india/014-City-wise-Persons-Disposal-under-Crimes-against-Senior-Citizen-during-2017-2019.xlsx
2019,Mega City,City-wise Cases and Persons Disposal under Crimes against Foreigners during 2017-2019,https://www.ncrb.gov.in/uploads/2022/July/11/custom/crime-in-india/015-City-wise-Cases-and-Persons-Disposal-under-Crimes-against-Foreigners-during-2017-2019.xlsx
2019,Mega City,City-wise Cases and Persons Disposal under Crimes by Foreigners during 2017-2019,https://www.ncrb.gov.in/uploads/nationalcrimerecordsbureau/post/1679738165016City-wiseCasesandPersonsDisposalunderCrimesbyForeignersduring2017-2019.xlsx
2019,Mega City,City-wise Foreign Victims under IPC & SLL during 2017-2019,https://www.ncrb.gov.in/uploads/2022/July/11/custom/crime-in-india/017-City-wise-Foreign-Victims-under-IPC-&-SLL-during-2017-2019.xlsx
2019,Mega City,City-wise Foreigners Arrested under IPC & SLL during 2017-2019,https://www.ncrb.gov.in/uploads/2022/July/11/custom/crime-in-india/018-City-wise-Foreigners-Arrested-under-IPC-&- SLL-during-2017-2019.xlsx
2019,Mega City,City-wise Persons Disposal under Cyber Crimes during 2017-2019,https://www.ncrb.gov.in/uploads/nationalcrimerecordsbureau/post/1679738222019City-wisePersonsDisposalunderCyberCrimesduring2017-2019.xlsx
2019,Mega City,City-wise Persons Disposal under Cyber Crimes against Women during 2017-2019,https://www.ncrb.gov.in/uploads/2022/July/11/custom/crime-in-india/020-City-wise-Persons-Disposal-under-Cyber-Crimes-against-Women-during-2017-2019.xlsx
2019,Mega City,City-wise Persons Disposal under Cyber Crimes against Children during 2017-2019,https://www.ncrb.gov.in/uploads/2022/July/11/custom/crime-in-india/021-City-wise-Persons-Disposal-under-Cyber-Crimes-against-Children-during-2017-2019.xlsx
2019,Mega City,City-wise Property Stolen and Recovered during 2017-2019,https://www.ncrb.gov.in/uploads/2022/July/11/custom/crime-in-india/022-City-wise-Property-Stolen-and-Recovered-during-2017-2019.xlsx
2019,Mega City,City-wise Nature-wise Property Stolen and Recovered during 2017-2019,https://www.ncrb.gov.in/uploads/2022/July/11/custom/crime-in-india/023-City-wise-Nature-wise-Property-Stolen-and-Recovered-during-2017-2019.xlsx
2019,Mega City,City-wise Place of Occurrence-wise Property Stolen and Recovered during 2017-2019,https://www.ncrb.gov.in/uploads/2022/July/11/custom/crime-in-india/024-City-wise-Place-of-Occurance-wise-Property-Stolen-and-Recovered-during-2017-2019.xlsx
2019,Mega City,City-wise Seizures under NDPS Act during 2017-2019,https://www.ncrb.gov.in/uploads/2022/July/11/custom/crime-in-india/025-City-wise-Seizures-under-NDPS-Act-during-2017-2019.xlsx
2019,Mega City,City-wise Rank-wise Police Personnel Killed on Duty during 2017-2019,https://www.ncrb.gov.in/uploads/2022/July/11/custom/crime-in-india/026-City-wise-Rank-wise-Police-Personnel-Killed-on-Duty-during-2017-2019.xlsx
2019,Mega City,City-wise Rank-wise Police Personnel Injured on Duty during 2017-2019,https://www.ncrb.gov.in/uploads/2022/July/11/custom/crime-in-india/027-City-wise-Rank-wise-Police-Personnel-Injured-on-Duty-during-2017-2019.xlsx
2019,Mega City,City-wise Weapon Type-wise Seizure of Arms during 2017-2019,https://www.ncrb.gov.in/uploads/2022/July/11/custom/crime-in-india/028-City-wise-WeaponType-wise-Seizure-of-Arms-during-2017-2019.xlsx
2019,Mega City,City-wise Weapon Type-wise Seizure of Ammunition during 2017-2019,https://www.ncrb.gov.in/uploads/2022/July/11/custom/crime-in-india/029-City-wise-WeaponType-wise-Seizure-of-Ammunition-during-2017-2019.xlsx
2019,Mega City,City-wise Complaints against Police Personnel during 2017-2019,https://www.ncrb.gov.in/uploads/2022/July/11/custom/crime-in-india/030-City-wise-Complaints-against-Police-Personnel-during-2017-2019.xlsx
2019,Anti-Human Trafficking,Purpose wise-Begging - 2017-2019,https://www.ncrb.gov.in/uploads/nationalcrimerecordsbureau/post/1679738999Purposewise-Begging-2017-2019.pdf
2019,Anti-Human Trafficking,Purpose wise-Domestic Servitude - 2017-2019,https://www.ncrb.gov.in/uploads/nationalcrimerecordsbureau/post/16797390212-Purposewise-DomesticServitude-2017-2019.pdf
2019,Anti-Human Trafficking,Purpose wise-Forced Labour - 2017-2019,https://www.ncrb.gov.in/uploads/nationalcrimerecordsbureau/post/16797390403-Purposewise-ForcedLabour-2017-2019.pdf
2019,Anti-Human Trafficking,Purpose wise-Forced Marriage - 2017-2019,https://www.ncrb.gov.in/uploads/nationalcrimerecordsbureau/post/16797390594-Purposewise-ForcedMarriage-2017-2019.pdf
2019,Anti-Human Trafficking,Purpose wise-Other reasons - 2017-2019,https://www.ncrb.gov.in/uploads/nationalcrimerecordsbureau/post/16797390765-Purposewise-Otherreasons-2017-2019.pdf
2019,Anti-Human Trafficking,Purpose wise-Sexual Exploitation for Prostitution - 2017-2019,https://www.ncrb.gov.in/uploads/nationalcrimerecordsbureau/post/16797390956-Purposewise-SexualExploitationforProstitution-2017-2019.pdf
2019,Anti-Human Trafficking,Purpose wise-Total Persons - 2017-2019,https://www.ncrb.gov.in/uploads/nationalcrimerecordsbureau/post/16797391247-Purposewise-TotalPersons-2017-2019.pdf
2019,Anti-Human Trafficking,State-UT wise Cases under human trafficking During-2017,https://www.ncrb.gov.in/uploads/nationalcrimerecordsbureau/post/16797391448-State-UT-wiseCasesRegisteredunderHumanTraffickingduring2017.pdf
2019,Anti-Human Trafficking,State-UT wise Cases under human trafficking During-2018,https://www.ncrb.gov.in/uploads/nationalcrimerecordsbureau/post/16797391639-State-UT-wiseCasesRegisteredunderHumanTraffickingduring2018.pdf
2019,Anti-Human Trafficking,State-UT wise Cases under human trafficking During-2019,https://www.ncrb.gov.in/uploads/nationalcrimerecordsbureau/post/167973918210-State-UT-wiseCasesRegisteredunderHumanTraffickingduring2019.pdf
2019,Anti-Human Trafficking,State-UT-wise Rehabilation victims rescued During 2017-2019,https://www.ncrb.gov.in/uploads/nationalcrimerecordsbureau/post/167973922711-State-UTwisePeriodofimprisonment-2017-2019.pdf
2019,Anti-Human Trafficking,State-UT-wise Rehabilation victims rescued During 2017-2019,https://www.ncrb.gov.in/uploads/nationalcrimerecordsbureau/custom/167973927512-State-UT-wiseRehabilationvictimsrescuedDuring2017-2019.pdf
2018,Chapter - 2B -- Murder (34 Metropolitan Cities),Murder Cases (City-wise) – 2016-2018,https://www.ncrb.gov.in/uploads/2022/July/11/custom/crime-in-india/Table2B.1_6.pdf
2018,Chapter - 2B -- Murder (34 Metropolitan Cities),Motives of Murder – 2018,https://www.ncrb.gov.in/uploads/2022/July/11/custom/crime-in-india/Table2B.2_5.pdf
2018,Chapter - 2B -- Murder (34 Metropolitan Cities),Victims of Murder (Gender& Age Group-wise) – 2018,https://www.ncrb.gov.in/uploads/2022/July/11/custom/crime-in-india/Table2B.3_6.pdf
2018,Chapter - 2D -- Kidnapping & Abduction (34 Metropolitan Cities),Kidnapping &Abduction (City-wise) -- 2016-2018,https://www.ncrb.gov.in/uploads/2022/July/11/custom/crime-in-india/Table2D.1_6.pdf
2018,Chapter - 2D -- Kidnapping & Abduction (34 Metropolitan Cities),Purpose of Kidnapping & Abduction -- 2018,https://www.ncrb.gov.in/uploads/2022/July/11/custom/crime-in-india/Table2D.2_6.pdf
2018,Chapter - 2D -- Kidnapping & Abduction (34 Metropolitan Cities),Purpose of Kidnapping & Abduction (Alive Victims) -- 2018,https://www.ncrb.gov.in/uploads/2022/July/11/custom/crime-in-india/Table2D.3_6.pdf
2018,Chapter - 2D -- Kidnapping & Abduction (34 Metropolitan Cities),Recovery of Kidnapped & Abducted Persons (City-wise) -- 2018,https://www.ncrb.gov.in/uploads/2022/July/11/custom/crime-in-india/Table-2D.4_6.pdf
2018,Chapter - 2D -- Kidnapping & Abduction (34 Metropolitan Cities),Recovery of Kidnapped & Abducted Persons (Gender & Age Group-wise) -- 2018,https://www.ncrb.gov.in/uploads/2022/July/11/custom/crime-in-india/Table-2D.5_6.pdf
2018,Chapter - 3B -- Crime Against Women (34 Metropolitan Cities),Crime Against Women (City-wise) - 2016-2018,https://www.ncrb.gov.in/uploads/2022/July/11/custom/crime-in-india/Table-3B.1_6.pdf
2018,Chapter - 3B -- Crime Against Women (34 Metropolitan Cities),Crime Against Women (Crime Head-wise & City-wise) - 2018,https://www.ncrb.gov.in/uploads/2022/July/11/custom/crime-in-india/Table-3B.2_6.pdf
2018,Chapter - 3B -- Crime Against Women (34 Metropolitan Cities),Police Disposal of Crime Against Women Cases (Crime Head-wise)- 2018,https://www.ncrb.gov.in/uploads/2022/July/11/custom/crime-in-india/Table-3B.3_6.pdf
2018,Chapter - 3B -- Crime Against Women (34 Metropolitan Cities),Police Disposal of Crime Against Women Cases (City-wise)- 2018,https://www.ncrb.gov.in/uploads/2022/July/11/custom/crime-in-india/Table-3B.4_6.pdf
2018,Chapter - 3B -- Crime Against Women (34 Metropolitan Cities),Court Disposal of Crime Against Women Cases (Crime Head-wise)- 2018,https://www.ncrb.gov.in/uploads/2022/July/11/custom/crime-in-india/Table-3B.5_6.pdf
2018,Chapter - 3B -- Crime Against Women (34 Metropolitan Cities),Court Disposal of Crime Against Women Cases (City-wise)- 2018,https://www.ncrb.gov.in/uploads/2022/July/11/custom/crime-in-india/Table-3B.6_7.pdf
2018,Chapter - 3B -- Crime Against Women (34 Metropolitan Cities),Disposal of Persons Arrested for Crime Against Women (Crime Head-wise) - 2018,https://www.ncrb.gov.in/uploads/2022/July/11/custom/crime-in-india/Table-3B.7_7.pdf
2018,Chapter - 3B -- Crime Against Women (34 Metropolitan Cities),Disposal of Persons Arrested for Crime Against Women (City-wise) - 2018,https://www.ncrb.gov.in/uploads/2022/July/11/custom/crime-in-india/Table-3B.8_7.pdf
2018,Chapter - 4B -- Crime Against Children (34 Metropolitan Cities),Crime Against Children (City-wise) -- 2016-2018,https://www.ncrb.gov.in/uploads/2022/July/11/custom/crime-in-india/Table-4B.1_6.pdf
2018,Chapter - 4B -- Crime Against Children (34 Metropolitan Cities),Crime Against Children (Crime Head-wise & City-wise) -- 2018,https://www.ncrb.gov.in/uploads/2022/July/11/custom/crime-in-india/Table-4B.2_6.pdf
2018,Chapter - 4B -- Crime Against Children (34 Metropolitan Cities),Police Disposal of Crime Against Children Cases (Crime Head-wise) -- 2018,https://www.ncrb.gov.in/uploads/2022/July/11/custom/crime-in-india/Table-4B.3_6.pdf
2018,Chapter - 4B -- Crime Against Children (34 Metropolitan Cities),Police Disposal of Crime Against Children Cases (City-wise)-- 2018,https://www.ncrb.gov.in/uploads/2022/July/11/custom/crime-in-india/Table-4B.4_6.pdf
2018,Chapter - 4B -- Crime Against Children (34 Metropolitan Cities),Court Disposal of Crime Against Children Cases (Crime Head-wise)-- 2018,https://www.ncrb.gov.in/uploads/2022/July/11/custom/crime-in-india/Table-4B.5_5.pdf
2018,Chapter - 4B -- Crime Against Children (34 Metropolitan Cities),Court Disposal of Crime Against Children Cases (City-wise)-- 2018,https://www.ncrb.gov.in/uploads/2022/July/11/custom/crime-in-india/Table-4B.6_5.pdf
2018,Chapter - 4B -- Crime Against Children (34 Metropolitan Cities),Disposal of Persons Arrested for Crime Against Children (Crime Head-wise) -- 2018,https://www.ncrb.gov.in/uploads/2022/July/11/custom/crime-in-india/Table-4B.7_5.pdf
2018,Chapter - 4B -- Crime Against Children (34 Metropolitan Cities),Disposal of Persons Arrested for Crime Against Children (City-wise) -- 2018,https://www.ncrb.gov.in/uploads/2022/July/11/custom/crime-in-india/Table-4B.8_5.pdf
2018,Chapter - 5B -- Juveniles In Conflict With Law (34 Metropolitan Cities),Crime Committed by Juveniles (City-wise) – 2016-2018,https://www.ncrb.gov.in/uploads/2022/July/11/custom/crime-in-india/Table5B.1_7.pdf
2018,Chapter - 5B -- Juveniles In Conflict With Law (34 Metropolitan Cities),IPC Crimes committed by Juveniles (City-wise) – 2018,https://www.ncrb.gov.in/uploads/2022/July/11/custom/crime-in-india/Table5B.2_7.pdf
2018,Chapter - 5B -- Juveniles In Conflict With Law (34 Metropolitan Cities),SLL Crimes committed by Juveniles (City-wise) – 2018,https://www.ncrb.gov.in/uploads/2022/July/11/custom/crime-in-india/Table5B.3_7.pdf
2018,Chapter - 5B -- Juveniles In Conflict With Law (34 Metropolitan Cities),"Juveniles Apprehended (Crime Head, Age Groups & Gender-wise) – 2018",https://www.ncrb.gov.in/uploads/2022/July/11/custom/crime-in-india/Table5B.4_7.pdf
2018,Chapter - 5B -- Juveniles In Conflict With Law (34 Metropolitan Cities),Disposal of Juveniles Arrested (City-wise) – 2018,https://www.ncrb.gov.in/uploads/2022/July/11/custom/crime-in-india/Table5B.5_7.pdf
2018,Chapter - 5B -- Juveniles In Conflict With Law (34 Metropolitan Cities),Education &Family Background of Juveniles Arrested – 2018,https://www.ncrb.gov.in/uploads/2022/July/11/custom/crime-in-india/Table5B.6_7.pdf
2018,Chapter - 6B -- Crime Against Senior Citizen (34 Metropolitan Cities),Crime Against Senior Citizens (City-wise) -- 2016-2018,https://www.ncrb.gov.in/uploads/2022/July/11/custom/crime-in-india/Table6B.1_6.pdf
2018,Chapter - 6B -- Crime Against Senior Citizen (34 Metropolitan Cities),Crime Against Senior Citizens (Crime Head-wise & City-wise) -- 2018,https://www.ncrb.gov.in/uploads/2022/July/11/custom/crime-in-india/Table6B.2_6.pdf
2018,Chapter - 6B -- Crime Against Senior Citizen (34 Metropolitan Cities),Police Disposal of Crime Against Senior Citizen Cases (City-wise) -- 2018,https://www.ncrb.gov.in/uploads/2022/July/11/custom/crime-in-india/Table6B.3_6.pdf
2018,Chapter - 6B -- Crime Against Senior Citizen (34 Metropolitan Cities),Police Disposal of Crime Against Senior Citizen Cases (Crime Head-wise) -- 2018,https://www.ncrb.gov.in/uploads/2022/July/11/custom/crime-in-india/Table6B.4_6.pdf
2018,Chapter - 6B -- Crime Against Senior Citizen (34 Metropolitan Cities),Court Disposal of Crime Against Senior Citizen Cases (Crime Head-wise) -- 2018,https://www.ncrb.gov.in/uploads/2022/July/11/custom/crime-in-india/Table6B.5_6.pdf
2018,Chapter - 6B -- Crime Against Senior Citizen (34 Metropolitan Cities),Court Disposal of Crime Against Senior Citizen (City-wise) -- 2018,https://www.ncrb.gov.in/uploads/2022/July/11/custom/crime-in-india/Table6B.6_6.pdf
2018,Chapter - 6B -- Crime Against Senior Citizen (34 Metropolitan Cities),Disposal of Persons for Crime Against Senior Citizen (City-wise) -- 2018,https://www.ncrb.gov.in/uploads/2022/July/11/custom/crime-in-india/Table6B.7_6.pdf
2018,Chapter - 6B -- Crime Against Senior Citizen (34 Metropolitan Cities),Disposal of Persons for Crime Against Senior Citizen (Crime Head-wise) -- 2018,https://www.ncrb.gov.in/uploads/2022/July/11/custom/crime-in-india/Table6B.8_6.pdf
2018,Chapter - 7B -- Crime/atrocities Against Scheduled Castes (34 Metropolitan Cities),Crime/Atrocities against Scheduled Castes (City-wise) – 2016-2018,https://www.ncrb.gov.in/uploads/2022/July/11/custom/crime-in-india/Table7B.1_5.pdf
2018,Chapter - 7B -- Crime/atrocities Against Scheduled Castes (34 Metropolitan Cities),Crime/Atrocities against Scheduled Castes (Crime Head-wise & City-wise) – 2018,https://www.ncrb.gov.in/uploads/2022/July/11/custom/crime-in-india/Table7B.2_5.pdf
2018,Chapter - 7B -- Crime/atrocities Against Scheduled Castes (34 Metropolitan Cities),Police Disposal of Crime/Atrocities against SCs Cases (Crime Head-wise) – 2018,https://www.ncrb.gov.in/uploads/2022/July/11/custom/crime-in-india/Table7B.3_5.pdf
2018,Chapter - 7B -- Crime/atrocities Against Scheduled Castes (34 Metropolitan Cities),Police Disposal of Crime/Atrocities against SCs Cases (City-wise) – 2018,https://www.ncrb.gov.in/uploads/2022/July/11/custom/crime-in-india/Table7B.4_5.pdf
2018,Chapter - 7B -- Crime/atrocities Against Scheduled Castes (34 Metropolitan Cities),Court Disposal of Crime/Atrocities against SCs Cases (Crime Head-wise) – 2018,https://www.ncrb.gov.in/uploads/2022/July/11/custom/crime-in-india/Table7B.5_5.pdf
2018,Chapter - 7B -- Crime/atrocities Against Scheduled Castes (34 Metropolitan Cities),Court Disposal of Crime/Atrocities against SCs Cases (City-wise) – 2018,https://www.ncrb.gov.in/uploads/2022/July/11/custom/crime-in-india/Table7B.6_5.pdf
2018,Chapter - 7B -- Crime/atrocities Against Scheduled Castes (34 Metropolitan Cities),Disposal of Persons Arrested for Crime/Atrocities against SCs (Crime Head-wise) – 2018,https://www.ncrb.gov.in/uploads/2022/July/11/custom/crime-in-india/Table7B.7_5.pdf
2018,Chapter - 7B -- Crime/atrocities Against Scheduled Castes (34 Metropolitan Cities),Disposal of Persons Arrested for Crime/Atrocities against SCs (City-wise) – 2018,https://www.ncrb.gov.in/uploads/2022/July/11/custom/crime-in-india/Table7B.8_5.pdf
2018,Chapter - 7D -- Crime/atrocities Against Scheduled Tribes (34 Metropolitan Cities),Crime/Atrocities against Scheduled Tribes (City-wise) – 2018-2018,https://www.ncrb.gov.in/uploads/2022/July/11/custom/crime-in-india/Table7D.1_5.pdf
2018,Chapter - 7D -- Crime/atrocities Against Scheduled Tribes (34 Metropolitan Cities),Crime/Atrocities against Scheduled Tribes (Crime Head-wise & City-wise) – 2018,https://www.ncrb.gov.in/uploads/2022/July/11/custom/crime-in-india/Table7D.2_5.pdf
2018,Chapter - 7D -- Crime/atrocities Against Scheduled Tribes (34 Metropolitan Cities),Police Disposal of Crime/Atrocities against STs Cases (Crime Head-wise) – 2018,https://www.ncrb.gov.in/uploads/2022/July/11/custom/crime-in-india/Table7D.3_5.pdf
2018,Chapter - 7D -- Crime/atrocities Against Scheduled Tribes (34 Metropolitan Cities),Police Disposal of Crime/Atrocities against STs Cases (City-wise) – 2018,https://www.ncrb.gov.in/uploads/2022/July/11/custom/crime-in-india/Table7D.4_5.pdf
2018,Chapter - 7D -- Crime/atrocities Against Scheduled Tribes (34 Metropolitan Cities),Court Disposal of Crime/Atrocities against STs Cases (Crime Head-wise) – 2018,https://www.ncrb.gov.in/uploads/2022/July/11/custom/crime-in-india/Table7D.5_5.pdf
2018,Chapter - 7D -- Crime/atrocities Against Scheduled Tribes (34 Metropolitan Cities),Court Disposal of Crime/Atrocities against STs Cases (City-wise) – 2018,https://www.ncrb.gov.in/uploads/2022/July/11/custom/crime-in-india/Table7D.6_4.pdf
2018,Chapter - 7D -- Crime/atrocities Against Scheduled Tribes (34 Metropolitan Cities),Disposal of Persons Arrested for Crime/Atrocities against STs (Crime Head-wise) – 2018,https://www.ncrb.gov.in/uploads/2022/July/11/custom/crime-in-india/Table7D.7_5.pdf
2018,Chapter - 7D -- Crime/atrocities Against Scheduled Tribes (34 Metropolitan Cities),Disposal of Persons Arrested for Crime/Atrocities against STs (City-wise) – 2018,https://www.ncrb.gov.in/uploads/2022/July/11/custom/crime-in-india/Table7D.8_5.pdf
2018,Chapter - 8B -- Economic Offences (34 Metropolitan Cities),Economic Offences (City-wise) – 2016-2018,https://www.ncrb.gov.in/uploads/2022/July/11/custom/crime-in-india/Table8B.1_5.pdf
2018,Chapter - 8B -- Economic Offences (34 Metropolitan Cities),Economic Crimes (City wise & Crime Head-wise) – 2018,https://www.ncrb.gov.in/uploads/2022/July/11/custom/crime-in-india/Table8B.2_5.pdf
2018,Chapter - 8B -- Economic Offences (34 Metropolitan Cities),Economic Offences - Loss of Property More than 1 Crore – 2018,https://www.ncrb.gov.in/uploads/2022/July/11/custom/crime-in-india/Table8B.3_5.pdf
2018,Chapter - 8B -- Economic Offences (34 Metropolitan Cities),Police Disposal of Economic Offences(City wise) – 2018,https://www.ncrb.gov.in/uploads/2022/July/11/custom/crime-in-india/Table8B.4_6.pdf
2018,Chapter - 8B -- Economic Offences (34 Metropolitan Cities),Police Disposal of Economic Offences(Crime Head-wise) – 2018,https://www.ncrb.gov.in/uploads/2022/July/11/custom/crime-in-india/Table8B.5_6.pdf
2018,Chapter - 8B -- Economic Offences (34 Metropolitan Cities),Court Disposal of Economic Offences(Crime Head-wise) – 2018,https://www.ncrb.gov.in/uploads/2022/July/11/custom/crime-in-india/Table8B.6_5.pdf
2018,Chapter - 8B -- Economic Offences (34 Metropolitan Cities),Court Disposal of Economic Offences(City wise) – 2018,https://www.ncrb.gov.in/uploads/2022/July/11/custom/crime-in-india/Table8B.7_6.pdf
2018,Chapter - 8B -- Economic Offences (34 Metropolitan Cities),Disposal of Persons Arrested under Economic Offences (Crime Head-wise) – 2018,https://www.ncrb.gov.in/uploads/2022/July/11/custom/crime-in-india/Table8B.8_6.pdf
2018,Chapter - 8B -- Economic Offences (34 Metropolitan Cities),Disposal of Persons Arrested under Economic Offences (City wise) – 2018,https://www.ncrb.gov.in/uploads/2022/July/11/custom/crime-in-india/TABLE8B.9.xlsx
2018,Chapter - 9B -- Cyber Crimes (34 Metropolitan Cities),Cyber Crime (City-wise) -- 2016-2018,https://www.ncrb.gov.in/uploads/2022/July/11/custom/crime-in-india/Table9B.1_5.pdf
2018,Chapter - 9B -- Cyber Crimes (34 Metropolitan Cities),Cyber Crimes(Crime Head-wise & City-wise) -- 2018,https://www.ncrb.gov.in/uploads/2022/July/11/custom/crime-in-india/Table9B.2_5.pdf
2018,Chapter - 9B -- Cyber Crimes (34 Metropolitan Cities),Cyber Crime Motives -- 2018,https://www.ncrb.gov.in/uploads/2022/July/11/custom/crime-in-india/Table9B.3_5.pdf
2018,Chapter - 9B -- Cyber Crimes (34 Metropolitan Cities),Police Disposal of Cyber Crime Cases (Crime Head-wise) -- 2018,https://www.ncrb.gov.in/uploads/2022/July/11/custom/crime-in-india/Table9B.4_5.pdf
2018,Chapter - 9B -- Cyber Crimes (34 Metropolitan Cities),Police Disposal of Cyber Crime Cases (City wise) -- 2018,https://www.ncrb.gov.in/uploads/2022/July/11/custom/crime-in-india/Table9B.5_5.pdf
2018,Chapter - 9B -- Cyber Crimes (34 Metropolitan Cities),Court Disposal of Cyber Crime Cases (Crime Head-wise) -- 2018,https://www.ncrb.gov.in/uploads/2022/July/11/custom/crime-in-india/Table9B.6_5.pdf
2018,Chapter - 9B -- Cyber Crimes (34 Metropolitan Cities),Court Disposal of Cyber Crime Cases (City wise) -- 2018,https://www.ncrb.gov.in/uploads/2022/July/11/custom/crime-in-india/Table9B.7_5.pdf
2018,Chapter - 9B -- Cyber Crimes (34 Metropolitan Cities),Disposal of Persons Arrested under Cyber Crime (Crime Head-wise) -- 2018,https://www.ncrb.gov.in/uploads/2022/July/11/custom/crime-in-india/Table9B.8_5.pdf
2018,Chapter - 9B -- Cyber Crimes (34 Metropolitan Cities),Disposal of Persons Arrested under Cyber Crime (City wise) -- 2018,https://www.ncrb.gov.in/uploads/2022/July/11/custom/crime-in-india/Table9B.9_5.pdf
2018,Chapter - 17B -- Disposal Of Cases By Police (34 Metropolitan Cities),Police Disposal of IPC Crime Cases (Crime Head-wise) – 2018,https://www.ncrb.gov.in/uploads/2022/July/11/custom/crime-in-india/Table17B.1_5.pdf
2018,Chapter - 17B -- Disposal Of Cases By Police (34 Metropolitan Cities),Police Disposal of IPC Crime Cases (City-wise)– 2018,https://www.ncrb.gov.in/uploads/2022/July/11/custom/crime-in-india/Table17B.2_5.pdf
2018,Chapter - 17B -- Disposal Of Cases By Police (34 Metropolitan Cities),Police Disposal of SLL Crime Cases (Crime Head-wise)– 2018,https://www.ncrb.gov.in/uploads/2022/July/11/custom/crime-in-india/Table17B.3_6.pdf
2018,Chapter - 17B -- Disposal Of Cases By Police (34 Metropolitan Cities),Police Disposal of SLL Crime Cases (City-wise)– 2018,https://www.ncrb.gov.in/uploads/2022/July/11/custom/crime-in-india/Table17B.4_5.pdf
2018,Chapter - 18B -- Disposal Of Cases By Courts (34 Metropolitan Cities),Court Disposal of IPC Crime Cases (Crime Head-wise)– 2018,https://www.ncrb.gov.in/uploads/2022/July/11/custom/crime-in-india/Table18B.1-done.pdf
2018,Chapter - 18B -- Disposal Of Cases By Courts (34 Metropolitan Cities),Court Disposal of IPC Crime Cases (City-wise) – 2018,https://www.ncrb.gov.in/uploads/2022/July/11/custom/crime-in-india/Table18B.2-done.pdf
2018,Chapter - 18B -- Disposal Of Cases By Courts (34 Metropolitan Cities),Court Disposal of SLL Crime Cases (Crime Head-wise)– 2018,https://www.ncrb.gov.in/uploads/2022/July/11/custom/crime-in-india/Table18B.3-DONE.pdf
2018,Chapter - 18B -- Disposal Of Cases By Courts (34 Metropolitan Cities),Court Disposal of SLL Crime Cases (City-wise) – 2018,https://www.ncrb.gov.in/uploads/2022/July/11/custom/crime-in-india/Table18B.4-DONE.pdf
2018,"Chapter - 19B -- Arrests, Convictions & Acquittals Of Persons (34 Metropolitan Cities)",Arrests under IPC Crimes (Crime Head-wise) – 2018,https://www.ncrb.gov.in/uploads/2022/July/11/custom/crime-in-india/Table19B.1-DONE.pdf
2018,"Chapter - 19B -- Arrests, Convictions & Acquittals Of Persons (34 Metropolitan Cities)",Arrests under IPC Crimes (City-wise) – 2018,https://www.ncrb.gov.in/uploads/2022/July/11/custom/crime-in-india/Table19B.2-DONE.pdf
2018,"Chapter - 19B -- Arrests, Convictions & Acquittals Of Persons (34 Metropolitan Cities)",Arrests under SLL Crimes (Crime Head-wise) – 2018,https://www.ncrb.gov.in/uploads/2022/July/11/custom/crime-in-india/Table19B.3-DONE.pdf
2018,"Chapter - 19B -- Arrests, Convictions & Acquittals Of Persons (34 Metropolitan Cities)",Arrests under SLL Crimes (City-wise) – 2018,https://www.ncrb.gov.in/uploads/2022/July/11/custom/crime-in-india/Table19B.4-DONE.pdf
2018,"Chapter - 19B -- Arrests, Convictions & Acquittals Of Persons (34 Metropolitan Cities)",Disposal of Persons Arrested under IPC Crimes (Crime Head-wise) – 2018,https://www.ncrb.gov.in/uploads/2022/July/11/custom/crime-in-india/Table19B.5-DONE.pdf
2018,"Chapter - 19B -- Arrests, Convictions & Acquittals Of Persons (34 Metropolitan Cities)",Disposal of Persons Arrested under IPC Crimes (City-wise) – 2018,https://www.ncrb.gov.in/uploads/2022/July/11/custom/crime-in-india/Table19B.6-DONE.pdf
2018,"Chapter - 19B -- Arrests, Convictions & Acquittals Of Persons (34 Metropolitan Cities)",Disposal of Persons Arrested under SLL Crimes (Crime Head-wise) – 2018,https://www.ncrb.gov.in/uploads/2022/July/11/custom/crime-in-india/Table19B.7-DONE.pdf
2018,"Chapter - 19B -- Arrests, Convictions & Acquittals Of Persons (34 Metropolitan Cities)",Disposal of Persons Arrested under SLL Crimes (City-wise) – 2018,https://www.ncrb.gov.in/uploads/2022/July/11/custom/crime-in-india/Table19B.8-DONE.pdf
2018,"Chapter - 19B -- Arrests, Convictions & Acquittals Of Persons (34 Metropolitan Cities)",Disposal of Total Persons Arrested under All IPC+SLL Crimes (City-wise) – 2018,https://www.ncrb.gov.in/uploads/2022/July/11/custom/crime-in-india/Table19B.9-DONE.pdf
2018,District Wise Reports,District-wise Crime against Children - 2018,https://www.ncrb.gov.in/uploads/2022/July/11/custom/crime-in-india/4-District-wise Crime-against-Children - 2018.xlsx
2018,District Wise Reports,District-wise Crime against SCs - 2018,https://www.ncrb.gov.in/uploads/2022/July/11/custom/crime-in-india/5-District-wise-Crime-against-SCs - 2018.xlsx
2018,District Wise Reports,District-wise Crime against Women - 2018,https://www.ncrb.gov.in/uploads/2022/July/11/custom/crime-in-india/3-District-wise-Crime-against-Women - 2018.xlsx
2018,District Wise Reports,District-wise Crime against STs - 2018,https://www.ncrb.gov.in/uploads/2022/July/11/custom/crime-in-india/6-District-wise-Crime-against-STs - 2018.xlsx
2018,District Wise Reports,District-wise Cyber Crime - 2018,https://www.ncrb.gov.in/uploads/2022/July/11/custom/crime-in-india/7-District-wise-Cyber-Crime - 2018.xlsx
2018,District Wise Reports,District-wise IPC Crimes - 2018,https://www.ncrb.gov.in/uploads/2022/July/11/custom/crime-in-india/1 District-wise-IPC-Crimes - 2018.xlsx
2018,District Wise Reports,District-wise SLL Crimes - 2018,https://www.ncrb.gov.in/uploads/2022/July/11/custom/crime-in-india/2-District-wise-SLL-Crimes - 2018.xlsx
2018,District Wise Reports,District-wise IPC Crime by Jeveniles_2018,https://www.ncrb.gov.in/uploads/2022/July/11/custom/crime-in-india/8-District-wise-IPC-Crime-by-Jeveniles_2018.xlsx
2018,District Wise Reports,District-wise Missing Persons_2018,https://www.ncrb.gov.in/uploads/2022/July/11/custom/crime-in-india/10-District-wise-Missing-Persons_2018.xlsx
2018,District Wise Reports,District-wise SLL Crime by Jeveniles_2018,https://www.ncrb.gov.in/uploads/2022/July/11/custom/crime-in-india/9-District-wise-SLL-Crime-by-Jeveniles_2018.xlsx
2017,Chapter - 1B -- Summary (34 Metropolitan Cities),IPC Crimes (City-wise) - 2015-2017,https://www.ncrb.gov.in/uploads/2022/July/11/custom/crime-in-india/Table1B.1_6.pdf
2017,Chapter - 1B -- Summary (34 Metropolitan Cities),SLL Crimes (City-wise) - 2015-2017,https://www.ncrb.gov.in/uploads/2022/July/11/custom/crime-in-india/Table1B.2_6.pdf
2017,Chapter - 1B -- Summary (34 Metropolitan Cities),IPC & SLL Crimes (City-wise) - 2015-2017,https://www.ncrb.gov.in/uploads/2022/July/11/custom/crime-in-india/Table1B.3_5.pdf
2017,Chapter - 1B -- Summary (34 Metropolitan Cities),IPC Crimes (Crime Head-wise & City-wise) - 2017,https://www.ncrb.gov.in/uploads/2022/July/11/custom/crime-in-india/Table1B.4_5.pdf
2017,Chapter - 1B -- Summary (34 Metropolitan Cities),SLL Crimes (Crime Head-wise & City-wise) - 2017,https://www.ncrb.gov.in/uploads/2022/July/11/custom/crime-in-india/Table1B.5_5.pdf
2017,Chapter - 1B -- Summary (34 Metropolitan Cities),IPC Crimes in Metropolitan Cities - 2015-2017,https://www.ncrb.gov.in/uploads/2022/July/11/custom/crime-in-india/Table1B.1_7.pdf
2017,Chapter - 1B -- Summary (34 Metropolitan Cities),SLL Crimes in Metropolitan Cities - 2015-2017,https://www.ncrb.gov.in/uploads/2022/July/11/custom/crime-in-india/Table1B.2_7.pdf
2017,Chapter - 1B -- Summary (34 Metropolitan Cities),Total IPC & SLL Crimes in Metropolitan Cities - 2015-2017,https://www.ncrb.gov.in/uploads/2022/July/11/custom/crime-in-india/Table1B.3_6.pdf
2017,Chapter - 1B -- Summary (34 Metropolitan Cities),IPC Crimes (Crime Head-wise & City-wise) - 2017,https://www.ncrb.gov.in/uploads/nationalcrimerecordsbureau/custom/1679742132Table1B46.pdf
2017,Chapter - 1B -- Summary (34 Metropolitan Cities),SLL Crimes (Crime Head-wise & City-wise) - 2017,https://www.ncrb.gov.in/uploads/nationalcrimerecordsbureau/custom/1679742203Table1B56.pdf
2017,Chapter - 2B -- Murder (34 Metropolitan Cities),Murder Cases in Metropolitan Cities - 2015-2017,https://www.ncrb.gov.in/uploads/2022/July/11/custom/crime-in-india/Table2B.1_5.pdf
2017,Chapter - 2B -- Murder (34 Metropolitan Cities),Motives of Murder - 2017,https://www.ncrb.gov.in/uploads/2022/July/11/custom/crime-in-india/Table2B.2_4.pdf
2017,Chapter - 2B -- Murder (34 Metropolitan Cities),Victims of Murder (Age-Group & Gender-wise) in Metropolitan Cities - 2017,https://www.ncrb.gov.in/uploads/2022/July/11/custom/crime-in-india/Table-2B.3_5.pdf
2017,Chapter - 2D -- Kidnapping & Abduction (34 Metropolitan Cities),Kidnapping & Abduction (City-wise) -- 2015-2017,https://www.ncrb.gov.in/uploads/2022/July/11/custom/crime-in-india/Table-2D.1_5.pdf
2017,Chapter - 2D -- Kidnapping & Abduction (34 Metropolitan Cities),Child Victims of Kidnapping & Abduction (Metropolitan Cities)(Gender & Age Group-wise)- 2017,https://www.ncrb.gov.in/uploads/2022/July/11/custom/crime-in-india/Table-2D.2_5.pdf
2017,Chapter - 2D -- Kidnapping & Abduction (34 Metropolitan Cities),Purpose of Kidnapping & Abduction (Alive Victims) in Metropolitan Cities -- 2017,https://www.ncrb.gov.in/uploads/2022/July/11/custom/crime-in-india/Table-2D.3_5.pdf
2017,Chapter - 2D -- Kidnapping & Abduction (34 Metropolitan Cities),Recovery of Victims of Kidnapping & Abduction in Metropolitan Cities - 2017,https://www.ncrb.gov.in/uploads/2022/July/11/custom/crime-in-india/Table-2D.4_3.pdf
2017,Chapter - 2D -- Kidnapping & Abduction (34 Metropolitan Cities),Child Victims - Recovery of Kidnapped and Abducted Persons in Metropolitan Cities (Gender & Age Group-wise) -- 2017,https://www.ncrb.gov.in/uploads/2022/July/11/custom/crime-in-india/Table-2D.5_5.pdf
2017,Chapter - 3B -- Crime Against Women (34 Metropolitan Cities),Crime Against Women(IPC and SLL) (in Metropolitan Cities) - 2015-2017,https://www.ncrb.gov.in/uploads/2022/July/11/custom/crime-in-india/Table-3B.1_5.pdf
2017,Chapter - 3B -- Crime Against Women (34 Metropolitan Cities),IPC Crimes against Women (Crime Head-wise & City-wise) - 2017,https://www.ncrb.gov.in/uploads/2022/July/11/custom/crime-in-india/Table-3B.2_5.pdf
2017,Chapter - 3B -- Crime Against Women (34 Metropolitan Cities),Police Disposal of Crime against Women in Metropolitan Cities (Crime Head-wise) - 2017,https://www.ncrb.gov.in/uploads/2022/July/11/custom/crime-in-india/Table-3B.3_5.pdf
2017,Chapter - 3B -- Crime Against Women (34 Metropolitan Cities),Police Disposal of Crime against Women Cases in Metropolitan Cities - 2017,https://www.ncrb.gov.in/uploads/nationalcrimerecordsbureau/post/1679742790Table3B45.pdf
2017,Chapter - 3B -- Crime Against Women (34 Metropolitan Cities),Court Disposal of Crime against Women in Metropolitan Cities (Crimehead-wise) - 2017,https://www.ncrb.gov.in/uploads/2022/July/11/custom/crime-in-india/Table-3B.5..pdf
2017,Chapter - 3B -- Crime Against Women (34 Metropolitan Cities),Court Disposal of Crime against Women in Metropolitan Cities - 2017,https://www.ncrb.gov.in/uploads/2022/July/11/custom/crime-in-india/Table-3B.6_6.pdf
2017,Chapter - 3B -- Crime Against Women (34 Metropolitan Cities),Disposal of Persons Arrested for Crime against Women in Metropolitan Cities (Crime Head-wise) - 2017,https://www.ncrb.gov.in/uploads/2022/July/11/custom/crime-in-india/Table-3B.7_6.pdf
2017,Chapter - 3B -- Crime Against Women (34 Metropolitan Cities),Disposal of Persons Arrested for Crime against Women in Metropolitan Cities- 2017,https://www.ncrb.gov.in/uploads/nationalcrimerecordsbureau/post/1679742827Table3B86.pdf
2017,Chapter - 4B -- Crime Against Children (34 Metropolitan Cities),Crime Against Children (IPC and SLL) in Metropolitan Cities -- 2015-2017,https://www.ncrb.gov.in/uploads/2022/July/11/custom/crime-in-india/Table-4B.1_5.pdf
2017,Chapter - 4B -- Crime Against Children (34 Metropolitan Cities),IPC Crimes Against Children (Crime Head-wise & in Metropolitan Cities) - 2017,https://www.ncrb.gov.in/uploads/2022/July/11/custom/crime-in-india/Table-4B.2_5.pdf
2017,Chapter - 4B -- Crime Against Children (34 Metropolitan Cities),Police Disposal of Crime against Children (Crime Head-wise) in Metropolitan Cities - 2017,https://www.ncrb.gov.in/uploads/2022/July/11/custom/crime-in-india/Table-4B.3_5.pdf
2017,Chapter - 4B -- Crime Against Children (34 Metropolitan Cities),Police Disposal of Crime against Children in Metropolitan Cities - 2017,https://www.ncrb.gov.in/uploads/2022/July/11/custom/crime-in-india/Table-4B.4_5.pdf
2017,Chapter - 4B -- Crime Against Children (34 Metropolitan Cities),Court Disposal of Crime against Children in Metropolitan Cities (Crime Head-wise) - 2017,https://www.ncrb.gov.in/uploads/2022/July/11/custom/crime-in-india/Table-4B.5_4.pdf
2017,Chapter - 4B -- Crime Against Children (34 Metropolitan Cities),Court Disposal of Crime against Children in Metropolitan Cities - 2017,https://www.ncrb.gov.in/uploads/2022/July/11/custom/crime-in-india/Table-4B.6_4.pdf
2017,Chapter - 4B -- Crime Against Children (34 Metropolitan Cities),Arrested Persons Disposal of Crime against Children in Metropolitan Cities (Crimehead-wise) - 2017,https://www.ncrb.gov.in/uploads/2022/July/11/custom/crime-in-india/Table-4B.7_4.pdf
2017,Chapter - 4B -- Crime Against Children (34 Metropolitan Cities),Arrested Persons Disposal of Crime against Children in Metropolitan Cities - 2017,https://www.ncrb.gov.in/uploads/2022/July/11/custom/crime-in-india/Table-4B.8_4.pdf
2017,Chapter - 5B -- Juveniles In Conflict With Law (34 Metropolitan Cities),Crime Committed by Juveniles (IPC+SLL) in Metropolitan Cities – 2015-2017,https://www.ncrb.gov.in/uploads/2022/July/11/custom/crime-in-india/Table5B.1_6.pdf
2017,Chapter - 5B -- Juveniles In Conflict With Law (34 Metropolitan Cities),IPC Crimes - Juveniles in Conflict with Law in Metropolitan Cities - 2017,https://www.ncrb.gov.in/uploads/2022/July/11/custom/crime-in-india/Table5B.2_6.pdf
2017,Chapter - 5B -- Juveniles In Conflict With Law (34 Metropolitan Cities),SLL Crimes - Juveniles in Conflict with Law in Metropolitan Cities - 2017 (Continued),https://www.ncrb.gov.in/uploads/2022/July/11/custom/crime-in-india/Table5B.3_6.pdf
2017,Chapter - 5B -- Juveniles In Conflict With Law (34 Metropolitan Cities),"Juveniles Apprehended-IPC Crimes in Metropolitan Cities (Crime Head, Age / Gender-wise) - 2017",https://www.ncrb.gov.in/uploads/2022/July/11/custom/crime-in-india/Table5B.4_6.pdf
2017,Chapter - 5B -- Juveniles In Conflict With Law (34 Metropolitan Cities),Disposal of Juveniles Apprehended and Sent To Courts (IPC & SLL) (Metropolitan Cities) - 2017,https://www.ncrb.gov.in/uploads/2022/July/11/custom/crime-in-india/Table5B.5_6.pdf
2017,Chapter - 5B -- Juveniles In Conflict With Law (34 Metropolitan Cities),Education & Family Background of Juveniles Arrested - 2017,https://www.ncrb.gov.in/uploads/2022/July/11/custom/crime-in-india/Table5B.6_6.pdf
2017,Chapter - 6B -- Crime Against Senior Citizen (34 Metropolitan Cities),Crime Against Senior Citizens (IPC) in Metropolitan Cities – 2015-2017,https://www.ncrb.gov.in/uploads/2022/July/11/custom/crime-in-india/Table6B.1_5.pdf
2017,Chapter - 6B -- Crime Against Senior Citizen (34 Metropolitan Cities),Crime against Senior Citizen (IPC Crime Head-wise) in Metropolitan Cities - 2017,https://www.ncrb.gov.in/uploads/2022/July/11/custom/crime-in-india/Table6B.2_5.pdf
2017,Chapter - 6B -- Crime Against Senior Citizen (34 Metropolitan Cities),Police Disposal of Crime against Senior Citizen (Crimehead-wise) in Metropolitan Cities - 2017,https://www.ncrb.gov.in/uploads/2022/July/11/custom/crime-in-india/Table6B.3_5.pdf
2017,Chapter - 6B -- Crime Against Senior Citizen (34 Metropolitan Cities),Police Disposal of Crime against Senior Citizen in Metropolitan Cities - 2017,https://www.ncrb.gov.in/uploads/2022/July/11/custom/crime-in-india/Table6B.4_5.pdf
2017,Chapter - 6B -- Crime Against Senior Citizen (34 Metropolitan Cities),Court Disposal of Crime against Senior Citizen in Metropolitan Cities (Crimehead-wise) - 2017,https://www.ncrb.gov.in/uploads/2022/July/11/custom/crime-in-india/Table6B.5_5.pdf
2017,Chapter - 6B -- Crime Against Senior Citizen (34 Metropolitan Cities),Court Disposal of Crime against Senior Citizen in Metropolitan Cities - 2017,https://www.ncrb.gov.in/uploads/2022/July/11/custom/crime-in-india/Table6B.6_5.pdf
2017,Chapter - 6B -- Crime Against Senior Citizen (34 Metropolitan Cities),Disposal of Persons Arrested for Crime Against Senior Citizen in Metropolitan Cities (Crimehead-wise) - 2017,https://www.ncrb.gov.in/uploads/2022/July/11/custom/crime-in-india/Table6B.7_5.pdf
2017,Chapter - 6B -- Crime Against Senior Citizen (34 Metropolitan Cities),Disposal of Persons Arrested for Crime Against Senior Citizen in Metropolitan Cities (Crimehead-wise) - 2017,https://www.ncrb.gov.in/uploads/nationalcrimerecordsbureau/custom/1678976616Table6B85.pdf
2017,Chapter - 7B -- Crime/atrocities Against Scheduled Castes (34 Metropolitan Cities),Crime/Atrocities against Scheduled Castes (in Metropolitan Cities) – 2015-2017,https://www.ncrb.gov.in/uploads/2022/July/11/custom/crime-in-india/Table7B.1-done.pdf
2017,Chapter - 7B -- Crime/atrocities Against Scheduled Castes (34 Metropolitan Cities),Crime/Atrocities against Scheduled Caste(s) (Crime Head-wise & City-wise) - 2017,https://www.ncrb.gov.in/uploads/2022/July/11/custom/crime-in-india/Table7B.2-done.pdf
2017,Chapter - 7B -- Crime/atrocities Against Scheduled Castes (34 Metropolitan Cities),Police Disposal of Crime/Atrocities against Scheduled Caste(s) (Crime Head-wise) in Metropolitan Cities - 2017,https://www.ncrb.gov.in/uploads/2022/July/11/custom/crime-in-india/Table7B.3-done.pdf
2017,Chapter - 7B -- Crime/atrocities Against Scheduled Castes (34 Metropolitan Cities),Police Disposal of Crime/Atrocities against Scheduled Caste(s) in Metropolitan Cities - 2017,https://www.ncrb.gov.in/uploads/2022/July/11/custom/crime-in-india/Table7B.4-done.pdf
2017,Chapter - 7B -- Crime/atrocities Against Scheduled Castes (34 Metropolitan Cities),Court Disposal of Crime/Atrocities against Scheduled Caste(s) (Crimehead-wise) - 2017,https://www.ncrb.gov.in/uploads/2022/July/11/custom/crime-in-india/Table7B.5-done.pdf
2017,Chapter - 7B -- Crime/atrocities Against Scheduled Castes (34 Metropolitan Cities),Disposal of Persons Arrested for Crime/Atrocities against Scheduled Caste(s) (Crimehead-wise) in Metropolitan Cities - 2017,https://www.ncrb.gov.in/uploads/2022/July/11/custom/crime-in-india/Table7B.7-done.pdf
2017,Chapter - 7B -- Crime/atrocities Against Scheduled Castes (34 Metropolitan Cities),Disposal of Persons Arrested for Crime/Atrocities against Scheduled Caste(s) in Metropolitan Cities - 2018,https://www.ncrb.gov.in/uploads/2022/July/11/custom/crime-in-india/Table7B.8-done.pdf
2017,Chapter - 7B -- Crime/atrocities Against Scheduled Castes (34 Metropolitan Cities),Court Disposal of Crime/Atrocities against Scheduled Caste(s) in Metropolitan Cities - 2017,https://www.ncrb.gov.in/uploads/nationalcrimerecordsbureau/custom/1679742453Table7B6-done.pdf
2017,Chapter - 7D -- Crime/atrocities Against Scheduled Tribes (34 Metropolitan Cities),Crime/Atrocities against Scheduled Tribes (in Metropolitan Cities) – 2015-2017,https://www.ncrb.gov.in/uploads/2022/July/11/custom/crime-in-india/Table7D.1-done.pdf
2017,Chapter - 7D -- Crime/atrocities Against Scheduled Tribes (34 Metropolitan Cities),Crime/Atrocities against Scheduled Tribe(s) (Crime Head-wise & City-wise) - 2017,https://www.ncrb.gov.in/uploads/2022/July/11/custom/crime-in-india/Table7D.2-done.pdf
2017,Chapter - 7D -- Crime/atrocities Against Scheduled Tribes (34 Metropolitan Cities),Police Disposal of Crime/Atrocities against Scheduled Tribe(s) (Crime Head-wise) in Metropolitan Cities - 2017,https://www.ncrb.gov.in/uploads/2022/July/11/custom/crime-in-india/Table7D.3-done.pdf
2017,Chapter - 7D -- Crime/atrocities Against Scheduled Tribes (34 Metropolitan Cities),Police Disposal of Crime/Atrocities against Scheduled Tribe(s) in Metropolitan Cities - 2017,https://www.ncrb.gov.in/uploads/2022/July/11/custom/crime-in-india/Table7D.4-done.pdf
2017,Chapter - 7D -- Crime/atrocities Against Scheduled Tribes (34 Metropolitan Cities),Court Disposal of Crime/Atrocities against Scheduled Tribe(s) (Crimehead-wise) - 2017,https://www.ncrb.gov.in/uploads/2022/July/11/custom/crime-in-india/Table7D.5-done.pdf
2017,Chapter - 7D -- Crime/atrocities Against Scheduled Tribes (34 Metropolitan Cities),Court Disposal of Crime/Atrocities against Scheduled Tribe(s) in Metropolitan Cities - 2017,https://www.ncrb.gov.in/uploads/2022/July/11/custom/crime-in-india/Table7D.6-done.pdf
2017,Chapter - 7D -- Crime/atrocities Against Scheduled Tribes (34 Metropolitan Cities),Disposal of Persons Arrested for Crime/Atrocities against Scheduled Tribe(s) (Crimehead-wise) in Metropolitan Cities - 2017,https://www.ncrb.gov.in/uploads/2022/July/11/custom/crime-in-india/Table7D.7-done.pdf
2017,Chapter - 7D -- Crime/atrocities Against Scheduled Tribes (34 Metropolitan Cities),Disposal of Persons Arrested for Crime/Atrocities against Scheduled Tribe(s) in Metropolitan Cities - 2017,https://www.ncrb.gov.in/uploads/2022/July/11/custom/crime-in-india/Table7D.8-done.pdf
2017,Chapter - 8B -- Economic Offences (34 Metropolitan Cities),Economic Offences in Metropolitan Cities - 2016-2018,https://www.ncrb.gov.in/uploads/2022/July/11/custom/crime-in-india/Table8B.1-DONE.pdf
2017,Chapter - 8B -- Economic Offences (34 Metropolitan Cities),Economic Offences in Metropolitan Cities - 2018,https://www.ncrb.gov.in/uploads/2022/July/11/custom/crime-in-india/Table8B.2-DONE.pdf
2017,Chapter - 8B -- Economic Offences (34 Metropolitan Cities),Economic Offence Cases - Loss of Property in Metropolitan Cities - 2017,https://www.ncrb.gov.in/uploads/2022/July/11/custom/crime-in-india/Table8B.3-DONE.pdf
2017,Chapter - 8B -- Economic Offences (34 Metropolitan Cities),Police Disposal of Economic Offences in Metropolitan Cities (Crime Head-wise) - 2018,https://www.ncrb.gov.in/uploads/2022/July/11/custom/crime-in-india/Table8B.4-DONE.pdf
2017,Chapter - 8B -- Economic Offences (34 Metropolitan Cities),Police Disposal of Economic Offences in Metropolitan Cities - 2018,https://www.ncrb.gov.in/uploads/2022/July/11/custom/crime-in-india/Table8B.5-DONE.pdf
2017,Chapter - 8B -- Economic Offences (34 Metropolitan Cities),Court Disposal of Economic Offences in Metropolitan Cities (Crime Head-wise) - 2018,https://www.ncrb.gov.in/uploads/2022/July/11/custom/crime-in-india/Table8B.6-DONE.pdf
2017,Chapter - 8B -- Economic Offences (34 Metropolitan Cities),Court Disposal of Economic Offences in Metropolitan Cities- 2018,https://www.ncrb.gov.in/uploads/2022/July/11/custom/crime-in-india/Table8B.7-DONE.pdf
2017,Chapter - 8B -- Economic Offences (34 Metropolitan Cities),Disposal of Persons Arrested under Economic Offences in Metropolitan Cities (Crime Head-wise) - 2017,https://www.ncrb.gov.in/uploads/2022/July/11/custom/crime-in-india/Table8B.8-DONE.pdf
2017,Chapter - 8B -- Economic Offences (34 Metropolitan Cities),Disposal of Persons Arrested under Economic Offences in Metropolitan Cities- 2018,https://www.ncrb.gov.in/uploads/2022/July/11/custom/crime-in-india/Table8B.9-DONE.pdf
2017,Chapter - 9B -- Cyber Crimes (34 Metropolitan Cities),Cyber Crime (City-wise) -- 2017-2019,https://www.ncrb.gov.in/uploads/2022/July/11/custom/crime-in-india/Table9B.1_4.pdf
2017,Chapter - 9B -- Cyber Crimes (34 Metropolitan Cities),Cyber Crimes (Crime Head-wise & City-wise) -- 2019,https://www.ncrb.gov.in/uploads/2022/July/11/custom/crime-in-india/Table9B.2-done.pdf
2017,Chapter - 9B -- Cyber Crimes (34 Metropolitan Cities),Cyber Crime Motives -- 2019,https://www.ncrb.gov.in/uploads/2022/July/11/custom/crime-in-india/Table9B.3-done.pdf
2017,Chapter - 9B -- Cyber Crimes (34 Metropolitan Cities),Police Disposal of Cyber Crime Cases (Crime Head-wise) -- 2019,https://www.ncrb.gov.in/uploads/2022/July/11/custom/crime-in-india/Table9B.4-done.pdf
2017,Chapter - 9B -- Cyber Crimes (34 Metropolitan Cities),Police Disposal of Cyber Crime Cases (City wise) -- 2019,https://www.ncrb.gov.in/uploads/2022/July/11/custom/crime-in-india/Table9B.5-done.pdf
2017,Chapter - 9B -- Cyber Crimes (34 Metropolitan Cities),Court Disposal of Cyber Crime Cases (Crime Head-wise) -- 2019,https://www.ncrb.gov.in/uploads/2022/July/11/custom/crime-in-india/Table9B.6-done.pdf
2017,Chapter - 9B -- Cyber Crimes (34 Metropolitan Cities),Court Disposal of Cyber Crime Cases (City wise) -- 2019,https://www.ncrb.gov.in/uploads/2022/July/11/custom/crime-in-india/Table9B.7-done.pdf
2017,Chapter - 9B -- Cyber Crimes (34 Metropolitan Cities),Disposal of Persons Arrested under Cyber Crime (Crime Head-wise) -- 2019,https://www.ncrb.gov.in/uploads/2022/July/11/custom/crime-in-india/Table9B.8-done.pdf
2017,Chapter - 9B -- Cyber Crimes (34 Metropolitan Cities),Disposal of Persons Arrested under Cyber Crime (City wise) -- 2019,https://www.ncrb.gov.in/uploads/2022/July/11/custom/crime-in-india/Table9B.9-done.pdf
2017,Chapter - 9B -- Cyber Crimes (34 Metropolitan Cities),Cyber Crimes in Metropolitan Cities - 2015-2017,https://www.ncrb.gov.in/uploads/2022/July/11/custom/crime-in-india/Table 9B.1_4.pdf
2017,Chapter - 9B -- Cyber Crimes (34 Metropolitan Cities),Cyber Crimes - IT Act Cases in Metropolitan Cities - 2017,https://www.ncrb.gov.in/uploads/2022/July/11/custom/crime-in-india/Table9B.1_4 (1).pdf
2017,Chapter - 9B -- Cyber Crimes (34 Metropolitan Cities),Cyber Crimes Motives in Metropolitan Cities - 2017,https://www.ncrb.gov.in/uploads/2022/July/11/custom/crime-in-india/Table9B.3-done_0.pdf
2017,Chapter - 9B -- Cyber Crimes (34 Metropolitan Cities),Police Disposal of Cyber Crime Cases in Metropolitan Cities (Crimehead-wise) - 2017,https://www.ncrb.gov.in/uploads/2022/July/11/custom/crime-in-india/Table9B.4-done_0.pdf
2017,Chapter - 9B -- Cyber Crimes (34 Metropolitan Cities),Police Disposal of Cyber Crime Cases in Metropolitan Cities - 2017,https://www.ncrb.gov.in/uploads/2022/July/11/custom/crime-in-india/Table9B.5-done_0.pdf
2017,Chapter - 9B -- Cyber Crimes (34 Metropolitan Cities),Court Disposal of Cyber Crime Cases in Metropolitan Cities (Crimehead-wise) - 2017,https://www.ncrb.gov.in/uploads/2022/July/11/custom/crime-in-india/Table9B.6-done_0.pdf
2017,Chapter - 9B -- Cyber Crimes (34 Metropolitan Cities),Court Disposal of Cyber Crime Cases in Metropolitan Cities - 2017,https://www.ncrb.gov.in/uploads/2022/July/11/custom/crime-in-india/Table9B.7-done_0.pdf
2017,Chapter - 9B -- Cyber Crimes (34 Metropolitan Cities),Arrested Persons Disposal of Cyber Crime Cases in Metropolitan Cities (Crimehead-wise) - 2017,https://www.ncrb.gov.in/uploads/2022/July/11/custom/crime-in-india/Table9B.8-done_0.pdf
2017,Chapter - 9B -- Cyber Crimes (34 Metropolitan Cities),Arrested Persons Disposal of Cyber Crime Cases in Metropolitan Cities - 2017,https://www.ncrb.gov.in/uploads/2022/July/11/custom/crime-in-india/Table9B.9-done_0.pdf
2017,Chapter - 17B -- Disposal Of Cases By Police (34 Metropolitan Cities),Police Disposal of IPC Crime Cases (Crimehead-wise) in Metropolitan Cities - 2017,https://www.ncrb.gov.in/uploads/2022/July/11/custom/crime-in-india/Table17B.1-done.pdf
2017,Chapter - 17B -- Disposal Of Cases By Police (34 Metropolitan Cities),Police Disposal of IPC Crimes in Metropolitan Cities - 2017,https://www.ncrb.gov.in/uploads/2022/July/11/custom/crime-in-india/Table17B.2-done.pdf
2017,Chapter - 17B -- Disposal Of Cases By Police (34 Metropolitan Cities),Police Disposal of SLL Crime Cases (Crime Head-wise) in Metropolitan Cities - 2017,https://www.ncrb.gov.in/uploads/2022/July/11/custom/crime-in-india/Table17B.3-done.pdf
2017,Chapter - 17B -- Disposal Of Cases By Police (34 Metropolitan Cities),Police Disposal of SLL Cases in Metropolitan Cities - 2017,https://www.ncrb.gov.in/uploads/2022/July/11/custom/crime-in-india/Table17B.4-done.pdf
2017,Chapter - 18B -- Disposal Of Cases By Courts (34 Metropolitan Cities),Court Disposal of IPC Cases in Metropolitan Cities (Crimehead-wise) - 2018,https://www.ncrb.gov.in/uploads/2022/July/11/custom/crime-in-india/Table18B.1-done_0.pdf
2017,Chapter - 18B -- Disposal Of Cases By Courts (34 Metropolitan Cities),Court Disposal of IPC Crimes in Metropolitan Cities - 2017,https://www.ncrb.gov.in/uploads/2022/July/11/custom/crime-in-india/Table18B.2-done_0.pdf
2017,Chapter - 18B -- Disposal Of Cases By Courts (34 Metropolitan Cities),Court Disposal of SLL Crime Cases in Metropolitan Cities (Crimehead-wise) - 2018,https://www.ncrb.gov.in/uploads/2022/July/11/custom/crime-in-india/Table18B.3-DONE_0.pdf
2017,Chapter - 18B -- Disposal Of Cases By Courts (34 Metropolitan Cities),Court Disposal of SLL Crime Cases in Metropolitan Cities - 2018,https://www.ncrb.gov.in/uploads/2022/July/11/custom/crime-in-india/Table18B.4-DONE_0.pdf
2017,"Chapter - 19B -- Arrests, Convictions & Acquittals Of Persons (34 Metropolitan Cities)",Age Group and Gender-wise Persons Arrested under IPC Crimes in Metropolitan Cities - 2018 (Crime Head-wise),https://www.ncrb.gov.in/uploads/2022/July/11/custom/crime-in-india/Table19B.1-2017done.pdf
2017,"Chapter - 19B -- Arrests, Convictions & Acquittals Of Persons (34 Metropolitan Cities)",Persons Arrested under IPC by Age and Sex (in Metropolitan Cities) - 2018,https://www.ncrb.gov.in/uploads/2022/July/11/custom/crime-in-india/Table-19B.2-done.pdf
2017,"Chapter - 19B -- Arrests, Convictions & Acquittals Of Persons (34 Metropolitan Cities)",Persons Arrested under SLL by Age and Sex (Crime Head-wise) (in Metropolitan Cities) - 2018,https://www.ncrb.gov.in/uploads/2022/July/11/custom/crime-in-india/Table_19B.3-done.pdf
2017,"Chapter - 19B -- Arrests, Convictions & Acquittals Of Persons (34 Metropolitan Cities)",Persons Arrested under SLL by Age and Sex (in Metropolitan Cities) - 2018,https://www.ncrb.gov.in/uploads/2022/July/11/custom/crime-in-india/Table_19B.4-done.pdf
2017,"Chapter - 19B -- Arrests, Convictions & Acquittals Of Persons (34 Metropolitan Cities)",Disposal of Persons Arrested under IPC Crimes (Crime Head-wise) in Metropolitan Cities - 2018,https://www.ncrb.gov.in/uploads/2022/July/11/custom/crime-in-india/Table_19B.5-done.pdf
2017,"Chapter - 19B -- Arrests, Convictions & Acquittals Of Persons (34 Metropolitan Cities)",Arrested Persons Disposal (in Metropolitan Cities) - IPC Crimes - 2018,https://www.ncrb.gov.in/uploads/2022/July/11/custom/crime-in-india/Table 19B.6-done-2017.pdf
2017,"Chapter - 19B -- Arrests, Convictions & Acquittals Of Persons (34 Metropolitan Cities)",Arrested Persons Disposal (Crime Head-wise) in Metropolitan Cities - SLL Crimes - 2018,https://www.ncrb.gov.in/uploads/2022/July/11/custom/crime-in-india/Table19B.7-done (2).pdf
2017,"Chapter - 19B -- Arrests, Convictions & Acquittals Of Persons (34 Metropolitan Cities)",Arrested Persons Disposal in Metopolitan Cities - SLL Crimes - 2018,https://www.ncrb.gov.in/uploads/2022/July/11/custom/crime-in-india/Table19B.8-done.pdf2017
2017,"Chapter - 19B -- Arrests, Convictions & Acquittals Of Persons (34 Metropolitan Cities)",Arrested Persons Disposal in Metropolitan Cities - IPC & SLL Crimes - 2018,https://www.ncrb.gov.in/uploads/2022/July/11/custom/crime-in-india/Table19B.9-done2017.pdf
2017,District Wise Reports,District-wise Crime against Children - 2017,https://www.ncrb.gov.in/uploads/2022/July/11/custom/crime-in-india/District-wise-Crime-against-Children - 2017.xlsx
2017,District Wise Reports,District-wise Crime against SCs - 2017,https://www.ncrb.gov.in/uploads/2022/July/11/custom/crime-in-india/District-wise-Crime-against-SCs - 2017.xlsx
2017,District Wise Reports,District-wise Crime against STs - 2017,https://www.ncrb.gov.in/uploads/2022/July/11/custom/crime-in-india/District-wise-Crime-against-STs - 2017.xlsx
2017,District Wise Reports,District-wise Crime against Women - 2017,https://www.ncrb.gov.in/uploads/2022/July/11/custom/crime-in-india/District-wise-Crime-against-Women - 2017.xlsx
2017,District Wise Reports,District-wise Cyber Crime - 2017,https://www.ncrb.gov.in/uploads/2022/July/11/custom/crime-in-india/District-wise-Cyber-Crime - 2017.xlsx
2017,District Wise Reports,District-wise IPC Crimes - 2017,https://www.ncrb.gov.in/uploads/2022/July/11/custom/crime-in-india/District-wise-IPC-Crimes - 2017.xlsx
2017,District Wise Reports,District-wise SLL Crimes - 2017,https://www.ncrb.gov.in/uploads/2022/July/11/custom/crime-in-india/District-wiseSLL-Crimes - 2017.xlsx
2017,District Wise Reports,District-wise IPC Crime by Jeveniles_2017,https://www.ncrb.gov.in/uploads/2022/July/11/custom/crime-in-india/District-wise-IPC-Crim- by-Jeveniles_2017 (2).xlsx
2017,District Wise Reports,District-wise SLL Crime by Jeveniles_2017,https://www.ncrb.gov.in/uploads/2022/July/11/custom/crime-in-india/District-wise-SLL-Crime-by-Jeveniles_2017.xlsx
2017,District Wise Reports,District-wise Missing Persons_2017,https://www.ncrb.gov.in/uploads/2022/July/11/custom/crime-in-india/District-wise-Missing-Persons_2017.xlsx
2016,Chapter - 1B -- Executive Summary (34 Metropolitan Cities),IPC Crimes (City-wise) Incidence & Crime Rate - 2014-2016,https://www.ncrb.gov.in/uploads/2022/July/11/custom/crime-in-india/Table1B.1_0.pdf
2016,Chapter - 1B -- Executive Summary (34 Metropolitan Cities),SLL Crimes (City-wise) - 2014-2016,https://www.ncrb.gov.in/uploads/2022/July/11/custom/crime-in-india/Table1B.2_0.pdf
2016,Chapter - 1B -- Executive Summary (34 Metropolitan Cities),IPC & SLL Crimes (City-wise) – 2014-2016,https://www.ncrb.gov.in/uploads/2022/July/11/custom/crime-in-india/Table1B.3_0.pdf
2016,Chapter - 1B -- Executive Summary (34 Metropolitan Cities),IPC Crimes (Crime Head-wise & City-wise) - 2016,https://www.ncrb.gov.in/uploads/2022/July/11/custom/crime-in-india/Table1B.4_0.pdf
2016,Chapter - 1B -- Executive Summary (34 Metropolitan Cities),SLL Crimes (Crime Head-wise & City-wise) - 2016,https://www.ncrb.gov.in/uploads/2022/July/11/custom/crime-in-india/Table1B.5_0.pdf
2016,Chapter - 2B -- Murder (34 Metropolitan Cities),Crime Incidence & Crime Rate (City-wise) - 2014 - 2016,https://www.ncrb.gov.in/uploads/nationalcrimerecordsbureau/custom/1678976413Table2B10.pdf
2016,Chapter - 2B -- Murder (34 Metropolitan Cities),Motives – 2016,https://www.ncrb.gov.in/uploads/2022/July/11/custom/crime-in-india/Table-2B.2.pdf
2016,Chapter - 2B -- Murder (34 Metropolitan Cities),Victims (Gender & Age Group-wise) – 2016,https://www.ncrb.gov.in/uploads/2022/July/11/custom/crime-in-india/Table-2B.3_0.pdf
2016,Chapter - 2D -- Kidnapping & Abduction (34 Metropolitan Cities),Crime Incidence & Crime Rate (City-wise) - 2014-2016,https://www.ncrb.gov.in/uploads/nationalcrimerecordsbureau/custom/1679743564Table2D10.pdf
2016,Chapter - 2D -- Kidnapping & Abduction (34 Metropolitan Cities),Victims (Age Group & Sex-wise) – 2016,https://www.ncrb.gov.in/uploads/2022/July/11/custom/crime-in-india/Table-2D.2_0.pdf
2016,Chapter - 2D -- Kidnapping & Abduction (34 Metropolitan Cities),Purpose – 2016,https://www.ncrb.gov.in/uploads/2022/July/11/custom/crime-in-india/Table-2D.3_0.pdf
2016,Chapter - 2D -- Kidnapping & Abduction (34 Metropolitan Cities),Recovery of Kidnapped & Abducted Persons (City-wise) – 2016,https://www.ncrb.gov.in/uploads/2022/July/11/custom/crime-in-india/Table-2D.4_0.pdf
2016,Chapter - 2D -- Kidnapping & Abduction (34 Metropolitan Cities),Recovery of Kidnapped & Abducted Persons (Gender & Age Group-wise) – 2016,https://www.ncrb.gov.in/uploads/2022/July/11/custom/crime-in-india/Table-2D.5_0.pdf
2016,Chapter - 3B -- Crime Against Women (34 Metropolitan Cities),Incidence & Crime Rate (City-wise) - 2014-2016,https://www.ncrb.gov.in/uploads/nationalcrimerecordsbureau/custom/1679744631Table3B10.pdf
2016,Chapter - 3B -- Crime Against Women (34 Metropolitan Cities),Incidence (Crime Head-wise & City-wise) - 2016,https://www.ncrb.gov.in/uploads/nationalcrimerecordsbureau/custom/1679744696Table3B20.pdf
2016,Chapter - 3B -- Crime Against Women (34 Metropolitan Cities),Police Disposal of Crime Against Women Cases (Crime Head-wise)- 2016,https://www.ncrb.gov.in/uploads/2022/July/11/custom/crime-in-india/Table-3B.3_0.pdf
2016,Chapter - 3B -- Crime Against Women (34 Metropolitan Cities),Police Disposal of Crime Against Women Cases (City-wise)- 2016,https://www.ncrb.gov.in/uploads/2022/July/11/custom/crime-in-india/Table-3B.4_0.pdf
2016,Chapter - 3B -- Crime Against Women (34 Metropolitan Cities),Court Disposal of Crime Against Women Cases (Crime Head-wise)- 2016,https://www.ncrb.gov.in/uploads/2022/July/11/custom/crime-in-india/Table-3B.5_0.pdf
2016,Chapter - 3B -- Crime Against Women (34 Metropolitan Cities),Court Disposal of Crime Against Women Cases (City-wise)- 2016,https://www.ncrb.gov.in/uploads/2022/July/11/custom/crime-in-india/Table-3B.6_0.pdf
2016,Chapter - 3B -- Crime Against Women (34 Metropolitan Cities),Disposal of Persons Arrested for Crime Against Women (Crime Head-wise) - 2016,https://www.ncrb.gov.in/uploads/2022/July/11/custom/crime-in-india/Table-3B.7_0.pdf
2016,Chapter - 3B -- Crime Against Women (34 Metropolitan Cities),Disposal of Persons Arrested for Crime Against Women (City-wise) - 2016,https://www.ncrb.gov.in/uploads/2022/July/11/custom/crime-in-india/Table-3B.8_0.pdf
2016,Chapter - 4B -- Crime Against Children (34 Metropolitan Cities),Incidence & Crime Rate (City-wise) - 2014-2016,https://www.ncrb.gov.in/uploads/nationalcrimerecordsbureau/custom/1682571214Table4B10.pdf
2016,Chapter - 4B -- Crime Against Children (34 Metropolitan Cities),Incidence (Crime Head-wise & City-wise) - 2016,https://www.ncrb.gov.in/uploads/nationalcrimerecordsbureau/post/1682572139Table4B20.pdf
2016,Chapter - 4B -- Crime Against Children (34 Metropolitan Cities),Police Disposal of Crime Against Children Cases (Crime Head-wise) -- 2016,https://www.ncrb.gov.in/uploads/2022/July/11/custom/crime-in-india/Table-4B.3_0.pdf
2016,Chapter - 4B -- Crime Against Children (34 Metropolitan Cities),Police Disposal of Crime Against Children Cases (City-wise)-- 2016,https://www.ncrb.gov.in/uploads/2022/July/11/custom/crime-in-india/Table-4B.4_0.pdf
2016,Chapter - 4B -- Crime Against Children (34 Metropolitan Cities),Court Disposal of Crime Against Children Cases (Crime Head-wise)-- 2016,https://www.ncrb.gov.in/uploads/2022/July/11/custom/crime-in-india/Table-4B.5_0.pdf
2016,Chapter - 4B -- Crime Against Children (34 Metropolitan Cities),Court Disposal of Crime Against Children Cases (City-wise)-- 2016,https://www.ncrb.gov.in/uploads/2022/July/11/custom/crime-in-india/Table-4B.6_0.pdf
2016,Chapter - 4B -- Crime Against Children (34 Metropolitan Cities),Disposal of Persons Arrested for Crime Against Children (Crime Head-wise) -- 2016,https://www.ncrb.gov.in/uploads/2022/July/11/custom/crime-in-india/Table-4B.7_0.pdf
2016,Chapter - 4B -- Crime Against Children (34 Metropolitan Cities),Disposal of Persons Arrested for Crime Against Children(City-wise) -- 2016,https://www.ncrb.gov.in/uploads/2022/July/11/custom/crime-in-india/Table-4B.8_0.pdf
2016,Chapter - 5B -- Juveniles In Conflict With Law (34 Metropolitan Cities),Incidence of Crime (City-wise) – 2014-2016,https://www.ncrb.gov.in/uploads/2022/July/11/custom/crime-in-india/Table5B.1_0.pdf
2016,Chapter - 5B -- Juveniles In Conflict With Law (34 Metropolitan Cities),IPC Crimes (City-wise) – 2016,https://www.ncrb.gov.in/uploads/2022/July/11/custom/crime-in-india/Table5B.2_0.pdf
2016,Chapter - 5B -- Juveniles In Conflict With Law (34 Metropolitan Cities),SLL Crimes (City-wise) – 2016,https://www.ncrb.gov.in/uploads/2022/July/11/custom/crime-in-india/Table5B.3_0.pdf
2016,Chapter - 5B -- Juveniles In Conflict With Law (34 Metropolitan Cities),"Juveniles Apprehended (Crime Head, Age Group & Gender-wise) – 2016",https://www.ncrb.gov.in/uploads/2022/July/11/custom/crime-in-india/Table5B.4_0.pdf
2016,Chapter - 5B -- Juveniles In Conflict With Law (34 Metropolitan Cities),Disposal of Juveniles Arrested (City-wise) – 2016,https://www.ncrb.gov.in/uploads/2022/July/11/custom/crime-in-india/Table5B.5_0.pdf
2016,Chapter - 5B -- Juveniles In Conflict With Law (34 Metropolitan Cities),Education & Family Background of Juveniles Arrested – 2016,https://www.ncrb.gov.in/uploads/2022/July/11/custom/crime-in-india/Table5B.6_0.pdf
2016,Chapter - 6B -- Crime Against Senior Citizen (34 Metropolitan Cities),Crime Incidence & Crime Rate (City-wise) -- 2014-2016,https://www.ncrb.gov.in/uploads/nationalcrimerecordsbureau/custom/1682576613Table6B10.pdf
2016,Chapter - 6B -- Crime Against Senior Citizen (34 Metropolitan Cities),Crime Incidence (Crime Head-wise & City-wise) – 2016,https://www.ncrb.gov.in/uploads/2022/July/11/custom/crime-in-india/Table6B.2_0.pdf
2016,Chapter - 6B -- Crime Against Senior Citizen (34 Metropolitan Cities),Police Disposal of Crime Against Senior Citizens Cases (City-wise) – 2016,https://www.ncrb.gov.in/uploads/2022/July/11/custom/crime-in-india/Table6B.3_0.pdf
2016,Chapter - 6B -- Crime Against Senior Citizen (34 Metropolitan Cities),Police Disposal of Crime Against Senior Citizens Cases (Crime Head-wise) – 2016,https://www.ncrb.gov.in/uploads/2022/July/11/custom/crime-in-india/Table6B.4_0.pdf
2016,Chapter - 6B -- Crime Against Senior Citizen (34 Metropolitan Cities),Court Disposal of Crime Against Senior Citizens Cases (Crime Head-wise) – 2016,https://www.ncrb.gov.in/uploads/2022/July/11/custom/crime-in-india/Table6B.5_0.pdf
2016,Chapter - 6B -- Crime Against Senior Citizen (34 Metropolitan Cities),Court Disposal of Crime Against Senior Citizens (City-wise) – 2016,https://www.ncrb.gov.in/uploads/2022/July/11/custom/crime-in-india/Table6B.6_0.pdf
2016,Chapter - 6B -- Crime Against Senior Citizen (34 Metropolitan Cities),Disposal of Persons arrested for Crime Against Senior Citizens (City-wise) – 2016,https://www.ncrb.gov.in/uploads/2022/July/11/custom/crime-in-india/Table6B.7_0.pdf
2016,Chapter - 6B -- Crime Against Senior Citizen (34 Metropolitan Cities),Disposal of Persons arrested for Crime Against Senior Citizens (Crime Head-wise) – 2016,https://www.ncrb.gov.in/uploads/2022/July/11/custom/crime-in-india/Table6B.8_0.pdf
2016,Chapter - 7B -- Crime/atrocities Against Scheduled Castes (34 Metropolitan Cities),Crime/Atrocities Incidence & Crime Rate (City-wise) - 2014-2016,https://www.ncrb.gov.in/uploads/nationalcrimerecordsbureau/custom/1679743693Table7B10.pdf
2016,Chapter - 7B -- Crime/atrocities Against Scheduled Castes (34 Metropolitan Cities),Crime/Atrocities Incidence (Crime Head-wise & City-wise) - 2016,https://www.ncrb.gov.in/uploads/nationalcrimerecordsbureau/custom/1679743809Table7B20.pdf
2016,Chapter - 7B -- Crime/atrocities Against Scheduled Castes (34 Metropolitan Cities),Police Disposal of Crime/Atrocities against SCs Cases (Crime Head-wise) – 2016,https://www.ncrb.gov.in/uploads/2022/July/11/custom/crime-in-india/Table7B.3_0.pdf
2016,Chapter - 7B -- Crime/atrocities Against Scheduled Castes (34 Metropolitan Cities),Police Disposal of Crime/Atrocities against SCs Cases (City-wise) – 2016,https://www.ncrb.gov.in/uploads/2022/July/11/custom/crime-in-india/Table7B.4_0.pdf
2016,Chapter - 7B -- Crime/atrocities Against Scheduled Castes (34 Metropolitan Cities),Court Disposal of Crime/Atrocities against SCs Cases (Crime Head-wise) – 2016,https://www.ncrb.gov.in/uploads/2022/July/11/custom/crime-in-india/Table7B.5_0.pdf
2016,Chapter - 7B -- Crime/atrocities Against Scheduled Castes (34 Metropolitan Cities),Court Disposal of Crime/Atrocities against SCs Cases (City-wise) – 2016,https://www.ncrb.gov.in/uploads/2022/July/11/custom/crime-in-india/Table7B.6_0.pdf
2016,Chapter - 7B -- Crime/atrocities Against Scheduled Castes (34 Metropolitan Cities),Disposal of Persons Arrested for Crime/Atrocities against SCs (Crime Head-wise) – 2016,https://www.ncrb.gov.in/uploads/2022/July/11/custom/crime-in-india/Table7B.7_0.pdf
2016,Chapter - 7B -- Crime/atrocities Against Scheduled Castes (34 Metropolitan Cities),Disposal of Persons Arrested for Crime/Atrocities against SCs (City-wise) – 2016,https://www.ncrb.gov.in/uploads/2022/July/11/custom/crime-in-india/Table7B.8_0.pdf
2016,Chapter - 7D -- Crime/atrocities Against Scheduled Tribes (34 Metropolitan Cities),Crime/Atrocities Incidence & Crime Rate (City-wise) -- 2014-2016,https://www.ncrb.gov.in/uploads/nationalcrimerecordsbureau/custom/1682577032Table7D10.pdf
2016,Chapter - 7D -- Crime/atrocities Against Scheduled Tribes (34 Metropolitan Cities),Crime/Atrocities Incidence (Crime Head-wise & City-wise) -- 2016,https://www.ncrb.gov.in/uploads/nationalcrimerecordsbureau/custom/1682577075Table7D20.pdf
2016,Chapter - 7D -- Crime/atrocities Against Scheduled Tribes (34 Metropolitan Cities),Police Disposal of Crime/Atrocities against STs Cases (Crime Head-wise) – 2016,https://www.ncrb.gov.in/uploads/2022/July/11/custom/crime-in-india/Table7D.3_0.pdf
2016,Chapter - 7D -- Crime/atrocities Against Scheduled Tribes (34 Metropolitan Cities),Police Disposal of Crime/Atrocities against STs Cases (City-wise) – 2016,https://www.ncrb.gov.in/uploads/2022/July/11/custom/crime-in-india/Table7D.4_0.pdf
2016,Chapter - 7D -- Crime/atrocities Against Scheduled Tribes (34 Metropolitan Cities),Court Disposal of Crime/Atrocities against STs Cases (Crime Head-wise) – 2016,https://www.ncrb.gov.in/uploads/2022/July/11/custom/crime-in-india/Table7D.5_0.pdf
2016,Chapter - 7D -- Crime/atrocities Against Scheduled Tribes (34 Metropolitan Cities),Court Disposal of Crime/Atrocities against STs Cases (City-wise) – 2016,https://www.ncrb.gov.in/uploads/2022/July/11/custom/crime-in-india/Table7D.6_0.pdf
2016,Chapter - 7D -- Crime/atrocities Against Scheduled Tribes (34 Metropolitan Cities),Disposal of Persons Arrested for Crime/Atrocities against STs (Crime Head-wise) – 2016,https://www.ncrb.gov.in/uploads/2022/July/11/custom/crime-in-india/Table7D.7_0.pdf
2016,Chapter - 7D -- Crime/atrocities Against Scheduled Tribes (34 Metropolitan Cities),Disposal of Persons Arrested for Crime/Atrocities against STs (City-wise) – 2016,https://www.ncrb.gov.in/uploads/2022/July/11/custom/crime-in-india/Table7D.8_0.pdf
2016,Chapter - 8B -- Economic Offences (34 Metropolitan Cities),Economic Offences Incidence & Crime Rate (City-wise) – 2014-2016,https://www.ncrb.gov.in/uploads/2022/July/11/custom/crime-in-india/Table8B.1_0.pdf
2016,Chapter - 8B -- Economic Offences (34 Metropolitan Cities),Economic Crimes Incidence (City wise & Crime Head-wise) – 2016,https://www.ncrb.gov.in/uploads/2022/July/11/custom/crime-in-india/Table8B.2_0.pdf
2016,Chapter - 8B -- Economic Offences (34 Metropolitan Cities),Economic Offences with Loss of Property More than 1 Crore – 2016,https://www.ncrb.gov.in/uploads/2022/July/11/custom/crime-in-india/Table8B.3_0.pdf
2016,Chapter - 8B -- Economic Offences (34 Metropolitan Cities),Police Disposal of Economic Offences (City wise) – 2016,https://www.ncrb.gov.in/uploads/2022/July/11/custom/crime-in-india/Table8B.4_0.pdf
2016,Chapter - 8B -- Economic Offences (34 Metropolitan Cities),Police Disposal of Economic Offences (Crime Head-wise) – 2016,https://www.ncrb.gov.in/uploads/2022/July/11/custom/crime-in-india/Table8B.5_0.pdf
2016,Chapter - 8B -- Economic Offences (34 Metropolitan Cities),Court Disposal of Economic Offences (Crime Head-wise) – 2016,https://www.ncrb.gov.in/uploads/2022/July/11/custom/crime-in-india/Table8B.6_0.pdf
2016,Chapter - 8B -- Economic Offences (34 Metropolitan Cities),Court Disposal of Economic Offences (City wise) – 2016,https://www.ncrb.gov.in/uploads/2022/July/11/custom/crime-in-india/Table8B.7_0.pdf
2016,Chapter - 8B -- Economic Offences (34 Metropolitan Cities),Disposal of Persons Arrested for Economic Offences (Crime Head-wise) – 2016,https://www.ncrb.gov.in/uploads/2022/July/11/custom/crime-in-india/Table8B.8_0.pdf
2016,Chapter - 8B -- Economic Offences (34 Metropolitan Cities),Disposal of Persons Arrested for Economic Offences (City wise) – 2016,https://www.ncrb.gov.in/uploads/2022/July/11/custom/crime-in-india/Table8B.9_0.pdf
2016,Chapter - 9B -- Cyber Crimes (34 Metropolitan Cities),Cyber Crime Incidence & Crime Rate (City-wise) – 2014-2016,https://www.ncrb.gov.in/uploads/2022/July/11/custom/crime-in-india/Table9B.1_0.pdf
2016,Chapter - 9B -- Cyber Crimes (34 Metropolitan Cities),Cyber Crimes Incidence (Crime Head-wise & City-wise) – 2016,https://www.ncrb.gov.in/uploads/2022/July/11/custom/crime-in-india/Table9B.2_0.pdf
2016,Chapter - 9B -- Cyber Crimes (34 Metropolitan Cities),Cyber Crime Motives – 2016,https://www.ncrb.gov.in/uploads/2022/July/11/custom/crime-in-india/Table9B.3_0.pdf
2016,Chapter - 9B -- Cyber Crimes (34 Metropolitan Cities),Police Disposal of Cyber Crime Cases (Crime Head-wise) – 2016,https://www.ncrb.gov.in/uploads/2022/July/11/custom/crime-in-india/Table9B.4_0.pdf
2016,Chapter - 9B -- Cyber Crimes (34 Metropolitan Cities),Police Disposal of Cyber Crime Cases (City wise) – 2016,https://www.ncrb.gov.in/uploads/2022/July/11/custom/crime-in-india/Table9B.5_0.pdf
2016,Chapter - 9B -- Cyber Crimes (34 Metropolitan Cities),Court Disposal of Cyber Crime Cases (Crime Head-wise) – 2016,https://www.ncrb.gov.in/uploads/2022/July/11/custom/crime-in-india/Table9B.6_0.pdf
2016,Chapter - 9B -- Cyber Crimes (34 Metropolitan Cities),Court Disposal of Cyber Crime Cases (City wise) – 2016,https://www.ncrb.gov.in/uploads/2022/July/11/custom/crime-in-india/Table9B.7_0.pdf
2016,Chapter - 9B -- Cyber Crimes (34 Metropolitan Cities),Disposal of Persons Arrested under Cyber Crime (Crime Head-wise) – 2016,https://www.ncrb.gov.in/uploads/2022/July/11/custom/crime-in-india/Table9B.8_0.pdf
2016,Chapter - 9B -- Cyber Crimes (34 Metropolitan Cities),Disposal of Persons Arrested under Cyber Crime (City wise) – 2016,https://www.ncrb.gov.in/uploads/2022/July/11/custom/crime-in-india/Table9B.9_0.pdf
2016,Chapter - 17B -- Disposal Of Cases By Police (34 Metropolitan Cities),Police Disposal of IPC Crime Cases (Crime Head-wise) – 2016,https://www.ncrb.gov.in/uploads/2022/July/11/custom/crime-in-india/Table17B.1_0.pdf
2016,Chapter - 17B -- Disposal Of Cases By Police (34 Metropolitan Cities),Police Disposal of IPC Crime Cases (City-wise)– 2016,https://www.ncrb.gov.in/uploads/2022/July/11/custom/crime-in-india/Table17B.2_0.pdf
2016,Chapter - 17B -- Disposal Of Cases By Police (34 Metropolitan Cities),Police Disposal of SLL Crime Cases (Crime Head-wise)– 2016,https://www.ncrb.gov.in/uploads/2022/July/11/custom/crime-in-india/Table17B.3_0.pdf
2016,Chapter - 17B -- Disposal Of Cases By Police (34 Metropolitan Cities),Police Disposal of SLL Crime Cases (City-wise)– 2016,https://www.ncrb.gov.in/uploads/2022/July/11/custom/crime-in-india/Table17B.4_0.pdf
2016,Chapter - 18B -- Disposal Of Cases By Courts (34 Metropolitan Cities),Court Disposal of IPC Crime Cases (Crime Head-wise)– 2016,https://www.ncrb.gov.in/uploads/2022/July/11/custom/crime-in-india/Table18B.1_0.pdf
2016,Chapter - 18B -- Disposal Of Cases By Courts (34 Metropolitan Cities),Court Disposal of IPC Crime Cases (City-wise) – 2016,https://www.ncrb.gov.in/uploads/2022/July/11/custom/crime-in-india/Table18B.2_0.pdf
2016,Chapter - 18B -- Disposal Of Cases By Courts (34 Metropolitan Cities),Court Disposal of SLL Crime Cases (Crime Head-wise)– 2016,https://www.ncrb.gov.in/uploads/2022/July/11/custom/crime-in-india/Table18B.3_0.pdf
2016,Chapter - 18B -- Disposal Of Cases By Courts (34 Metropolitan Cities),Court Disposal of SLL Crime Cases (City-wise) – 2016,https://www.ncrb.gov.in/uploads/2022/July/11/custom/crime-in-india/Table18B.4_0.pdf
2016,"Chapter - 19B -- Arrests, Convictions & Acquittals Of Persons (34 Metropolitan Cities)","Arrests under IPC Crimes (Crime Head, Age & Gender-wise) – 2016",https://www.ncrb.gov.in/uploads/2022/July/11/custom/crime-in-india/Table19B.1_0-2016.pdf
2016,"Chapter - 19B -- Arrests, Convictions & Acquittals Of Persons (34 Metropolitan Cities)",Arrests under IPC Crimes (City-wise) – 2016,https://www.ncrb.gov.in/uploads/2022/July/11/custom/crime-in-india/Table19B.2_0-2016.pdf
2016,"Chapter - 19B -- Arrests, Convictions & Acquittals Of Persons (34 Metropolitan Cities)","Arrests under SLL Crimes (Crime Head, Age & Gender-wise) – 2016",https://www.ncrb.gov.in/uploads/2022/July/11/custom/crime-in-india/Table 19B.3_0-2016.pdf
2016,"Chapter - 19B -- Arrests, Convictions & Acquittals Of Persons (34 Metropolitan Cities)",Arrests under SLL Crimes (City-wise) – 2016,https://www.ncrb.gov.in/uploads/2022/July/11/custom/crime-in-india/Table 19B.4_0-2016.pdf
2016,"Chapter - 19B -- Arrests, Convictions & Acquittals Of Persons (34 Metropolitan Cities)",Disposal of Persons Arrested under IPC Crimes (Crime Head-wise) – 2016,https://www.ncrb.gov.in/uploads/2022/July/11/custom/crime-in-india/Table 19B.5_0-2016.pdf
2016,"Chapter - 19B -- Arrests, Convictions & Acquittals Of Persons (34 Metropolitan Cities)",Disposal of Persons Arrested under IPC Crimes (City-wise) – 2016,https://www.ncrb.gov.in/uploads/2022/July/11/custom/crime-in-india/Table 19B.6_0-2016.pdf
2016,"Chapter - 19B -- Arrests, Convictions & Acquittals Of Persons (34 Metropolitan Cities)",Disposal of Persons Arrested under SLL Crimes (Crime Head-wise) – 2016,https://www.ncrb.gov.in/uploads/2022/July/11/custom/crime-in-india/Table 19B.7_0-2016.pdf
2016,"Chapter - 19B -- Arrests, Convictions & Acquittals Of Persons (34 Metropolitan Cities)",Disposal of Persons Arrested under SLL Crimes (City-wise) – 2016,https://www.ncrb.gov.in/uploads/2022/July/11/custom/crime-in-india/Table 19B.8_0-2016.pdf
2016,"Chapter - 19B -- Arrests, Convictions & Acquittals Of Persons (34 Metropolitan Cities)",Disposal of Total Persons Arrested under All IPC+SLL Crimes (City-wise) – 2016,https://www.ncrb.gov.in/uploads/2022/July/11/custom/crime-in-india/Table 19B.9_0-2016.pdf
2016,District Wise Reports,District-wise Crimes committed against Children_2016,https://www.ncrb.gov.in/uploads/2022/July/11/custom/crime-in-india/District-wise-Crimes-committed-against-Children_2016.xlsx
2016,District Wise Reports,District-wise Crimes committed against SCs_2016,https://www.ncrb.gov.in/uploads/2022/July/11/custom/crime-in-india/District-wise-Crimes-committed-against-SCs_2016.xlsx
2016,District Wise Reports,District-wise Crimes committed against Senior Citizen_2016,https://www.ncrb.gov.in/uploads/2022/July/11/custom/crime-in-india/District-wise Crimes-committed-against-Senior-Citizen_2016.xlsx
2016,District Wise Reports,District-wise Crimes committed against STs_2016,https://www.ncrb.gov.in/uploads/2022/July/11/custom/crime-in-india/District-wise-Crimes-committed-against-STs_2016.xlsx
2016,District Wise Reports,District-wise Crimes committed against Women_2016,https://www.ncrb.gov.in/uploads/2022/July/11/custom/crime-in-india/District-wise-Crimes-committed-against-Women_2016.xlsx
2016,District Wise Reports,District-Wise IPC Cases Reported_2016,https://www.ncrb.gov.in/uploads/2022/July/11/custom/crime-in-india/District-Wise-IPC-Cases-Reported_2016.xlsx
2016,District Wise Reports,District-wise SLL Cases Reported_2016,https://www.ncrb.gov.in/uploads/2022/July/11/custom/crime-in-india/District-wise-SLL-Cases-Reported_2016.xlsx
2015,Crime against Women,Cases Reported under Crimes against Women During 2001-2015(StateUT),https://www.ncrb.gov.in/uploads/2022/July/11/custom/crime-in-india/1-Cases-Reported-under-Crimes-against-Women-During-2001-2015(StateUT).xls
2015,Crime against Women,Persons Arrested under Crimes against Women During 2001-2015(StateUT),https://www.ncrb.gov.in/uploads/2022/July/11/custom/crime-in-india/2-Persons-Arrested-under-Crimes-against-Women-During-2001-2015(StateUT).xlsx
2015,Crime against Women,Yearwise Cases reported under Crimes against Women during 2001-2015(CrimeHead),https://www.ncrb.gov.in/uploads/2022/July/11/custom/crime-in-india/3-Yearwise-Cases-reported-under-Crimes-against-Women-during-2001-2015(CrimeHead).xls
2015,Crime against Women,Yearwise Cases reported under Crimes against Women during 2001-2015(Individual State),https://www.ncrb.gov.in/uploads/2022/July/11/custom/crime-in-india/4-Yearwise-Cases-reported-under-Crimes-against-Women-during-2001-2015(Individual State).xlsx
2015,Crime against Women,Data Analysis on Crime against Women Crimeheads under 6 Heads during 2010-2015(StateUT),https://www.ncrb.gov.in/uploads/2022/July/11/custom/crime-in-india/5-Data-Analysis-on-Crime-against-Women-Crimeheads-under-6-Heads-during-2010-2015(StateUT).xlsx
2015,Crime against Women,Data Analysis on Crime against Women Crimeheads under Various Heads during 2010-2015(StateUT),https://www.ncrb.gov.in/uploads/2022/July/11/custom/crime-in-india/6-Data-Analysis-on-Crime-against-Women-Crimeheads-under-Various-Heads-during-2010-2015(StateUT).xlsx
2015,Crime against Women,Cases registered and their disposal under Cruelty by Husband or his Relatives during 2001-2015(StateUT),https://www.ncrb.gov.in/uploads/2022/July/11/custom/crime-in-india/7-Cases-registered-and-their-disposal-under-Cruelty-by-Husband-or-his-Relatives-during-2001-2015(StateUT).xls
2015,Crime against Women,Cases registered and their disposal under Dowry Deaths during 2001-2015(StateUT),https://www.ncrb.gov.in/uploads/2022/July/11/custom/crime-in-india/8-Cases-registered-and-their-disposal-under-Dowry-Deaths-during 2001-2015(StateUT).xls
2015,Crime against Women,Cases registered and their disposal under Dowry Prohibition Act during 2001-2015(StateUT),https://www.ncrb.gov.in/uploads/2022/July/11/custom/crime-in-india/9-Cases-registeredand-their-disposal-under-Dowry-Prohibition-Act during 2001-2015(StateUT).xls
2015,Crime against Children,Cases Reported under Crimes against Children during 2001-2015(StateUT),https://www.ncrb.gov.in/uploads/2022/July/11/custom/crime-in-india/1Cases-Reported-under-Crimes-against-Childrenduring-2001-2015(StateUT).xls
2015,Crime against Children,Yearwise Crime against Children during 2001-2015(Crimehead),https://www.ncrb.gov.in/uploads/2022/July/11/custom/crime-in-india/2-Yearwise-Crime-against-Children-during-2001-2015(Crimehead).xlsx
2015,Crime against Children,Persons Arrested under Crimes against Children during 2001-2015(StateUT),https://www.ncrb.gov.in/uploads/2022/July/11/custom/crime-in-india/3-Persons-Arrested-under-Crimes-against-Children-during-2001-2015(StateUT).xlsx
2015,Crime against Children,Data Analysis on Crime against Children Crimeheads under Various Heads during 2010-2015(StateUT),https://www.ncrb.gov.in/uploads/2022/July/11/custom/crime-in-india/4-Data-Analysis-on-Crime-against-Children-Crimeheads-under-Various-Heads-during-2010-2015(StateUT).xlsx
2015,Cyber Crime,Cases Reported Under Cyber Crimes during 2014-2015(StateUT),https://www.ncrb.gov.in/uploads/2022/July/11/custom/crime-in-india/1-Cases-Reported-Under-Cyber-Crimes-during-2014-2015(StateUT)_0.xlsx
2015,Cyber Crime,Data Analysis on Cyber Crimes under 6 Heads during 2014-2015(Crimehead),https://www.ncrb.gov.in/uploads/2022/July/11/custom/crime-in-india/2-Data-Analysis-on-Cyber-Crimes-under-6-Heads during 2014-2015(Crimehead).xlsx
2015,Cyber Crime,Data Analysis on Cyber Crimes under 6 Heads during 2014-2015(StateUT),https://www.ncrb.gov.in/uploads/2022/July/11/custom/crime-in-india/3-Data-Analysis-on-Cyber-Crimes-under-6-Heads-during-2014-2015(StateUT).xlsx
2015,District Wise Reports,District-wise SLL Cases Reported_2015,https://www.ncrb.gov.in/uploads/2022/July/11/custom/crime-in-india/2-District-wise-SLL-Cases-Reported_2015.xlsx
2015,District Wise Reports,District-Wise IPC Cases Reported_2015,https://www.ncrb.gov.in/uploads/2022/July/11/custom/crime-in-india/1-District-Wise-IPC-Cases-Reported_2015.xlsx
2015,District Wise Reports,District-wise Crimes committed by Foreigners_2015,https://www.ncrb.gov.in/uploads/2022/July/11/custom/crime-in-india/9-District-wise-Crimes-committed-by-Foreigners_2015.xlsx
2015,District Wise Reports,District-wise Crimes committed against Women_2015,https://www.ncrb.gov.in/uploads/2022/July/11/custom/crime-in-india/5-District-wise-Crimes-committed-against-Women_2015.xlsx
2015,District Wise Reports,District-wise Crimes committed against STs_2015,https://www.ncrb.gov.in/uploads/2022/July/11/custom/crime-in-india/4-District-wise-Crimes -committeda-gainst STs_2015.xlsx
2015,District Wise Reports,District-wise Crimes committed against Senior Citizen_2015,https://www.ncrb.gov.in/uploads/2022/July/11/custom/crime-in-india/7-District-wise-Crimes-committed-against-Senior-Citizen_2015.xlsx
2015,District Wise Reports,District-wise Crimes committed against SCs_2015,https://www.ncrb.gov.in/uploads/2022/July/11/custom/crime-in-india/3District-wise-Crimes-committed-againstSCs_2015.xlsx
2015,District Wise Reports,District-wise Crimes committed against Foreigners_2015,https://www.ncrb.gov.in/uploads/2022/July/11/custom/crime-in-india/8-District-wise-Crimes-committed-against-Foreigners_2015.xlsx
2015,District Wise Reports,District-wise Crimes committed against Children_2015,https://www.ncrb.gov.in/uploads/2022/July/11/custom/crime-in-india/6-District-wise-Crimes-committed-agains-Children_2015.xlsx
2015,Human Trafficking,Human Trafficking 6 heads during 2010-2015 (StateUT),https://www.ncrb.gov.in/uploads/nationalcrimerecordsbureau/custom/16797453852HumanTrafficking6headsduring2010-2015StateUT.xlsx
2015,Human Trafficking,Human Trafficking 6 heads during 2010-2015(Crimehead),https://www.ncrb.gov.in/uploads/2022/July/11/custom/crime-in-india/1-Human-Trafficking-6-heads-during-2010-2015(Crimehead).xlsx
2015,Human Trafficking,Cases Reported under Child Trafficking during 2014-15(StateUT),https://www.ncrb.gov.in/uploads/2022/July/11/custom/crime-in-india/3-Cases-Reported-under-Child-Trafficking-during-2014-15(StateUT).xlsx
2015,Human Trafficking,Data Analysis on Child Trafficking Crimeheads under 6 Heads during 2010-2015(StateUT),https://www.ncrb.gov.in/uploads/2022/July/11/custom/crime-in-india/4-Data-Analysis-on-Child-Trafficking-Crimeheads-under-6-Heads-during-2010-2015(StateUT).xlsx
2015,IPC & SLL,Crimehead-wise Cases Reported under Indian Penal Code during 2001-2015(StateUT),https://www.ncrb.gov.in/uploads/2022/July/11/custom/crime-in-india/1-Crimehead-wise-Cases-Reported-under-Indian-Penal-Code-during-2001-2015(StateUT).xls
2015,IPC & SLL,Crimehead-wise Cases Reported under State and Local Laws during 2001-2015(StateUT),https://www.ncrb.gov.in/uploads/2022/July/11/custom/crime-in-india/2-Crimehead-wise-Cases-Reported-under-State-and-ocal-Laws-during-2001-2015(StateUT).xls
2015,IPC & SLL,Year-wise Cases under Indian Penal Code during 2001-2015(StateUT),https://www.ncrb.gov.in/uploads/2022/July/11/custom/crime-in-india/3-Year-wise-Cases-under-Indian-Penal-Code-during-2001-2015(StateUT).xlsx
2015,IPC & SLL,Year-wise Cases under State and Local Laws during 2001-2015(StateUT),https://www.ncrb.gov.in/uploads/2022/July/11/custom/crime-in-india/4-Year-wise-Cases-under-State-and-Local-Laws-during-2001-2015(StateUT).xlsx
2015,IPC & SLL,Cases Reported under IPC and SLL during 2001-2015(All India).pdf,https://www.ncrb.gov.in/uploads/2022/July/11/custom/crime-in-india/5-Cases-Reported-under-IPC-and-SLL-during-2001-2015(All India).xlsx
2015,IPC & SLL,Cases Registered under IPC and SLL during 2001-2015(Individual StateUT),https://www.ncrb.gov.in/uploads/2022/July/11/custom/crime-in-india/6-Cases-Registered-under-IPC-and-SLL-during-2001-2015(Individual StateUT).xlsx
2015,IPC & SLL,Cases Reported and Crimerate Under IPC and SLL Cases during 2013-2015(StateUT),https://www.ncrb.gov.in/uploads/2022/July/11/custom/crime-in-india/7-Cases-Reported-and-Crimerate-Under-IPC-and-SLL-Cases-during 2013-2015(StateUT).xlsx
2015,IPC & SLL,Persons Arrested under IPC Crimeheads during 2001-2015(StateUT),https://www.ncrb.gov.in/uploads/2022/July/11/custom/crime-in-india/8-Person-Arrested-under-IPC-Crimeheadsduring-2001-2015(StateUT).xlsx
2015,IPC & SLL,Persons Arrested under SLL Crimeheads during 2001-2015(StateUT),https://www.ncrb.gov.in/uploads/2022/July/11/custom/crime-in-india/9-Persons-Arrested-under-SLL-Crimeheads-during 2001-2015(StateUT).xlsx
2015,IPC & SLL,Data Analysis on IPC Crimeheads under 6 Heads during 2010-2015(StateUT),https://www.ncrb.gov.in/uploads/2022/July/11/custom/crime-in-india/10-Data-Analysis-on-IPC-Crimeheads-under-6-Heads-during-2010-2015(StateUT).xls
2015,IPC & SLL,Data Analysis on SLL Crimeheads under 6 Heads during 2010-2015(StateUT),https://www.ncrb.gov.in/uploads/2022/July/11/custom/crime-in-india/11-Data-Analysis-on-SLL-Crimeheads-under-6-Heads-during-2010-2015(StateUT).xls
2015,IPC & SLL,Data Analysis on IPC Crimeheads under Various Heads during 2010-2015(StateUT),https://www.ncrb.gov.in/uploads/2022/July/11/custom/crime-in-india/12-data-Analysis-on-IPC-Crimeheads-under-Various-Heads-during-2010-2015(StateUT).xlsx
2015,IPC & SLL,Data Analysis on SLL Crimeheads under Various Heads during 2010-2015(StateUT),https://www.ncrb.gov.in/uploads/2022/July/11/custom/crime-in-india/13-Data-Analysis-on-SLL-Crimeheads-under-Various-Heads-during 2010-2015(StateUT).xlsx
2015,IPC & SLL,Female Persons Arrested (Above 18 Years) under IPC and SLL during 2014-2015(StateUT),https://www.ncrb.gov.in/uploads/2022/July/11/custom/crime-in-india/14-Female-Persons-Arrested-(Above -18-Years)-under-IPC-and-SLLduring-2014-2015(StateUT).xlsx
2015,Crime against SCs & STs,Year-wise Cases Reported under Crimes against SCs and STs during 2001-2015(All India),https://www.ncrb.gov.in/uploads/2022/July/11/custom/crime-in-india/1Year-wise-Cases-Reported-under-Crimes-against-SCs-andSTsduring2001-2015(All India).xlsx
2015,Crime against SCs & STs,StateUT wise Cases Reported under Crimes against SCs and STs During 2001-2015(Individual States),https://www.ncrb.gov.in/uploads/2022/July/11/custom/crime-in-india/2-StateUT-wise-Cases-Reported-under-Crimes-againstCs-and-STs-During-2001-2015(Individual States).xlsx
2015,Crime against SCs & STs,Data Analysis on Atrocities against SCs and STs for 6 heads during 2012-2015(StateUT),https://www.ncrb.gov.in/uploads/2022/July/11/custom/crime-in-india/3-Data-Analysis-on-Atrocities-against-SCs-and-STs-for-6-heads-during-2012-2015(StateUT).xlsx
2015,Crime against SCs & STs,Data Analysis on SCs Crimeheads under Various Heads during 2013-2015(StateUT),https://www.ncrb.gov.in/uploads/2022/July/11/custom/crime-in-india/4-Data-Analysis-on-SCs-Crimeheads-under-Various-Heads-during 2013-2015(StateUT).xlsx
2015,Crime against SCs & STs,Data Analysis on STs Crimeheads under Various Heads during 2013-2015(StateUT),https://www.ncrb.gov.in/uploads/2022/July/11/custom/crime-in-india/5-Data-Analysis-on-STs-Crimeheads-under-Various-Heads-during-2013-2015(StateUT) (1).xlsx
2015,Crime against SCs & STs,Data Analysis on SCs Crimeheads under Various Heads during 2012-2015(CrimeHeadWise),https://www.ncrb.gov.in/uploads/2022/July/11/custom/crime-in-india/6-Data-Analysis-on-SCs-Crimeheads-under-Various-Heads-during-2012-2015(CrimeHeadWise).xlsx
2015,Crime against SCs & STs,Data Analysis on STs Crimeheads under Various Heads during 2012-2015(CrimeHeadWise),https://www.ncrb.gov.in/uploads/2022/July/11/custom/crime-in-india/7-Data-Analysis-on-STs-Crimeheads-under-Various-Headduring-2012-2015(CrimeHeadWise).xlsx
2015,Crime against SCs & STs,Data Analysis on SCs Crimeheads under 6 Heads during 2010-2015(StateUT),https://www.ncrb.gov.in/uploads/2022/July/11/custom/crime-in-india/8-Data-Analysis-on-SCs-Crimeheads-under-6-Heads-during-2010-2015(StateUT).xlsx
2015,Crime against SCs & STs,Data Analysis on STs Crimeheads under 6 Heads during 2010-2015(StateUT),https://www.ncrb.gov.in/uploads/2022/July/11/custom/crime-in-india/9-Data-Analysis-on-STs-Crimeheads-under-6-Heads-during-2010-2015(StateUT).xlsx
2015,Crime against SCs & STs,Cases Reported for Crime against SCs during 2001-2015(StateUT),https://www.ncrb.gov.in/uploads/2022/July/11/custom/crime-in-india/10-Cases-Reported-for-Crime-against-SCs-during-2001-2015(StateUT).xls
2015,Crime against SCs & STs,Cases Reported for Crime against STs during 2001-2015(StateUT),https://www.ncrb.gov.in/uploads/2022/July/11/custom/crime-in-india/11-Cases-Reported-for-Crime-against-STs-during-2001-2015(StateUT).xls
2015,Crime against SCs & STs,Persons Arrested for Crime against SCs during 2014-2015(StateUT),https://www.ncrb.gov.in/uploads/2022/July/11/custom/crime-in-india/12-Person-arrested-for-Crime-against-SCs-during-2014-2015(StateUT).xls.xlsx
2015,Crime against SCs & STs,Persons Arrested for Crime against STs during 2014-2015(StateUT),https://www.ncrb.gov.in/uploads/2022/July/11/custom/crime-in-india/13-Persons-Arrested-for-Crime-against-STs-during-2014-2015(StateUT).xls.xlsx
2015,Crime against Foreigners,Crimes committed against Foreigners during 2014-2015(CrimeHead),https://www.ncrb.gov.in/uploads/2022/July/11/custom/crime-in-india/1-Crimes-committed-against-Foreigners-during-2014-2015(CrimeHead).xlsx
2015,Crime against Foreigners,Data Analysis on Crime against Foreigners under Various Heads during 2014-2015(StateUT),https://www.ncrb.gov.in/uploads/2022/July/11/custom/crime-in-india/2-Data-Analysis-on-Crime-against-Foreigners-under-Various-Heads-during-2014-2015(StateUT).xlsx
2015,Crime by Foreigners,Crime committed by Foreigners during 2014-2015(Crimehead),https://www.ncrb.gov.in/uploads/2022/July/11/custom/crime-in-india/1-Crime-committed-by-Foreigners-during-2014-2015(Crimehead).xlsx
2015,Crime by Foreigners,Data Analysis on Crime by Foreigners under Various Heads during 2014-2015(StateUT),https://www.ncrb.gov.in/uploads/2022/July/11/custom/crime-in-india/2-Dat-Analysis-on-Crimby-Foreigners-under-Various-Heads-during -2014-2015(StateUT).xlsx
2015,Crime against Senior Citizens,Cases Reported under Crime against Senior Citizen during 2014-2015(Crimehead),https://www.ncrb.gov.in/uploads/2022/July/11/custom/crime-in-india/1-Cases-Reported-under-Crime-against-Senior-Citizen-during-2014-2015(Crimehead)_0.xlsx
2015,Crime against Senior Citizens,Data Analysis on Crime against SrCitizen 6 Heads during 2014-2015(StateUT),https://www.ncrb.gov.in/uploads/2022/July/11/custom/crime-in-india/2-Data-Analysis-on-Crime-against-SrCitizen-6-Heads-during-2014-2015(StateUT)_0.xlsx
2015,National Capital Region (NCR),NCR SLL Cases Reported_2015,https://www.ncrb.gov.in/uploads/2022/July/11/custom/crime-in-india/NCR-SLL-Cases-Reported_2015.xlsx
2015,National Capital Region (NCR),NCR IPC Cases Reported_2015,https://www.ncrb.gov.in/uploads/2022/July/11/custom/crime-in-india/NCR-IPC-Cases-Reported_2015.xlsx
2015,National Capital Region (NCR),NCR Crimes committed by Foreigners_2015,https://www.ncrb.gov.in/uploads/2022/July/11/custom/crime-in-india/NCR-Crimes-committed-by-Foreigners_2015.xlsx
2015,National Capital Region (NCR),NCR Crimes committed against Women_2015,https://www.ncrb.gov.in/uploads/2022/July/11/custom/crime-in-india/NCR-Crimes-committed-against-Women_2015.xlsx
2015,National Capital Region (NCR),NCR Crimes committed against STs_2015,https://www.ncrb.gov.in/uploads/2022/July/11/custom/crime-in-india/NCR-Crimes-committed-against-STs_2015.xlsx
2015,National Capital Region (NCR),NCR Crimes committed against Senior Citizen_2015,https://www.ncrb.gov.in/uploads/2022/July/11/custom/crime-in-india/NCR-Crimes-committed-against-Senior-Citizen_2015.xlsx
2015,National Capital Region (NCR),NCR Crimes committed against SCs_2015,https://www.ncrb.gov.in/uploads/2022/July/11/custom/crime-in-india/NCR-Crimes-committed-against-SCs_2015.xlsx
2015,National Capital Region (NCR),NCR Crimes committed against Foreigners_2015,https://www.ncrb.gov.in/uploads/2022/July/11/custom/crime-in-india/NCR-Crimes-committed-against-Foreigners_2015.xlsx
2015,National Capital Region (NCR),NCR Crimes committed against Children_2015,https://www.ncrb.gov.in/uploads/2022/July/11/custom/crime-in-india/NCR-Crimes-committed-against-Children_2015.xlsx
2015,National Capital Region (NCR),NCR SLL Cases Reported_2014,https://www.ncrb.gov.in/uploads/2022/July/11/custom/crime-in-india/NCR-SLL-Cases-Reported_2014.xlsx
2015,National Capital Region (NCR),NCR IPC Cases Reported_2014,https://www.ncrb.gov.in/uploads/2022/July/11/custom/crime-in-india/NCR-IPC-Cases-Reported_2014.xlsx
2015,National Capital Region (NCR),NCR Crimes committed by Foreigners_2014,https://www.ncrb.gov.in/uploads/2022/July/11/custom/crime-in-india/NCR-Crimes-committed-by-Foreigners_2014.xlsx
2015,National Capital Region (NCR),NCR Crimes committed against Women_2014,https://www.ncrb.gov.in/uploads/2022/July/11/custom/crime-in-india/NCR-Crimes-committed-against-Women_2014.xlsx
2015,National Capital Region (NCR),NCR Crimes committed against STs_2014,https://www.ncrb.gov.in/uploads/2022/July/11/custom/crime-in-india/NCR-Crimes-committed-against STs_2014.xlsx
2015,National Capital Region (NCR),NCR Crimes committed against Senior Citizen_2014,https://www.ncrb.gov.in/uploads/2022/July/11/custom/crime-in-india/NCR-Crimes-committed-against-Senior-Citizen_2014.xlsx
2015,National Capital Region (NCR),NCR Crimes committed against SCs_2014,https://www.ncrb.gov.in/uploads/2022/July/11/custom/crime-in-india/NCR-Crimes-committed-against-SCs_2014.xlsx
2015,National Capital Region (NCR),NCR Crimes committed against Foreigners_2014,https://www.ncrb.gov.in/uploads/2022/July/11/custom/crime-in-india/NCR-Crimes-committed-against-Foreigners_2014.xlsx
2015,National Capital Region (NCR),NCR Crimes committed against Children_2014,https://www.ncrb.gov.in/uploads/2022/July/11/custom/crime-in-india/NCR-Crimes-committed-against-Children_2014.xlsx
2015,Others,Crimes by Place of Occurance 2001-2015,https://www.ncrb.gov.in/uploads/2022/July/11/custom/crime-in-india/1-Crimes-by-Place-of-Occurance-2001-2015.xlsx
2015,Others,Custodial Deaths during 2001-2015,https://www.ncrb.gov.in/uploads/2022/July/11/custom/crime-in-india/2-Custodial-Deaths-during-2001-2015.xls
2015,Others,Human Rights violation by Police during 2010-2015,https://www.ncrb.gov.in/uploads/2022/July/11/custom/crime-in-india/3-HumanRights-violation-by-Police-during-2010-2015.xls
2015,Others,Reasons or Purpose of Kidnapping and Abduction for the year 2010-2015,https://www.ncrb.gov.in/uploads/2022/July/11/custom/crime-in-india/4-Reasons-or-Purpose-of-Kidnapping-and-Abduction-for-the-year-2010-2015.xlsx
2015,Others,Motives or Causes of Murder during 2001-2015,https://www.ncrb.gov.in/uploads/2022/July/11/custom/crime-in-india/5-Motives-or-Causes-of-Murder-during-2001-2015.xlsx
2015,Others,Casualties under Police Firing during 2001-2015,https://www.ncrb.gov.in/uploads/2022/July/11/custom/crime-in-india/6-Casualties-under Police Firing during 2001-2015.xlsx
2014,District Wise Reports,District-wise Crimes committed against Children_2014,https://www.ncrb.gov.in/uploads/2022/July/11/custom/crime-in-india/6District-wise-Crimes-committed-against-Children_2014.xlsx
2014,District Wise Reports,District-wise Crimes committed against Foreigners_2014,https://www.ncrb.gov.in/uploads/2022/July/11/custom/crime-in-india/8District-wise-Crimes-committed-against-Foreigners_2014.xlsx
2014,District Wise Reports,District-wise Crimes committed against SCs_2014,https://www.ncrb.gov.in/uploads/2022/July/11/custom/crime-in-india/3-District-wise-Crimes-committed-against SCs_2014.xlsx
2014,District Wise Reports,District-wise Crimes committed against Senior Citizen_2014,https://www.ncrb.gov.in/uploads/2022/July/11/custom/crime-in-india/7District-wise-Crimes-committed-against-Senior-Citizen_2014.xlsx
2014,District Wise Reports,District-wise Crimes committed against STs_2014,https://www.ncrb.gov.in/uploads/2022/July/11/custom/crime-in-india/4District-wise-Crimes-committed-against-STs_2014.xlsx
2014,District Wise Reports,District-wise Crimes committed against Women_2014,https://www.ncrb.gov.in/uploads/2022/July/11/custom/crime-in-india/5District-wise-Crimes-committed-against-Women_2014.xlsx
2014,District Wise Reports,District-wise Crimes committed by Foreigners_2014,https://www.ncrb.gov.in/uploads/2022/July/11/custom/crime-in-india/9District-wise-Crimes-committed-byForeigners_2014.xlsx
2014,District Wise Reports,District-Wise IPC Cases Reported_2014,https://www.ncrb.gov.in/uploads/2022/July/11/custom/crime-in-india/1-District-Wise IPC-Cases Reported_2014.xlsx
2014,District Wise Reports,District-wise SLL Cases Reported_2014,https://www.ncrb.gov.in/uploads/2022/July/11/custom/crime-in-india/2District-wise-SLL-Cases-Reported_2014.xlsx
